ISO-10303-21;
HEADER;
FILE_DESCRIPTION(('Open CASCADE Model'),'2;1');
FILE_NAME('Open CASCADE Shape Model','2026-09-16T18:59:58',('Author'),(
    'Open CASCADE'),'Open CASCADE STEP processor 7.9','build123d',
  'Unknown');
FILE_SCHEMA(('AUTOMOTIVE_DESIGN { 1 0 10303 214 1 1 1 1 }'));
ENDSEC;
DATA;
#1 = APPLICATION_PROTOCOL_DEFINITION('international standard',
  'automotive_design',2000,#2);
#2 = APPLICATION_CONTEXT(
  'core data for automotive mechanical design processes');
#3 = SHAPE_DEFINITION_REPRESENTATION(#4,#10);
#4 = PRODUCT_DEFINITION_SHAPE('','',#5);
#5 = PRODUCT_DEFINITION('design','',#6,#9);
#6 = PRODUCT_DEFINITION_FORMATION('','',#7);
#7 = PRODUCT('COMPOUND','COMPOUND','',(#8));
#8 = PRODUCT_CONTEXT('',#2,'mechanical');
#9 = PRODUCT_DEFINITION_CONTEXT('part definition',#2,'design');
#10 = SHAPE_REPRESENTATION('',(#11,#15,#8625,#8953,#9281,#9609,#9945,
    #10281,#10609,#10937,#11265,#11601),#11937);
#11 = AXIS2_PLACEMENT_3D('',#12,#13,#14);
#12 = CARTESIAN_POINT('',(0.,0.,0.));
#13 = DIRECTION('',(0.,0.,1.));
#14 = DIRECTION('',(1.,0.,-0.));
#15 = MANIFOLD_SOLID_BREP('',#16);
#16 = CLOSED_SHELL('',(#17,#137,#567,#644,#2050,#2097,#2258,#2334,#2405,
    #2432,#2459,#2483,#2530,#2691,#2767,#2838,#2865,#2892,#2916,#3008,
    #3175,#3202,#3248,#3404,#3480,#3551,#3578,#3605,#3629,#3675,#3831,
    #3907,#3978,#4005,#4032,#4056,#4102,#4258,#4334,#4405,#4432,#4459,
    #4483,#4534,#4561,#4608,#4769,#4845,#4916,#4943,#4970,#4994,#5041,
    #5202,#5278,#5349,#5376,#5403,#5427,#5470,#5497,#5543,#5699,#5775,
    #5846,#5873,#5900,#5924,#5970,#6126,#6202,#6273,#6300,#6327,#6351,
    #6397,#6553,#6629,#6700,#6727,#6754,#6778,#6829,#6836,#6863,#6890,
    #6917,#6944,#6971,#6998,#7005,#7076,#7126,#7176,#7225,#7274,#7557,
    #7633,#8030,#8106,#8273,#8300,#8327,#8354,#8381,#8408,#8435,#8442,
    #8469,#8496,#8523,#8550,#8577,#8604,#8611,#8618));
#17 = ADVANCED_FACE('',(#18),#32,.T.);
#18 = FACE_BOUND('',#19,.T.);
#19 = EDGE_LOOP('',(#20,#55,#83,#111));
#20 = ORIENTED_EDGE('',*,*,#21,.T.);
#21 = EDGE_CURVE('',#22,#24,#26,.T.);
#22 = VERTEX_POINT('',#23);
#23 = CARTESIAN_POINT('',(-172.5,-127.5,5.));
#24 = VERTEX_POINT('',#25);
#25 = CARTESIAN_POINT('',(-172.5,-127.5,35.));
#26 = SURFACE_CURVE('',#27,(#31,#43),.PCURVE_S1.);
#27 = LINE('',#28,#29);
#28 = CARTESIAN_POINT('',(-172.5,-127.5,5.));
#29 = VECTOR('',#30,1.);
#30 = DIRECTION('',(0.,0.,1.));
#31 = PCURVE('',#32,#37);
#32 = PLANE('',#33);
#33 = AXIS2_PLACEMENT_3D('',#34,#35,#36);
#34 = CARTESIAN_POINT('',(-172.5,-127.5,5.));
#35 = DIRECTION('',(-1.,0.,0.));
#36 = DIRECTION('',(0.,1.,0.));
#37 = DEFINITIONAL_REPRESENTATION('',(#38),#42);
#38 = LINE('',#39,#40);
#39 = CARTESIAN_POINT('',(0.,0.));
#40 = VECTOR('',#41,1.);
#41 = DIRECTION('',(0.,-1.));
#42 = ( GEOMETRIC_REPRESENTATION_CONTEXT(2) 
PARAMETRIC_REPRESENTATION_CONTEXT() REPRESENTATION_CONTEXT('2D SPACE',''
  ) );
#43 = PCURVE('',#44,#49);
#44 = CYLINDRICAL_SURFACE('',#45,15.);
#45 = AXIS2_PLACEMENT_3D('',#46,#47,#48);
#46 = CARTESIAN_POINT('',(-157.5,-127.5,5.));
#47 = DIRECTION('',(-0.,-0.,-1.));
#48 = DIRECTION('',(1.,0.,0.));
#49 = DEFINITIONAL_REPRESENTATION('',(#50),#54);
#50 = LINE('',#51,#52);
#51 = CARTESIAN_POINT('',(-3.14159265359,0.));
#52 = VECTOR('',#53,1.);
#53 = DIRECTION('',(-0.,-1.));
#54 = ( GEOMETRIC_REPRESENTATION_CONTEXT(2) 
PARAMETRIC_REPRESENTATION_CONTEXT() REPRESENTATION_CONTEXT('2D SPACE',''
  ) );
#55 = ORIENTED_EDGE('',*,*,#56,.T.);
#56 = EDGE_CURVE('',#24,#57,#59,.T.);
#57 = VERTEX_POINT('',#58);
#58 = CARTESIAN_POINT('',(-172.5,127.49999996731,35.));
#59 = SURFACE_CURVE('',#60,(#64,#71),.PCURVE_S1.);
#60 = LINE('',#61,#62);
#61 = CARTESIAN_POINT('',(-172.5,4.320099833421E-12,35.));
#62 = VECTOR('',#63,1.);
#63 = DIRECTION('',(0.,1.,0.));
#64 = PCURVE('',#32,#65);
#65 = DEFINITIONAL_REPRESENTATION('',(#66),#70);
#66 = LINE('',#67,#68);
#67 = CARTESIAN_POINT('',(127.5,-30.));
#68 = VECTOR('',#69,1.);
#69 = DIRECTION('',(1.,0.));
#70 = ( GEOMETRIC_REPRESENTATION_CONTEXT(2) 
PARAMETRIC_REPRESENTATION_CONTEXT() REPRESENTATION_CONTEXT('2D SPACE',''
  ) );
#71 = PCURVE('',#72,#77);
#72 = PLANE('',#73);
#73 = AXIS2_PLACEMENT_3D('',#74,#75,#76);
#74 = CARTESIAN_POINT('',(-7.467419408825E-15,-7.991916967937E-09,35.));
#75 = DIRECTION('',(0.,0.,1.));
#76 = DIRECTION('',(1.,0.,-0.));
#77 = DEFINITIONAL_REPRESENTATION('',(#78),#82);
#78 = LINE('',#79,#80);
#79 = CARTESIAN_POINT('',(-172.5,7.99623706777E-09));
#80 = VECTOR('',#81,1.);
#81 = DIRECTION('',(0.,1.));
#82 = ( GEOMETRIC_REPRESENTATION_CONTEXT(2) 
PARAMETRIC_REPRESENTATION_CONTEXT() REPRESENTATION_CONTEXT('2D SPACE',''
  ) );
#83 = ORIENTED_EDGE('',*,*,#84,.F.);
#84 = EDGE_CURVE('',#85,#57,#87,.T.);
#85 = VERTEX_POINT('',#86);
#86 = CARTESIAN_POINT('',(-172.5,127.49999996731,5.));
#87 = SURFACE_CURVE('',#88,(#92,#99),.PCURVE_S1.);
#88 = LINE('',#89,#90);
#89 = CARTESIAN_POINT('',(-172.5,127.49999996731,5.));
#90 = VECTOR('',#91,1.);
#91 = DIRECTION('',(0.,0.,1.));
#92 = PCURVE('',#32,#93);
#93 = DEFINITIONAL_REPRESENTATION('',(#94),#98);
#94 = LINE('',#95,#96);
#95 = CARTESIAN_POINT('',(254.99999996732,0.));
#96 = VECTOR('',#97,1.);
#97 = DIRECTION('',(0.,-1.));
#98 = ( GEOMETRIC_REPRESENTATION_CONTEXT(2) 
PARAMETRIC_REPRESENTATION_CONTEXT() REPRESENTATION_CONTEXT('2D SPACE',''
  ) );
#99 = PCURVE('',#100,#105);
#100 = CYLINDRICAL_SURFACE('',#101,15.);
#101 = AXIS2_PLACEMENT_3D('',#102,#103,#104);
#102 = CARTESIAN_POINT('',(-157.5,127.49999996731,5.));
#103 = DIRECTION('',(-0.,-0.,-1.));
#104 = DIRECTION('',(1.,0.,0.));
#105 = DEFINITIONAL_REPRESENTATION('',(#106),#110);
#106 = LINE('',#107,#108);
#107 = CARTESIAN_POINT('',(-3.14159265359,0.));
#108 = VECTOR('',#109,1.);
#109 = DIRECTION('',(-0.,-1.));
#110 = ( GEOMETRIC_REPRESENTATION_CONTEXT(2) 
PARAMETRIC_REPRESENTATION_CONTEXT() REPRESENTATION_CONTEXT('2D SPACE',''
  ) );
#111 = ORIENTED_EDGE('',*,*,#112,.F.);
#112 = EDGE_CURVE('',#22,#85,#113,.T.);
#113 = SURFACE_CURVE('',#114,(#118,#125),.PCURVE_S1.);
#114 = LINE('',#115,#116);
#115 = CARTESIAN_POINT('',(-172.5,4.320099833421E-12,5.));
#116 = VECTOR('',#117,1.);
#117 = DIRECTION('',(0.,1.,0.));
#118 = PCURVE('',#32,#119);
#119 = DEFINITIONAL_REPRESENTATION('',(#120),#124);
#120 = LINE('',#121,#122);
#121 = CARTESIAN_POINT('',(127.5,0.));
#122 = VECTOR('',#123,1.);
#123 = DIRECTION('',(1.,0.));
#124 = ( GEOMETRIC_REPRESENTATION_CONTEXT(2) 
PARAMETRIC_REPRESENTATION_CONTEXT() REPRESENTATION_CONTEXT('2D SPACE',''
  ) );
#125 = PCURVE('',#126,#131);
#126 = PLANE('',#127);
#127 = AXIS2_PLACEMENT_3D('',#128,#129,#130);
#128 = CARTESIAN_POINT('',(-7.467419408825E-15,-7.991916967937E-09,5.));
#129 = DIRECTION('',(0.,0.,1.));
#130 = DIRECTION('',(1.,0.,-0.));
#131 = DEFINITIONAL_REPRESENTATION('',(#132),#136);
#132 = LINE('',#133,#134);
#133 = CARTESIAN_POINT('',(-172.5,7.99623706777E-09));
#134 = VECTOR('',#135,1.);
#135 = DIRECTION('',(0.,1.));
#136 = ( GEOMETRIC_REPRESENTATION_CONTEXT(2) 
PARAMETRIC_REPRESENTATION_CONTEXT() REPRESENTATION_CONTEXT('2D SPACE',''
  ) );
#137 = ADVANCED_FACE('',(#138,#329),#72,.T.);
#138 = FACE_BOUND('',#139,.T.);
#139 = EDGE_LOOP('',(#140,#141,#165,#193,#222,#250,#279,#307));
#140 = ORIENTED_EDGE('',*,*,#56,.F.);
#141 = ORIENTED_EDGE('',*,*,#142,.T.);
#142 = EDGE_CURVE('',#24,#143,#145,.T.);
#143 = VERTEX_POINT('',#144);
#144 = CARTESIAN_POINT('',(-157.5,-142.5,35.));
#145 = SURFACE_CURVE('',#146,(#151,#158),.PCURVE_S1.);
#146 = CIRCLE('',#147,15.);
#147 = AXIS2_PLACEMENT_3D('',#148,#149,#150);
#148 = CARTESIAN_POINT('',(-157.5,-127.5,35.));
#149 = DIRECTION('',(0.,0.,1.));
#150 = DIRECTION('',(1.,0.,0.));
#151 = PCURVE('',#72,#152);
#152 = DEFINITIONAL_REPRESENTATION('',(#153),#157);
#153 = CIRCLE('',#154,15.);
#154 = AXIS2_PLACEMENT_2D('',#155,#156);
#155 = CARTESIAN_POINT('',(-157.5,-127.499999992));
#156 = DIRECTION('',(1.,0.));
#157 = ( GEOMETRIC_REPRESENTATION_CONTEXT(2) 
PARAMETRIC_REPRESENTATION_CONTEXT() REPRESENTATION_CONTEXT('2D SPACE',''
  ) );
#158 = PCURVE('',#44,#159);
#159 = DEFINITIONAL_REPRESENTATION('',(#160),#164);
#160 = LINE('',#161,#162);
#161 = CARTESIAN_POINT('',(-0.,-30.));
#162 = VECTOR('',#163,1.);
#163 = DIRECTION('',(-1.,0.));
#164 = ( GEOMETRIC_REPRESENTATION_CONTEXT(2) 
PARAMETRIC_REPRESENTATION_CONTEXT() REPRESENTATION_CONTEXT('2D SPACE',''
  ) );
#165 = ORIENTED_EDGE('',*,*,#166,.T.);
#166 = EDGE_CURVE('',#143,#167,#169,.T.);
#167 = VERTEX_POINT('',#168);
#168 = CARTESIAN_POINT('',(157.5,-142.5,35.));
#169 = SURFACE_CURVE('',#170,(#174,#181),.PCURVE_S1.);
#170 = LINE('',#171,#172);
#171 = CARTESIAN_POINT('',(0.,-142.4999999999,35.));
#172 = VECTOR('',#173,1.);
#173 = DIRECTION('',(1.,0.,0.));
#174 = PCURVE('',#72,#175);
#175 = DEFINITIONAL_REPRESENTATION('',(#176),#180);
#176 = LINE('',#177,#178);
#177 = CARTESIAN_POINT('',(7.467419408825E-15,-142.499999992));
#178 = VECTOR('',#179,1.);
#179 = DIRECTION('',(1.,0.));
#180 = ( GEOMETRIC_REPRESENTATION_CONTEXT(2) 
PARAMETRIC_REPRESENTATION_CONTEXT() REPRESENTATION_CONTEXT('2D SPACE',''
  ) );
#181 = PCURVE('',#182,#187);
#182 = PLANE('',#183);
#183 = AXIS2_PLACEMENT_3D('',#184,#185,#186);
#184 = CARTESIAN_POINT('',(-157.5,-142.4999999999,5.));
#185 = DIRECTION('',(0.,1.,0.));
#186 = DIRECTION('',(1.,0.,0.));
#187 = DEFINITIONAL_REPRESENTATION('',(#188),#192);
#188 = LINE('',#189,#190);
#189 = CARTESIAN_POINT('',(157.5,-30.));
#190 = VECTOR('',#191,1.);
#191 = DIRECTION('',(1.,0.));
#192 = ( GEOMETRIC_REPRESENTATION_CONTEXT(2) 
PARAMETRIC_REPRESENTATION_CONTEXT() REPRESENTATION_CONTEXT('2D SPACE',''
  ) );
#193 = ORIENTED_EDGE('',*,*,#194,.T.);
#194 = EDGE_CURVE('',#167,#195,#197,.T.);
#195 = VERTEX_POINT('',#196);
#196 = CARTESIAN_POINT('',(172.5,-127.5,35.));
#197 = SURFACE_CURVE('',#198,(#203,#210),.PCURVE_S1.);
#198 = CIRCLE('',#199,15.);
#199 = AXIS2_PLACEMENT_3D('',#200,#201,#202);
#200 = CARTESIAN_POINT('',(157.5,-127.5,35.));
#201 = DIRECTION('',(0.,0.,1.));
#202 = DIRECTION('',(1.,0.,0.));
#203 = PCURVE('',#72,#204);
#204 = DEFINITIONAL_REPRESENTATION('',(#205),#209);
#205 = CIRCLE('',#206,15.);
#206 = AXIS2_PLACEMENT_2D('',#207,#208);
#207 = CARTESIAN_POINT('',(157.5,-127.499999992));
#208 = DIRECTION('',(1.,0.));
#209 = ( GEOMETRIC_REPRESENTATION_CONTEXT(2) 
PARAMETRIC_REPRESENTATION_CONTEXT() REPRESENTATION_CONTEXT('2D SPACE',''
  ) );
#210 = PCURVE('',#211,#216);
#211 = CYLINDRICAL_SURFACE('',#212,15.);
#212 = AXIS2_PLACEMENT_3D('',#213,#214,#215);
#213 = CARTESIAN_POINT('',(157.5,-127.5,5.));
#214 = DIRECTION('',(-0.,-0.,-1.));
#215 = DIRECTION('',(1.,0.,0.));
#216 = DEFINITIONAL_REPRESENTATION('',(#217),#221);
#217 = LINE('',#218,#219);
#218 = CARTESIAN_POINT('',(-0.,-30.));
#219 = VECTOR('',#220,1.);
#220 = DIRECTION('',(-1.,0.));
#221 = ( GEOMETRIC_REPRESENTATION_CONTEXT(2) 
PARAMETRIC_REPRESENTATION_CONTEXT() REPRESENTATION_CONTEXT('2D SPACE',''
  ) );
#222 = ORIENTED_EDGE('',*,*,#223,.T.);
#223 = EDGE_CURVE('',#195,#224,#226,.T.);
#224 = VERTEX_POINT('',#225);
#225 = CARTESIAN_POINT('',(172.5,127.49999996731,35.));
#226 = SURFACE_CURVE('',#227,(#231,#238),.PCURVE_S1.);
#227 = LINE('',#228,#229);
#228 = CARTESIAN_POINT('',(172.5,4.320099833421E-12,35.));
#229 = VECTOR('',#230,1.);
#230 = DIRECTION('',(0.,1.,0.));
#231 = PCURVE('',#72,#232);
#232 = DEFINITIONAL_REPRESENTATION('',(#233),#237);
#233 = LINE('',#234,#235);
#234 = CARTESIAN_POINT('',(172.5,7.99623706777E-09));
#235 = VECTOR('',#236,1.);
#236 = DIRECTION('',(0.,1.));
#237 = ( GEOMETRIC_REPRESENTATION_CONTEXT(2) 
PARAMETRIC_REPRESENTATION_CONTEXT() REPRESENTATION_CONTEXT('2D SPACE',''
  ) );
#238 = PCURVE('',#239,#244);
#239 = PLANE('',#240);
#240 = AXIS2_PLACEMENT_3D('',#241,#242,#243);
#241 = CARTESIAN_POINT('',(172.5,-127.5,5.));
#242 = DIRECTION('',(-1.,0.,0.));
#243 = DIRECTION('',(0.,1.,0.));
#244 = DEFINITIONAL_REPRESENTATION('',(#245),#249);
#245 = LINE('',#246,#247);
#246 = CARTESIAN_POINT('',(127.5,-30.));
#247 = VECTOR('',#248,1.);
#248 = DIRECTION('',(1.,0.));
#249 = ( GEOMETRIC_REPRESENTATION_CONTEXT(2) 
PARAMETRIC_REPRESENTATION_CONTEXT() REPRESENTATION_CONTEXT('2D SPACE',''
  ) );
#250 = ORIENTED_EDGE('',*,*,#251,.T.);
#251 = EDGE_CURVE('',#224,#252,#254,.T.);
#252 = VERTEX_POINT('',#253);
#253 = CARTESIAN_POINT('',(157.5,142.49999998366,35.));
#254 = SURFACE_CURVE('',#255,(#260,#267),.PCURVE_S1.);
#255 = CIRCLE('',#256,15.);
#256 = AXIS2_PLACEMENT_3D('',#257,#258,#259);
#257 = CARTESIAN_POINT('',(157.5,127.49999996731,35.));
#258 = DIRECTION('',(0.,0.,1.));
#259 = DIRECTION('',(1.,0.,0.));
#260 = PCURVE('',#72,#261);
#261 = DEFINITIONAL_REPRESENTATION('',(#262),#266);
#262 = CIRCLE('',#263,15.);
#263 = AXIS2_PLACEMENT_2D('',#264,#265);
#264 = CARTESIAN_POINT('',(157.5,127.4999999753));
#265 = DIRECTION('',(1.,0.));
#266 = ( GEOMETRIC_REPRESENTATION_CONTEXT(2) 
PARAMETRIC_REPRESENTATION_CONTEXT() REPRESENTATION_CONTEXT('2D SPACE',''
  ) );
#267 = PCURVE('',#268,#273);
#268 = CYLINDRICAL_SURFACE('',#269,15.);
#269 = AXIS2_PLACEMENT_3D('',#270,#271,#272);
#270 = CARTESIAN_POINT('',(157.5,127.49999996731,5.));
#271 = DIRECTION('',(-0.,-0.,-1.));
#272 = DIRECTION('',(1.,0.,0.));
#273 = DEFINITIONAL_REPRESENTATION('',(#274),#278);
#274 = LINE('',#275,#276);
#275 = CARTESIAN_POINT('',(-0.,-30.));
#276 = VECTOR('',#277,1.);
#277 = DIRECTION('',(-1.,0.));
#278 = ( GEOMETRIC_REPRESENTATION_CONTEXT(2) 
PARAMETRIC_REPRESENTATION_CONTEXT() REPRESENTATION_CONTEXT('2D SPACE',''
  ) );
#279 = ORIENTED_EDGE('',*,*,#280,.F.);
#280 = EDGE_CURVE('',#281,#252,#283,.T.);
#281 = VERTEX_POINT('',#282);
#282 = CARTESIAN_POINT('',(-157.5,142.49999998366,35.));
#283 = SURFACE_CURVE('',#284,(#288,#295),.PCURVE_S1.);
#284 = LINE('',#285,#286);
#285 = CARTESIAN_POINT('',(0.,142.5,35.));
#286 = VECTOR('',#287,1.);
#287 = DIRECTION('',(1.,0.,0.));
#288 = PCURVE('',#72,#289);
#289 = DEFINITIONAL_REPRESENTATION('',(#290),#294);
#290 = LINE('',#291,#292);
#291 = CARTESIAN_POINT('',(7.467419408825E-15,142.50000000799));
#292 = VECTOR('',#293,1.);
#293 = DIRECTION('',(1.,0.));
#294 = ( GEOMETRIC_REPRESENTATION_CONTEXT(2) 
PARAMETRIC_REPRESENTATION_CONTEXT() REPRESENTATION_CONTEXT('2D SPACE',''
  ) );
#295 = PCURVE('',#296,#301);
#296 = PLANE('',#297);
#297 = AXIS2_PLACEMENT_3D('',#298,#299,#300);
#298 = CARTESIAN_POINT('',(-157.5,142.5,5.));
#299 = DIRECTION('',(0.,1.,0.));
#300 = DIRECTION('',(1.,0.,0.));
#301 = DEFINITIONAL_REPRESENTATION('',(#302),#306);
#302 = LINE('',#303,#304);
#303 = CARTESIAN_POINT('',(157.5,-30.));
#304 = VECTOR('',#305,1.);
#305 = DIRECTION('',(1.,0.));
#306 = ( GEOMETRIC_REPRESENTATION_CONTEXT(2) 
PARAMETRIC_REPRESENTATION_CONTEXT() REPRESENTATION_CONTEXT('2D SPACE',''
  ) );
#307 = ORIENTED_EDGE('',*,*,#308,.T.);
#308 = EDGE_CURVE('',#281,#57,#309,.T.);
#309 = SURFACE_CURVE('',#310,(#315,#322),.PCURVE_S1.);
#310 = CIRCLE('',#311,15.);
#311 = AXIS2_PLACEMENT_3D('',#312,#313,#314);
#312 = CARTESIAN_POINT('',(-157.5,127.49999996731,35.));
#313 = DIRECTION('',(0.,0.,1.));
#314 = DIRECTION('',(1.,0.,0.));
#315 = PCURVE('',#72,#316);
#316 = DEFINITIONAL_REPRESENTATION('',(#317),#321);
#317 = CIRCLE('',#318,15.);
#318 = AXIS2_PLACEMENT_2D('',#319,#320);
#319 = CARTESIAN_POINT('',(-157.5,127.4999999753));
#320 = DIRECTION('',(1.,0.));
#321 = ( GEOMETRIC_REPRESENTATION_CONTEXT(2) 
PARAMETRIC_REPRESENTATION_CONTEXT() REPRESENTATION_CONTEXT('2D SPACE',''
  ) );
#322 = PCURVE('',#100,#323);
#323 = DEFINITIONAL_REPRESENTATION('',(#324),#328);
#324 = LINE('',#325,#326);
#325 = CARTESIAN_POINT('',(-0.,-30.));
#326 = VECTOR('',#327,1.);
#327 = DIRECTION('',(-1.,0.));
#328 = ( GEOMETRIC_REPRESENTATION_CONTEXT(2) 
PARAMETRIC_REPRESENTATION_CONTEXT() REPRESENTATION_CONTEXT('2D SPACE',''
  ) );
#329 = FACE_BOUND('',#330,.T.);
#330 = EDGE_LOOP('',(#331,#359,#392,#418,#451,#477,#510,#536));
#331 = ORIENTED_EDGE('',*,*,#332,.F.);
#332 = EDGE_CURVE('',#333,#335,#337,.T.);
#333 = VERTEX_POINT('',#334);
#334 = CARTESIAN_POINT('',(-171.3,127.49999996545,35.));
#335 = VERTEX_POINT('',#336);
#336 = CARTESIAN_POINT('',(-171.3,-127.5,35.));
#337 = SURFACE_CURVE('',#338,(#342,#348),.PCURVE_S1.);
#338 = LINE('',#339,#340);
#339 = CARTESIAN_POINT('',(-171.3,-63.75000000399,35.));
#340 = VECTOR('',#341,1.);
#341 = DIRECTION('',(0.,-1.,0.));
#342 = PCURVE('',#72,#343);
#343 = DEFINITIONAL_REPRESENTATION('',(#344),#347);
#344 = B_SPLINE_CURVE_WITH_KNOTS('',1,(#345,#346),.UNSPECIFIED.,.F.,.F.,
  (2,2),(-191.2499999694,63.749999996007),.PIECEWISE_BEZIER_KNOTS.);
#345 = CARTESIAN_POINT('',(-171.3,127.49999997344));
#346 = CARTESIAN_POINT('',(-171.3,-127.499999992));
#347 = ( GEOMETRIC_REPRESENTATION_CONTEXT(2) 
PARAMETRIC_REPRESENTATION_CONTEXT() REPRESENTATION_CONTEXT('2D SPACE',''
  ) );
#348 = PCURVE('',#349,#354);
#349 = PLANE('',#350);
#350 = AXIS2_PLACEMENT_3D('',#351,#352,#353);
#351 = CARTESIAN_POINT('',(-171.3,-127.5,30.));
#352 = DIRECTION('',(-1.,0.,0.));
#353 = DIRECTION('',(0.,1.,0.));
#354 = DEFINITIONAL_REPRESENTATION('',(#355),#358);
#355 = B_SPLINE_CURVE_WITH_KNOTS('',1,(#356,#357),.UNSPECIFIED.,.F.,.F.,
  (2,2),(-191.2499999694,63.749999996007),.PIECEWISE_BEZIER_KNOTS.);
#356 = CARTESIAN_POINT('',(254.99999996546,-5.));
#357 = CARTESIAN_POINT('',(0.,-5.));
#358 = ( GEOMETRIC_REPRESENTATION_CONTEXT(2) 
PARAMETRIC_REPRESENTATION_CONTEXT() REPRESENTATION_CONTEXT('2D SPACE',''
  ) );
#359 = ORIENTED_EDGE('',*,*,#360,.T.);
#360 = EDGE_CURVE('',#333,#361,#363,.T.);
#361 = VERTEX_POINT('',#362);
#362 = CARTESIAN_POINT('',(-157.5,141.29999998273,35.));
#363 = SURFACE_CURVE('',#364,(#369,#380),.PCURVE_S1.);
#364 = CIRCLE('',#365,13.8);
#365 = AXIS2_PLACEMENT_3D('',#366,#367,#368);
#366 = CARTESIAN_POINT('',(-157.5,127.49999996545,35.));
#367 = DIRECTION('',(0.,0.,-1.));
#368 = DIRECTION('',(1.,0.,0.));
#369 = PCURVE('',#72,#370);
#370 = DEFINITIONAL_REPRESENTATION('',(#371),#379);
#371 = ( BOUNDED_CURVE() B_SPLINE_CURVE(2,(#372,#373,#374,#375,#376,#377
,#378),.UNSPECIFIED.,.T.,.F.) B_SPLINE_CURVE_WITH_KNOTS((1,2,2,2,2,1),(
    -2.094395102393,0.,2.094395102393,4.188790204786,6.28318530718,
8.377580409573),.UNSPECIFIED.) CURVE() GEOMETRIC_REPRESENTATION_ITEM() 
RATIONAL_B_SPLINE_CURVE((1.,0.5,1.,0.5,1.,0.5,1.)) REPRESENTATION_ITEM(
  '') );
#372 = CARTESIAN_POINT('',(-143.7,127.49999997344));
#373 = CARTESIAN_POINT('',(-143.7,103.59769882899));
#374 = CARTESIAN_POINT('',(-164.4,115.54884940122));
#375 = CARTESIAN_POINT('',(-185.1,127.49999997344));
#376 = CARTESIAN_POINT('',(-164.4,139.45115054567));
#377 = CARTESIAN_POINT('',(-143.7,151.40230111789));
#378 = CARTESIAN_POINT('',(-143.7,127.49999997344));
#379 = ( GEOMETRIC_REPRESENTATION_CONTEXT(2) 
PARAMETRIC_REPRESENTATION_CONTEXT() REPRESENTATION_CONTEXT('2D SPACE',''
  ) );
#380 = PCURVE('',#381,#386);
#381 = CYLINDRICAL_SURFACE('',#382,13.8);
#382 = AXIS2_PLACEMENT_3D('',#383,#384,#385);
#383 = CARTESIAN_POINT('',(-157.5,127.49999996545,30.));
#384 = DIRECTION('',(-0.,-0.,-1.));
#385 = DIRECTION('',(1.,0.,0.));
#386 = DEFINITIONAL_REPRESENTATION('',(#387),#391);
#387 = LINE('',#388,#389);
#388 = CARTESIAN_POINT('',(-6.28318530718,-5.));
#389 = VECTOR('',#390,1.);
#390 = DIRECTION('',(1.,-0.));
#391 = ( GEOMETRIC_REPRESENTATION_CONTEXT(2) 
PARAMETRIC_REPRESENTATION_CONTEXT() REPRESENTATION_CONTEXT('2D SPACE',''
  ) );
#392 = ORIENTED_EDGE('',*,*,#393,.F.);
#393 = EDGE_CURVE('',#394,#361,#396,.T.);
#394 = VERTEX_POINT('',#395);
#395 = CARTESIAN_POINT('',(157.5,141.29999998273,35.));
#396 = SURFACE_CURVE('',#397,(#401,#407),.PCURVE_S1.);
#397 = LINE('',#398,#399);
#398 = CARTESIAN_POINT('',(-78.75,141.3,35.));
#399 = VECTOR('',#400,1.);
#400 = DIRECTION('',(-1.,0.,0.));
#401 = PCURVE('',#72,#402);
#402 = DEFINITIONAL_REPRESENTATION('',(#403),#406);
#403 = B_SPLINE_CURVE_WITH_KNOTS('',1,(#404,#405),.UNSPECIFIED.,.F.,.F.,
  (2,2),(-236.25,78.75),.PIECEWISE_BEZIER_KNOTS.);
#404 = CARTESIAN_POINT('',(157.5,141.30000000799));
#405 = CARTESIAN_POINT('',(-157.5,141.30000000799));
#406 = ( GEOMETRIC_REPRESENTATION_CONTEXT(2) 
PARAMETRIC_REPRESENTATION_CONTEXT() REPRESENTATION_CONTEXT('2D SPACE',''
  ) );
#407 = PCURVE('',#408,#413);
#408 = PLANE('',#409);
#409 = AXIS2_PLACEMENT_3D('',#410,#411,#412);
#410 = CARTESIAN_POINT('',(-157.5,141.3,30.));
#411 = DIRECTION('',(0.,1.,0.));
#412 = DIRECTION('',(1.,0.,0.));
#413 = DEFINITIONAL_REPRESENTATION('',(#414),#417);
#414 = B_SPLINE_CURVE_WITH_KNOTS('',1,(#415,#416),.UNSPECIFIED.,.F.,.F.,
  (2,2),(-236.25,78.75),.PIECEWISE_BEZIER_KNOTS.);
#415 = CARTESIAN_POINT('',(315.,-5.));
#416 = CARTESIAN_POINT('',(0.,-5.));
#417 = ( GEOMETRIC_REPRESENTATION_CONTEXT(2) 
PARAMETRIC_REPRESENTATION_CONTEXT() REPRESENTATION_CONTEXT('2D SPACE',''
  ) );
#418 = ORIENTED_EDGE('',*,*,#419,.T.);
#419 = EDGE_CURVE('',#394,#420,#422,.T.);
#420 = VERTEX_POINT('',#421);
#421 = CARTESIAN_POINT('',(171.3,127.49999996545,35.));
#422 = SURFACE_CURVE('',#423,(#428,#439),.PCURVE_S1.);
#423 = CIRCLE('',#424,13.8);
#424 = AXIS2_PLACEMENT_3D('',#425,#426,#427);
#425 = CARTESIAN_POINT('',(157.5,127.49999996545,35.));
#426 = DIRECTION('',(0.,0.,-1.));
#427 = DIRECTION('',(1.,0.,0.));
#428 = PCURVE('',#72,#429);
#429 = DEFINITIONAL_REPRESENTATION('',(#430),#438);
#430 = ( BOUNDED_CURVE() B_SPLINE_CURVE(2,(#431,#432,#433,#434,#435,#436
,#437),.UNSPECIFIED.,.T.,.F.) B_SPLINE_CURVE_WITH_KNOTS((1,2,2,2,2,1),(
    -2.094395102393,0.,2.094395102393,4.188790204786,6.28318530718,
8.377580409573),.UNSPECIFIED.) CURVE() GEOMETRIC_REPRESENTATION_ITEM() 
RATIONAL_B_SPLINE_CURVE((1.,0.5,1.,0.5,1.,0.5,1.)) REPRESENTATION_ITEM(
  '') );
#431 = CARTESIAN_POINT('',(171.3,127.49999997344));
#432 = CARTESIAN_POINT('',(171.3,103.59769882899));
#433 = CARTESIAN_POINT('',(150.6,115.54884940122));
#434 = CARTESIAN_POINT('',(129.9,127.49999997344));
#435 = CARTESIAN_POINT('',(150.6,139.45115054567));
#436 = CARTESIAN_POINT('',(171.3,151.40230111789));
#437 = CARTESIAN_POINT('',(171.3,127.49999997344));
#438 = ( GEOMETRIC_REPRESENTATION_CONTEXT(2) 
PARAMETRIC_REPRESENTATION_CONTEXT() REPRESENTATION_CONTEXT('2D SPACE',''
  ) );
#439 = PCURVE('',#440,#445);
#440 = CYLINDRICAL_SURFACE('',#441,13.8);
#441 = AXIS2_PLACEMENT_3D('',#442,#443,#444);
#442 = CARTESIAN_POINT('',(157.5,127.49999996545,30.));
#443 = DIRECTION('',(-0.,-0.,-1.));
#444 = DIRECTION('',(1.,0.,0.));
#445 = DEFINITIONAL_REPRESENTATION('',(#446),#450);
#446 = LINE('',#447,#448);
#447 = CARTESIAN_POINT('',(-6.28318530718,-5.));
#448 = VECTOR('',#449,1.);
#449 = DIRECTION('',(1.,-0.));
#450 = ( GEOMETRIC_REPRESENTATION_CONTEXT(2) 
PARAMETRIC_REPRESENTATION_CONTEXT() REPRESENTATION_CONTEXT('2D SPACE',''
  ) );
#451 = ORIENTED_EDGE('',*,*,#452,.T.);
#452 = EDGE_CURVE('',#420,#453,#455,.T.);
#453 = VERTEX_POINT('',#454);
#454 = CARTESIAN_POINT('',(171.3,-127.5,35.));
#455 = SURFACE_CURVE('',#456,(#460,#466),.PCURVE_S1.);
#456 = LINE('',#457,#458);
#457 = CARTESIAN_POINT('',(171.3,-63.75000000399,35.));
#458 = VECTOR('',#459,1.);
#459 = DIRECTION('',(0.,-1.,0.));
#460 = PCURVE('',#72,#461);
#461 = DEFINITIONAL_REPRESENTATION('',(#462),#465);
#462 = B_SPLINE_CURVE_WITH_KNOTS('',1,(#463,#464),.UNSPECIFIED.,.F.,.F.,
  (2,2),(-191.2499999694,63.749999996007),.PIECEWISE_BEZIER_KNOTS.);
#463 = CARTESIAN_POINT('',(171.3,127.49999997344));
#464 = CARTESIAN_POINT('',(171.3,-127.499999992));
#465 = ( GEOMETRIC_REPRESENTATION_CONTEXT(2) 
PARAMETRIC_REPRESENTATION_CONTEXT() REPRESENTATION_CONTEXT('2D SPACE',''
  ) );
#466 = PCURVE('',#467,#472);
#467 = PLANE('',#468);
#468 = AXIS2_PLACEMENT_3D('',#469,#470,#471);
#469 = CARTESIAN_POINT('',(171.3,-127.5,30.));
#470 = DIRECTION('',(-1.,0.,0.));
#471 = DIRECTION('',(0.,1.,0.));
#472 = DEFINITIONAL_REPRESENTATION('',(#473),#476);
#473 = B_SPLINE_CURVE_WITH_KNOTS('',1,(#474,#475),.UNSPECIFIED.,.F.,.F.,
  (2,2),(-191.2499999694,63.749999996007),.PIECEWISE_BEZIER_KNOTS.);
#474 = CARTESIAN_POINT('',(254.99999996546,-5.));
#475 = CARTESIAN_POINT('',(0.,-5.));
#476 = ( GEOMETRIC_REPRESENTATION_CONTEXT(2) 
PARAMETRIC_REPRESENTATION_CONTEXT() REPRESENTATION_CONTEXT('2D SPACE',''
  ) );
#477 = ORIENTED_EDGE('',*,*,#478,.T.);
#478 = EDGE_CURVE('',#453,#479,#481,.T.);
#479 = VERTEX_POINT('',#480);
#480 = CARTESIAN_POINT('',(157.5,-141.3,35.));
#481 = SURFACE_CURVE('',#482,(#487,#498),.PCURVE_S1.);
#482 = CIRCLE('',#483,13.8);
#483 = AXIS2_PLACEMENT_3D('',#484,#485,#486);
#484 = CARTESIAN_POINT('',(157.5,-127.5,35.));
#485 = DIRECTION('',(0.,0.,-1.));
#486 = DIRECTION('',(1.,0.,0.));
#487 = PCURVE('',#72,#488);
#488 = DEFINITIONAL_REPRESENTATION('',(#489),#497);
#489 = ( BOUNDED_CURVE() B_SPLINE_CURVE(2,(#490,#491,#492,#493,#494,#495
,#496),.UNSPECIFIED.,.T.,.F.) B_SPLINE_CURVE_WITH_KNOTS((1,2,2,2,2,1),(
    -2.094395102393,0.,2.094395102393,4.188790204786,6.28318530718,
8.377580409573),.UNSPECIFIED.) CURVE() GEOMETRIC_REPRESENTATION_ITEM() 
RATIONAL_B_SPLINE_CURVE((1.,0.5,1.,0.5,1.,0.5,1.)) REPRESENTATION_ITEM(
  '') );
#490 = CARTESIAN_POINT('',(171.3,-127.499999992));
#491 = CARTESIAN_POINT('',(171.3,-151.4023011364));
#492 = CARTESIAN_POINT('',(150.6,-139.4511505642));
#493 = CARTESIAN_POINT('',(129.9,-127.499999992));
#494 = CARTESIAN_POINT('',(150.6,-115.5488494197));
#495 = CARTESIAN_POINT('',(171.3,-103.5976988475));
#496 = CARTESIAN_POINT('',(171.3,-127.499999992));
#497 = ( GEOMETRIC_REPRESENTATION_CONTEXT(2) 
PARAMETRIC_REPRESENTATION_CONTEXT() REPRESENTATION_CONTEXT('2D SPACE',''
  ) );
#498 = PCURVE('',#499,#504);
#499 = CYLINDRICAL_SURFACE('',#500,13.8);
#500 = AXIS2_PLACEMENT_3D('',#501,#502,#503);
#501 = CARTESIAN_POINT('',(157.5,-127.5,30.));
#502 = DIRECTION('',(-0.,-0.,-1.));
#503 = DIRECTION('',(1.,0.,0.));
#504 = DEFINITIONAL_REPRESENTATION('',(#505),#509);
#505 = LINE('',#506,#507);
#506 = CARTESIAN_POINT('',(-6.28318530718,-5.));
#507 = VECTOR('',#508,1.);
#508 = DIRECTION('',(1.,-0.));
#509 = ( GEOMETRIC_REPRESENTATION_CONTEXT(2) 
PARAMETRIC_REPRESENTATION_CONTEXT() REPRESENTATION_CONTEXT('2D SPACE',''
  ) );
#510 = ORIENTED_EDGE('',*,*,#511,.T.);
#511 = EDGE_CURVE('',#479,#512,#514,.T.);
#512 = VERTEX_POINT('',#513);
#513 = CARTESIAN_POINT('',(-157.5,-141.3,35.));
#514 = SURFACE_CURVE('',#515,(#519,#525),.PCURVE_S1.);
#515 = LINE('',#516,#517);
#516 = CARTESIAN_POINT('',(-78.75,-141.2999999999,35.));
#517 = VECTOR('',#518,1.);
#518 = DIRECTION('',(-1.,0.,0.));
#519 = PCURVE('',#72,#520);
#520 = DEFINITIONAL_REPRESENTATION('',(#521),#524);
#521 = B_SPLINE_CURVE_WITH_KNOTS('',1,(#522,#523),.UNSPECIFIED.,.F.,.F.,
  (2,2),(-236.25,78.75),.PIECEWISE_BEZIER_KNOTS.);
#522 = CARTESIAN_POINT('',(157.5,-141.299999992));
#523 = CARTESIAN_POINT('',(-157.5,-141.299999992));
#524 = ( GEOMETRIC_REPRESENTATION_CONTEXT(2) 
PARAMETRIC_REPRESENTATION_CONTEXT() REPRESENTATION_CONTEXT('2D SPACE',''
  ) );
#525 = PCURVE('',#526,#531);
#526 = PLANE('',#527);
#527 = AXIS2_PLACEMENT_3D('',#528,#529,#530);
#528 = CARTESIAN_POINT('',(-157.5,-141.2999999999,30.));
#529 = DIRECTION('',(0.,1.,0.));
#530 = DIRECTION('',(1.,0.,0.));
#531 = DEFINITIONAL_REPRESENTATION('',(#532),#535);
#532 = B_SPLINE_CURVE_WITH_KNOTS('',1,(#533,#534),.UNSPECIFIED.,.F.,.F.,
  (2,2),(-236.25,78.75),.PIECEWISE_BEZIER_KNOTS.);
#533 = CARTESIAN_POINT('',(315.,-5.));
#534 = CARTESIAN_POINT('',(0.,-5.));
#535 = ( GEOMETRIC_REPRESENTATION_CONTEXT(2) 
PARAMETRIC_REPRESENTATION_CONTEXT() REPRESENTATION_CONTEXT('2D SPACE',''
  ) );
#536 = ORIENTED_EDGE('',*,*,#537,.T.);
#537 = EDGE_CURVE('',#512,#335,#538,.T.);
#538 = SURFACE_CURVE('',#539,(#544,#555),.PCURVE_S1.);
#539 = CIRCLE('',#540,13.8);
#540 = AXIS2_PLACEMENT_3D('',#541,#542,#543);
#541 = CARTESIAN_POINT('',(-157.5,-127.5,35.));
#542 = DIRECTION('',(0.,0.,-1.));
#543 = DIRECTION('',(1.,0.,0.));
#544 = PCURVE('',#72,#545);
#545 = DEFINITIONAL_REPRESENTATION('',(#546),#554);
#546 = ( BOUNDED_CURVE() B_SPLINE_CURVE(2,(#547,#548,#549,#550,#551,#552
,#553),.UNSPECIFIED.,.T.,.F.) B_SPLINE_CURVE_WITH_KNOTS((1,2,2,2,2,1),(
    -2.094395102393,0.,2.094395102393,4.188790204786,6.28318530718,
8.377580409573),.UNSPECIFIED.) CURVE() GEOMETRIC_REPRESENTATION_ITEM() 
RATIONAL_B_SPLINE_CURVE((1.,0.5,1.,0.5,1.,0.5,1.)) REPRESENTATION_ITEM(
  '') );
#547 = CARTESIAN_POINT('',(-143.7,-127.499999992));
#548 = CARTESIAN_POINT('',(-143.7,-151.4023011364));
#549 = CARTESIAN_POINT('',(-164.4,-139.4511505642));
#550 = CARTESIAN_POINT('',(-185.1,-127.499999992));
#551 = CARTESIAN_POINT('',(-164.4,-115.5488494197));
#552 = CARTESIAN_POINT('',(-143.7,-103.5976988475));
#553 = CARTESIAN_POINT('',(-143.7,-127.499999992));
#554 = ( GEOMETRIC_REPRESENTATION_CONTEXT(2) 
PARAMETRIC_REPRESENTATION_CONTEXT() REPRESENTATION_CONTEXT('2D SPACE',''
  ) );
#555 = PCURVE('',#556,#561);
#556 = CYLINDRICAL_SURFACE('',#557,13.8);
#557 = AXIS2_PLACEMENT_3D('',#558,#559,#560);
#558 = CARTESIAN_POINT('',(-157.5,-127.5,30.));
#559 = DIRECTION('',(-0.,-0.,-1.));
#560 = DIRECTION('',(1.,0.,0.));
#561 = DEFINITIONAL_REPRESENTATION('',(#562),#566);
#562 = LINE('',#563,#564);
#563 = CARTESIAN_POINT('',(-6.28318530718,-5.));
#564 = VECTOR('',#565,1.);
#565 = DIRECTION('',(1.,-0.));
#566 = ( GEOMETRIC_REPRESENTATION_CONTEXT(2) 
PARAMETRIC_REPRESENTATION_CONTEXT() REPRESENTATION_CONTEXT('2D SPACE',''
  ) );
#567 = ADVANCED_FACE('',(#568),#381,.F.);
#568 = FACE_BOUND('',#569,.T.);
#569 = EDGE_LOOP('',(#570,#601,#622,#623));
#570 = ORIENTED_EDGE('',*,*,#571,.F.);
#571 = EDGE_CURVE('',#572,#574,#576,.T.);
#572 = VERTEX_POINT('',#573);
#573 = CARTESIAN_POINT('',(-157.5,141.29999998273,30.));
#574 = VERTEX_POINT('',#575);
#575 = CARTESIAN_POINT('',(-171.3,127.49999996545,30.));
#576 = SURFACE_CURVE('',#577,(#582,#589),.PCURVE_S1.);
#577 = CIRCLE('',#578,13.8);
#578 = AXIS2_PLACEMENT_3D('',#579,#580,#581);
#579 = CARTESIAN_POINT('',(-157.5,127.49999996545,30.));
#580 = DIRECTION('',(0.,0.,1.));
#581 = DIRECTION('',(1.,0.,0.));
#582 = PCURVE('',#381,#583);
#583 = DEFINITIONAL_REPRESENTATION('',(#584),#588);
#584 = LINE('',#585,#586);
#585 = CARTESIAN_POINT('',(-0.,0.));
#586 = VECTOR('',#587,1.);
#587 = DIRECTION('',(-1.,0.));
#588 = ( GEOMETRIC_REPRESENTATION_CONTEXT(2) 
PARAMETRIC_REPRESENTATION_CONTEXT() REPRESENTATION_CONTEXT('2D SPACE',''
  ) );
#589 = PCURVE('',#590,#595);
#590 = PLANE('',#591);
#591 = AXIS2_PLACEMENT_3D('',#592,#593,#594);
#592 = CARTESIAN_POINT('',(-5.194056069649E-15,-8.392858045608E-09,30.)
  );
#593 = DIRECTION('',(0.,0.,1.));
#594 = DIRECTION('',(1.,0.,-0.));
#595 = DEFINITIONAL_REPRESENTATION('',(#596),#600);
#596 = CIRCLE('',#597,13.8);
#597 = AXIS2_PLACEMENT_2D('',#598,#599);
#598 = CARTESIAN_POINT('',(-157.5,127.49999997385));
#599 = DIRECTION('',(1.,0.));
#600 = ( GEOMETRIC_REPRESENTATION_CONTEXT(2) 
PARAMETRIC_REPRESENTATION_CONTEXT() REPRESENTATION_CONTEXT('2D SPACE',''
  ) );
#601 = ORIENTED_EDGE('',*,*,#602,.T.);
#602 = EDGE_CURVE('',#572,#361,#603,.T.);
#603 = SURFACE_CURVE('',#604,(#608,#615),.PCURVE_S1.);
#604 = LINE('',#605,#606);
#605 = CARTESIAN_POINT('',(-157.5,141.29999998273,30.));
#606 = VECTOR('',#607,1.);
#607 = DIRECTION('',(0.,0.,1.));
#608 = PCURVE('',#381,#609);
#609 = DEFINITIONAL_REPRESENTATION('',(#610),#614);
#610 = LINE('',#611,#612);
#611 = CARTESIAN_POINT('',(-1.570796326795,0.));
#612 = VECTOR('',#613,1.);
#613 = DIRECTION('',(-0.,-1.));
#614 = ( GEOMETRIC_REPRESENTATION_CONTEXT(2) 
PARAMETRIC_REPRESENTATION_CONTEXT() REPRESENTATION_CONTEXT('2D SPACE',''
  ) );
#615 = PCURVE('',#408,#616);
#616 = DEFINITIONAL_REPRESENTATION('',(#617),#621);
#617 = LINE('',#618,#619);
#618 = CARTESIAN_POINT('',(0.,0.));
#619 = VECTOR('',#620,1.);
#620 = DIRECTION('',(0.,-1.));
#621 = ( GEOMETRIC_REPRESENTATION_CONTEXT(2) 
PARAMETRIC_REPRESENTATION_CONTEXT() REPRESENTATION_CONTEXT('2D SPACE',''
  ) );
#622 = ORIENTED_EDGE('',*,*,#360,.F.);
#623 = ORIENTED_EDGE('',*,*,#624,.F.);
#624 = EDGE_CURVE('',#574,#333,#625,.T.);
#625 = SURFACE_CURVE('',#626,(#630,#637),.PCURVE_S1.);
#626 = LINE('',#627,#628);
#627 = CARTESIAN_POINT('',(-171.3,127.49999996545,30.));
#628 = VECTOR('',#629,1.);
#629 = DIRECTION('',(0.,0.,1.));
#630 = PCURVE('',#381,#631);
#631 = DEFINITIONAL_REPRESENTATION('',(#632),#636);
#632 = LINE('',#633,#634);
#633 = CARTESIAN_POINT('',(-3.14159265359,0.));
#634 = VECTOR('',#635,1.);
#635 = DIRECTION('',(-0.,-1.));
#636 = ( GEOMETRIC_REPRESENTATION_CONTEXT(2) 
PARAMETRIC_REPRESENTATION_CONTEXT() REPRESENTATION_CONTEXT('2D SPACE',''
  ) );
#637 = PCURVE('',#349,#638);
#638 = DEFINITIONAL_REPRESENTATION('',(#639),#643);
#639 = LINE('',#640,#641);
#640 = CARTESIAN_POINT('',(254.99999996546,0.));
#641 = VECTOR('',#642,1.);
#642 = DIRECTION('',(0.,-1.));
#643 = ( GEOMETRIC_REPRESENTATION_CONTEXT(2) 
PARAMETRIC_REPRESENTATION_CONTEXT() REPRESENTATION_CONTEXT('2D SPACE',''
  ) );
#644 = ADVANCED_FACE('',(#645,#810),#590,.T.);
#645 = FACE_BOUND('',#646,.T.);
#646 = EDGE_LOOP('',(#647,#670,#694,#717,#741,#764,#788,#809));
#647 = ORIENTED_EDGE('',*,*,#648,.F.);
#648 = EDGE_CURVE('',#649,#574,#651,.T.);
#649 = VERTEX_POINT('',#650);
#650 = CARTESIAN_POINT('',(-171.3,-127.5,30.));
#651 = SURFACE_CURVE('',#652,(#656,#663),.PCURVE_S1.);
#652 = LINE('',#653,#654);
#653 = CARTESIAN_POINT('',(-171.3,5.073275133327E-12,30.));
#654 = VECTOR('',#655,1.);
#655 = DIRECTION('',(0.,1.,0.));
#656 = PCURVE('',#590,#657);
#657 = DEFINITIONAL_REPRESENTATION('',(#658),#662);
#658 = LINE('',#659,#660);
#659 = CARTESIAN_POINT('',(-171.3,8.397931320742E-09));
#660 = VECTOR('',#661,1.);
#661 = DIRECTION('',(0.,1.));
#662 = ( GEOMETRIC_REPRESENTATION_CONTEXT(2) 
PARAMETRIC_REPRESENTATION_CONTEXT() REPRESENTATION_CONTEXT('2D SPACE',''
  ) );
#663 = PCURVE('',#349,#664);
#664 = DEFINITIONAL_REPRESENTATION('',(#665),#669);
#665 = LINE('',#666,#667);
#666 = CARTESIAN_POINT('',(127.50000000001,0.));
#667 = VECTOR('',#668,1.);
#668 = DIRECTION('',(1.,0.));
#669 = ( GEOMETRIC_REPRESENTATION_CONTEXT(2) 
PARAMETRIC_REPRESENTATION_CONTEXT() REPRESENTATION_CONTEXT('2D SPACE',''
  ) );
#670 = ORIENTED_EDGE('',*,*,#671,.T.);
#671 = EDGE_CURVE('',#649,#672,#674,.T.);
#672 = VERTEX_POINT('',#673);
#673 = CARTESIAN_POINT('',(-157.5,-141.3,30.));
#674 = SURFACE_CURVE('',#675,(#680,#687),.PCURVE_S1.);
#675 = CIRCLE('',#676,13.8);
#676 = AXIS2_PLACEMENT_3D('',#677,#678,#679);
#677 = CARTESIAN_POINT('',(-157.5,-127.5,30.));
#678 = DIRECTION('',(0.,0.,1.));
#679 = DIRECTION('',(1.,0.,0.));
#680 = PCURVE('',#590,#681);
#681 = DEFINITIONAL_REPRESENTATION('',(#682),#686);
#682 = CIRCLE('',#683,13.8);
#683 = AXIS2_PLACEMENT_2D('',#684,#685);
#684 = CARTESIAN_POINT('',(-157.5,-127.4999999916));
#685 = DIRECTION('',(1.,0.));
#686 = ( GEOMETRIC_REPRESENTATION_CONTEXT(2) 
PARAMETRIC_REPRESENTATION_CONTEXT() REPRESENTATION_CONTEXT('2D SPACE',''
  ) );
#687 = PCURVE('',#556,#688);
#688 = DEFINITIONAL_REPRESENTATION('',(#689),#693);
#689 = LINE('',#690,#691);
#690 = CARTESIAN_POINT('',(-0.,0.));
#691 = VECTOR('',#692,1.);
#692 = DIRECTION('',(-1.,0.));
#693 = ( GEOMETRIC_REPRESENTATION_CONTEXT(2) 
PARAMETRIC_REPRESENTATION_CONTEXT() REPRESENTATION_CONTEXT('2D SPACE',''
  ) );
#694 = ORIENTED_EDGE('',*,*,#695,.T.);
#695 = EDGE_CURVE('',#672,#696,#698,.T.);
#696 = VERTEX_POINT('',#697);
#697 = CARTESIAN_POINT('',(157.5,-141.3,30.));
#698 = SURFACE_CURVE('',#699,(#703,#710),.PCURVE_S1.);
#699 = LINE('',#700,#701);
#700 = CARTESIAN_POINT('',(0.,-141.2999999999,30.));
#701 = VECTOR('',#702,1.);
#702 = DIRECTION('',(1.,0.,0.));
#703 = PCURVE('',#590,#704);
#704 = DEFINITIONAL_REPRESENTATION('',(#705),#709);
#705 = LINE('',#706,#707);
#706 = CARTESIAN_POINT('',(5.194056069649E-15,-141.2999999916));
#707 = VECTOR('',#708,1.);
#708 = DIRECTION('',(1.,0.));
#709 = ( GEOMETRIC_REPRESENTATION_CONTEXT(2) 
PARAMETRIC_REPRESENTATION_CONTEXT() REPRESENTATION_CONTEXT('2D SPACE',''
  ) );
#710 = PCURVE('',#526,#711);
#711 = DEFINITIONAL_REPRESENTATION('',(#712),#716);
#712 = LINE('',#713,#714);
#713 = CARTESIAN_POINT('',(157.5,0.));
#714 = VECTOR('',#715,1.);
#715 = DIRECTION('',(1.,0.));
#716 = ( GEOMETRIC_REPRESENTATION_CONTEXT(2) 
PARAMETRIC_REPRESENTATION_CONTEXT() REPRESENTATION_CONTEXT('2D SPACE',''
  ) );
#717 = ORIENTED_EDGE('',*,*,#718,.T.);
#718 = EDGE_CURVE('',#696,#719,#721,.T.);
#719 = VERTEX_POINT('',#720);
#720 = CARTESIAN_POINT('',(171.3,-127.5,30.));
#721 = SURFACE_CURVE('',#722,(#727,#734),.PCURVE_S1.);
#722 = CIRCLE('',#723,13.8);
#723 = AXIS2_PLACEMENT_3D('',#724,#725,#726);
#724 = CARTESIAN_POINT('',(157.5,-127.5,30.));
#725 = DIRECTION('',(0.,0.,1.));
#726 = DIRECTION('',(1.,0.,0.));
#727 = PCURVE('',#590,#728);
#728 = DEFINITIONAL_REPRESENTATION('',(#729),#733);
#729 = CIRCLE('',#730,13.8);
#730 = AXIS2_PLACEMENT_2D('',#731,#732);
#731 = CARTESIAN_POINT('',(157.5,-127.4999999916));
#732 = DIRECTION('',(1.,0.));
#733 = ( GEOMETRIC_REPRESENTATION_CONTEXT(2) 
PARAMETRIC_REPRESENTATION_CONTEXT() REPRESENTATION_CONTEXT('2D SPACE',''
  ) );
#734 = PCURVE('',#499,#735);
#735 = DEFINITIONAL_REPRESENTATION('',(#736),#740);
#736 = LINE('',#737,#738);
#737 = CARTESIAN_POINT('',(-0.,0.));
#738 = VECTOR('',#739,1.);
#739 = DIRECTION('',(-1.,0.));
#740 = ( GEOMETRIC_REPRESENTATION_CONTEXT(2) 
PARAMETRIC_REPRESENTATION_CONTEXT() REPRESENTATION_CONTEXT('2D SPACE',''
  ) );
#741 = ORIENTED_EDGE('',*,*,#742,.T.);
#742 = EDGE_CURVE('',#719,#743,#745,.T.);
#743 = VERTEX_POINT('',#744);
#744 = CARTESIAN_POINT('',(171.3,127.49999996545,30.));
#745 = SURFACE_CURVE('',#746,(#750,#757),.PCURVE_S1.);
#746 = LINE('',#747,#748);
#747 = CARTESIAN_POINT('',(171.3,5.073275133327E-12,30.));
#748 = VECTOR('',#749,1.);
#749 = DIRECTION('',(0.,1.,0.));
#750 = PCURVE('',#590,#751);
#751 = DEFINITIONAL_REPRESENTATION('',(#752),#756);
#752 = LINE('',#753,#754);
#753 = CARTESIAN_POINT('',(171.3,8.397931320742E-09));
#754 = VECTOR('',#755,1.);
#755 = DIRECTION('',(0.,1.));
#756 = ( GEOMETRIC_REPRESENTATION_CONTEXT(2) 
PARAMETRIC_REPRESENTATION_CONTEXT() REPRESENTATION_CONTEXT('2D SPACE',''
  ) );
#757 = PCURVE('',#467,#758);
#758 = DEFINITIONAL_REPRESENTATION('',(#759),#763);
#759 = LINE('',#760,#761);
#760 = CARTESIAN_POINT('',(127.50000000001,0.));
#761 = VECTOR('',#762,1.);
#762 = DIRECTION('',(1.,0.));
#763 = ( GEOMETRIC_REPRESENTATION_CONTEXT(2) 
PARAMETRIC_REPRESENTATION_CONTEXT() REPRESENTATION_CONTEXT('2D SPACE',''
  ) );
#764 = ORIENTED_EDGE('',*,*,#765,.T.);
#765 = EDGE_CURVE('',#743,#766,#768,.T.);
#766 = VERTEX_POINT('',#767);
#767 = CARTESIAN_POINT('',(157.5,141.29999998273,30.));
#768 = SURFACE_CURVE('',#769,(#774,#781),.PCURVE_S1.);
#769 = CIRCLE('',#770,13.8);
#770 = AXIS2_PLACEMENT_3D('',#771,#772,#773);
#771 = CARTESIAN_POINT('',(157.5,127.49999996545,30.));
#772 = DIRECTION('',(0.,0.,1.));
#773 = DIRECTION('',(1.,0.,0.));
#774 = PCURVE('',#590,#775);
#775 = DEFINITIONAL_REPRESENTATION('',(#776),#780);
#776 = CIRCLE('',#777,13.8);
#777 = AXIS2_PLACEMENT_2D('',#778,#779);
#778 = CARTESIAN_POINT('',(157.5,127.49999997385));
#779 = DIRECTION('',(1.,0.));
#780 = ( GEOMETRIC_REPRESENTATION_CONTEXT(2) 
PARAMETRIC_REPRESENTATION_CONTEXT() REPRESENTATION_CONTEXT('2D SPACE',''
  ) );
#781 = PCURVE('',#440,#782);
#782 = DEFINITIONAL_REPRESENTATION('',(#783),#787);
#783 = LINE('',#784,#785);
#784 = CARTESIAN_POINT('',(-0.,0.));
#785 = VECTOR('',#786,1.);
#786 = DIRECTION('',(-1.,0.));
#787 = ( GEOMETRIC_REPRESENTATION_CONTEXT(2) 
PARAMETRIC_REPRESENTATION_CONTEXT() REPRESENTATION_CONTEXT('2D SPACE',''
  ) );
#788 = ORIENTED_EDGE('',*,*,#789,.F.);
#789 = EDGE_CURVE('',#572,#766,#790,.T.);
#790 = SURFACE_CURVE('',#791,(#795,#802),.PCURVE_S1.);
#791 = LINE('',#792,#793);
#792 = CARTESIAN_POINT('',(0.,141.3,30.));
#793 = VECTOR('',#794,1.);
#794 = DIRECTION('',(1.,0.,0.));
#795 = PCURVE('',#590,#796);
#796 = DEFINITIONAL_REPRESENTATION('',(#797),#801);
#797 = LINE('',#798,#799);
#798 = CARTESIAN_POINT('',(5.194056069649E-15,141.30000000839));
#799 = VECTOR('',#800,1.);
#800 = DIRECTION('',(1.,0.));
#801 = ( GEOMETRIC_REPRESENTATION_CONTEXT(2) 
PARAMETRIC_REPRESENTATION_CONTEXT() REPRESENTATION_CONTEXT('2D SPACE',''
  ) );
#802 = PCURVE('',#408,#803);
#803 = DEFINITIONAL_REPRESENTATION('',(#804),#808);
#804 = LINE('',#805,#806);
#805 = CARTESIAN_POINT('',(157.5,0.));
#806 = VECTOR('',#807,1.);
#807 = DIRECTION('',(1.,0.));
#808 = ( GEOMETRIC_REPRESENTATION_CONTEXT(2) 
PARAMETRIC_REPRESENTATION_CONTEXT() REPRESENTATION_CONTEXT('2D SPACE',''
  ) );
#809 = ORIENTED_EDGE('',*,*,#571,.T.);
#810 = FACE_BOUND('',#811,.T.);
#811 = EDGE_LOOP('',(#812,#843,#871,#897,#923,#949,#972,#998,#1024,#1050
    ,#1073,#1102,#1130,#1156,#1182,#1208,#1231,#1257,#1283,#1309,#1332,
    #1358,#1384,#1410,#1433,#1462,#1490,#1516,#1542,#1568,#1591,#1617,
    #1643,#1669,#1692,#1721,#1749,#1775,#1801,#1827,#1850,#1876,#1902,
    #1928,#1951,#1977,#2003,#2029));
#812 = ORIENTED_EDGE('',*,*,#813,.F.);
#813 = EDGE_CURVE('',#814,#816,#818,.T.);
#814 = VERTEX_POINT('',#815);
#815 = CARTESIAN_POINT('',(-170.,-127.5,30.));
#816 = VERTEX_POINT('',#817);
#817 = CARTESIAN_POINT('',(-157.5,-140.,30.));
#818 = SURFACE_CURVE('',#819,(#824,#831),.PCURVE_S1.);
#819 = CIRCLE('',#820,12.5);
#820 = AXIS2_PLACEMENT_3D('',#821,#822,#823);
#821 = CARTESIAN_POINT('',(-157.5,-127.5,30.));
#822 = DIRECTION('',(0.,0.,1.));
#823 = DIRECTION('',(1.,0.,0.));
#824 = PCURVE('',#590,#825);
#825 = DEFINITIONAL_REPRESENTATION('',(#826),#830);
#826 = CIRCLE('',#827,12.5);
#827 = AXIS2_PLACEMENT_2D('',#828,#829);
#828 = CARTESIAN_POINT('',(-157.5,-127.4999999916));
#829 = DIRECTION('',(1.,0.));
#830 = ( GEOMETRIC_REPRESENTATION_CONTEXT(2) 
PARAMETRIC_REPRESENTATION_CONTEXT() REPRESENTATION_CONTEXT('2D SPACE',''
  ) );
#831 = PCURVE('',#832,#837);
#832 = CYLINDRICAL_SURFACE('',#833,12.5);
#833 = AXIS2_PLACEMENT_3D('',#834,#835,#836);
#834 = CARTESIAN_POINT('',(-157.5,-127.5,7.2));
#835 = DIRECTION('',(-0.,-0.,-1.));
#836 = DIRECTION('',(1.,0.,0.));
#837 = DEFINITIONAL_REPRESENTATION('',(#838),#842);
#838 = LINE('',#839,#840);
#839 = CARTESIAN_POINT('',(-0.,-22.8));
#840 = VECTOR('',#841,1.);
#841 = DIRECTION('',(-1.,0.));
#842 = ( GEOMETRIC_REPRESENTATION_CONTEXT(2) 
PARAMETRIC_REPRESENTATION_CONTEXT() REPRESENTATION_CONTEXT('2D SPACE',''
  ) );
#843 = ORIENTED_EDGE('',*,*,#844,.T.);
#844 = EDGE_CURVE('',#814,#845,#847,.T.);
#845 = VERTEX_POINT('',#846);
#846 = CARTESIAN_POINT('',(-170.,-117.5,30.));
#847 = SURFACE_CURVE('',#848,(#852,#859),.PCURVE_S1.);
#848 = LINE('',#849,#850);
#849 = CARTESIAN_POINT('',(-170.,6.110667527537E-12,30.));
#850 = VECTOR('',#851,1.);
#851 = DIRECTION('',(0.,1.,0.));
#852 = PCURVE('',#590,#853);
#853 = DEFINITIONAL_REPRESENTATION('',(#854),#858);
#854 = LINE('',#855,#856);
#855 = CARTESIAN_POINT('',(-170.,8.398968713136E-09));
#856 = VECTOR('',#857,1.);
#857 = DIRECTION('',(0.,1.));
#858 = ( GEOMETRIC_REPRESENTATION_CONTEXT(2) 
PARAMETRIC_REPRESENTATION_CONTEXT() REPRESENTATION_CONTEXT('2D SPACE',''
  ) );
#859 = PCURVE('',#860,#865);
#860 = PLANE('',#861);
#861 = AXIS2_PLACEMENT_3D('',#862,#863,#864);
#862 = CARTESIAN_POINT('',(-170.,-127.5,7.2));
#863 = DIRECTION('',(-1.,0.,0.));
#864 = DIRECTION('',(0.,1.,0.));
#865 = DEFINITIONAL_REPRESENTATION('',(#866),#870);
#866 = LINE('',#867,#868);
#867 = CARTESIAN_POINT('',(127.50000000001,-22.8));
#868 = VECTOR('',#869,1.);
#869 = DIRECTION('',(1.,0.));
#870 = ( GEOMETRIC_REPRESENTATION_CONTEXT(2) 
PARAMETRIC_REPRESENTATION_CONTEXT() REPRESENTATION_CONTEXT('2D SPACE',''
  ) );
#871 = ORIENTED_EDGE('',*,*,#872,.F.);
#872 = EDGE_CURVE('',#873,#845,#875,.T.);
#873 = VERTEX_POINT('',#874);
#874 = CARTESIAN_POINT('',(-170.7496153618,-117.5,30.));
#875 = SURFACE_CURVE('',#876,(#880,#886),.PCURVE_S1.);
#876 = LINE('',#877,#878);
#877 = CARTESIAN_POINT('',(-83.75,-117.5,30.));
#878 = VECTOR('',#879,1.);
#879 = DIRECTION('',(1.,0.,-0.));
#880 = PCURVE('',#590,#881);
#881 = DEFINITIONAL_REPRESENTATION('',(#882),#885);
#882 = B_SPLINE_CURVE_WITH_KNOTS('',1,(#883,#884),.UNSPECIFIED.,.F.,.F.,
  (2,2),(-87.15,-80.35),.PIECEWISE_BEZIER_KNOTS.);
#883 = CARTESIAN_POINT('',(-170.9,-117.4999999916));
#884 = CARTESIAN_POINT('',(-164.1,-117.4999999916));
#885 = ( GEOMETRIC_REPRESENTATION_CONTEXT(2) 
PARAMETRIC_REPRESENTATION_CONTEXT() REPRESENTATION_CONTEXT('2D SPACE',''
  ) );
#886 = PCURVE('',#887,#892);
#887 = PLANE('',#888);
#888 = AXIS2_PLACEMENT_3D('',#889,#890,#891);
#889 = CARTESIAN_POINT('',(-167.5,-117.5,31.));
#890 = DIRECTION('',(0.,-1.,2.22044604925E-16));
#891 = DIRECTION('',(1.,0.,0.));
#892 = DEFINITIONAL_REPRESENTATION('',(#893),#896);
#893 = B_SPLINE_CURVE_WITH_KNOTS('',1,(#894,#895),.UNSPECIFIED.,.F.,.F.,
  (2,2),(-87.15,-80.35),.PIECEWISE_BEZIER_KNOTS.);
#894 = CARTESIAN_POINT('',(-3.4,-1.));
#895 = CARTESIAN_POINT('',(3.4,-1.));
#896 = ( GEOMETRIC_REPRESENTATION_CONTEXT(2) 
PARAMETRIC_REPRESENTATION_CONTEXT() REPRESENTATION_CONTEXT('2D SPACE',''
  ) );
#897 = ORIENTED_EDGE('',*,*,#898,.F.);
#898 = EDGE_CURVE('',#899,#873,#901,.T.);
#899 = VERTEX_POINT('',#900);
#900 = CARTESIAN_POINT('',(-170.7496153618,-89.5,30.));
#901 = SURFACE_CURVE('',#902,(#906,#912),.PCURVE_S1.);
#902 = LINE('',#903,#904);
#903 = CARTESIAN_POINT('',(-170.7496153618,-89.5,30.));
#904 = VECTOR('',#905,1.);
#905 = DIRECTION('',(0.,-1.,2.22044604925E-16));
#906 = PCURVE('',#590,#907);
#907 = DEFINITIONAL_REPRESENTATION('',(#908),#911);
#908 = B_SPLINE_CURVE_WITH_KNOTS('',1,(#909,#910),.UNSPECIFIED.,.F.,.F.,
  (2,2),(-5.999999928008E-07,28.0000006),.PIECEWISE_BEZIER_KNOTS.);
#909 = CARTESIAN_POINT('',(-170.7496153618,-89.4999993916));
#910 = CARTESIAN_POINT('',(-170.7496153618,-117.5000005916));
#911 = ( GEOMETRIC_REPRESENTATION_CONTEXT(2) 
PARAMETRIC_REPRESENTATION_CONTEXT() REPRESENTATION_CONTEXT('2D SPACE',''
  ) );
#912 = PCURVE('',#913,#918);
#913 = CYLINDRICAL_SURFACE('',#914,3.4);
#914 = AXIS2_PLACEMENT_3D('',#915,#916,#917);
#915 = CARTESIAN_POINT('',(-167.5,-89.5,31.));
#916 = DIRECTION('',(0.,-1.,2.22044604925E-16));
#917 = DIRECTION('',(1.,0.,0.));
#918 = DEFINITIONAL_REPRESENTATION('',(#919),#922);
#919 = B_SPLINE_CURVE_WITH_KNOTS('',1,(#920,#921),.UNSPECIFIED.,.F.,.F.,
  (2,2),(-5.999999928008E-07,28.0000006),.PIECEWISE_BEZIER_KNOTS.);
#920 = CARTESIAN_POINT('',(3.440124854775,-5.999999930228E-07));
#921 = CARTESIAN_POINT('',(3.440124854775,28.0000006));
#922 = ( GEOMETRIC_REPRESENTATION_CONTEXT(2) 
PARAMETRIC_REPRESENTATION_CONTEXT() REPRESENTATION_CONTEXT('2D SPACE',''
  ) );
#923 = ORIENTED_EDGE('',*,*,#924,.T.);
#924 = EDGE_CURVE('',#899,#925,#927,.T.);
#925 = VERTEX_POINT('',#926);
#926 = CARTESIAN_POINT('',(-170.,-89.5,30.));
#927 = SURFACE_CURVE('',#928,(#932,#938),.PCURVE_S1.);
#928 = LINE('',#929,#930);
#929 = CARTESIAN_POINT('',(-83.75,-89.5,30.));
#930 = VECTOR('',#931,1.);
#931 = DIRECTION('',(1.,0.,-0.));
#932 = PCURVE('',#590,#933);
#933 = DEFINITIONAL_REPRESENTATION('',(#934),#937);
#934 = B_SPLINE_CURVE_WITH_KNOTS('',1,(#935,#936),.UNSPECIFIED.,.F.,.F.,
  (2,2),(-87.15,-80.35),.PIECEWISE_BEZIER_KNOTS.);
#935 = CARTESIAN_POINT('',(-170.9,-89.4999999916));
#936 = CARTESIAN_POINT('',(-164.1,-89.4999999916));
#937 = ( GEOMETRIC_REPRESENTATION_CONTEXT(2) 
PARAMETRIC_REPRESENTATION_CONTEXT() REPRESENTATION_CONTEXT('2D SPACE',''
  ) );
#938 = PCURVE('',#939,#944);
#939 = PLANE('',#940);
#940 = AXIS2_PLACEMENT_3D('',#941,#942,#943);
#941 = CARTESIAN_POINT('',(-167.5,-89.5,31.));
#942 = DIRECTION('',(0.,-1.,2.22044604925E-16));
#943 = DIRECTION('',(1.,0.,0.));
#944 = DEFINITIONAL_REPRESENTATION('',(#945),#948);
#945 = B_SPLINE_CURVE_WITH_KNOTS('',1,(#946,#947),.UNSPECIFIED.,.F.,.F.,
  (2,2),(-87.15,-80.35),.PIECEWISE_BEZIER_KNOTS.);
#946 = CARTESIAN_POINT('',(-3.4,-1.));
#947 = CARTESIAN_POINT('',(3.4,-1.));
#948 = ( GEOMETRIC_REPRESENTATION_CONTEXT(2) 
PARAMETRIC_REPRESENTATION_CONTEXT() REPRESENTATION_CONTEXT('2D SPACE',''
  ) );
#949 = ORIENTED_EDGE('',*,*,#950,.T.);
#950 = EDGE_CURVE('',#925,#951,#953,.T.);
#951 = VERTEX_POINT('',#952);
#952 = CARTESIAN_POINT('',(-170.,89.5,30.));
#953 = SURFACE_CURVE('',#954,(#958,#965),.PCURVE_S1.);
#954 = LINE('',#955,#956);
#955 = CARTESIAN_POINT('',(-170.,6.110667527537E-12,30.));
#956 = VECTOR('',#957,1.);
#957 = DIRECTION('',(0.,1.,0.));
#958 = PCURVE('',#590,#959);
#959 = DEFINITIONAL_REPRESENTATION('',(#960),#964);
#960 = LINE('',#961,#962);
#961 = CARTESIAN_POINT('',(-170.,8.398968713136E-09));
#962 = VECTOR('',#963,1.);
#963 = DIRECTION('',(0.,1.));
#964 = ( GEOMETRIC_REPRESENTATION_CONTEXT(2) 
PARAMETRIC_REPRESENTATION_CONTEXT() REPRESENTATION_CONTEXT('2D SPACE',''
  ) );
#965 = PCURVE('',#860,#966);
#966 = DEFINITIONAL_REPRESENTATION('',(#967),#971);
#967 = LINE('',#968,#969);
#968 = CARTESIAN_POINT('',(127.50000000001,-22.8));
#969 = VECTOR('',#970,1.);
#970 = DIRECTION('',(1.,0.));
#971 = ( GEOMETRIC_REPRESENTATION_CONTEXT(2) 
PARAMETRIC_REPRESENTATION_CONTEXT() REPRESENTATION_CONTEXT('2D SPACE',''
  ) );
#972 = ORIENTED_EDGE('',*,*,#973,.F.);
#973 = EDGE_CURVE('',#974,#951,#976,.T.);
#974 = VERTEX_POINT('',#975);
#975 = CARTESIAN_POINT('',(-170.7496153618,89.5,30.));
#976 = SURFACE_CURVE('',#977,(#981,#987),.PCURVE_S1.);
#977 = LINE('',#978,#979);
#978 = CARTESIAN_POINT('',(-83.75,89.5,30.));
#979 = VECTOR('',#980,1.);
#980 = DIRECTION('',(1.,0.,-0.));
#981 = PCURVE('',#590,#982);
#982 = DEFINITIONAL_REPRESENTATION('',(#983),#986);
#983 = B_SPLINE_CURVE_WITH_KNOTS('',1,(#984,#985),.UNSPECIFIED.,.F.,.F.,
  (2,2),(-87.15,-80.35),.PIECEWISE_BEZIER_KNOTS.);
#984 = CARTESIAN_POINT('',(-170.9,89.500000008393));
#985 = CARTESIAN_POINT('',(-164.1,89.500000008393));
#986 = ( GEOMETRIC_REPRESENTATION_CONTEXT(2) 
PARAMETRIC_REPRESENTATION_CONTEXT() REPRESENTATION_CONTEXT('2D SPACE',''
  ) );
#987 = PCURVE('',#988,#993);
#988 = PLANE('',#989);
#989 = AXIS2_PLACEMENT_3D('',#990,#991,#992);
#990 = CARTESIAN_POINT('',(-167.5,89.5,31.));
#991 = DIRECTION('',(0.,-1.,2.22044604925E-16));
#992 = DIRECTION('',(1.,0.,0.));
#993 = DEFINITIONAL_REPRESENTATION('',(#994),#997);
#994 = B_SPLINE_CURVE_WITH_KNOTS('',1,(#995,#996),.UNSPECIFIED.,.F.,.F.,
  (2,2),(-87.15,-80.35),.PIECEWISE_BEZIER_KNOTS.);
#995 = CARTESIAN_POINT('',(-3.4,-1.));
#996 = CARTESIAN_POINT('',(3.4,-1.));
#997 = ( GEOMETRIC_REPRESENTATION_CONTEXT(2) 
PARAMETRIC_REPRESENTATION_CONTEXT() REPRESENTATION_CONTEXT('2D SPACE',''
  ) );
#998 = ORIENTED_EDGE('',*,*,#999,.F.);
#999 = EDGE_CURVE('',#1000,#974,#1002,.T.);
#1000 = VERTEX_POINT('',#1001);
#1001 = CARTESIAN_POINT('',(-170.7496153618,117.5,30.));
#1002 = SURFACE_CURVE('',#1003,(#1007,#1013),.PCURVE_S1.);
#1003 = LINE('',#1004,#1005);
#1004 = CARTESIAN_POINT('',(-170.7496153618,117.5,30.));
#1005 = VECTOR('',#1006,1.);
#1006 = DIRECTION('',(0.,-1.,2.22044604925E-16));
#1007 = PCURVE('',#590,#1008);
#1008 = DEFINITIONAL_REPRESENTATION('',(#1009),#1012);
#1009 = B_SPLINE_CURVE_WITH_KNOTS('',1,(#1010,#1011),.UNSPECIFIED.,.F.,
  .F.,(2,2),(-5.999999928008E-07,28.0000006),.PIECEWISE_BEZIER_KNOTS.);
#1010 = CARTESIAN_POINT('',(-170.7496153618,117.50000060839));
#1011 = CARTESIAN_POINT('',(-170.7496153618,89.499999408393));
#1012 = ( GEOMETRIC_REPRESENTATION_CONTEXT(2) 
PARAMETRIC_REPRESENTATION_CONTEXT() REPRESENTATION_CONTEXT('2D SPACE',''
  ) );
#1013 = PCURVE('',#1014,#1019);
#1014 = CYLINDRICAL_SURFACE('',#1015,3.4);
#1015 = AXIS2_PLACEMENT_3D('',#1016,#1017,#1018);
#1016 = CARTESIAN_POINT('',(-167.5,117.5,31.));
#1017 = DIRECTION('',(0.,-1.,2.22044604925E-16));
#1018 = DIRECTION('',(1.,0.,0.));
#1019 = DEFINITIONAL_REPRESENTATION('',(#1020),#1023);
#1020 = B_SPLINE_CURVE_WITH_KNOTS('',1,(#1021,#1022),.UNSPECIFIED.,.F.,
  .F.,(2,2),(-5.999999928008E-07,28.0000006),.PIECEWISE_BEZIER_KNOTS.);
#1021 = CARTESIAN_POINT('',(3.440124854775,-5.999999930228E-07));
#1022 = CARTESIAN_POINT('',(3.440124854775,28.0000006));
#1023 = ( GEOMETRIC_REPRESENTATION_CONTEXT(2) 
PARAMETRIC_REPRESENTATION_CONTEXT() REPRESENTATION_CONTEXT('2D SPACE',''
  ) );
#1024 = ORIENTED_EDGE('',*,*,#1025,.T.);
#1025 = EDGE_CURVE('',#1000,#1026,#1028,.T.);
#1026 = VERTEX_POINT('',#1027);
#1027 = CARTESIAN_POINT('',(-170.,117.5,30.));
#1028 = SURFACE_CURVE('',#1029,(#1033,#1039),.PCURVE_S1.);
#1029 = LINE('',#1030,#1031);
#1030 = CARTESIAN_POINT('',(-83.75,117.5,30.));
#1031 = VECTOR('',#1032,1.);
#1032 = DIRECTION('',(1.,0.,-0.));
#1033 = PCURVE('',#590,#1034);
#1034 = DEFINITIONAL_REPRESENTATION('',(#1035),#1038);
#1035 = B_SPLINE_CURVE_WITH_KNOTS('',1,(#1036,#1037),.UNSPECIFIED.,.F.,
  .F.,(2,2),(-87.15,-80.35),.PIECEWISE_BEZIER_KNOTS.);
#1036 = CARTESIAN_POINT('',(-170.9,117.50000000839));
#1037 = CARTESIAN_POINT('',(-164.1,117.50000000839));
#1038 = ( GEOMETRIC_REPRESENTATION_CONTEXT(2) 
PARAMETRIC_REPRESENTATION_CONTEXT() REPRESENTATION_CONTEXT('2D SPACE',''
  ) );
#1039 = PCURVE('',#1040,#1045);
#1040 = PLANE('',#1041);
#1041 = AXIS2_PLACEMENT_3D('',#1042,#1043,#1044);
#1042 = CARTESIAN_POINT('',(-167.5,117.5,31.));
#1043 = DIRECTION('',(0.,-1.,2.22044604925E-16));
#1044 = DIRECTION('',(1.,0.,0.));
#1045 = DEFINITIONAL_REPRESENTATION('',(#1046),#1049);
#1046 = B_SPLINE_CURVE_WITH_KNOTS('',1,(#1047,#1048),.UNSPECIFIED.,.F.,
  .F.,(2,2),(-87.15,-80.35),.PIECEWISE_BEZIER_KNOTS.);
#1047 = CARTESIAN_POINT('',(-3.4,-1.));
#1048 = CARTESIAN_POINT('',(3.4,-1.));
#1049 = ( GEOMETRIC_REPRESENTATION_CONTEXT(2) 
PARAMETRIC_REPRESENTATION_CONTEXT() REPRESENTATION_CONTEXT('2D SPACE',''
  ) );
#1050 = ORIENTED_EDGE('',*,*,#1051,.T.);
#1051 = EDGE_CURVE('',#1026,#1052,#1054,.T.);
#1052 = VERTEX_POINT('',#1053);
#1053 = CARTESIAN_POINT('',(-170.,127.49999996295,30.));
#1054 = SURFACE_CURVE('',#1055,(#1059,#1066),.PCURVE_S1.);
#1055 = LINE('',#1056,#1057);
#1056 = CARTESIAN_POINT('',(-170.,6.110667527537E-12,30.));
#1057 = VECTOR('',#1058,1.);
#1058 = DIRECTION('',(0.,1.,0.));
#1059 = PCURVE('',#590,#1060);
#1060 = DEFINITIONAL_REPRESENTATION('',(#1061),#1065);
#1061 = LINE('',#1062,#1063);
#1062 = CARTESIAN_POINT('',(-170.,8.398968713136E-09));
#1063 = VECTOR('',#1064,1.);
#1064 = DIRECTION('',(0.,1.));
#1065 = ( GEOMETRIC_REPRESENTATION_CONTEXT(2) 
PARAMETRIC_REPRESENTATION_CONTEXT() REPRESENTATION_CONTEXT('2D SPACE',''
  ) );
#1066 = PCURVE('',#860,#1067);
#1067 = DEFINITIONAL_REPRESENTATION('',(#1068),#1072);
#1068 = LINE('',#1069,#1070);
#1069 = CARTESIAN_POINT('',(127.50000000001,-22.8));
#1070 = VECTOR('',#1071,1.);
#1071 = DIRECTION('',(1.,0.));
#1072 = ( GEOMETRIC_REPRESENTATION_CONTEXT(2) 
PARAMETRIC_REPRESENTATION_CONTEXT() REPRESENTATION_CONTEXT('2D SPACE',''
  ) );
#1073 = ORIENTED_EDGE('',*,*,#1074,.F.);
#1074 = EDGE_CURVE('',#1075,#1052,#1077,.T.);
#1075 = VERTEX_POINT('',#1076);
#1076 = CARTESIAN_POINT('',(-157.5,139.99999998147,30.));
#1077 = SURFACE_CURVE('',#1078,(#1083,#1090),.PCURVE_S1.);
#1078 = CIRCLE('',#1079,12.5);
#1079 = AXIS2_PLACEMENT_3D('',#1080,#1081,#1082);
#1080 = CARTESIAN_POINT('',(-157.5,127.49999996295,30.));
#1081 = DIRECTION('',(0.,0.,1.));
#1082 = DIRECTION('',(1.,0.,0.));
#1083 = PCURVE('',#590,#1084);
#1084 = DEFINITIONAL_REPRESENTATION('',(#1085),#1089);
#1085 = CIRCLE('',#1086,12.5);
#1086 = AXIS2_PLACEMENT_2D('',#1087,#1088);
#1087 = CARTESIAN_POINT('',(-157.5,127.49999997134));
#1088 = DIRECTION('',(1.,0.));
#1089 = ( GEOMETRIC_REPRESENTATION_CONTEXT(2) 
PARAMETRIC_REPRESENTATION_CONTEXT() REPRESENTATION_CONTEXT('2D SPACE',''
  ) );
#1090 = PCURVE('',#1091,#1096);
#1091 = CYLINDRICAL_SURFACE('',#1092,12.5);
#1092 = AXIS2_PLACEMENT_3D('',#1093,#1094,#1095);
#1093 = CARTESIAN_POINT('',(-157.5,127.49999996295,7.2));
#1094 = DIRECTION('',(-0.,-0.,-1.));
#1095 = DIRECTION('',(1.,0.,0.));
#1096 = DEFINITIONAL_REPRESENTATION('',(#1097),#1101);
#1097 = LINE('',#1098,#1099);
#1098 = CARTESIAN_POINT('',(-0.,-22.8));
#1099 = VECTOR('',#1100,1.);
#1100 = DIRECTION('',(-1.,0.));
#1101 = ( GEOMETRIC_REPRESENTATION_CONTEXT(2) 
PARAMETRIC_REPRESENTATION_CONTEXT() REPRESENTATION_CONTEXT('2D SPACE',''
  ) );
#1102 = ORIENTED_EDGE('',*,*,#1103,.T.);
#1103 = EDGE_CURVE('',#1075,#1104,#1106,.T.);
#1104 = VERTEX_POINT('',#1105);
#1105 = CARTESIAN_POINT('',(-147.5,140.,30.));
#1106 = SURFACE_CURVE('',#1107,(#1111,#1118),.PCURVE_S1.);
#1107 = LINE('',#1108,#1109);
#1108 = CARTESIAN_POINT('',(0.,140.,30.));
#1109 = VECTOR('',#1110,1.);
#1110 = DIRECTION('',(1.,0.,0.));
#1111 = PCURVE('',#590,#1112);
#1112 = DEFINITIONAL_REPRESENTATION('',(#1113),#1117);
#1113 = LINE('',#1114,#1115);
#1114 = CARTESIAN_POINT('',(5.194056069649E-15,140.00000000839));
#1115 = VECTOR('',#1116,1.);
#1116 = DIRECTION('',(1.,0.));
#1117 = ( GEOMETRIC_REPRESENTATION_CONTEXT(2) 
PARAMETRIC_REPRESENTATION_CONTEXT() REPRESENTATION_CONTEXT('2D SPACE',''
  ) );
#1118 = PCURVE('',#1119,#1124);
#1119 = PLANE('',#1120);
#1120 = AXIS2_PLACEMENT_3D('',#1121,#1122,#1123);
#1121 = CARTESIAN_POINT('',(-157.5,140.,7.2));
#1122 = DIRECTION('',(0.,1.,0.));
#1123 = DIRECTION('',(1.,0.,0.));
#1124 = DEFINITIONAL_REPRESENTATION('',(#1125),#1129);
#1125 = LINE('',#1126,#1127);
#1126 = CARTESIAN_POINT('',(157.5,-22.8));
#1127 = VECTOR('',#1128,1.);
#1128 = DIRECTION('',(1.,0.));
#1129 = ( GEOMETRIC_REPRESENTATION_CONTEXT(2) 
PARAMETRIC_REPRESENTATION_CONTEXT() REPRESENTATION_CONTEXT('2D SPACE',''
  ) );
#1130 = ORIENTED_EDGE('',*,*,#1131,.T.);
#1131 = EDGE_CURVE('',#1104,#1132,#1134,.T.);
#1132 = VERTEX_POINT('',#1133);
#1133 = CARTESIAN_POINT('',(-147.5,140.74961536185,30.));
#1134 = SURFACE_CURVE('',#1135,(#1139,#1145),.PCURVE_S1.);
#1135 = LINE('',#1136,#1137);
#1136 = CARTESIAN_POINT('',(-147.5,68.749999995804,30.));
#1137 = VECTOR('',#1138,1.);
#1138 = DIRECTION('',(0.,1.,0.));
#1139 = PCURVE('',#590,#1140);
#1140 = DEFINITIONAL_REPRESENTATION('',(#1141),#1144);
#1141 = B_SPLINE_CURVE_WITH_KNOTS('',1,(#1142,#1143),.UNSPECIFIED.,.F.,
  .F.,(2,2),(65.350000004196,72.150000004196),.PIECEWISE_BEZIER_KNOTS.);
#1142 = CARTESIAN_POINT('',(-147.5,134.10000000839));
#1143 = CARTESIAN_POINT('',(-147.5,140.90000000839));
#1144 = ( GEOMETRIC_REPRESENTATION_CONTEXT(2) 
PARAMETRIC_REPRESENTATION_CONTEXT() REPRESENTATION_CONTEXT('2D SPACE',''
  ) );
#1145 = PCURVE('',#1146,#1151);
#1146 = PLANE('',#1147);
#1147 = AXIS2_PLACEMENT_3D('',#1148,#1149,#1150);
#1148 = CARTESIAN_POINT('',(-147.5,137.5,31.));
#1149 = DIRECTION('',(1.,0.,2.22044604925E-16));
#1150 = DIRECTION('',(2.22044604925E-16,0.,-1.));
#1151 = DEFINITIONAL_REPRESENTATION('',(#1152),#1155);
#1152 = B_SPLINE_CURVE_WITH_KNOTS('',1,(#1153,#1154),.UNSPECIFIED.,.F.,
  .F.,(2,2),(65.350000004196,72.150000004196),.PIECEWISE_BEZIER_KNOTS.);
#1153 = CARTESIAN_POINT('',(1.,-3.4));
#1154 = CARTESIAN_POINT('',(1.,3.4));
#1155 = ( GEOMETRIC_REPRESENTATION_CONTEXT(2) 
PARAMETRIC_REPRESENTATION_CONTEXT() REPRESENTATION_CONTEXT('2D SPACE',''
  ) );
#1156 = ORIENTED_EDGE('',*,*,#1157,.T.);
#1157 = EDGE_CURVE('',#1132,#1158,#1160,.T.);
#1158 = VERTEX_POINT('',#1159);
#1159 = CARTESIAN_POINT('',(-119.5,140.74961536185,30.));
#1160 = SURFACE_CURVE('',#1161,(#1165,#1171),.PCURVE_S1.);
#1161 = LINE('',#1162,#1163);
#1162 = CARTESIAN_POINT('',(-147.5,140.74961536185,30.));
#1163 = VECTOR('',#1164,1.);
#1164 = DIRECTION('',(1.,0.,2.22044604925E-16));
#1165 = PCURVE('',#590,#1166);
#1166 = DEFINITIONAL_REPRESENTATION('',(#1167),#1170);
#1167 = B_SPLINE_CURVE_WITH_KNOTS('',1,(#1168,#1169),.UNSPECIFIED.,.F.,
  .F.,(2,2),(-5.999999928008E-07,28.0000006),.PIECEWISE_BEZIER_KNOTS.);
#1168 = CARTESIAN_POINT('',(-147.5000006,140.74961537024));
#1169 = CARTESIAN_POINT('',(-119.4999994,140.74961537024));
#1170 = ( GEOMETRIC_REPRESENTATION_CONTEXT(2) 
PARAMETRIC_REPRESENTATION_CONTEXT() REPRESENTATION_CONTEXT('2D SPACE',''
  ) );
#1171 = PCURVE('',#1172,#1177);
#1172 = CYLINDRICAL_SURFACE('',#1173,3.4);
#1173 = AXIS2_PLACEMENT_3D('',#1174,#1175,#1176);
#1174 = CARTESIAN_POINT('',(-147.5,137.5,31.));
#1175 = DIRECTION('',(1.,0.,2.22044604925E-16));
#1176 = DIRECTION('',(2.22044604925E-16,0.,-1.));
#1177 = DEFINITIONAL_REPRESENTATION('',(#1178),#1181);
#1178 = B_SPLINE_CURVE_WITH_KNOTS('',1,(#1179,#1180),.UNSPECIFIED.,.F.,
  .F.,(2,2),(0.,28.),.PIECEWISE_BEZIER_KNOTS.);
#1179 = CARTESIAN_POINT('',(7.55544943279,-2.22044604925E-16));
#1180 = CARTESIAN_POINT('',(7.55544943279,28.));
#1181 = ( GEOMETRIC_REPRESENTATION_CONTEXT(2) 
PARAMETRIC_REPRESENTATION_CONTEXT() REPRESENTATION_CONTEXT('2D SPACE',''
  ) );
#1182 = ORIENTED_EDGE('',*,*,#1183,.F.);
#1183 = EDGE_CURVE('',#1184,#1158,#1186,.T.);
#1184 = VERTEX_POINT('',#1185);
#1185 = CARTESIAN_POINT('',(-119.5,140.,30.));
#1186 = SURFACE_CURVE('',#1187,(#1191,#1197),.PCURVE_S1.);
#1187 = LINE('',#1188,#1189);
#1188 = CARTESIAN_POINT('',(-119.5,68.749999995804,30.));
#1189 = VECTOR('',#1190,1.);
#1190 = DIRECTION('',(0.,1.,0.));
#1191 = PCURVE('',#590,#1192);
#1192 = DEFINITIONAL_REPRESENTATION('',(#1193),#1196);
#1193 = B_SPLINE_CURVE_WITH_KNOTS('',1,(#1194,#1195),.UNSPECIFIED.,.F.,
  .F.,(2,2),(65.350000004196,72.150000004196),.PIECEWISE_BEZIER_KNOTS.);
#1194 = CARTESIAN_POINT('',(-119.5,134.10000000839));
#1195 = CARTESIAN_POINT('',(-119.5,140.90000000839));
#1196 = ( GEOMETRIC_REPRESENTATION_CONTEXT(2) 
PARAMETRIC_REPRESENTATION_CONTEXT() REPRESENTATION_CONTEXT('2D SPACE',''
  ) );
#1197 = PCURVE('',#1198,#1203);
#1198 = PLANE('',#1199);
#1199 = AXIS2_PLACEMENT_3D('',#1200,#1201,#1202);
#1200 = CARTESIAN_POINT('',(-119.5,137.5,31.));
#1201 = DIRECTION('',(1.,0.,2.22044604925E-16));
#1202 = DIRECTION('',(2.22044604925E-16,0.,-1.));
#1203 = DEFINITIONAL_REPRESENTATION('',(#1204),#1207);
#1204 = B_SPLINE_CURVE_WITH_KNOTS('',1,(#1205,#1206),.UNSPECIFIED.,.F.,
  .F.,(2,2),(65.350000004196,72.150000004196),.PIECEWISE_BEZIER_KNOTS.);
#1205 = CARTESIAN_POINT('',(1.,-3.4));
#1206 = CARTESIAN_POINT('',(1.,3.4));
#1207 = ( GEOMETRIC_REPRESENTATION_CONTEXT(2) 
PARAMETRIC_REPRESENTATION_CONTEXT() REPRESENTATION_CONTEXT('2D SPACE',''
  ) );
#1208 = ORIENTED_EDGE('',*,*,#1209,.T.);
#1209 = EDGE_CURVE('',#1184,#1210,#1212,.T.);
#1210 = VERTEX_POINT('',#1211);
#1211 = CARTESIAN_POINT('',(-14.,140.,30.));
#1212 = SURFACE_CURVE('',#1213,(#1217,#1224),.PCURVE_S1.);
#1213 = LINE('',#1214,#1215);
#1214 = CARTESIAN_POINT('',(0.,140.,30.));
#1215 = VECTOR('',#1216,1.);
#1216 = DIRECTION('',(1.,0.,0.));
#1217 = PCURVE('',#590,#1218);
#1218 = DEFINITIONAL_REPRESENTATION('',(#1219),#1223);
#1219 = LINE('',#1220,#1221);
#1220 = CARTESIAN_POINT('',(5.194056069649E-15,140.00000000839));
#1221 = VECTOR('',#1222,1.);
#1222 = DIRECTION('',(1.,0.));
#1223 = ( GEOMETRIC_REPRESENTATION_CONTEXT(2) 
PARAMETRIC_REPRESENTATION_CONTEXT() REPRESENTATION_CONTEXT('2D SPACE',''
  ) );
#1224 = PCURVE('',#1119,#1225);
#1225 = DEFINITIONAL_REPRESENTATION('',(#1226),#1230);
#1226 = LINE('',#1227,#1228);
#1227 = CARTESIAN_POINT('',(157.5,-22.8));
#1228 = VECTOR('',#1229,1.);
#1229 = DIRECTION('',(1.,0.));
#1230 = ( GEOMETRIC_REPRESENTATION_CONTEXT(2) 
PARAMETRIC_REPRESENTATION_CONTEXT() REPRESENTATION_CONTEXT('2D SPACE',''
  ) );
#1231 = ORIENTED_EDGE('',*,*,#1232,.T.);
#1232 = EDGE_CURVE('',#1210,#1233,#1235,.T.);
#1233 = VERTEX_POINT('',#1234);
#1234 = CARTESIAN_POINT('',(-14.,140.74961536185,30.));
#1235 = SURFACE_CURVE('',#1236,(#1240,#1246),.PCURVE_S1.);
#1236 = LINE('',#1237,#1238);
#1237 = CARTESIAN_POINT('',(-14.,68.749999995804,30.));
#1238 = VECTOR('',#1239,1.);
#1239 = DIRECTION('',(0.,1.,0.));
#1240 = PCURVE('',#590,#1241);
#1241 = DEFINITIONAL_REPRESENTATION('',(#1242),#1245);
#1242 = B_SPLINE_CURVE_WITH_KNOTS('',1,(#1243,#1244),.UNSPECIFIED.,.F.,
  .F.,(2,2),(65.350000004196,72.150000004196),.PIECEWISE_BEZIER_KNOTS.);
#1243 = CARTESIAN_POINT('',(-14.,134.10000000839));
#1244 = CARTESIAN_POINT('',(-14.,140.90000000839));
#1245 = ( GEOMETRIC_REPRESENTATION_CONTEXT(2) 
PARAMETRIC_REPRESENTATION_CONTEXT() REPRESENTATION_CONTEXT('2D SPACE',''
  ) );
#1246 = PCURVE('',#1247,#1252);
#1247 = PLANE('',#1248);
#1248 = AXIS2_PLACEMENT_3D('',#1249,#1250,#1251);
#1249 = CARTESIAN_POINT('',(-14.,137.5,31.));
#1250 = DIRECTION('',(1.,0.,2.22044604925E-16));
#1251 = DIRECTION('',(2.22044604925E-16,0.,-1.));
#1252 = DEFINITIONAL_REPRESENTATION('',(#1253),#1256);
#1253 = B_SPLINE_CURVE_WITH_KNOTS('',1,(#1254,#1255),.UNSPECIFIED.,.F.,
  .F.,(2,2),(65.350000004196,72.150000004196),.PIECEWISE_BEZIER_KNOTS.);
#1254 = CARTESIAN_POINT('',(1.,-3.4));
#1255 = CARTESIAN_POINT('',(1.,3.4));
#1256 = ( GEOMETRIC_REPRESENTATION_CONTEXT(2) 
PARAMETRIC_REPRESENTATION_CONTEXT() REPRESENTATION_CONTEXT('2D SPACE',''
  ) );
#1257 = ORIENTED_EDGE('',*,*,#1258,.T.);
#1258 = EDGE_CURVE('',#1233,#1259,#1261,.T.);
#1259 = VERTEX_POINT('',#1260);
#1260 = CARTESIAN_POINT('',(14.,140.74961536185,30.));
#1261 = SURFACE_CURVE('',#1262,(#1266,#1272),.PCURVE_S1.);
#1262 = LINE('',#1263,#1264);
#1263 = CARTESIAN_POINT('',(-14.,140.74961536185,30.));
#1264 = VECTOR('',#1265,1.);
#1265 = DIRECTION('',(1.,0.,2.22044604925E-16));
#1266 = PCURVE('',#590,#1267);
#1267 = DEFINITIONAL_REPRESENTATION('',(#1268),#1271);
#1268 = B_SPLINE_CURVE_WITH_KNOTS('',1,(#1269,#1270),.UNSPECIFIED.,.F.,
  .F.,(2,2),(-5.999999999062E-07,28.0000006),.PIECEWISE_BEZIER_KNOTS.);
#1269 = CARTESIAN_POINT('',(-14.0000006,140.74961537024));
#1270 = CARTESIAN_POINT('',(14.0000006,140.74961537024));
#1271 = ( GEOMETRIC_REPRESENTATION_CONTEXT(2) 
PARAMETRIC_REPRESENTATION_CONTEXT() REPRESENTATION_CONTEXT('2D SPACE',''
  ) );
#1272 = PCURVE('',#1273,#1278);
#1273 = CYLINDRICAL_SURFACE('',#1274,3.4);
#1274 = AXIS2_PLACEMENT_3D('',#1275,#1276,#1277);
#1275 = CARTESIAN_POINT('',(-14.,137.5,31.));
#1276 = DIRECTION('',(1.,0.,2.22044604925E-16));
#1277 = DIRECTION('',(2.22044604925E-16,0.,-1.));
#1278 = DEFINITIONAL_REPRESENTATION('',(#1279),#1282);
#1279 = B_SPLINE_CURVE_WITH_KNOTS('',1,(#1280,#1281),.UNSPECIFIED.,.F.,
  .F.,(2,2),(0.,28.),.PIECEWISE_BEZIER_KNOTS.);
#1280 = CARTESIAN_POINT('',(7.55544943279,-2.22044604925E-16));
#1281 = CARTESIAN_POINT('',(7.55544943279,28.));
#1282 = ( GEOMETRIC_REPRESENTATION_CONTEXT(2) 
PARAMETRIC_REPRESENTATION_CONTEXT() REPRESENTATION_CONTEXT('2D SPACE',''
  ) );
#1283 = ORIENTED_EDGE('',*,*,#1284,.F.);
#1284 = EDGE_CURVE('',#1285,#1259,#1287,.T.);
#1285 = VERTEX_POINT('',#1286);
#1286 = CARTESIAN_POINT('',(14.,140.,30.));
#1287 = SURFACE_CURVE('',#1288,(#1292,#1298),.PCURVE_S1.);
#1288 = LINE('',#1289,#1290);
#1289 = CARTESIAN_POINT('',(14.,68.749999995804,30.));
#1290 = VECTOR('',#1291,1.);
#1291 = DIRECTION('',(0.,1.,0.));
#1292 = PCURVE('',#590,#1293);
#1293 = DEFINITIONAL_REPRESENTATION('',(#1294),#1297);
#1294 = B_SPLINE_CURVE_WITH_KNOTS('',1,(#1295,#1296),.UNSPECIFIED.,.F.,
  .F.,(2,2),(65.350000004196,72.150000004196),.PIECEWISE_BEZIER_KNOTS.);
#1295 = CARTESIAN_POINT('',(14.,134.10000000839));
#1296 = CARTESIAN_POINT('',(14.,140.90000000839));
#1297 = ( GEOMETRIC_REPRESENTATION_CONTEXT(2) 
PARAMETRIC_REPRESENTATION_CONTEXT() REPRESENTATION_CONTEXT('2D SPACE',''
  ) );
#1298 = PCURVE('',#1299,#1304);
#1299 = PLANE('',#1300);
#1300 = AXIS2_PLACEMENT_3D('',#1301,#1302,#1303);
#1301 = CARTESIAN_POINT('',(14.,137.5,31.));
#1302 = DIRECTION('',(1.,0.,2.22044604925E-16));
#1303 = DIRECTION('',(2.22044604925E-16,0.,-1.));
#1304 = DEFINITIONAL_REPRESENTATION('',(#1305),#1308);
#1305 = B_SPLINE_CURVE_WITH_KNOTS('',1,(#1306,#1307),.UNSPECIFIED.,.F.,
  .F.,(2,2),(65.350000004196,72.150000004196),.PIECEWISE_BEZIER_KNOTS.);
#1306 = CARTESIAN_POINT('',(1.,-3.4));
#1307 = CARTESIAN_POINT('',(1.,3.4));
#1308 = ( GEOMETRIC_REPRESENTATION_CONTEXT(2) 
PARAMETRIC_REPRESENTATION_CONTEXT() REPRESENTATION_CONTEXT('2D SPACE',''
  ) );
#1309 = ORIENTED_EDGE('',*,*,#1310,.T.);
#1310 = EDGE_CURVE('',#1285,#1311,#1313,.T.);
#1311 = VERTEX_POINT('',#1312);
#1312 = CARTESIAN_POINT('',(119.5,140.,30.));
#1313 = SURFACE_CURVE('',#1314,(#1318,#1325),.PCURVE_S1.);
#1314 = LINE('',#1315,#1316);
#1315 = CARTESIAN_POINT('',(0.,140.,30.));
#1316 = VECTOR('',#1317,1.);
#1317 = DIRECTION('',(1.,0.,0.));
#1318 = PCURVE('',#590,#1319);
#1319 = DEFINITIONAL_REPRESENTATION('',(#1320),#1324);
#1320 = LINE('',#1321,#1322);
#1321 = CARTESIAN_POINT('',(5.194056069649E-15,140.00000000839));
#1322 = VECTOR('',#1323,1.);
#1323 = DIRECTION('',(1.,0.));
#1324 = ( GEOMETRIC_REPRESENTATION_CONTEXT(2) 
PARAMETRIC_REPRESENTATION_CONTEXT() REPRESENTATION_CONTEXT('2D SPACE',''
  ) );
#1325 = PCURVE('',#1119,#1326);
#1326 = DEFINITIONAL_REPRESENTATION('',(#1327),#1331);
#1327 = LINE('',#1328,#1329);
#1328 = CARTESIAN_POINT('',(157.5,-22.8));
#1329 = VECTOR('',#1330,1.);
#1330 = DIRECTION('',(1.,0.));
#1331 = ( GEOMETRIC_REPRESENTATION_CONTEXT(2) 
PARAMETRIC_REPRESENTATION_CONTEXT() REPRESENTATION_CONTEXT('2D SPACE',''
  ) );
#1332 = ORIENTED_EDGE('',*,*,#1333,.T.);
#1333 = EDGE_CURVE('',#1311,#1334,#1336,.T.);
#1334 = VERTEX_POINT('',#1335);
#1335 = CARTESIAN_POINT('',(119.5,140.74961536185,30.));
#1336 = SURFACE_CURVE('',#1337,(#1341,#1347),.PCURVE_S1.);
#1337 = LINE('',#1338,#1339);
#1338 = CARTESIAN_POINT('',(119.5,68.749999995804,30.));
#1339 = VECTOR('',#1340,1.);
#1340 = DIRECTION('',(0.,1.,0.));
#1341 = PCURVE('',#590,#1342);
#1342 = DEFINITIONAL_REPRESENTATION('',(#1343),#1346);
#1343 = B_SPLINE_CURVE_WITH_KNOTS('',1,(#1344,#1345),.UNSPECIFIED.,.F.,
  .F.,(2,2),(65.350000004196,72.150000004196),.PIECEWISE_BEZIER_KNOTS.);
#1344 = CARTESIAN_POINT('',(119.5,134.10000000839));
#1345 = CARTESIAN_POINT('',(119.5,140.90000000839));
#1346 = ( GEOMETRIC_REPRESENTATION_CONTEXT(2) 
PARAMETRIC_REPRESENTATION_CONTEXT() REPRESENTATION_CONTEXT('2D SPACE',''
  ) );
#1347 = PCURVE('',#1348,#1353);
#1348 = PLANE('',#1349);
#1349 = AXIS2_PLACEMENT_3D('',#1350,#1351,#1352);
#1350 = CARTESIAN_POINT('',(119.5,137.5,31.));
#1351 = DIRECTION('',(1.,0.,2.22044604925E-16));
#1352 = DIRECTION('',(2.22044604925E-16,0.,-1.));
#1353 = DEFINITIONAL_REPRESENTATION('',(#1354),#1357);
#1354 = B_SPLINE_CURVE_WITH_KNOTS('',1,(#1355,#1356),.UNSPECIFIED.,.F.,
  .F.,(2,2),(65.350000004196,72.150000004196),.PIECEWISE_BEZIER_KNOTS.);
#1355 = CARTESIAN_POINT('',(1.,-3.4));
#1356 = CARTESIAN_POINT('',(1.,3.4));
#1357 = ( GEOMETRIC_REPRESENTATION_CONTEXT(2) 
PARAMETRIC_REPRESENTATION_CONTEXT() REPRESENTATION_CONTEXT('2D SPACE',''
  ) );
#1358 = ORIENTED_EDGE('',*,*,#1359,.T.);
#1359 = EDGE_CURVE('',#1334,#1360,#1362,.T.);
#1360 = VERTEX_POINT('',#1361);
#1361 = CARTESIAN_POINT('',(147.5,140.74961536185,30.));
#1362 = SURFACE_CURVE('',#1363,(#1367,#1373),.PCURVE_S1.);
#1363 = LINE('',#1364,#1365);
#1364 = CARTESIAN_POINT('',(119.5,140.74961536185,30.));
#1365 = VECTOR('',#1366,1.);
#1366 = DIRECTION('',(1.,0.,2.22044604925E-16));
#1367 = PCURVE('',#590,#1368);
#1368 = DEFINITIONAL_REPRESENTATION('',(#1369),#1372);
#1369 = B_SPLINE_CURVE_WITH_KNOTS('',1,(#1370,#1371),.UNSPECIFIED.,.F.,
  .F.,(2,2),(-5.999999928008E-07,28.0000006),.PIECEWISE_BEZIER_KNOTS.);
#1370 = CARTESIAN_POINT('',(119.4999994,140.74961537024));
#1371 = CARTESIAN_POINT('',(147.5000006,140.74961537024));
#1372 = ( GEOMETRIC_REPRESENTATION_CONTEXT(2) 
PARAMETRIC_REPRESENTATION_CONTEXT() REPRESENTATION_CONTEXT('2D SPACE',''
  ) );
#1373 = PCURVE('',#1374,#1379);
#1374 = CYLINDRICAL_SURFACE('',#1375,3.4);
#1375 = AXIS2_PLACEMENT_3D('',#1376,#1377,#1378);
#1376 = CARTESIAN_POINT('',(119.5,137.5,31.));
#1377 = DIRECTION('',(1.,0.,2.22044604925E-16));
#1378 = DIRECTION('',(2.22044604925E-16,0.,-1.));
#1379 = DEFINITIONAL_REPRESENTATION('',(#1380),#1383);
#1380 = B_SPLINE_CURVE_WITH_KNOTS('',1,(#1381,#1382),.UNSPECIFIED.,.F.,
  .F.,(2,2),(0.,28.),.PIECEWISE_BEZIER_KNOTS.);
#1381 = CARTESIAN_POINT('',(7.55544943279,-2.22044604925E-16));
#1382 = CARTESIAN_POINT('',(7.55544943279,28.));
#1383 = ( GEOMETRIC_REPRESENTATION_CONTEXT(2) 
PARAMETRIC_REPRESENTATION_CONTEXT() REPRESENTATION_CONTEXT('2D SPACE',''
  ) );
#1384 = ORIENTED_EDGE('',*,*,#1385,.F.);
#1385 = EDGE_CURVE('',#1386,#1360,#1388,.T.);
#1386 = VERTEX_POINT('',#1387);
#1387 = CARTESIAN_POINT('',(147.5,140.,30.));
#1388 = SURFACE_CURVE('',#1389,(#1393,#1399),.PCURVE_S1.);
#1389 = LINE('',#1390,#1391);
#1390 = CARTESIAN_POINT('',(147.5,68.749999995804,30.));
#1391 = VECTOR('',#1392,1.);
#1392 = DIRECTION('',(0.,1.,0.));
#1393 = PCURVE('',#590,#1394);
#1394 = DEFINITIONAL_REPRESENTATION('',(#1395),#1398);
#1395 = B_SPLINE_CURVE_WITH_KNOTS('',1,(#1396,#1397),.UNSPECIFIED.,.F.,
  .F.,(2,2),(65.350000004196,72.150000004196),.PIECEWISE_BEZIER_KNOTS.);
#1396 = CARTESIAN_POINT('',(147.5,134.10000000839));
#1397 = CARTESIAN_POINT('',(147.5,140.90000000839));
#1398 = ( GEOMETRIC_REPRESENTATION_CONTEXT(2) 
PARAMETRIC_REPRESENTATION_CONTEXT() REPRESENTATION_CONTEXT('2D SPACE',''
  ) );
#1399 = PCURVE('',#1400,#1405);
#1400 = PLANE('',#1401);
#1401 = AXIS2_PLACEMENT_3D('',#1402,#1403,#1404);
#1402 = CARTESIAN_POINT('',(147.5,137.5,31.));
#1403 = DIRECTION('',(1.,0.,2.22044604925E-16));
#1404 = DIRECTION('',(2.22044604925E-16,0.,-1.));
#1405 = DEFINITIONAL_REPRESENTATION('',(#1406),#1409);
#1406 = B_SPLINE_CURVE_WITH_KNOTS('',1,(#1407,#1408),.UNSPECIFIED.,.F.,
  .F.,(2,2),(65.350000004196,72.150000004196),.PIECEWISE_BEZIER_KNOTS.);
#1407 = CARTESIAN_POINT('',(1.,-3.4));
#1408 = CARTESIAN_POINT('',(1.,3.4));
#1409 = ( GEOMETRIC_REPRESENTATION_CONTEXT(2) 
PARAMETRIC_REPRESENTATION_CONTEXT() REPRESENTATION_CONTEXT('2D SPACE',''
  ) );
#1410 = ORIENTED_EDGE('',*,*,#1411,.T.);
#1411 = EDGE_CURVE('',#1386,#1412,#1414,.T.);
#1412 = VERTEX_POINT('',#1413);
#1413 = CARTESIAN_POINT('',(157.5,139.99999998147,30.));
#1414 = SURFACE_CURVE('',#1415,(#1419,#1426),.PCURVE_S1.);
#1415 = LINE('',#1416,#1417);
#1416 = CARTESIAN_POINT('',(0.,140.,30.));
#1417 = VECTOR('',#1418,1.);
#1418 = DIRECTION('',(1.,0.,0.));
#1419 = PCURVE('',#590,#1420);
#1420 = DEFINITIONAL_REPRESENTATION('',(#1421),#1425);
#1421 = LINE('',#1422,#1423);
#1422 = CARTESIAN_POINT('',(5.194056069649E-15,140.00000000839));
#1423 = VECTOR('',#1424,1.);
#1424 = DIRECTION('',(1.,0.));
#1425 = ( GEOMETRIC_REPRESENTATION_CONTEXT(2) 
PARAMETRIC_REPRESENTATION_CONTEXT() REPRESENTATION_CONTEXT('2D SPACE',''
  ) );
#1426 = PCURVE('',#1119,#1427);
#1427 = DEFINITIONAL_REPRESENTATION('',(#1428),#1432);
#1428 = LINE('',#1429,#1430);
#1429 = CARTESIAN_POINT('',(157.5,-22.8));
#1430 = VECTOR('',#1431,1.);
#1431 = DIRECTION('',(1.,0.));
#1432 = ( GEOMETRIC_REPRESENTATION_CONTEXT(2) 
PARAMETRIC_REPRESENTATION_CONTEXT() REPRESENTATION_CONTEXT('2D SPACE',''
  ) );
#1433 = ORIENTED_EDGE('',*,*,#1434,.F.);
#1434 = EDGE_CURVE('',#1435,#1412,#1437,.T.);
#1435 = VERTEX_POINT('',#1436);
#1436 = CARTESIAN_POINT('',(170.,127.49999996295,30.));
#1437 = SURFACE_CURVE('',#1438,(#1443,#1450),.PCURVE_S1.);
#1438 = CIRCLE('',#1439,12.5);
#1439 = AXIS2_PLACEMENT_3D('',#1440,#1441,#1442);
#1440 = CARTESIAN_POINT('',(157.5,127.49999996295,30.));
#1441 = DIRECTION('',(0.,0.,1.));
#1442 = DIRECTION('',(1.,0.,0.));
#1443 = PCURVE('',#590,#1444);
#1444 = DEFINITIONAL_REPRESENTATION('',(#1445),#1449);
#1445 = CIRCLE('',#1446,12.5);
#1446 = AXIS2_PLACEMENT_2D('',#1447,#1448);
#1447 = CARTESIAN_POINT('',(157.5,127.49999997134));
#1448 = DIRECTION('',(1.,0.));
#1449 = ( GEOMETRIC_REPRESENTATION_CONTEXT(2) 
PARAMETRIC_REPRESENTATION_CONTEXT() REPRESENTATION_CONTEXT('2D SPACE',''
  ) );
#1450 = PCURVE('',#1451,#1456);
#1451 = CYLINDRICAL_SURFACE('',#1452,12.5);
#1452 = AXIS2_PLACEMENT_3D('',#1453,#1454,#1455);
#1453 = CARTESIAN_POINT('',(157.5,127.49999996295,7.2));
#1454 = DIRECTION('',(-0.,-0.,-1.));
#1455 = DIRECTION('',(1.,0.,0.));
#1456 = DEFINITIONAL_REPRESENTATION('',(#1457),#1461);
#1457 = LINE('',#1458,#1459);
#1458 = CARTESIAN_POINT('',(-0.,-22.8));
#1459 = VECTOR('',#1460,1.);
#1460 = DIRECTION('',(-1.,0.));
#1461 = ( GEOMETRIC_REPRESENTATION_CONTEXT(2) 
PARAMETRIC_REPRESENTATION_CONTEXT() REPRESENTATION_CONTEXT('2D SPACE',''
  ) );
#1462 = ORIENTED_EDGE('',*,*,#1463,.F.);
#1463 = EDGE_CURVE('',#1464,#1435,#1466,.T.);
#1464 = VERTEX_POINT('',#1465);
#1465 = CARTESIAN_POINT('',(170.,117.5,30.));
#1466 = SURFACE_CURVE('',#1467,(#1471,#1478),.PCURVE_S1.);
#1467 = LINE('',#1468,#1469);
#1468 = CARTESIAN_POINT('',(170.,6.110667527537E-12,30.));
#1469 = VECTOR('',#1470,1.);
#1470 = DIRECTION('',(0.,1.,0.));
#1471 = PCURVE('',#590,#1472);
#1472 = DEFINITIONAL_REPRESENTATION('',(#1473),#1477);
#1473 = LINE('',#1474,#1475);
#1474 = CARTESIAN_POINT('',(170.,8.398968713136E-09));
#1475 = VECTOR('',#1476,1.);
#1476 = DIRECTION('',(0.,1.));
#1477 = ( GEOMETRIC_REPRESENTATION_CONTEXT(2) 
PARAMETRIC_REPRESENTATION_CONTEXT() REPRESENTATION_CONTEXT('2D SPACE',''
  ) );
#1478 = PCURVE('',#1479,#1484);
#1479 = PLANE('',#1480);
#1480 = AXIS2_PLACEMENT_3D('',#1481,#1482,#1483);
#1481 = CARTESIAN_POINT('',(170.,-127.5,7.2));
#1482 = DIRECTION('',(-1.,0.,0.));
#1483 = DIRECTION('',(0.,1.,0.));
#1484 = DEFINITIONAL_REPRESENTATION('',(#1485),#1489);
#1485 = LINE('',#1486,#1487);
#1486 = CARTESIAN_POINT('',(127.50000000001,-22.8));
#1487 = VECTOR('',#1488,1.);
#1488 = DIRECTION('',(1.,0.));
#1489 = ( GEOMETRIC_REPRESENTATION_CONTEXT(2) 
PARAMETRIC_REPRESENTATION_CONTEXT() REPRESENTATION_CONTEXT('2D SPACE',''
  ) );
#1490 = ORIENTED_EDGE('',*,*,#1491,.T.);
#1491 = EDGE_CURVE('',#1464,#1492,#1494,.T.);
#1492 = VERTEX_POINT('',#1493);
#1493 = CARTESIAN_POINT('',(170.74961536185,117.5,30.));
#1494 = SURFACE_CURVE('',#1495,(#1499,#1505),.PCURVE_S1.);
#1495 = LINE('',#1496,#1497);
#1496 = CARTESIAN_POINT('',(83.75,117.5,30.));
#1497 = VECTOR('',#1498,1.);
#1498 = DIRECTION('',(1.,0.,-0.));
#1499 = PCURVE('',#590,#1500);
#1500 = DEFINITIONAL_REPRESENTATION('',(#1501),#1504);
#1501 = B_SPLINE_CURVE_WITH_KNOTS('',1,(#1502,#1503),.UNSPECIFIED.,.F.,
  .F.,(2,2),(80.35,87.15),.PIECEWISE_BEZIER_KNOTS.);
#1502 = CARTESIAN_POINT('',(164.1,117.50000000839));
#1503 = CARTESIAN_POINT('',(170.9,117.50000000839));
#1504 = ( GEOMETRIC_REPRESENTATION_CONTEXT(2) 
PARAMETRIC_REPRESENTATION_CONTEXT() REPRESENTATION_CONTEXT('2D SPACE',''
  ) );
#1505 = PCURVE('',#1506,#1511);
#1506 = PLANE('',#1507);
#1507 = AXIS2_PLACEMENT_3D('',#1508,#1509,#1510);
#1508 = CARTESIAN_POINT('',(167.5,117.5,31.));
#1509 = DIRECTION('',(0.,-1.,2.22044604925E-16));
#1510 = DIRECTION('',(1.,0.,0.));
#1511 = DEFINITIONAL_REPRESENTATION('',(#1512),#1515);
#1512 = B_SPLINE_CURVE_WITH_KNOTS('',1,(#1513,#1514),.UNSPECIFIED.,.F.,
  .F.,(2,2),(80.35,87.15),.PIECEWISE_BEZIER_KNOTS.);
#1513 = CARTESIAN_POINT('',(-3.4,-1.));
#1514 = CARTESIAN_POINT('',(3.4,-1.));
#1515 = ( GEOMETRIC_REPRESENTATION_CONTEXT(2) 
PARAMETRIC_REPRESENTATION_CONTEXT() REPRESENTATION_CONTEXT('2D SPACE',''
  ) );
#1516 = ORIENTED_EDGE('',*,*,#1517,.T.);
#1517 = EDGE_CURVE('',#1492,#1518,#1520,.T.);
#1518 = VERTEX_POINT('',#1519);
#1519 = CARTESIAN_POINT('',(170.74961536185,89.5,30.));
#1520 = SURFACE_CURVE('',#1521,(#1525,#1531),.PCURVE_S1.);
#1521 = LINE('',#1522,#1523);
#1522 = CARTESIAN_POINT('',(170.74961536185,117.5,30.));
#1523 = VECTOR('',#1524,1.);
#1524 = DIRECTION('',(0.,-1.,2.22044604925E-16));
#1525 = PCURVE('',#590,#1526);
#1526 = DEFINITIONAL_REPRESENTATION('',(#1527),#1530);
#1527 = B_SPLINE_CURVE_WITH_KNOTS('',1,(#1528,#1529),.UNSPECIFIED.,.F.,
  .F.,(2,2),(-5.999999928008E-07,28.0000006),.PIECEWISE_BEZIER_KNOTS.);
#1528 = CARTESIAN_POINT('',(170.74961536185,117.50000060839));
#1529 = CARTESIAN_POINT('',(170.74961536185,89.499999408393));
#1530 = ( GEOMETRIC_REPRESENTATION_CONTEXT(2) 
PARAMETRIC_REPRESENTATION_CONTEXT() REPRESENTATION_CONTEXT('2D SPACE',''
  ) );
#1531 = PCURVE('',#1532,#1537);
#1532 = CYLINDRICAL_SURFACE('',#1533,3.4);
#1533 = AXIS2_PLACEMENT_3D('',#1534,#1535,#1536);
#1534 = CARTESIAN_POINT('',(167.5,117.5,31.));
#1535 = DIRECTION('',(0.,-1.,2.22044604925E-16));
#1536 = DIRECTION('',(1.,0.,0.));
#1537 = DEFINITIONAL_REPRESENTATION('',(#1538),#1541);
#1538 = B_SPLINE_CURVE_WITH_KNOTS('',1,(#1539,#1540),.UNSPECIFIED.,.F.,
  .F.,(2,2),(-5.999999928008E-07,28.0000006),.PIECEWISE_BEZIER_KNOTS.);
#1539 = CARTESIAN_POINT('',(5.984653105995,-5.999999930228E-07));
#1540 = CARTESIAN_POINT('',(5.984653105995,28.0000006));
#1541 = ( GEOMETRIC_REPRESENTATION_CONTEXT(2) 
PARAMETRIC_REPRESENTATION_CONTEXT() REPRESENTATION_CONTEXT('2D SPACE',''
  ) );
#1542 = ORIENTED_EDGE('',*,*,#1543,.F.);
#1543 = EDGE_CURVE('',#1544,#1518,#1546,.T.);
#1544 = VERTEX_POINT('',#1545);
#1545 = CARTESIAN_POINT('',(170.,89.5,30.));
#1546 = SURFACE_CURVE('',#1547,(#1551,#1557),.PCURVE_S1.);
#1547 = LINE('',#1548,#1549);
#1548 = CARTESIAN_POINT('',(83.75,89.5,30.));
#1549 = VECTOR('',#1550,1.);
#1550 = DIRECTION('',(1.,0.,-0.));
#1551 = PCURVE('',#590,#1552);
#1552 = DEFINITIONAL_REPRESENTATION('',(#1553),#1556);
#1553 = B_SPLINE_CURVE_WITH_KNOTS('',1,(#1554,#1555),.UNSPECIFIED.,.F.,
  .F.,(2,2),(80.35,87.15),.PIECEWISE_BEZIER_KNOTS.);
#1554 = CARTESIAN_POINT('',(164.1,89.500000008393));
#1555 = CARTESIAN_POINT('',(170.9,89.500000008393));
#1556 = ( GEOMETRIC_REPRESENTATION_CONTEXT(2) 
PARAMETRIC_REPRESENTATION_CONTEXT() REPRESENTATION_CONTEXT('2D SPACE',''
  ) );
#1557 = PCURVE('',#1558,#1563);
#1558 = PLANE('',#1559);
#1559 = AXIS2_PLACEMENT_3D('',#1560,#1561,#1562);
#1560 = CARTESIAN_POINT('',(167.5,89.5,31.));
#1561 = DIRECTION('',(0.,-1.,2.22044604925E-16));
#1562 = DIRECTION('',(1.,0.,0.));
#1563 = DEFINITIONAL_REPRESENTATION('',(#1564),#1567);
#1564 = B_SPLINE_CURVE_WITH_KNOTS('',1,(#1565,#1566),.UNSPECIFIED.,.F.,
  .F.,(2,2),(80.35,87.15),.PIECEWISE_BEZIER_KNOTS.);
#1565 = CARTESIAN_POINT('',(-3.4,-1.));
#1566 = CARTESIAN_POINT('',(3.4,-1.));
#1567 = ( GEOMETRIC_REPRESENTATION_CONTEXT(2) 
PARAMETRIC_REPRESENTATION_CONTEXT() REPRESENTATION_CONTEXT('2D SPACE',''
  ) );
#1568 = ORIENTED_EDGE('',*,*,#1569,.F.);
#1569 = EDGE_CURVE('',#1570,#1544,#1572,.T.);
#1570 = VERTEX_POINT('',#1571);
#1571 = CARTESIAN_POINT('',(170.,-89.5,30.));
#1572 = SURFACE_CURVE('',#1573,(#1577,#1584),.PCURVE_S1.);
#1573 = LINE('',#1574,#1575);
#1574 = CARTESIAN_POINT('',(170.,6.110667527537E-12,30.));
#1575 = VECTOR('',#1576,1.);
#1576 = DIRECTION('',(0.,1.,0.));
#1577 = PCURVE('',#590,#1578);
#1578 = DEFINITIONAL_REPRESENTATION('',(#1579),#1583);
#1579 = LINE('',#1580,#1581);
#1580 = CARTESIAN_POINT('',(170.,8.398968713136E-09));
#1581 = VECTOR('',#1582,1.);
#1582 = DIRECTION('',(0.,1.));
#1583 = ( GEOMETRIC_REPRESENTATION_CONTEXT(2) 
PARAMETRIC_REPRESENTATION_CONTEXT() REPRESENTATION_CONTEXT('2D SPACE',''
  ) );
#1584 = PCURVE('',#1479,#1585);
#1585 = DEFINITIONAL_REPRESENTATION('',(#1586),#1590);
#1586 = LINE('',#1587,#1588);
#1587 = CARTESIAN_POINT('',(127.50000000001,-22.8));
#1588 = VECTOR('',#1589,1.);
#1589 = DIRECTION('',(1.,0.));
#1590 = ( GEOMETRIC_REPRESENTATION_CONTEXT(2) 
PARAMETRIC_REPRESENTATION_CONTEXT() REPRESENTATION_CONTEXT('2D SPACE',''
  ) );
#1591 = ORIENTED_EDGE('',*,*,#1592,.T.);
#1592 = EDGE_CURVE('',#1570,#1593,#1595,.T.);
#1593 = VERTEX_POINT('',#1594);
#1594 = CARTESIAN_POINT('',(170.74961536185,-89.5,30.));
#1595 = SURFACE_CURVE('',#1596,(#1600,#1606),.PCURVE_S1.);
#1596 = LINE('',#1597,#1598);
#1597 = CARTESIAN_POINT('',(83.75,-89.5,30.));
#1598 = VECTOR('',#1599,1.);
#1599 = DIRECTION('',(1.,0.,-0.));
#1600 = PCURVE('',#590,#1601);
#1601 = DEFINITIONAL_REPRESENTATION('',(#1602),#1605);
#1602 = B_SPLINE_CURVE_WITH_KNOTS('',1,(#1603,#1604),.UNSPECIFIED.,.F.,
  .F.,(2,2),(80.35,87.15),.PIECEWISE_BEZIER_KNOTS.);
#1603 = CARTESIAN_POINT('',(164.1,-89.4999999916));
#1604 = CARTESIAN_POINT('',(170.9,-89.4999999916));
#1605 = ( GEOMETRIC_REPRESENTATION_CONTEXT(2) 
PARAMETRIC_REPRESENTATION_CONTEXT() REPRESENTATION_CONTEXT('2D SPACE',''
  ) );
#1606 = PCURVE('',#1607,#1612);
#1607 = PLANE('',#1608);
#1608 = AXIS2_PLACEMENT_3D('',#1609,#1610,#1611);
#1609 = CARTESIAN_POINT('',(167.5,-89.5,31.));
#1610 = DIRECTION('',(0.,-1.,2.22044604925E-16));
#1611 = DIRECTION('',(1.,0.,0.));
#1612 = DEFINITIONAL_REPRESENTATION('',(#1613),#1616);
#1613 = B_SPLINE_CURVE_WITH_KNOTS('',1,(#1614,#1615),.UNSPECIFIED.,.F.,
  .F.,(2,2),(80.35,87.15),.PIECEWISE_BEZIER_KNOTS.);
#1614 = CARTESIAN_POINT('',(-3.4,-1.));
#1615 = CARTESIAN_POINT('',(3.4,-1.));
#1616 = ( GEOMETRIC_REPRESENTATION_CONTEXT(2) 
PARAMETRIC_REPRESENTATION_CONTEXT() REPRESENTATION_CONTEXT('2D SPACE',''
  ) );
#1617 = ORIENTED_EDGE('',*,*,#1618,.T.);
#1618 = EDGE_CURVE('',#1593,#1619,#1621,.T.);
#1619 = VERTEX_POINT('',#1620);
#1620 = CARTESIAN_POINT('',(170.74961536185,-117.5,30.));
#1621 = SURFACE_CURVE('',#1622,(#1626,#1632),.PCURVE_S1.);
#1622 = LINE('',#1623,#1624);
#1623 = CARTESIAN_POINT('',(170.74961536185,-89.5,30.));
#1624 = VECTOR('',#1625,1.);
#1625 = DIRECTION('',(0.,-1.,2.22044604925E-16));
#1626 = PCURVE('',#590,#1627);
#1627 = DEFINITIONAL_REPRESENTATION('',(#1628),#1631);
#1628 = B_SPLINE_CURVE_WITH_KNOTS('',1,(#1629,#1630),.UNSPECIFIED.,.F.,
  .F.,(2,2),(-5.999999928008E-07,28.0000006),.PIECEWISE_BEZIER_KNOTS.);
#1629 = CARTESIAN_POINT('',(170.74961536185,-89.4999993916));
#1630 = CARTESIAN_POINT('',(170.74961536185,-117.5000005916));
#1631 = ( GEOMETRIC_REPRESENTATION_CONTEXT(2) 
PARAMETRIC_REPRESENTATION_CONTEXT() REPRESENTATION_CONTEXT('2D SPACE',''
  ) );
#1632 = PCURVE('',#1633,#1638);
#1633 = CYLINDRICAL_SURFACE('',#1634,3.4);
#1634 = AXIS2_PLACEMENT_3D('',#1635,#1636,#1637);
#1635 = CARTESIAN_POINT('',(167.5,-89.5,31.));
#1636 = DIRECTION('',(0.,-1.,2.22044604925E-16));
#1637 = DIRECTION('',(1.,0.,0.));
#1638 = DEFINITIONAL_REPRESENTATION('',(#1639),#1642);
#1639 = B_SPLINE_CURVE_WITH_KNOTS('',1,(#1640,#1641),.UNSPECIFIED.,.F.,
  .F.,(2,2),(-5.999999928008E-07,28.0000006),.PIECEWISE_BEZIER_KNOTS.);
#1640 = CARTESIAN_POINT('',(5.984653105995,-5.999999930228E-07));
#1641 = CARTESIAN_POINT('',(5.984653105995,28.0000006));
#1642 = ( GEOMETRIC_REPRESENTATION_CONTEXT(2) 
PARAMETRIC_REPRESENTATION_CONTEXT() REPRESENTATION_CONTEXT('2D SPACE',''
  ) );
#1643 = ORIENTED_EDGE('',*,*,#1644,.F.);
#1644 = EDGE_CURVE('',#1645,#1619,#1647,.T.);
#1645 = VERTEX_POINT('',#1646);
#1646 = CARTESIAN_POINT('',(170.,-117.5,30.));
#1647 = SURFACE_CURVE('',#1648,(#1652,#1658),.PCURVE_S1.);
#1648 = LINE('',#1649,#1650);
#1649 = CARTESIAN_POINT('',(83.75,-117.5,30.));
#1650 = VECTOR('',#1651,1.);
#1651 = DIRECTION('',(1.,0.,-0.));
#1652 = PCURVE('',#590,#1653);
#1653 = DEFINITIONAL_REPRESENTATION('',(#1654),#1657);
#1654 = B_SPLINE_CURVE_WITH_KNOTS('',1,(#1655,#1656),.UNSPECIFIED.,.F.,
  .F.,(2,2),(80.35,87.15),.PIECEWISE_BEZIER_KNOTS.);
#1655 = CARTESIAN_POINT('',(164.1,-117.4999999916));
#1656 = CARTESIAN_POINT('',(170.9,-117.4999999916));
#1657 = ( GEOMETRIC_REPRESENTATION_CONTEXT(2) 
PARAMETRIC_REPRESENTATION_CONTEXT() REPRESENTATION_CONTEXT('2D SPACE',''
  ) );
#1658 = PCURVE('',#1659,#1664);
#1659 = PLANE('',#1660);
#1660 = AXIS2_PLACEMENT_3D('',#1661,#1662,#1663);
#1661 = CARTESIAN_POINT('',(167.5,-117.5,31.));
#1662 = DIRECTION('',(0.,-1.,2.22044604925E-16));
#1663 = DIRECTION('',(1.,0.,0.));
#1664 = DEFINITIONAL_REPRESENTATION('',(#1665),#1668);
#1665 = B_SPLINE_CURVE_WITH_KNOTS('',1,(#1666,#1667),.UNSPECIFIED.,.F.,
  .F.,(2,2),(80.35,87.15),.PIECEWISE_BEZIER_KNOTS.);
#1666 = CARTESIAN_POINT('',(-3.4,-1.));
#1667 = CARTESIAN_POINT('',(3.4,-1.));
#1668 = ( GEOMETRIC_REPRESENTATION_CONTEXT(2) 
PARAMETRIC_REPRESENTATION_CONTEXT() REPRESENTATION_CONTEXT('2D SPACE',''
  ) );
#1669 = ORIENTED_EDGE('',*,*,#1670,.F.);
#1670 = EDGE_CURVE('',#1671,#1645,#1673,.T.);
#1671 = VERTEX_POINT('',#1672);
#1672 = CARTESIAN_POINT('',(170.,-127.5,30.));
#1673 = SURFACE_CURVE('',#1674,(#1678,#1685),.PCURVE_S1.);
#1674 = LINE('',#1675,#1676);
#1675 = CARTESIAN_POINT('',(170.,6.110667527537E-12,30.));
#1676 = VECTOR('',#1677,1.);
#1677 = DIRECTION('',(0.,1.,0.));
#1678 = PCURVE('',#590,#1679);
#1679 = DEFINITIONAL_REPRESENTATION('',(#1680),#1684);
#1680 = LINE('',#1681,#1682);
#1681 = CARTESIAN_POINT('',(170.,8.398968713136E-09));
#1682 = VECTOR('',#1683,1.);
#1683 = DIRECTION('',(0.,1.));
#1684 = ( GEOMETRIC_REPRESENTATION_CONTEXT(2) 
PARAMETRIC_REPRESENTATION_CONTEXT() REPRESENTATION_CONTEXT('2D SPACE',''
  ) );
#1685 = PCURVE('',#1479,#1686);
#1686 = DEFINITIONAL_REPRESENTATION('',(#1687),#1691);
#1687 = LINE('',#1688,#1689);
#1688 = CARTESIAN_POINT('',(127.50000000001,-22.8));
#1689 = VECTOR('',#1690,1.);
#1690 = DIRECTION('',(1.,0.));
#1691 = ( GEOMETRIC_REPRESENTATION_CONTEXT(2) 
PARAMETRIC_REPRESENTATION_CONTEXT() REPRESENTATION_CONTEXT('2D SPACE',''
  ) );
#1692 = ORIENTED_EDGE('',*,*,#1693,.F.);
#1693 = EDGE_CURVE('',#1694,#1671,#1696,.T.);
#1694 = VERTEX_POINT('',#1695);
#1695 = CARTESIAN_POINT('',(157.5,-140.,30.));
#1696 = SURFACE_CURVE('',#1697,(#1702,#1709),.PCURVE_S1.);
#1697 = CIRCLE('',#1698,12.5);
#1698 = AXIS2_PLACEMENT_3D('',#1699,#1700,#1701);
#1699 = CARTESIAN_POINT('',(157.5,-127.5,30.));
#1700 = DIRECTION('',(0.,0.,1.));
#1701 = DIRECTION('',(1.,0.,0.));
#1702 = PCURVE('',#590,#1703);
#1703 = DEFINITIONAL_REPRESENTATION('',(#1704),#1708);
#1704 = CIRCLE('',#1705,12.5);
#1705 = AXIS2_PLACEMENT_2D('',#1706,#1707);
#1706 = CARTESIAN_POINT('',(157.5,-127.4999999916));
#1707 = DIRECTION('',(1.,0.));
#1708 = ( GEOMETRIC_REPRESENTATION_CONTEXT(2) 
PARAMETRIC_REPRESENTATION_CONTEXT() REPRESENTATION_CONTEXT('2D SPACE',''
  ) );
#1709 = PCURVE('',#1710,#1715);
#1710 = CYLINDRICAL_SURFACE('',#1711,12.5);
#1711 = AXIS2_PLACEMENT_3D('',#1712,#1713,#1714);
#1712 = CARTESIAN_POINT('',(157.5,-127.5,7.2));
#1713 = DIRECTION('',(-0.,-0.,-1.));
#1714 = DIRECTION('',(1.,0.,0.));
#1715 = DEFINITIONAL_REPRESENTATION('',(#1716),#1720);
#1716 = LINE('',#1717,#1718);
#1717 = CARTESIAN_POINT('',(-0.,-22.8));
#1718 = VECTOR('',#1719,1.);
#1719 = DIRECTION('',(-1.,0.));
#1720 = ( GEOMETRIC_REPRESENTATION_CONTEXT(2) 
PARAMETRIC_REPRESENTATION_CONTEXT() REPRESENTATION_CONTEXT('2D SPACE',''
  ) );
#1721 = ORIENTED_EDGE('',*,*,#1722,.F.);
#1722 = EDGE_CURVE('',#1723,#1694,#1725,.T.);
#1723 = VERTEX_POINT('',#1724);
#1724 = CARTESIAN_POINT('',(147.5,-139.9999999999,30.));
#1725 = SURFACE_CURVE('',#1726,(#1730,#1737),.PCURVE_S1.);
#1726 = LINE('',#1727,#1728);
#1727 = CARTESIAN_POINT('',(0.,-139.9999999999,30.));
#1728 = VECTOR('',#1729,1.);
#1729 = DIRECTION('',(1.,0.,0.));
#1730 = PCURVE('',#590,#1731);
#1731 = DEFINITIONAL_REPRESENTATION('',(#1732),#1736);
#1732 = LINE('',#1733,#1734);
#1733 = CARTESIAN_POINT('',(5.194056069649E-15,-139.9999999916));
#1734 = VECTOR('',#1735,1.);
#1735 = DIRECTION('',(1.,0.));
#1736 = ( GEOMETRIC_REPRESENTATION_CONTEXT(2) 
PARAMETRIC_REPRESENTATION_CONTEXT() REPRESENTATION_CONTEXT('2D SPACE',''
  ) );
#1737 = PCURVE('',#1738,#1743);
#1738 = PLANE('',#1739);
#1739 = AXIS2_PLACEMENT_3D('',#1740,#1741,#1742);
#1740 = CARTESIAN_POINT('',(-157.5,-139.9999999999,7.2));
#1741 = DIRECTION('',(0.,1.,0.));
#1742 = DIRECTION('',(1.,0.,0.));
#1743 = DEFINITIONAL_REPRESENTATION('',(#1744),#1748);
#1744 = LINE('',#1745,#1746);
#1745 = CARTESIAN_POINT('',(157.5,-22.8));
#1746 = VECTOR('',#1747,1.);
#1747 = DIRECTION('',(1.,0.));
#1748 = ( GEOMETRIC_REPRESENTATION_CONTEXT(2) 
PARAMETRIC_REPRESENTATION_CONTEXT() REPRESENTATION_CONTEXT('2D SPACE',''
  ) );
#1749 = ORIENTED_EDGE('',*,*,#1750,.F.);
#1750 = EDGE_CURVE('',#1751,#1723,#1753,.T.);
#1751 = VERTEX_POINT('',#1752);
#1752 = CARTESIAN_POINT('',(147.5,-140.7496153618,30.));
#1753 = SURFACE_CURVE('',#1754,(#1758,#1764),.PCURVE_S1.);
#1754 = LINE('',#1755,#1756);
#1755 = CARTESIAN_POINT('',(147.5,-68.75000000419,30.));
#1756 = VECTOR('',#1757,1.);
#1757 = DIRECTION('',(0.,1.,0.));
#1758 = PCURVE('',#590,#1759);
#1759 = DEFINITIONAL_REPRESENTATION('',(#1760),#1763);
#1760 = B_SPLINE_CURVE_WITH_KNOTS('',1,(#1761,#1762),.UNSPECIFIED.,.F.,
  .F.,(2,2),(-72.1499999958,-65.3499999958),.PIECEWISE_BEZIER_KNOTS.);
#1761 = CARTESIAN_POINT('',(147.5,-140.8999999916));
#1762 = CARTESIAN_POINT('',(147.5,-134.0999999916));
#1763 = ( GEOMETRIC_REPRESENTATION_CONTEXT(2) 
PARAMETRIC_REPRESENTATION_CONTEXT() REPRESENTATION_CONTEXT('2D SPACE',''
  ) );
#1764 = PCURVE('',#1765,#1770);
#1765 = PLANE('',#1766);
#1766 = AXIS2_PLACEMENT_3D('',#1767,#1768,#1769);
#1767 = CARTESIAN_POINT('',(147.5,-137.5,31.));
#1768 = DIRECTION('',(1.,0.,2.22044604925E-16));
#1769 = DIRECTION('',(2.22044604925E-16,0.,-1.));
#1770 = DEFINITIONAL_REPRESENTATION('',(#1771),#1774);
#1771 = B_SPLINE_CURVE_WITH_KNOTS('',1,(#1772,#1773),.UNSPECIFIED.,.F.,
  .F.,(2,2),(-72.1499999958,-65.3499999958),.PIECEWISE_BEZIER_KNOTS.);
#1772 = CARTESIAN_POINT('',(1.,-3.4));
#1773 = CARTESIAN_POINT('',(1.,3.4));
#1774 = ( GEOMETRIC_REPRESENTATION_CONTEXT(2) 
PARAMETRIC_REPRESENTATION_CONTEXT() REPRESENTATION_CONTEXT('2D SPACE',''
  ) );
#1775 = ORIENTED_EDGE('',*,*,#1776,.F.);
#1776 = EDGE_CURVE('',#1777,#1751,#1779,.T.);
#1777 = VERTEX_POINT('',#1778);
#1778 = CARTESIAN_POINT('',(119.5,-140.7496153618,30.));
#1779 = SURFACE_CURVE('',#1780,(#1784,#1790),.PCURVE_S1.);
#1780 = LINE('',#1781,#1782);
#1781 = CARTESIAN_POINT('',(119.5,-140.7496153618,30.));
#1782 = VECTOR('',#1783,1.);
#1783 = DIRECTION('',(1.,0.,2.22044604925E-16));
#1784 = PCURVE('',#590,#1785);
#1785 = DEFINITIONAL_REPRESENTATION('',(#1786),#1789);
#1786 = B_SPLINE_CURVE_WITH_KNOTS('',1,(#1787,#1788),.UNSPECIFIED.,.F.,
  .F.,(2,2),(-5.999999928008E-07,28.0000006),.PIECEWISE_BEZIER_KNOTS.);
#1787 = CARTESIAN_POINT('',(119.4999994,-140.7496153534));
#1788 = CARTESIAN_POINT('',(147.5000006,-140.7496153534));
#1789 = ( GEOMETRIC_REPRESENTATION_CONTEXT(2) 
PARAMETRIC_REPRESENTATION_CONTEXT() REPRESENTATION_CONTEXT('2D SPACE',''
  ) );
#1790 = PCURVE('',#1791,#1796);
#1791 = CYLINDRICAL_SURFACE('',#1792,3.4);
#1792 = AXIS2_PLACEMENT_3D('',#1793,#1794,#1795);
#1793 = CARTESIAN_POINT('',(119.5,-137.5,31.));
#1794 = DIRECTION('',(1.,0.,2.22044604925E-16));
#1795 = DIRECTION('',(2.22044604925E-16,0.,-1.));
#1796 = DEFINITIONAL_REPRESENTATION('',(#1797),#1800);
#1797 = B_SPLINE_CURVE_WITH_KNOTS('',1,(#1798,#1799),.UNSPECIFIED.,.F.,
  .F.,(2,2),(0.,28.),.PIECEWISE_BEZIER_KNOTS.);
#1798 = CARTESIAN_POINT('',(5.01092118157,-2.22044604925E-16));
#1799 = CARTESIAN_POINT('',(5.01092118157,28.));
#1800 = ( GEOMETRIC_REPRESENTATION_CONTEXT(2) 
PARAMETRIC_REPRESENTATION_CONTEXT() REPRESENTATION_CONTEXT('2D SPACE',''
  ) );
#1801 = ORIENTED_EDGE('',*,*,#1802,.T.);
#1802 = EDGE_CURVE('',#1777,#1803,#1805,.T.);
#1803 = VERTEX_POINT('',#1804);
#1804 = CARTESIAN_POINT('',(119.5,-139.9999999999,30.));
#1805 = SURFACE_CURVE('',#1806,(#1810,#1816),.PCURVE_S1.);
#1806 = LINE('',#1807,#1808);
#1807 = CARTESIAN_POINT('',(119.5,-68.75000000419,30.));
#1808 = VECTOR('',#1809,1.);
#1809 = DIRECTION('',(0.,1.,0.));
#1810 = PCURVE('',#590,#1811);
#1811 = DEFINITIONAL_REPRESENTATION('',(#1812),#1815);
#1812 = B_SPLINE_CURVE_WITH_KNOTS('',1,(#1813,#1814),.UNSPECIFIED.,.F.,
  .F.,(2,2),(-72.1499999958,-65.3499999958),.PIECEWISE_BEZIER_KNOTS.);
#1813 = CARTESIAN_POINT('',(119.5,-140.8999999916));
#1814 = CARTESIAN_POINT('',(119.5,-134.0999999916));
#1815 = ( GEOMETRIC_REPRESENTATION_CONTEXT(2) 
PARAMETRIC_REPRESENTATION_CONTEXT() REPRESENTATION_CONTEXT('2D SPACE',''
  ) );
#1816 = PCURVE('',#1817,#1822);
#1817 = PLANE('',#1818);
#1818 = AXIS2_PLACEMENT_3D('',#1819,#1820,#1821);
#1819 = CARTESIAN_POINT('',(119.5,-137.5,31.));
#1820 = DIRECTION('',(1.,0.,2.22044604925E-16));
#1821 = DIRECTION('',(2.22044604925E-16,0.,-1.));
#1822 = DEFINITIONAL_REPRESENTATION('',(#1823),#1826);
#1823 = B_SPLINE_CURVE_WITH_KNOTS('',1,(#1824,#1825),.UNSPECIFIED.,.F.,
  .F.,(2,2),(-72.1499999958,-65.3499999958),.PIECEWISE_BEZIER_KNOTS.);
#1824 = CARTESIAN_POINT('',(1.,-3.4));
#1825 = CARTESIAN_POINT('',(1.,3.4));
#1826 = ( GEOMETRIC_REPRESENTATION_CONTEXT(2) 
PARAMETRIC_REPRESENTATION_CONTEXT() REPRESENTATION_CONTEXT('2D SPACE',''
  ) );
#1827 = ORIENTED_EDGE('',*,*,#1828,.F.);
#1828 = EDGE_CURVE('',#1829,#1803,#1831,.T.);
#1829 = VERTEX_POINT('',#1830);
#1830 = CARTESIAN_POINT('',(14.,-139.9999999999,30.));
#1831 = SURFACE_CURVE('',#1832,(#1836,#1843),.PCURVE_S1.);
#1832 = LINE('',#1833,#1834);
#1833 = CARTESIAN_POINT('',(0.,-139.9999999999,30.));
#1834 = VECTOR('',#1835,1.);
#1835 = DIRECTION('',(1.,0.,0.));
#1836 = PCURVE('',#590,#1837);
#1837 = DEFINITIONAL_REPRESENTATION('',(#1838),#1842);
#1838 = LINE('',#1839,#1840);
#1839 = CARTESIAN_POINT('',(5.194056069649E-15,-139.9999999916));
#1840 = VECTOR('',#1841,1.);
#1841 = DIRECTION('',(1.,0.));
#1842 = ( GEOMETRIC_REPRESENTATION_CONTEXT(2) 
PARAMETRIC_REPRESENTATION_CONTEXT() REPRESENTATION_CONTEXT('2D SPACE',''
  ) );
#1843 = PCURVE('',#1738,#1844);
#1844 = DEFINITIONAL_REPRESENTATION('',(#1845),#1849);
#1845 = LINE('',#1846,#1847);
#1846 = CARTESIAN_POINT('',(157.5,-22.8));
#1847 = VECTOR('',#1848,1.);
#1848 = DIRECTION('',(1.,0.));
#1849 = ( GEOMETRIC_REPRESENTATION_CONTEXT(2) 
PARAMETRIC_REPRESENTATION_CONTEXT() REPRESENTATION_CONTEXT('2D SPACE',''
  ) );
#1850 = ORIENTED_EDGE('',*,*,#1851,.F.);
#1851 = EDGE_CURVE('',#1852,#1829,#1854,.T.);
#1852 = VERTEX_POINT('',#1853);
#1853 = CARTESIAN_POINT('',(14.,-140.7496153618,30.));
#1854 = SURFACE_CURVE('',#1855,(#1859,#1865),.PCURVE_S1.);
#1855 = LINE('',#1856,#1857);
#1856 = CARTESIAN_POINT('',(14.,-68.75000000419,30.));
#1857 = VECTOR('',#1858,1.);
#1858 = DIRECTION('',(0.,1.,0.));
#1859 = PCURVE('',#590,#1860);
#1860 = DEFINITIONAL_REPRESENTATION('',(#1861),#1864);
#1861 = B_SPLINE_CURVE_WITH_KNOTS('',1,(#1862,#1863),.UNSPECIFIED.,.F.,
  .F.,(2,2),(-72.1499999958,-65.3499999958),.PIECEWISE_BEZIER_KNOTS.);
#1862 = CARTESIAN_POINT('',(14.,-140.8999999916));
#1863 = CARTESIAN_POINT('',(14.,-134.0999999916));
#1864 = ( GEOMETRIC_REPRESENTATION_CONTEXT(2) 
PARAMETRIC_REPRESENTATION_CONTEXT() REPRESENTATION_CONTEXT('2D SPACE',''
  ) );
#1865 = PCURVE('',#1866,#1871);
#1866 = PLANE('',#1867);
#1867 = AXIS2_PLACEMENT_3D('',#1868,#1869,#1870);
#1868 = CARTESIAN_POINT('',(14.,-137.5,31.));
#1869 = DIRECTION('',(1.,0.,2.22044604925E-16));
#1870 = DIRECTION('',(2.22044604925E-16,0.,-1.));
#1871 = DEFINITIONAL_REPRESENTATION('',(#1872),#1875);
#1872 = B_SPLINE_CURVE_WITH_KNOTS('',1,(#1873,#1874),.UNSPECIFIED.,.F.,
  .F.,(2,2),(-72.1499999958,-65.3499999958),.PIECEWISE_BEZIER_KNOTS.);
#1873 = CARTESIAN_POINT('',(1.,-3.4));
#1874 = CARTESIAN_POINT('',(1.,3.4));
#1875 = ( GEOMETRIC_REPRESENTATION_CONTEXT(2) 
PARAMETRIC_REPRESENTATION_CONTEXT() REPRESENTATION_CONTEXT('2D SPACE',''
  ) );
#1876 = ORIENTED_EDGE('',*,*,#1877,.F.);
#1877 = EDGE_CURVE('',#1878,#1852,#1880,.T.);
#1878 = VERTEX_POINT('',#1879);
#1879 = CARTESIAN_POINT('',(-14.,-140.7496153618,30.));
#1880 = SURFACE_CURVE('',#1881,(#1885,#1891),.PCURVE_S1.);
#1881 = LINE('',#1882,#1883);
#1882 = CARTESIAN_POINT('',(-14.,-140.7496153618,30.));
#1883 = VECTOR('',#1884,1.);
#1884 = DIRECTION('',(1.,0.,2.22044604925E-16));
#1885 = PCURVE('',#590,#1886);
#1886 = DEFINITIONAL_REPRESENTATION('',(#1887),#1890);
#1887 = B_SPLINE_CURVE_WITH_KNOTS('',1,(#1888,#1889),.UNSPECIFIED.,.F.,
  .F.,(2,2),(-5.999999999062E-07,28.0000006),.PIECEWISE_BEZIER_KNOTS.);
#1888 = CARTESIAN_POINT('',(-14.0000006,-140.7496153534));
#1889 = CARTESIAN_POINT('',(14.0000006,-140.7496153534));
#1890 = ( GEOMETRIC_REPRESENTATION_CONTEXT(2) 
PARAMETRIC_REPRESENTATION_CONTEXT() REPRESENTATION_CONTEXT('2D SPACE',''
  ) );
#1891 = PCURVE('',#1892,#1897);
#1892 = CYLINDRICAL_SURFACE('',#1893,3.4);
#1893 = AXIS2_PLACEMENT_3D('',#1894,#1895,#1896);
#1894 = CARTESIAN_POINT('',(-14.,-137.5,31.));
#1895 = DIRECTION('',(1.,0.,2.22044604925E-16));
#1896 = DIRECTION('',(2.22044604925E-16,0.,-1.));
#1897 = DEFINITIONAL_REPRESENTATION('',(#1898),#1901);
#1898 = B_SPLINE_CURVE_WITH_KNOTS('',1,(#1899,#1900),.UNSPECIFIED.,.F.,
  .F.,(2,2),(0.,28.),.PIECEWISE_BEZIER_KNOTS.);
#1899 = CARTESIAN_POINT('',(5.01092118157,-2.22044604925E-16));
#1900 = CARTESIAN_POINT('',(5.01092118157,28.));
#1901 = ( GEOMETRIC_REPRESENTATION_CONTEXT(2) 
PARAMETRIC_REPRESENTATION_CONTEXT() REPRESENTATION_CONTEXT('2D SPACE',''
  ) );
#1902 = ORIENTED_EDGE('',*,*,#1903,.T.);
#1903 = EDGE_CURVE('',#1878,#1904,#1906,.T.);
#1904 = VERTEX_POINT('',#1905);
#1905 = CARTESIAN_POINT('',(-14.,-139.9999999999,30.));
#1906 = SURFACE_CURVE('',#1907,(#1911,#1917),.PCURVE_S1.);
#1907 = LINE('',#1908,#1909);
#1908 = CARTESIAN_POINT('',(-14.,-68.75000000419,30.));
#1909 = VECTOR('',#1910,1.);
#1910 = DIRECTION('',(0.,1.,0.));
#1911 = PCURVE('',#590,#1912);
#1912 = DEFINITIONAL_REPRESENTATION('',(#1913),#1916);
#1913 = B_SPLINE_CURVE_WITH_KNOTS('',1,(#1914,#1915),.UNSPECIFIED.,.F.,
  .F.,(2,2),(-72.1499999958,-65.3499999958),.PIECEWISE_BEZIER_KNOTS.);
#1914 = CARTESIAN_POINT('',(-14.,-140.8999999916));
#1915 = CARTESIAN_POINT('',(-14.,-134.0999999916));
#1916 = ( GEOMETRIC_REPRESENTATION_CONTEXT(2) 
PARAMETRIC_REPRESENTATION_CONTEXT() REPRESENTATION_CONTEXT('2D SPACE',''
  ) );
#1917 = PCURVE('',#1918,#1923);
#1918 = PLANE('',#1919);
#1919 = AXIS2_PLACEMENT_3D('',#1920,#1921,#1922);
#1920 = CARTESIAN_POINT('',(-14.,-137.5,31.));
#1921 = DIRECTION('',(1.,0.,2.22044604925E-16));
#1922 = DIRECTION('',(2.22044604925E-16,0.,-1.));
#1923 = DEFINITIONAL_REPRESENTATION('',(#1924),#1927);
#1924 = B_SPLINE_CURVE_WITH_KNOTS('',1,(#1925,#1926),.UNSPECIFIED.,.F.,
  .F.,(2,2),(-72.1499999958,-65.3499999958),.PIECEWISE_BEZIER_KNOTS.);
#1925 = CARTESIAN_POINT('',(1.,-3.4));
#1926 = CARTESIAN_POINT('',(1.,3.4));
#1927 = ( GEOMETRIC_REPRESENTATION_CONTEXT(2) 
PARAMETRIC_REPRESENTATION_CONTEXT() REPRESENTATION_CONTEXT('2D SPACE',''
  ) );
#1928 = ORIENTED_EDGE('',*,*,#1929,.F.);
#1929 = EDGE_CURVE('',#1930,#1904,#1932,.T.);
#1930 = VERTEX_POINT('',#1931);
#1931 = CARTESIAN_POINT('',(-119.5,-139.9999999999,30.));
#1932 = SURFACE_CURVE('',#1933,(#1937,#1944),.PCURVE_S1.);
#1933 = LINE('',#1934,#1935);
#1934 = CARTESIAN_POINT('',(0.,-139.9999999999,30.));
#1935 = VECTOR('',#1936,1.);
#1936 = DIRECTION('',(1.,0.,0.));
#1937 = PCURVE('',#590,#1938);
#1938 = DEFINITIONAL_REPRESENTATION('',(#1939),#1943);
#1939 = LINE('',#1940,#1941);
#1940 = CARTESIAN_POINT('',(5.194056069649E-15,-139.9999999916));
#1941 = VECTOR('',#1942,1.);
#1942 = DIRECTION('',(1.,0.));
#1943 = ( GEOMETRIC_REPRESENTATION_CONTEXT(2) 
PARAMETRIC_REPRESENTATION_CONTEXT() REPRESENTATION_CONTEXT('2D SPACE',''
  ) );
#1944 = PCURVE('',#1738,#1945);
#1945 = DEFINITIONAL_REPRESENTATION('',(#1946),#1950);
#1946 = LINE('',#1947,#1948);
#1947 = CARTESIAN_POINT('',(157.5,-22.8));
#1948 = VECTOR('',#1949,1.);
#1949 = DIRECTION('',(1.,0.));
#1950 = ( GEOMETRIC_REPRESENTATION_CONTEXT(2) 
PARAMETRIC_REPRESENTATION_CONTEXT() REPRESENTATION_CONTEXT('2D SPACE',''
  ) );
#1951 = ORIENTED_EDGE('',*,*,#1952,.F.);
#1952 = EDGE_CURVE('',#1953,#1930,#1955,.T.);
#1953 = VERTEX_POINT('',#1954);
#1954 = CARTESIAN_POINT('',(-119.5,-140.7496153618,30.));
#1955 = SURFACE_CURVE('',#1956,(#1960,#1966),.PCURVE_S1.);
#1956 = LINE('',#1957,#1958);
#1957 = CARTESIAN_POINT('',(-119.5,-68.75000000419,30.));
#1958 = VECTOR('',#1959,1.);
#1959 = DIRECTION('',(0.,1.,0.));
#1960 = PCURVE('',#590,#1961);
#1961 = DEFINITIONAL_REPRESENTATION('',(#1962),#1965);
#1962 = B_SPLINE_CURVE_WITH_KNOTS('',1,(#1963,#1964),.UNSPECIFIED.,.F.,
  .F.,(2,2),(-72.1499999958,-65.3499999958),.PIECEWISE_BEZIER_KNOTS.);
#1963 = CARTESIAN_POINT('',(-119.5,-140.8999999916));
#1964 = CARTESIAN_POINT('',(-119.5,-134.0999999916));
#1965 = ( GEOMETRIC_REPRESENTATION_CONTEXT(2) 
PARAMETRIC_REPRESENTATION_CONTEXT() REPRESENTATION_CONTEXT('2D SPACE',''
  ) );
#1966 = PCURVE('',#1967,#1972);
#1967 = PLANE('',#1968);
#1968 = AXIS2_PLACEMENT_3D('',#1969,#1970,#1971);
#1969 = CARTESIAN_POINT('',(-119.5,-137.5,31.));
#1970 = DIRECTION('',(1.,0.,2.22044604925E-16));
#1971 = DIRECTION('',(2.22044604925E-16,0.,-1.));
#1972 = DEFINITIONAL_REPRESENTATION('',(#1973),#1976);
#1973 = B_SPLINE_CURVE_WITH_KNOTS('',1,(#1974,#1975),.UNSPECIFIED.,.F.,
  .F.,(2,2),(-72.1499999958,-65.3499999958),.PIECEWISE_BEZIER_KNOTS.);
#1974 = CARTESIAN_POINT('',(1.,-3.4));
#1975 = CARTESIAN_POINT('',(1.,3.4));
#1976 = ( GEOMETRIC_REPRESENTATION_CONTEXT(2) 
PARAMETRIC_REPRESENTATION_CONTEXT() REPRESENTATION_CONTEXT('2D SPACE',''
  ) );
#1977 = ORIENTED_EDGE('',*,*,#1978,.F.);
#1978 = EDGE_CURVE('',#1979,#1953,#1981,.T.);
#1979 = VERTEX_POINT('',#1980);
#1980 = CARTESIAN_POINT('',(-147.5,-140.7496153618,30.));
#1981 = SURFACE_CURVE('',#1982,(#1986,#1992),.PCURVE_S1.);
#1982 = LINE('',#1983,#1984);
#1983 = CARTESIAN_POINT('',(-147.5,-140.7496153618,30.));
#1984 = VECTOR('',#1985,1.);
#1985 = DIRECTION('',(1.,0.,2.22044604925E-16));
#1986 = PCURVE('',#590,#1987);
#1987 = DEFINITIONAL_REPRESENTATION('',(#1988),#1991);
#1988 = B_SPLINE_CURVE_WITH_KNOTS('',1,(#1989,#1990),.UNSPECIFIED.,.F.,
  .F.,(2,2),(-5.999999928008E-07,28.0000006),.PIECEWISE_BEZIER_KNOTS.);
#1989 = CARTESIAN_POINT('',(-147.5000006,-140.7496153534));
#1990 = CARTESIAN_POINT('',(-119.4999994,-140.7496153534));
#1991 = ( GEOMETRIC_REPRESENTATION_CONTEXT(2) 
PARAMETRIC_REPRESENTATION_CONTEXT() REPRESENTATION_CONTEXT('2D SPACE',''
  ) );
#1992 = PCURVE('',#1993,#1998);
#1993 = CYLINDRICAL_SURFACE('',#1994,3.4);
#1994 = AXIS2_PLACEMENT_3D('',#1995,#1996,#1997);
#1995 = CARTESIAN_POINT('',(-147.5,-137.5,31.));
#1996 = DIRECTION('',(1.,0.,2.22044604925E-16));
#1997 = DIRECTION('',(2.22044604925E-16,0.,-1.));
#1998 = DEFINITIONAL_REPRESENTATION('',(#1999),#2002);
#1999 = B_SPLINE_CURVE_WITH_KNOTS('',1,(#2000,#2001),.UNSPECIFIED.,.F.,
  .F.,(2,2),(0.,28.),.PIECEWISE_BEZIER_KNOTS.);
#2000 = CARTESIAN_POINT('',(5.01092118157,-2.22044604925E-16));
#2001 = CARTESIAN_POINT('',(5.01092118157,28.));
#2002 = ( GEOMETRIC_REPRESENTATION_CONTEXT(2) 
PARAMETRIC_REPRESENTATION_CONTEXT() REPRESENTATION_CONTEXT('2D SPACE',''
  ) );
#2003 = ORIENTED_EDGE('',*,*,#2004,.T.);
#2004 = EDGE_CURVE('',#1979,#2005,#2007,.T.);
#2005 = VERTEX_POINT('',#2006);
#2006 = CARTESIAN_POINT('',(-147.5,-139.9999999999,30.));
#2007 = SURFACE_CURVE('',#2008,(#2012,#2018),.PCURVE_S1.);
#2008 = LINE('',#2009,#2010);
#2009 = CARTESIAN_POINT('',(-147.5,-68.75000000419,30.));
#2010 = VECTOR('',#2011,1.);
#2011 = DIRECTION('',(0.,1.,0.));
#2012 = PCURVE('',#590,#2013);
#2013 = DEFINITIONAL_REPRESENTATION('',(#2014),#2017);
#2014 = B_SPLINE_CURVE_WITH_KNOTS('',1,(#2015,#2016),.UNSPECIFIED.,.F.,
  .F.,(2,2),(-72.1499999958,-65.3499999958),.PIECEWISE_BEZIER_KNOTS.);
#2015 = CARTESIAN_POINT('',(-147.5,-140.8999999916));
#2016 = CARTESIAN_POINT('',(-147.5,-134.0999999916));
#2017 = ( GEOMETRIC_REPRESENTATION_CONTEXT(2) 
PARAMETRIC_REPRESENTATION_CONTEXT() REPRESENTATION_CONTEXT('2D SPACE',''
  ) );
#2018 = PCURVE('',#2019,#2024);
#2019 = PLANE('',#2020);
#2020 = AXIS2_PLACEMENT_3D('',#2021,#2022,#2023);
#2021 = CARTESIAN_POINT('',(-147.5,-137.5,31.));
#2022 = DIRECTION('',(1.,0.,2.22044604925E-16));
#2023 = DIRECTION('',(2.22044604925E-16,0.,-1.));
#2024 = DEFINITIONAL_REPRESENTATION('',(#2025),#2028);
#2025 = B_SPLINE_CURVE_WITH_KNOTS('',1,(#2026,#2027),.UNSPECIFIED.,.F.,
  .F.,(2,2),(-72.1499999958,-65.3499999958),.PIECEWISE_BEZIER_KNOTS.);
#2026 = CARTESIAN_POINT('',(1.,-3.4));
#2027 = CARTESIAN_POINT('',(1.,3.4));
#2028 = ( GEOMETRIC_REPRESENTATION_CONTEXT(2) 
PARAMETRIC_REPRESENTATION_CONTEXT() REPRESENTATION_CONTEXT('2D SPACE',''
  ) );
#2029 = ORIENTED_EDGE('',*,*,#2030,.F.);
#2030 = EDGE_CURVE('',#816,#2005,#2031,.T.);
#2031 = SURFACE_CURVE('',#2032,(#2036,#2043),.PCURVE_S1.);
#2032 = LINE('',#2033,#2034);
#2033 = CARTESIAN_POINT('',(0.,-139.9999999999,30.));
#2034 = VECTOR('',#2035,1.);
#2035 = DIRECTION('',(1.,0.,0.));
#2036 = PCURVE('',#590,#2037);
#2037 = DEFINITIONAL_REPRESENTATION('',(#2038),#2042);
#2038 = LINE('',#2039,#2040);
#2039 = CARTESIAN_POINT('',(5.194056069649E-15,-139.9999999916));
#2040 = VECTOR('',#2041,1.);
#2041 = DIRECTION('',(1.,0.));
#2042 = ( GEOMETRIC_REPRESENTATION_CONTEXT(2) 
PARAMETRIC_REPRESENTATION_CONTEXT() REPRESENTATION_CONTEXT('2D SPACE',''
  ) );
#2043 = PCURVE('',#1738,#2044);
#2044 = DEFINITIONAL_REPRESENTATION('',(#2045),#2049);
#2045 = LINE('',#2046,#2047);
#2046 = CARTESIAN_POINT('',(157.5,-22.8));
#2047 = VECTOR('',#2048,1.);
#2048 = DIRECTION('',(1.,0.));
#2049 = ( GEOMETRIC_REPRESENTATION_CONTEXT(2) 
PARAMETRIC_REPRESENTATION_CONTEXT() REPRESENTATION_CONTEXT('2D SPACE',''
  ) );
#2050 = ADVANCED_FACE('',(#2051),#887,.F.);
#2051 = FACE_BOUND('',#2052,.F.);
#2052 = EDGE_LOOP('',(#2053,#2054,#2078));
#2053 = ORIENTED_EDGE('',*,*,#872,.F.);
#2054 = ORIENTED_EDGE('',*,*,#2055,.T.);
#2055 = EDGE_CURVE('',#873,#2056,#2058,.T.);
#2056 = VERTEX_POINT('',#2057);
#2057 = CARTESIAN_POINT('',(-170.,-117.5,28.695656275639));
#2058 = SURFACE_CURVE('',#2059,(#2064,#2071),.PCURVE_S1.);
#2059 = CIRCLE('',#2060,3.4);
#2060 = AXIS2_PLACEMENT_3D('',#2061,#2062,#2063);
#2061 = CARTESIAN_POINT('',(-167.5,-117.5,31.));
#2062 = DIRECTION('',(0.,-1.,2.22044604925E-16));
#2063 = DIRECTION('',(1.,0.,0.));
#2064 = PCURVE('',#887,#2065);
#2065 = DEFINITIONAL_REPRESENTATION('',(#2066),#2070);
#2066 = CIRCLE('',#2067,3.4);
#2067 = AXIS2_PLACEMENT_2D('',#2068,#2069);
#2068 = CARTESIAN_POINT('',(0.,0.));
#2069 = DIRECTION('',(1.,0.));
#2070 = ( GEOMETRIC_REPRESENTATION_CONTEXT(2) 
PARAMETRIC_REPRESENTATION_CONTEXT() REPRESENTATION_CONTEXT('2D SPACE',''
  ) );
#2071 = PCURVE('',#913,#2072);
#2072 = DEFINITIONAL_REPRESENTATION('',(#2073),#2077);
#2073 = LINE('',#2074,#2075);
#2074 = CARTESIAN_POINT('',(0.,28.));
#2075 = VECTOR('',#2076,1.);
#2076 = DIRECTION('',(1.,0.));
#2077 = ( GEOMETRIC_REPRESENTATION_CONTEXT(2) 
PARAMETRIC_REPRESENTATION_CONTEXT() REPRESENTATION_CONTEXT('2D SPACE',''
  ) );
#2078 = ORIENTED_EDGE('',*,*,#2079,.T.);
#2079 = EDGE_CURVE('',#2056,#845,#2080,.T.);
#2080 = SURFACE_CURVE('',#2081,(#2085,#2091),.PCURVE_S1.);
#2081 = LINE('',#2082,#2083);
#2082 = CARTESIAN_POINT('',(-170.,-117.5,19.1));
#2083 = VECTOR('',#2084,1.);
#2084 = DIRECTION('',(0.,2.22044604925E-16,1.));
#2085 = PCURVE('',#887,#2086);
#2086 = DEFINITIONAL_REPRESENTATION('',(#2087),#2090);
#2087 = B_SPLINE_CURVE_WITH_KNOTS('',1,(#2088,#2089),.UNSPECIFIED.,.F.,
  .F.,(2,2),(8.5,10.9),.PIECEWISE_BEZIER_KNOTS.);
#2088 = CARTESIAN_POINT('',(-2.5,-3.4));
#2089 = CARTESIAN_POINT('',(-2.5,-1.));
#2090 = ( GEOMETRIC_REPRESENTATION_CONTEXT(2) 
PARAMETRIC_REPRESENTATION_CONTEXT() REPRESENTATION_CONTEXT('2D SPACE',''
  ) );
#2091 = PCURVE('',#860,#2092);
#2092 = DEFINITIONAL_REPRESENTATION('',(#2093),#2096);
#2093 = B_SPLINE_CURVE_WITH_KNOTS('',1,(#2094,#2095),.UNSPECIFIED.,.F.,
  .F.,(2,2),(8.5,10.9),.PIECEWISE_BEZIER_KNOTS.);
#2094 = CARTESIAN_POINT('',(10.000000000006,-20.4));
#2095 = CARTESIAN_POINT('',(10.000000000006,-22.8));
#2096 = ( GEOMETRIC_REPRESENTATION_CONTEXT(2) 
PARAMETRIC_REPRESENTATION_CONTEXT() REPRESENTATION_CONTEXT('2D SPACE',''
  ) );
#2097 = ADVANCED_FACE('',(#2098),#913,.F.);
#2098 = FACE_BOUND('',#2099,.F.);
#2099 = EDGE_LOOP('',(#2100,#2101,#2102,#2126,#2147,#2180,#2206,#2239));
#2100 = ORIENTED_EDGE('',*,*,#2055,.F.);
#2101 = ORIENTED_EDGE('',*,*,#898,.F.);
#2102 = ORIENTED_EDGE('',*,*,#2103,.T.);
#2103 = EDGE_CURVE('',#899,#2104,#2106,.T.);
#2104 = VERTEX_POINT('',#2105);
#2105 = CARTESIAN_POINT('',(-170.,-89.5,28.695656275639));
#2106 = SURFACE_CURVE('',#2107,(#2112,#2119),.PCURVE_S1.);
#2107 = CIRCLE('',#2108,3.4);
#2108 = AXIS2_PLACEMENT_3D('',#2109,#2110,#2111);
#2109 = CARTESIAN_POINT('',(-167.5,-89.5,31.));
#2110 = DIRECTION('',(0.,-1.,2.22044604925E-16));
#2111 = DIRECTION('',(1.,0.,0.));
#2112 = PCURVE('',#913,#2113);
#2113 = DEFINITIONAL_REPRESENTATION('',(#2114),#2118);
#2114 = LINE('',#2115,#2116);
#2115 = CARTESIAN_POINT('',(0.,0.));
#2116 = VECTOR('',#2117,1.);
#2117 = DIRECTION('',(1.,0.));
#2118 = ( GEOMETRIC_REPRESENTATION_CONTEXT(2) 
PARAMETRIC_REPRESENTATION_CONTEXT() REPRESENTATION_CONTEXT('2D SPACE',''
  ) );
#2119 = PCURVE('',#939,#2120);
#2120 = DEFINITIONAL_REPRESENTATION('',(#2121),#2125);
#2121 = CIRCLE('',#2122,3.4);
#2122 = AXIS2_PLACEMENT_2D('',#2123,#2124);
#2123 = CARTESIAN_POINT('',(0.,0.));
#2124 = DIRECTION('',(1.,0.));
#2125 = ( GEOMETRIC_REPRESENTATION_CONTEXT(2) 
PARAMETRIC_REPRESENTATION_CONTEXT() REPRESENTATION_CONTEXT('2D SPACE',''
  ) );
#2126 = ORIENTED_EDGE('',*,*,#2127,.T.);
#2127 = EDGE_CURVE('',#2104,#2128,#2130,.T.);
#2128 = VERTEX_POINT('',#2129);
#2129 = CARTESIAN_POINT('',(-170.,-91.5,28.69565627564));
#2130 = SURFACE_CURVE('',#2131,(#2135,#2141),.PCURVE_S1.);
#2131 = LINE('',#2132,#2133);
#2132 = CARTESIAN_POINT('',(-170.,-89.5,28.695656275639));
#2133 = VECTOR('',#2134,1.);
#2134 = DIRECTION('',(0.,-1.,2.22044604925E-16));
#2135 = PCURVE('',#913,#2136);
#2136 = DEFINITIONAL_REPRESENTATION('',(#2137),#2140);
#2137 = B_SPLINE_CURVE_WITH_KNOTS('',1,(#2138,#2139),.UNSPECIFIED.,.F.,
  .F.,(2,2),(-5.999999928008E-07,28.0000006),.PIECEWISE_BEZIER_KNOTS.);
#2138 = CARTESIAN_POINT('',(3.886288438458,-5.999999933125E-07));
#2139 = CARTESIAN_POINT('',(3.886288438458,28.0000006));
#2140 = ( GEOMETRIC_REPRESENTATION_CONTEXT(2) 
PARAMETRIC_REPRESENTATION_CONTEXT() REPRESENTATION_CONTEXT('2D SPACE',''
  ) );
#2141 = PCURVE('',#860,#2142);
#2142 = DEFINITIONAL_REPRESENTATION('',(#2143),#2146);
#2143 = B_SPLINE_CURVE_WITH_KNOTS('',1,(#2144,#2145),.UNSPECIFIED.,.F.,
  .F.,(2,2),(-5.999999928008E-07,28.0000006),.PIECEWISE_BEZIER_KNOTS.);
#2144 = CARTESIAN_POINT('',(38.000000600006,-21.49565627563));
#2145 = CARTESIAN_POINT('',(9.999999400006,-21.49565627563));
#2146 = ( GEOMETRIC_REPRESENTATION_CONTEXT(2) 
PARAMETRIC_REPRESENTATION_CONTEXT() REPRESENTATION_CONTEXT('2D SPACE',''
  ) );
#2147 = ORIENTED_EDGE('',*,*,#2148,.T.);
#2148 = EDGE_CURVE('',#2128,#2149,#2151,.T.);
#2149 = VERTEX_POINT('',#2150);
#2150 = CARTESIAN_POINT('',(-165.,-91.5,28.69565627564));
#2151 = SURFACE_CURVE('',#2152,(#2157,#2164),.PCURVE_S1.);
#2152 = CIRCLE('',#2153,3.4);
#2153 = AXIS2_PLACEMENT_3D('',#2154,#2155,#2156);
#2154 = CARTESIAN_POINT('',(-167.5,-91.5,31.));
#2155 = DIRECTION('',(0.,-1.,2.22044604925E-16));
#2156 = DIRECTION('',(1.,0.,0.));
#2157 = PCURVE('',#913,#2158);
#2158 = DEFINITIONAL_REPRESENTATION('',(#2159),#2163);
#2159 = LINE('',#2160,#2161);
#2160 = CARTESIAN_POINT('',(0.,2.));
#2161 = VECTOR('',#2162,1.);
#2162 = DIRECTION('',(1.,0.));
#2163 = ( GEOMETRIC_REPRESENTATION_CONTEXT(2) 
PARAMETRIC_REPRESENTATION_CONTEXT() REPRESENTATION_CONTEXT('2D SPACE',''
  ) );
#2164 = PCURVE('',#2165,#2170);
#2165 = PLANE('',#2166);
#2166 = AXIS2_PLACEMENT_3D('',#2167,#2168,#2169);
#2167 = CARTESIAN_POINT('',(-170.,-91.5,23.));
#2168 = DIRECTION('',(-0.,1.,0.));
#2169 = DIRECTION('',(0.,0.,1.));
#2170 = DEFINITIONAL_REPRESENTATION('',(#2171),#2179);
#2171 = ( BOUNDED_CURVE() B_SPLINE_CURVE(2,(#2172,#2173,#2174,#2175,
#2176,#2177,#2178),.UNSPECIFIED.,.T.,.F.) B_SPLINE_CURVE_WITH_KNOTS((1,2
    ,2,2,2,1),(-2.094395102393,0.,2.094395102393,4.188790204786,
6.28318530718,8.377580409573),.UNSPECIFIED.) CURVE() 
GEOMETRIC_REPRESENTATION_ITEM() RATIONAL_B_SPLINE_CURVE((1.,0.5,1.,0.5,
1.,0.5,1.)) REPRESENTATION_ITEM('') );
#2172 = CARTESIAN_POINT('',(8.,5.9));
#2173 = CARTESIAN_POINT('',(13.888972745734,5.9));
#2174 = CARTESIAN_POINT('',(10.944486372867,0.8));
#2175 = CARTESIAN_POINT('',(8.,-4.3));
#2176 = CARTESIAN_POINT('',(5.055513627133,0.8));
#2177 = CARTESIAN_POINT('',(2.111027254266,5.9));
#2178 = CARTESIAN_POINT('',(8.,5.9));
#2179 = ( GEOMETRIC_REPRESENTATION_CONTEXT(2) 
PARAMETRIC_REPRESENTATION_CONTEXT() REPRESENTATION_CONTEXT('2D SPACE',''
  ) );
#2180 = ORIENTED_EDGE('',*,*,#2181,.T.);
#2181 = EDGE_CURVE('',#2149,#2182,#2184,.T.);
#2182 = VERTEX_POINT('',#2183);
#2183 = CARTESIAN_POINT('',(-165.,-115.5,28.69565627564));
#2184 = SURFACE_CURVE('',#2185,(#2189,#2195),.PCURVE_S1.);
#2185 = LINE('',#2186,#2187);
#2186 = CARTESIAN_POINT('',(-165.,-89.5,28.695656275639));
#2187 = VECTOR('',#2188,1.);
#2188 = DIRECTION('',(0.,-1.,2.22044604925E-16));
#2189 = PCURVE('',#913,#2190);
#2190 = DEFINITIONAL_REPRESENTATION('',(#2191),#2194);
#2191 = B_SPLINE_CURVE_WITH_KNOTS('',1,(#2192,#2193),.UNSPECIFIED.,.F.,
  .F.,(2,2),(-5.999999928008E-07,28.0000006),.PIECEWISE_BEZIER_KNOTS.);
#2192 = CARTESIAN_POINT('',(5.538489522312,-5.999999933125E-07));
#2193 = CARTESIAN_POINT('',(5.538489522312,28.0000006));
#2194 = ( GEOMETRIC_REPRESENTATION_CONTEXT(2) 
PARAMETRIC_REPRESENTATION_CONTEXT() REPRESENTATION_CONTEXT('2D SPACE',''
  ) );
#2195 = PCURVE('',#2196,#2201);
#2196 = PLANE('',#2197);
#2197 = AXIS2_PLACEMENT_3D('',#2198,#2199,#2200);
#2198 = CARTESIAN_POINT('',(-165.,-115.5,23.));
#2199 = DIRECTION('',(1.,0.,-0.));
#2200 = DIRECTION('',(0.,0.,1.));
#2201 = DEFINITIONAL_REPRESENTATION('',(#2202),#2205);
#2202 = B_SPLINE_CURVE_WITH_KNOTS('',1,(#2203,#2204),.UNSPECIFIED.,.F.,
  .F.,(2,2),(-5.999999928008E-07,28.0000006),.PIECEWISE_BEZIER_KNOTS.);
#2203 = CARTESIAN_POINT('',(5.695656275639,-26.0000006));
#2204 = CARTESIAN_POINT('',(5.695656275639,2.0000006));
#2205 = ( GEOMETRIC_REPRESENTATION_CONTEXT(2) 
PARAMETRIC_REPRESENTATION_CONTEXT() REPRESENTATION_CONTEXT('2D SPACE',''
  ) );
#2206 = ORIENTED_EDGE('',*,*,#2207,.F.);
#2207 = EDGE_CURVE('',#2208,#2182,#2210,.T.);
#2208 = VERTEX_POINT('',#2209);
#2209 = CARTESIAN_POINT('',(-170.,-115.5,28.69565627564));
#2210 = SURFACE_CURVE('',#2211,(#2216,#2223),.PCURVE_S1.);
#2211 = CIRCLE('',#2212,3.4);
#2212 = AXIS2_PLACEMENT_3D('',#2213,#2214,#2215);
#2213 = CARTESIAN_POINT('',(-167.5,-115.5,31.));
#2214 = DIRECTION('',(0.,-1.,2.22044604925E-16));
#2215 = DIRECTION('',(1.,0.,0.));
#2216 = PCURVE('',#913,#2217);
#2217 = DEFINITIONAL_REPRESENTATION('',(#2218),#2222);
#2218 = LINE('',#2219,#2220);
#2219 = CARTESIAN_POINT('',(0.,26.));
#2220 = VECTOR('',#2221,1.);
#2221 = DIRECTION('',(1.,0.));
#2222 = ( GEOMETRIC_REPRESENTATION_CONTEXT(2) 
PARAMETRIC_REPRESENTATION_CONTEXT() REPRESENTATION_CONTEXT('2D SPACE',''
  ) );
#2223 = PCURVE('',#2224,#2229);
#2224 = PLANE('',#2225);
#2225 = AXIS2_PLACEMENT_3D('',#2226,#2227,#2228);
#2226 = CARTESIAN_POINT('',(-170.,-115.5,23.));
#2227 = DIRECTION('',(-0.,1.,0.));
#2228 = DIRECTION('',(0.,0.,1.));
#2229 = DEFINITIONAL_REPRESENTATION('',(#2230),#2238);
#2230 = ( BOUNDED_CURVE() B_SPLINE_CURVE(2,(#2231,#2232,#2233,#2234,
#2235,#2236,#2237),.UNSPECIFIED.,.T.,.F.) B_SPLINE_CURVE_WITH_KNOTS((1,2
    ,2,2,2,1),(-2.094395102393,0.,2.094395102393,4.188790204786,
6.28318530718,8.377580409573),.UNSPECIFIED.) CURVE() 
GEOMETRIC_REPRESENTATION_ITEM() RATIONAL_B_SPLINE_CURVE((1.,0.5,1.,0.5,
1.,0.5,1.)) REPRESENTATION_ITEM('') );
#2231 = CARTESIAN_POINT('',(8.,5.9));
#2232 = CARTESIAN_POINT('',(13.888972745734,5.9));
#2233 = CARTESIAN_POINT('',(10.944486372867,0.8));
#2234 = CARTESIAN_POINT('',(8.,-4.3));
#2235 = CARTESIAN_POINT('',(5.055513627133,0.8));
#2236 = CARTESIAN_POINT('',(2.111027254266,5.9));
#2237 = CARTESIAN_POINT('',(8.,5.9));
#2238 = ( GEOMETRIC_REPRESENTATION_CONTEXT(2) 
PARAMETRIC_REPRESENTATION_CONTEXT() REPRESENTATION_CONTEXT('2D SPACE',''
  ) );
#2239 = ORIENTED_EDGE('',*,*,#2240,.T.);
#2240 = EDGE_CURVE('',#2208,#2056,#2241,.T.);
#2241 = SURFACE_CURVE('',#2242,(#2246,#2252),.PCURVE_S1.);
#2242 = LINE('',#2243,#2244);
#2243 = CARTESIAN_POINT('',(-170.,-89.5,28.695656275639));
#2244 = VECTOR('',#2245,1.);
#2245 = DIRECTION('',(0.,-1.,2.22044604925E-16));
#2246 = PCURVE('',#913,#2247);
#2247 = DEFINITIONAL_REPRESENTATION('',(#2248),#2251);
#2248 = B_SPLINE_CURVE_WITH_KNOTS('',1,(#2249,#2250),.UNSPECIFIED.,.F.,
  .F.,(2,2),(-5.999999928008E-07,28.0000006),.PIECEWISE_BEZIER_KNOTS.);
#2249 = CARTESIAN_POINT('',(3.886288438458,-5.999999933125E-07));
#2250 = CARTESIAN_POINT('',(3.886288438458,28.0000006));
#2251 = ( GEOMETRIC_REPRESENTATION_CONTEXT(2) 
PARAMETRIC_REPRESENTATION_CONTEXT() REPRESENTATION_CONTEXT('2D SPACE',''
  ) );
#2252 = PCURVE('',#860,#2253);
#2253 = DEFINITIONAL_REPRESENTATION('',(#2254),#2257);
#2254 = B_SPLINE_CURVE_WITH_KNOTS('',1,(#2255,#2256),.UNSPECIFIED.,.F.,
  .F.,(2,2),(-5.999999928008E-07,28.0000006),.PIECEWISE_BEZIER_KNOTS.);
#2255 = CARTESIAN_POINT('',(38.000000600006,-21.49565627563));
#2256 = CARTESIAN_POINT('',(9.999999400006,-21.49565627563));
#2257 = ( GEOMETRIC_REPRESENTATION_CONTEXT(2) 
PARAMETRIC_REPRESENTATION_CONTEXT() REPRESENTATION_CONTEXT('2D SPACE',''
  ) );
#2258 = ADVANCED_FACE('',(#2259),#2165,.T.);
#2259 = FACE_BOUND('',#2260,.T.);
#2260 = EDGE_LOOP('',(#2261,#2284,#2312,#2333));
#2261 = ORIENTED_EDGE('',*,*,#2262,.F.);
#2262 = EDGE_CURVE('',#2263,#2149,#2265,.T.);
#2263 = VERTEX_POINT('',#2264);
#2264 = CARTESIAN_POINT('',(-165.,-91.5,23.));
#2265 = SURFACE_CURVE('',#2266,(#2270,#2277),.PCURVE_S1.);
#2266 = LINE('',#2267,#2268);
#2267 = CARTESIAN_POINT('',(-165.,-91.5,23.));
#2268 = VECTOR('',#2269,1.);
#2269 = DIRECTION('',(0.,0.,1.));
#2270 = PCURVE('',#2165,#2271);
#2271 = DEFINITIONAL_REPRESENTATION('',(#2272),#2276);
#2272 = LINE('',#2273,#2274);
#2273 = CARTESIAN_POINT('',(0.,5.));
#2274 = VECTOR('',#2275,1.);
#2275 = DIRECTION('',(1.,0.));
#2276 = ( GEOMETRIC_REPRESENTATION_CONTEXT(2) 
PARAMETRIC_REPRESENTATION_CONTEXT() REPRESENTATION_CONTEXT('2D SPACE',''
  ) );
#2277 = PCURVE('',#2196,#2278);
#2278 = DEFINITIONAL_REPRESENTATION('',(#2279),#2283);
#2279 = LINE('',#2280,#2281);
#2280 = CARTESIAN_POINT('',(0.,-24.));
#2281 = VECTOR('',#2282,1.);
#2282 = DIRECTION('',(1.,0.));
#2283 = ( GEOMETRIC_REPRESENTATION_CONTEXT(2) 
PARAMETRIC_REPRESENTATION_CONTEXT() REPRESENTATION_CONTEXT('2D SPACE',''
  ) );
#2284 = ORIENTED_EDGE('',*,*,#2285,.F.);
#2285 = EDGE_CURVE('',#2286,#2263,#2288,.T.);
#2286 = VERTEX_POINT('',#2287);
#2287 = CARTESIAN_POINT('',(-170.,-91.5,23.));
#2288 = SURFACE_CURVE('',#2289,(#2293,#2300),.PCURVE_S1.);
#2289 = LINE('',#2290,#2291);
#2290 = CARTESIAN_POINT('',(-170.,-91.5,23.));
#2291 = VECTOR('',#2292,1.);
#2292 = DIRECTION('',(1.,0.,-0.));
#2293 = PCURVE('',#2165,#2294);
#2294 = DEFINITIONAL_REPRESENTATION('',(#2295),#2299);
#2295 = LINE('',#2296,#2297);
#2296 = CARTESIAN_POINT('',(0.,0.));
#2297 = VECTOR('',#2298,1.);
#2298 = DIRECTION('',(0.,1.));
#2299 = ( GEOMETRIC_REPRESENTATION_CONTEXT(2) 
PARAMETRIC_REPRESENTATION_CONTEXT() REPRESENTATION_CONTEXT('2D SPACE',''
  ) );
#2300 = PCURVE('',#2301,#2306);
#2301 = PLANE('',#2302);
#2302 = AXIS2_PLACEMENT_3D('',#2303,#2304,#2305);
#2303 = CARTESIAN_POINT('',(-170.,-115.5,23.));
#2304 = DIRECTION('',(0.,0.,1.));
#2305 = DIRECTION('',(1.,0.,-0.));
#2306 = DEFINITIONAL_REPRESENTATION('',(#2307),#2311);
#2307 = LINE('',#2308,#2309);
#2308 = CARTESIAN_POINT('',(0.,24.));
#2309 = VECTOR('',#2310,1.);
#2310 = DIRECTION('',(1.,0.));
#2311 = ( GEOMETRIC_REPRESENTATION_CONTEXT(2) 
PARAMETRIC_REPRESENTATION_CONTEXT() REPRESENTATION_CONTEXT('2D SPACE',''
  ) );
#2312 = ORIENTED_EDGE('',*,*,#2313,.T.);
#2313 = EDGE_CURVE('',#2286,#2128,#2314,.T.);
#2314 = SURFACE_CURVE('',#2315,(#2319,#2326),.PCURVE_S1.);
#2315 = LINE('',#2316,#2317);
#2316 = CARTESIAN_POINT('',(-170.,-91.5,23.));
#2317 = VECTOR('',#2318,1.);
#2318 = DIRECTION('',(0.,0.,1.));
#2319 = PCURVE('',#2165,#2320);
#2320 = DEFINITIONAL_REPRESENTATION('',(#2321),#2325);
#2321 = LINE('',#2322,#2323);
#2322 = CARTESIAN_POINT('',(0.,0.));
#2323 = VECTOR('',#2324,1.);
#2324 = DIRECTION('',(1.,0.));
#2325 = ( GEOMETRIC_REPRESENTATION_CONTEXT(2) 
PARAMETRIC_REPRESENTATION_CONTEXT() REPRESENTATION_CONTEXT('2D SPACE',''
  ) );
#2326 = PCURVE('',#860,#2327);
#2327 = DEFINITIONAL_REPRESENTATION('',(#2328),#2332);
#2328 = LINE('',#2329,#2330);
#2329 = CARTESIAN_POINT('',(36.000000000006,-15.8));
#2330 = VECTOR('',#2331,1.);
#2331 = DIRECTION('',(0.,-1.));
#2332 = ( GEOMETRIC_REPRESENTATION_CONTEXT(2) 
PARAMETRIC_REPRESENTATION_CONTEXT() REPRESENTATION_CONTEXT('2D SPACE',''
  ) );
#2333 = ORIENTED_EDGE('',*,*,#2148,.T.);
#2334 = ADVANCED_FACE('',(#2335),#2301,.F.);
#2335 = FACE_BOUND('',#2336,.F.);
#2336 = EDGE_LOOP('',(#2337,#2360,#2383,#2404));
#2337 = ORIENTED_EDGE('',*,*,#2338,.F.);
#2338 = EDGE_CURVE('',#2339,#2286,#2341,.T.);
#2339 = VERTEX_POINT('',#2340);
#2340 = CARTESIAN_POINT('',(-170.,-115.5,23.));
#2341 = SURFACE_CURVE('',#2342,(#2346,#2353),.PCURVE_S1.);
#2342 = LINE('',#2343,#2344);
#2343 = CARTESIAN_POINT('',(-170.,-115.5,23.));
#2344 = VECTOR('',#2345,1.);
#2345 = DIRECTION('',(-0.,1.,0.));
#2346 = PCURVE('',#2301,#2347);
#2347 = DEFINITIONAL_REPRESENTATION('',(#2348),#2352);
#2348 = LINE('',#2349,#2350);
#2349 = CARTESIAN_POINT('',(0.,0.));
#2350 = VECTOR('',#2351,1.);
#2351 = DIRECTION('',(0.,1.));
#2352 = ( GEOMETRIC_REPRESENTATION_CONTEXT(2) 
PARAMETRIC_REPRESENTATION_CONTEXT() REPRESENTATION_CONTEXT('2D SPACE',''
  ) );
#2353 = PCURVE('',#860,#2354);
#2354 = DEFINITIONAL_REPRESENTATION('',(#2355),#2359);
#2355 = LINE('',#2356,#2357);
#2356 = CARTESIAN_POINT('',(12.000000000006,-15.8));
#2357 = VECTOR('',#2358,1.);
#2358 = DIRECTION('',(1.,0.));
#2359 = ( GEOMETRIC_REPRESENTATION_CONTEXT(2) 
PARAMETRIC_REPRESENTATION_CONTEXT() REPRESENTATION_CONTEXT('2D SPACE',''
  ) );
#2360 = ORIENTED_EDGE('',*,*,#2361,.T.);
#2361 = EDGE_CURVE('',#2339,#2362,#2364,.T.);
#2362 = VERTEX_POINT('',#2363);
#2363 = CARTESIAN_POINT('',(-165.,-115.5,23.));
#2364 = SURFACE_CURVE('',#2365,(#2369,#2376),.PCURVE_S1.);
#2365 = LINE('',#2366,#2367);
#2366 = CARTESIAN_POINT('',(-170.,-115.5,23.));
#2367 = VECTOR('',#2368,1.);
#2368 = DIRECTION('',(1.,0.,-0.));
#2369 = PCURVE('',#2301,#2370);
#2370 = DEFINITIONAL_REPRESENTATION('',(#2371),#2375);
#2371 = LINE('',#2372,#2373);
#2372 = CARTESIAN_POINT('',(0.,0.));
#2373 = VECTOR('',#2374,1.);
#2374 = DIRECTION('',(1.,0.));
#2375 = ( GEOMETRIC_REPRESENTATION_CONTEXT(2) 
PARAMETRIC_REPRESENTATION_CONTEXT() REPRESENTATION_CONTEXT('2D SPACE',''
  ) );
#2376 = PCURVE('',#2224,#2377);
#2377 = DEFINITIONAL_REPRESENTATION('',(#2378),#2382);
#2378 = LINE('',#2379,#2380);
#2379 = CARTESIAN_POINT('',(0.,0.));
#2380 = VECTOR('',#2381,1.);
#2381 = DIRECTION('',(0.,1.));
#2382 = ( GEOMETRIC_REPRESENTATION_CONTEXT(2) 
PARAMETRIC_REPRESENTATION_CONTEXT() REPRESENTATION_CONTEXT('2D SPACE',''
  ) );
#2383 = ORIENTED_EDGE('',*,*,#2384,.T.);
#2384 = EDGE_CURVE('',#2362,#2263,#2385,.T.);
#2385 = SURFACE_CURVE('',#2386,(#2390,#2397),.PCURVE_S1.);
#2386 = LINE('',#2387,#2388);
#2387 = CARTESIAN_POINT('',(-165.,-115.5,23.));
#2388 = VECTOR('',#2389,1.);
#2389 = DIRECTION('',(-0.,1.,0.));
#2390 = PCURVE('',#2301,#2391);
#2391 = DEFINITIONAL_REPRESENTATION('',(#2392),#2396);
#2392 = LINE('',#2393,#2394);
#2393 = CARTESIAN_POINT('',(5.,0.));
#2394 = VECTOR('',#2395,1.);
#2395 = DIRECTION('',(0.,1.));
#2396 = ( GEOMETRIC_REPRESENTATION_CONTEXT(2) 
PARAMETRIC_REPRESENTATION_CONTEXT() REPRESENTATION_CONTEXT('2D SPACE',''
  ) );
#2397 = PCURVE('',#2196,#2398);
#2398 = DEFINITIONAL_REPRESENTATION('',(#2399),#2403);
#2399 = LINE('',#2400,#2401);
#2400 = CARTESIAN_POINT('',(0.,0.));
#2401 = VECTOR('',#2402,1.);
#2402 = DIRECTION('',(0.,-1.));
#2403 = ( GEOMETRIC_REPRESENTATION_CONTEXT(2) 
PARAMETRIC_REPRESENTATION_CONTEXT() REPRESENTATION_CONTEXT('2D SPACE',''
  ) );
#2404 = ORIENTED_EDGE('',*,*,#2285,.F.);
#2405 = ADVANCED_FACE('',(#2406),#2196,.T.);
#2406 = FACE_BOUND('',#2407,.T.);
#2407 = EDGE_LOOP('',(#2408,#2429,#2430,#2431));
#2408 = ORIENTED_EDGE('',*,*,#2409,.F.);
#2409 = EDGE_CURVE('',#2362,#2182,#2410,.T.);
#2410 = SURFACE_CURVE('',#2411,(#2415,#2422),.PCURVE_S1.);
#2411 = LINE('',#2412,#2413);
#2412 = CARTESIAN_POINT('',(-165.,-115.5,23.));
#2413 = VECTOR('',#2414,1.);
#2414 = DIRECTION('',(0.,0.,1.));
#2415 = PCURVE('',#2196,#2416);
#2416 = DEFINITIONAL_REPRESENTATION('',(#2417),#2421);
#2417 = LINE('',#2418,#2419);
#2418 = CARTESIAN_POINT('',(0.,0.));
#2419 = VECTOR('',#2420,1.);
#2420 = DIRECTION('',(1.,0.));
#2421 = ( GEOMETRIC_REPRESENTATION_CONTEXT(2) 
PARAMETRIC_REPRESENTATION_CONTEXT() REPRESENTATION_CONTEXT('2D SPACE',''
  ) );
#2422 = PCURVE('',#2224,#2423);
#2423 = DEFINITIONAL_REPRESENTATION('',(#2424),#2428);
#2424 = LINE('',#2425,#2426);
#2425 = CARTESIAN_POINT('',(0.,5.));
#2426 = VECTOR('',#2427,1.);
#2427 = DIRECTION('',(1.,0.));
#2428 = ( GEOMETRIC_REPRESENTATION_CONTEXT(2) 
PARAMETRIC_REPRESENTATION_CONTEXT() REPRESENTATION_CONTEXT('2D SPACE',''
  ) );
#2429 = ORIENTED_EDGE('',*,*,#2384,.T.);
#2430 = ORIENTED_EDGE('',*,*,#2262,.T.);
#2431 = ORIENTED_EDGE('',*,*,#2181,.T.);
#2432 = ADVANCED_FACE('',(#2433),#2224,.F.);
#2433 = FACE_BOUND('',#2434,.F.);
#2434 = EDGE_LOOP('',(#2435,#2436,#2437,#2458));
#2435 = ORIENTED_EDGE('',*,*,#2409,.F.);
#2436 = ORIENTED_EDGE('',*,*,#2361,.F.);
#2437 = ORIENTED_EDGE('',*,*,#2438,.T.);
#2438 = EDGE_CURVE('',#2339,#2208,#2439,.T.);
#2439 = SURFACE_CURVE('',#2440,(#2444,#2451),.PCURVE_S1.);
#2440 = LINE('',#2441,#2442);
#2441 = CARTESIAN_POINT('',(-170.,-115.5,23.));
#2442 = VECTOR('',#2443,1.);
#2443 = DIRECTION('',(0.,0.,1.));
#2444 = PCURVE('',#2224,#2445);
#2445 = DEFINITIONAL_REPRESENTATION('',(#2446),#2450);
#2446 = LINE('',#2447,#2448);
#2447 = CARTESIAN_POINT('',(0.,0.));
#2448 = VECTOR('',#2449,1.);
#2449 = DIRECTION('',(1.,0.));
#2450 = ( GEOMETRIC_REPRESENTATION_CONTEXT(2) 
PARAMETRIC_REPRESENTATION_CONTEXT() REPRESENTATION_CONTEXT('2D SPACE',''
  ) );
#2451 = PCURVE('',#860,#2452);
#2452 = DEFINITIONAL_REPRESENTATION('',(#2453),#2457);
#2453 = LINE('',#2454,#2455);
#2454 = CARTESIAN_POINT('',(12.000000000006,-15.8));
#2455 = VECTOR('',#2456,1.);
#2456 = DIRECTION('',(0.,-1.));
#2457 = ( GEOMETRIC_REPRESENTATION_CONTEXT(2) 
PARAMETRIC_REPRESENTATION_CONTEXT() REPRESENTATION_CONTEXT('2D SPACE',''
  ) );
#2458 = ORIENTED_EDGE('',*,*,#2207,.T.);
#2459 = ADVANCED_FACE('',(#2460),#939,.T.);
#2460 = FACE_BOUND('',#2461,.T.);
#2461 = EDGE_LOOP('',(#2462,#2463,#2464));
#2462 = ORIENTED_EDGE('',*,*,#924,.F.);
#2463 = ORIENTED_EDGE('',*,*,#2103,.T.);
#2464 = ORIENTED_EDGE('',*,*,#2465,.T.);
#2465 = EDGE_CURVE('',#2104,#925,#2466,.T.);
#2466 = SURFACE_CURVE('',#2467,(#2471,#2477),.PCURVE_S1.);
#2467 = LINE('',#2468,#2469);
#2468 = CARTESIAN_POINT('',(-170.,-89.5,19.1));
#2469 = VECTOR('',#2470,1.);
#2470 = DIRECTION('',(0.,2.22044604925E-16,1.));
#2471 = PCURVE('',#939,#2472);
#2472 = DEFINITIONAL_REPRESENTATION('',(#2473),#2476);
#2473 = B_SPLINE_CURVE_WITH_KNOTS('',1,(#2474,#2475),.UNSPECIFIED.,.F.,
  .F.,(2,2),(8.5,10.9),.PIECEWISE_BEZIER_KNOTS.);
#2474 = CARTESIAN_POINT('',(-2.5,-3.4));
#2475 = CARTESIAN_POINT('',(-2.5,-1.));
#2476 = ( GEOMETRIC_REPRESENTATION_CONTEXT(2) 
PARAMETRIC_REPRESENTATION_CONTEXT() REPRESENTATION_CONTEXT('2D SPACE',''
  ) );
#2477 = PCURVE('',#860,#2478);
#2478 = DEFINITIONAL_REPRESENTATION('',(#2479),#2482);
#2479 = B_SPLINE_CURVE_WITH_KNOTS('',1,(#2480,#2481),.UNSPECIFIED.,.F.,
  .F.,(2,2),(8.5,10.9),.PIECEWISE_BEZIER_KNOTS.);
#2480 = CARTESIAN_POINT('',(38.000000000006,-20.4));
#2481 = CARTESIAN_POINT('',(38.000000000006,-22.8));
#2482 = ( GEOMETRIC_REPRESENTATION_CONTEXT(2) 
PARAMETRIC_REPRESENTATION_CONTEXT() REPRESENTATION_CONTEXT('2D SPACE',''
  ) );
#2483 = ADVANCED_FACE('',(#2484),#988,.F.);
#2484 = FACE_BOUND('',#2485,.F.);
#2485 = EDGE_LOOP('',(#2486,#2487,#2511));
#2486 = ORIENTED_EDGE('',*,*,#973,.F.);
#2487 = ORIENTED_EDGE('',*,*,#2488,.T.);
#2488 = EDGE_CURVE('',#974,#2489,#2491,.T.);
#2489 = VERTEX_POINT('',#2490);
#2490 = CARTESIAN_POINT('',(-170.,89.5,28.695656275639));
#2491 = SURFACE_CURVE('',#2492,(#2497,#2504),.PCURVE_S1.);
#2492 = CIRCLE('',#2493,3.4);
#2493 = AXIS2_PLACEMENT_3D('',#2494,#2495,#2496);
#2494 = CARTESIAN_POINT('',(-167.5,89.5,31.));
#2495 = DIRECTION('',(0.,-1.,2.22044604925E-16));
#2496 = DIRECTION('',(1.,0.,0.));
#2497 = PCURVE('',#988,#2498);
#2498 = DEFINITIONAL_REPRESENTATION('',(#2499),#2503);
#2499 = CIRCLE('',#2500,3.4);
#2500 = AXIS2_PLACEMENT_2D('',#2501,#2502);
#2501 = CARTESIAN_POINT('',(0.,0.));
#2502 = DIRECTION('',(1.,0.));
#2503 = ( GEOMETRIC_REPRESENTATION_CONTEXT(2) 
PARAMETRIC_REPRESENTATION_CONTEXT() REPRESENTATION_CONTEXT('2D SPACE',''
  ) );
#2504 = PCURVE('',#1014,#2505);
#2505 = DEFINITIONAL_REPRESENTATION('',(#2506),#2510);
#2506 = LINE('',#2507,#2508);
#2507 = CARTESIAN_POINT('',(0.,28.));
#2508 = VECTOR('',#2509,1.);
#2509 = DIRECTION('',(1.,0.));
#2510 = ( GEOMETRIC_REPRESENTATION_CONTEXT(2) 
PARAMETRIC_REPRESENTATION_CONTEXT() REPRESENTATION_CONTEXT('2D SPACE',''
  ) );
#2511 = ORIENTED_EDGE('',*,*,#2512,.T.);
#2512 = EDGE_CURVE('',#2489,#951,#2513,.T.);
#2513 = SURFACE_CURVE('',#2514,(#2518,#2524),.PCURVE_S1.);
#2514 = LINE('',#2515,#2516);
#2515 = CARTESIAN_POINT('',(-170.,89.5,19.1));
#2516 = VECTOR('',#2517,1.);
#2517 = DIRECTION('',(0.,2.22044604925E-16,1.));
#2518 = PCURVE('',#988,#2519);
#2519 = DEFINITIONAL_REPRESENTATION('',(#2520),#2523);
#2520 = B_SPLINE_CURVE_WITH_KNOTS('',1,(#2521,#2522),.UNSPECIFIED.,.F.,
  .F.,(2,2),(8.5,10.9),.PIECEWISE_BEZIER_KNOTS.);
#2521 = CARTESIAN_POINT('',(-2.5,-3.4));
#2522 = CARTESIAN_POINT('',(-2.5,-1.));
#2523 = ( GEOMETRIC_REPRESENTATION_CONTEXT(2) 
PARAMETRIC_REPRESENTATION_CONTEXT() REPRESENTATION_CONTEXT('2D SPACE',''
  ) );
#2524 = PCURVE('',#860,#2525);
#2525 = DEFINITIONAL_REPRESENTATION('',(#2526),#2529);
#2526 = B_SPLINE_CURVE_WITH_KNOTS('',1,(#2527,#2528),.UNSPECIFIED.,.F.,
  .F.,(2,2),(8.5,10.9),.PIECEWISE_BEZIER_KNOTS.);
#2527 = CARTESIAN_POINT('',(217.,-20.4));
#2528 = CARTESIAN_POINT('',(217.,-22.8));
#2529 = ( GEOMETRIC_REPRESENTATION_CONTEXT(2) 
PARAMETRIC_REPRESENTATION_CONTEXT() REPRESENTATION_CONTEXT('2D SPACE',''
  ) );
#2530 = ADVANCED_FACE('',(#2531),#1014,.F.);
#2531 = FACE_BOUND('',#2532,.F.);
#2532 = EDGE_LOOP('',(#2533,#2534,#2535,#2559,#2580,#2613,#2639,#2672));
#2533 = ORIENTED_EDGE('',*,*,#2488,.F.);
#2534 = ORIENTED_EDGE('',*,*,#999,.F.);
#2535 = ORIENTED_EDGE('',*,*,#2536,.T.);
#2536 = EDGE_CURVE('',#1000,#2537,#2539,.T.);
#2537 = VERTEX_POINT('',#2538);
#2538 = CARTESIAN_POINT('',(-170.,117.5,28.695656275639));
#2539 = SURFACE_CURVE('',#2540,(#2545,#2552),.PCURVE_S1.);
#2540 = CIRCLE('',#2541,3.4);
#2541 = AXIS2_PLACEMENT_3D('',#2542,#2543,#2544);
#2542 = CARTESIAN_POINT('',(-167.5,117.5,31.));
#2543 = DIRECTION('',(0.,-1.,2.22044604925E-16));
#2544 = DIRECTION('',(1.,0.,0.));
#2545 = PCURVE('',#1014,#2546);
#2546 = DEFINITIONAL_REPRESENTATION('',(#2547),#2551);
#2547 = LINE('',#2548,#2549);
#2548 = CARTESIAN_POINT('',(0.,0.));
#2549 = VECTOR('',#2550,1.);
#2550 = DIRECTION('',(1.,0.));
#2551 = ( GEOMETRIC_REPRESENTATION_CONTEXT(2) 
PARAMETRIC_REPRESENTATION_CONTEXT() REPRESENTATION_CONTEXT('2D SPACE',''
  ) );
#2552 = PCURVE('',#1040,#2553);
#2553 = DEFINITIONAL_REPRESENTATION('',(#2554),#2558);
#2554 = CIRCLE('',#2555,3.4);
#2555 = AXIS2_PLACEMENT_2D('',#2556,#2557);
#2556 = CARTESIAN_POINT('',(0.,0.));
#2557 = DIRECTION('',(1.,0.));
#2558 = ( GEOMETRIC_REPRESENTATION_CONTEXT(2) 
PARAMETRIC_REPRESENTATION_CONTEXT() REPRESENTATION_CONTEXT('2D SPACE',''
  ) );
#2559 = ORIENTED_EDGE('',*,*,#2560,.T.);
#2560 = EDGE_CURVE('',#2537,#2561,#2563,.T.);
#2561 = VERTEX_POINT('',#2562);
#2562 = CARTESIAN_POINT('',(-170.,115.5,28.69565627564));
#2563 = SURFACE_CURVE('',#2564,(#2568,#2574),.PCURVE_S1.);
#2564 = LINE('',#2565,#2566);
#2565 = CARTESIAN_POINT('',(-170.,117.5,28.695656275639));
#2566 = VECTOR('',#2567,1.);
#2567 = DIRECTION('',(0.,-1.,2.22044604925E-16));
#2568 = PCURVE('',#1014,#2569);
#2569 = DEFINITIONAL_REPRESENTATION('',(#2570),#2573);
#2570 = B_SPLINE_CURVE_WITH_KNOTS('',1,(#2571,#2572),.UNSPECIFIED.,.F.,
  .F.,(2,2),(-5.999999928008E-07,28.0000006),.PIECEWISE_BEZIER_KNOTS.);
#2571 = CARTESIAN_POINT('',(3.886288438458,-5.999999933125E-07));
#2572 = CARTESIAN_POINT('',(3.886288438458,28.0000006));
#2573 = ( GEOMETRIC_REPRESENTATION_CONTEXT(2) 
PARAMETRIC_REPRESENTATION_CONTEXT() REPRESENTATION_CONTEXT('2D SPACE',''
  ) );
#2574 = PCURVE('',#860,#2575);
#2575 = DEFINITIONAL_REPRESENTATION('',(#2576),#2579);
#2576 = B_SPLINE_CURVE_WITH_KNOTS('',1,(#2577,#2578),.UNSPECIFIED.,.F.,
  .F.,(2,2),(-5.999999928008E-07,28.0000006),.PIECEWISE_BEZIER_KNOTS.);
#2577 = CARTESIAN_POINT('',(245.0000006,-21.49565627563));
#2578 = CARTESIAN_POINT('',(216.9999994,-21.49565627563));
#2579 = ( GEOMETRIC_REPRESENTATION_CONTEXT(2) 
PARAMETRIC_REPRESENTATION_CONTEXT() REPRESENTATION_CONTEXT('2D SPACE',''
  ) );
#2580 = ORIENTED_EDGE('',*,*,#2581,.T.);
#2581 = EDGE_CURVE('',#2561,#2582,#2584,.T.);
#2582 = VERTEX_POINT('',#2583);
#2583 = CARTESIAN_POINT('',(-165.,115.5,28.69565627564));
#2584 = SURFACE_CURVE('',#2585,(#2590,#2597),.PCURVE_S1.);
#2585 = CIRCLE('',#2586,3.4);
#2586 = AXIS2_PLACEMENT_3D('',#2587,#2588,#2589);
#2587 = CARTESIAN_POINT('',(-167.5,115.5,31.));
#2588 = DIRECTION('',(0.,-1.,2.22044604925E-16));
#2589 = DIRECTION('',(1.,0.,0.));
#2590 = PCURVE('',#1014,#2591);
#2591 = DEFINITIONAL_REPRESENTATION('',(#2592),#2596);
#2592 = LINE('',#2593,#2594);
#2593 = CARTESIAN_POINT('',(0.,2.));
#2594 = VECTOR('',#2595,1.);
#2595 = DIRECTION('',(1.,0.));
#2596 = ( GEOMETRIC_REPRESENTATION_CONTEXT(2) 
PARAMETRIC_REPRESENTATION_CONTEXT() REPRESENTATION_CONTEXT('2D SPACE',''
  ) );
#2597 = PCURVE('',#2598,#2603);
#2598 = PLANE('',#2599);
#2599 = AXIS2_PLACEMENT_3D('',#2600,#2601,#2602);
#2600 = CARTESIAN_POINT('',(-170.,115.5,23.));
#2601 = DIRECTION('',(-0.,1.,0.));
#2602 = DIRECTION('',(0.,0.,1.));
#2603 = DEFINITIONAL_REPRESENTATION('',(#2604),#2612);
#2604 = ( BOUNDED_CURVE() B_SPLINE_CURVE(2,(#2605,#2606,#2607,#2608,
#2609,#2610,#2611),.UNSPECIFIED.,.T.,.F.) B_SPLINE_CURVE_WITH_KNOTS((1,2
    ,2,2,2,1),(-2.094395102393,0.,2.094395102393,4.188790204786,
6.28318530718,8.377580409573),.UNSPECIFIED.) CURVE() 
GEOMETRIC_REPRESENTATION_ITEM() RATIONAL_B_SPLINE_CURVE((1.,0.5,1.,0.5,
1.,0.5,1.)) REPRESENTATION_ITEM('') );
#2605 = CARTESIAN_POINT('',(8.,5.9));
#2606 = CARTESIAN_POINT('',(13.888972745734,5.9));
#2607 = CARTESIAN_POINT('',(10.944486372867,0.8));
#2608 = CARTESIAN_POINT('',(8.,-4.3));
#2609 = CARTESIAN_POINT('',(5.055513627133,0.8));
#2610 = CARTESIAN_POINT('',(2.111027254266,5.9));
#2611 = CARTESIAN_POINT('',(8.,5.9));
#2612 = ( GEOMETRIC_REPRESENTATION_CONTEXT(2) 
PARAMETRIC_REPRESENTATION_CONTEXT() REPRESENTATION_CONTEXT('2D SPACE',''
  ) );
#2613 = ORIENTED_EDGE('',*,*,#2614,.T.);
#2614 = EDGE_CURVE('',#2582,#2615,#2617,.T.);
#2615 = VERTEX_POINT('',#2616);
#2616 = CARTESIAN_POINT('',(-165.,91.5,28.69565627564));
#2617 = SURFACE_CURVE('',#2618,(#2622,#2628),.PCURVE_S1.);
#2618 = LINE('',#2619,#2620);
#2619 = CARTESIAN_POINT('',(-165.,117.5,28.695656275639));
#2620 = VECTOR('',#2621,1.);
#2621 = DIRECTION('',(0.,-1.,2.22044604925E-16));
#2622 = PCURVE('',#1014,#2623);
#2623 = DEFINITIONAL_REPRESENTATION('',(#2624),#2627);
#2624 = B_SPLINE_CURVE_WITH_KNOTS('',1,(#2625,#2626),.UNSPECIFIED.,.F.,
  .F.,(2,2),(-5.999999928008E-07,28.0000006),.PIECEWISE_BEZIER_KNOTS.);
#2625 = CARTESIAN_POINT('',(5.538489522312,-5.999999933125E-07));
#2626 = CARTESIAN_POINT('',(5.538489522312,28.0000006));
#2627 = ( GEOMETRIC_REPRESENTATION_CONTEXT(2) 
PARAMETRIC_REPRESENTATION_CONTEXT() REPRESENTATION_CONTEXT('2D SPACE',''
  ) );
#2628 = PCURVE('',#2629,#2634);
#2629 = PLANE('',#2630);
#2630 = AXIS2_PLACEMENT_3D('',#2631,#2632,#2633);
#2631 = CARTESIAN_POINT('',(-165.,91.5,23.));
#2632 = DIRECTION('',(1.,0.,-0.));
#2633 = DIRECTION('',(0.,0.,1.));
#2634 = DEFINITIONAL_REPRESENTATION('',(#2635),#2638);
#2635 = B_SPLINE_CURVE_WITH_KNOTS('',1,(#2636,#2637),.UNSPECIFIED.,.F.,
  .F.,(2,2),(-5.999999928008E-07,28.0000006),.PIECEWISE_BEZIER_KNOTS.);
#2636 = CARTESIAN_POINT('',(5.695656275639,-26.0000006));
#2637 = CARTESIAN_POINT('',(5.695656275639,2.0000006));
#2638 = ( GEOMETRIC_REPRESENTATION_CONTEXT(2) 
PARAMETRIC_REPRESENTATION_CONTEXT() REPRESENTATION_CONTEXT('2D SPACE',''
  ) );
#2639 = ORIENTED_EDGE('',*,*,#2640,.F.);
#2640 = EDGE_CURVE('',#2641,#2615,#2643,.T.);
#2641 = VERTEX_POINT('',#2642);
#2642 = CARTESIAN_POINT('',(-170.,91.5,28.69565627564));
#2643 = SURFACE_CURVE('',#2644,(#2649,#2656),.PCURVE_S1.);
#2644 = CIRCLE('',#2645,3.4);
#2645 = AXIS2_PLACEMENT_3D('',#2646,#2647,#2648);
#2646 = CARTESIAN_POINT('',(-167.5,91.5,31.));
#2647 = DIRECTION('',(0.,-1.,2.22044604925E-16));
#2648 = DIRECTION('',(1.,0.,0.));
#2649 = PCURVE('',#1014,#2650);
#2650 = DEFINITIONAL_REPRESENTATION('',(#2651),#2655);
#2651 = LINE('',#2652,#2653);
#2652 = CARTESIAN_POINT('',(0.,26.));
#2653 = VECTOR('',#2654,1.);
#2654 = DIRECTION('',(1.,0.));
#2655 = ( GEOMETRIC_REPRESENTATION_CONTEXT(2) 
PARAMETRIC_REPRESENTATION_CONTEXT() REPRESENTATION_CONTEXT('2D SPACE',''
  ) );
#2656 = PCURVE('',#2657,#2662);
#2657 = PLANE('',#2658);
#2658 = AXIS2_PLACEMENT_3D('',#2659,#2660,#2661);
#2659 = CARTESIAN_POINT('',(-170.,91.5,23.));
#2660 = DIRECTION('',(-0.,1.,0.));
#2661 = DIRECTION('',(0.,0.,1.));
#2662 = DEFINITIONAL_REPRESENTATION('',(#2663),#2671);
#2663 = ( BOUNDED_CURVE() B_SPLINE_CURVE(2,(#2664,#2665,#2666,#2667,
#2668,#2669,#2670),.UNSPECIFIED.,.T.,.F.) B_SPLINE_CURVE_WITH_KNOTS((1,2
    ,2,2,2,1),(-2.094395102393,0.,2.094395102393,4.188790204786,
6.28318530718,8.377580409573),.UNSPECIFIED.) CURVE() 
GEOMETRIC_REPRESENTATION_ITEM() RATIONAL_B_SPLINE_CURVE((1.,0.5,1.,0.5,
1.,0.5,1.)) REPRESENTATION_ITEM('') );
#2664 = CARTESIAN_POINT('',(8.,5.9));
#2665 = CARTESIAN_POINT('',(13.888972745734,5.9));
#2666 = CARTESIAN_POINT('',(10.944486372867,0.8));
#2667 = CARTESIAN_POINT('',(8.,-4.3));
#2668 = CARTESIAN_POINT('',(5.055513627133,0.8));
#2669 = CARTESIAN_POINT('',(2.111027254266,5.9));
#2670 = CARTESIAN_POINT('',(8.,5.9));
#2671 = ( GEOMETRIC_REPRESENTATION_CONTEXT(2) 
PARAMETRIC_REPRESENTATION_CONTEXT() REPRESENTATION_CONTEXT('2D SPACE',''
  ) );
#2672 = ORIENTED_EDGE('',*,*,#2673,.T.);
#2673 = EDGE_CURVE('',#2641,#2489,#2674,.T.);
#2674 = SURFACE_CURVE('',#2675,(#2679,#2685),.PCURVE_S1.);
#2675 = LINE('',#2676,#2677);
#2676 = CARTESIAN_POINT('',(-170.,117.5,28.695656275639));
#2677 = VECTOR('',#2678,1.);
#2678 = DIRECTION('',(0.,-1.,2.22044604925E-16));
#2679 = PCURVE('',#1014,#2680);
#2680 = DEFINITIONAL_REPRESENTATION('',(#2681),#2684);
#2681 = B_SPLINE_CURVE_WITH_KNOTS('',1,(#2682,#2683),.UNSPECIFIED.,.F.,
  .F.,(2,2),(-5.999999928008E-07,28.0000006),.PIECEWISE_BEZIER_KNOTS.);
#2682 = CARTESIAN_POINT('',(3.886288438458,-5.999999933125E-07));
#2683 = CARTESIAN_POINT('',(3.886288438458,28.0000006));
#2684 = ( GEOMETRIC_REPRESENTATION_CONTEXT(2) 
PARAMETRIC_REPRESENTATION_CONTEXT() REPRESENTATION_CONTEXT('2D SPACE',''
  ) );
#2685 = PCURVE('',#860,#2686);
#2686 = DEFINITIONAL_REPRESENTATION('',(#2687),#2690);
#2687 = B_SPLINE_CURVE_WITH_KNOTS('',1,(#2688,#2689),.UNSPECIFIED.,.F.,
  .F.,(2,2),(-5.999999928008E-07,28.0000006),.PIECEWISE_BEZIER_KNOTS.);
#2688 = CARTESIAN_POINT('',(245.0000006,-21.49565627563));
#2689 = CARTESIAN_POINT('',(216.9999994,-21.49565627563));
#2690 = ( GEOMETRIC_REPRESENTATION_CONTEXT(2) 
PARAMETRIC_REPRESENTATION_CONTEXT() REPRESENTATION_CONTEXT('2D SPACE',''
  ) );
#2691 = ADVANCED_FACE('',(#2692),#2598,.T.);
#2692 = FACE_BOUND('',#2693,.T.);
#2693 = EDGE_LOOP('',(#2694,#2717,#2745,#2766));
#2694 = ORIENTED_EDGE('',*,*,#2695,.F.);
#2695 = EDGE_CURVE('',#2696,#2582,#2698,.T.);
#2696 = VERTEX_POINT('',#2697);
#2697 = CARTESIAN_POINT('',(-165.,115.5,23.));
#2698 = SURFACE_CURVE('',#2699,(#2703,#2710),.PCURVE_S1.);
#2699 = LINE('',#2700,#2701);
#2700 = CARTESIAN_POINT('',(-165.,115.5,23.));
#2701 = VECTOR('',#2702,1.);
#2702 = DIRECTION('',(0.,0.,1.));
#2703 = PCURVE('',#2598,#2704);
#2704 = DEFINITIONAL_REPRESENTATION('',(#2705),#2709);
#2705 = LINE('',#2706,#2707);
#2706 = CARTESIAN_POINT('',(0.,5.));
#2707 = VECTOR('',#2708,1.);
#2708 = DIRECTION('',(1.,0.));
#2709 = ( GEOMETRIC_REPRESENTATION_CONTEXT(2) 
PARAMETRIC_REPRESENTATION_CONTEXT() REPRESENTATION_CONTEXT('2D SPACE',''
  ) );
#2710 = PCURVE('',#2629,#2711);
#2711 = DEFINITIONAL_REPRESENTATION('',(#2712),#2716);
#2712 = LINE('',#2713,#2714);
#2713 = CARTESIAN_POINT('',(0.,-24.));
#2714 = VECTOR('',#2715,1.);
#2715 = DIRECTION('',(1.,0.));
#2716 = ( GEOMETRIC_REPRESENTATION_CONTEXT(2) 
PARAMETRIC_REPRESENTATION_CONTEXT() REPRESENTATION_CONTEXT('2D SPACE',''
  ) );
#2717 = ORIENTED_EDGE('',*,*,#2718,.F.);
#2718 = EDGE_CURVE('',#2719,#2696,#2721,.T.);
#2719 = VERTEX_POINT('',#2720);
#2720 = CARTESIAN_POINT('',(-170.,115.5,23.));
#2721 = SURFACE_CURVE('',#2722,(#2726,#2733),.PCURVE_S1.);
#2722 = LINE('',#2723,#2724);
#2723 = CARTESIAN_POINT('',(-170.,115.5,23.));
#2724 = VECTOR('',#2725,1.);
#2725 = DIRECTION('',(1.,0.,-0.));
#2726 = PCURVE('',#2598,#2727);
#2727 = DEFINITIONAL_REPRESENTATION('',(#2728),#2732);
#2728 = LINE('',#2729,#2730);
#2729 = CARTESIAN_POINT('',(0.,0.));
#2730 = VECTOR('',#2731,1.);
#2731 = DIRECTION('',(0.,1.));
#2732 = ( GEOMETRIC_REPRESENTATION_CONTEXT(2) 
PARAMETRIC_REPRESENTATION_CONTEXT() REPRESENTATION_CONTEXT('2D SPACE',''
  ) );
#2733 = PCURVE('',#2734,#2739);
#2734 = PLANE('',#2735);
#2735 = AXIS2_PLACEMENT_3D('',#2736,#2737,#2738);
#2736 = CARTESIAN_POINT('',(-170.,91.5,23.));
#2737 = DIRECTION('',(0.,0.,1.));
#2738 = DIRECTION('',(1.,0.,-0.));
#2739 = DEFINITIONAL_REPRESENTATION('',(#2740),#2744);
#2740 = LINE('',#2741,#2742);
#2741 = CARTESIAN_POINT('',(0.,24.));
#2742 = VECTOR('',#2743,1.);
#2743 = DIRECTION('',(1.,0.));
#2744 = ( GEOMETRIC_REPRESENTATION_CONTEXT(2) 
PARAMETRIC_REPRESENTATION_CONTEXT() REPRESENTATION_CONTEXT('2D SPACE',''
  ) );
#2745 = ORIENTED_EDGE('',*,*,#2746,.T.);
#2746 = EDGE_CURVE('',#2719,#2561,#2747,.T.);
#2747 = SURFACE_CURVE('',#2748,(#2752,#2759),.PCURVE_S1.);
#2748 = LINE('',#2749,#2750);
#2749 = CARTESIAN_POINT('',(-170.,115.5,23.));
#2750 = VECTOR('',#2751,1.);
#2751 = DIRECTION('',(0.,0.,1.));
#2752 = PCURVE('',#2598,#2753);
#2753 = DEFINITIONAL_REPRESENTATION('',(#2754),#2758);
#2754 = LINE('',#2755,#2756);
#2755 = CARTESIAN_POINT('',(0.,0.));
#2756 = VECTOR('',#2757,1.);
#2757 = DIRECTION('',(1.,0.));
#2758 = ( GEOMETRIC_REPRESENTATION_CONTEXT(2) 
PARAMETRIC_REPRESENTATION_CONTEXT() REPRESENTATION_CONTEXT('2D SPACE',''
  ) );
#2759 = PCURVE('',#860,#2760);
#2760 = DEFINITIONAL_REPRESENTATION('',(#2761),#2765);
#2761 = LINE('',#2762,#2763);
#2762 = CARTESIAN_POINT('',(243.,-15.8));
#2763 = VECTOR('',#2764,1.);
#2764 = DIRECTION('',(0.,-1.));
#2765 = ( GEOMETRIC_REPRESENTATION_CONTEXT(2) 
PARAMETRIC_REPRESENTATION_CONTEXT() REPRESENTATION_CONTEXT('2D SPACE',''
  ) );
#2766 = ORIENTED_EDGE('',*,*,#2581,.T.);
#2767 = ADVANCED_FACE('',(#2768),#2734,.F.);
#2768 = FACE_BOUND('',#2769,.F.);
#2769 = EDGE_LOOP('',(#2770,#2793,#2816,#2837));
#2770 = ORIENTED_EDGE('',*,*,#2771,.F.);
#2771 = EDGE_CURVE('',#2772,#2719,#2774,.T.);
#2772 = VERTEX_POINT('',#2773);
#2773 = CARTESIAN_POINT('',(-170.,91.5,23.));
#2774 = SURFACE_CURVE('',#2775,(#2779,#2786),.PCURVE_S1.);
#2775 = LINE('',#2776,#2777);
#2776 = CARTESIAN_POINT('',(-170.,91.5,23.));
#2777 = VECTOR('',#2778,1.);
#2778 = DIRECTION('',(-0.,1.,0.));
#2779 = PCURVE('',#2734,#2780);
#2780 = DEFINITIONAL_REPRESENTATION('',(#2781),#2785);
#2781 = LINE('',#2782,#2783);
#2782 = CARTESIAN_POINT('',(0.,0.));
#2783 = VECTOR('',#2784,1.);
#2784 = DIRECTION('',(0.,1.));
#2785 = ( GEOMETRIC_REPRESENTATION_CONTEXT(2) 
PARAMETRIC_REPRESENTATION_CONTEXT() REPRESENTATION_CONTEXT('2D SPACE',''
  ) );
#2786 = PCURVE('',#860,#2787);
#2787 = DEFINITIONAL_REPRESENTATION('',(#2788),#2792);
#2788 = LINE('',#2789,#2790);
#2789 = CARTESIAN_POINT('',(219.,-15.8));
#2790 = VECTOR('',#2791,1.);
#2791 = DIRECTION('',(1.,0.));
#2792 = ( GEOMETRIC_REPRESENTATION_CONTEXT(2) 
PARAMETRIC_REPRESENTATION_CONTEXT() REPRESENTATION_CONTEXT('2D SPACE',''
  ) );
#2793 = ORIENTED_EDGE('',*,*,#2794,.T.);
#2794 = EDGE_CURVE('',#2772,#2795,#2797,.T.);
#2795 = VERTEX_POINT('',#2796);
#2796 = CARTESIAN_POINT('',(-165.,91.5,23.));
#2797 = SURFACE_CURVE('',#2798,(#2802,#2809),.PCURVE_S1.);
#2798 = LINE('',#2799,#2800);
#2799 = CARTESIAN_POINT('',(-170.,91.5,23.));
#2800 = VECTOR('',#2801,1.);
#2801 = DIRECTION('',(1.,0.,-0.));
#2802 = PCURVE('',#2734,#2803);
#2803 = DEFINITIONAL_REPRESENTATION('',(#2804),#2808);
#2804 = LINE('',#2805,#2806);
#2805 = CARTESIAN_POINT('',(0.,0.));
#2806 = VECTOR('',#2807,1.);
#2807 = DIRECTION('',(1.,0.));
#2808 = ( GEOMETRIC_REPRESENTATION_CONTEXT(2) 
PARAMETRIC_REPRESENTATION_CONTEXT() REPRESENTATION_CONTEXT('2D SPACE',''
  ) );
#2809 = PCURVE('',#2657,#2810);
#2810 = DEFINITIONAL_REPRESENTATION('',(#2811),#2815);
#2811 = LINE('',#2812,#2813);
#2812 = CARTESIAN_POINT('',(0.,0.));
#2813 = VECTOR('',#2814,1.);
#2814 = DIRECTION('',(0.,1.));
#2815 = ( GEOMETRIC_REPRESENTATION_CONTEXT(2) 
PARAMETRIC_REPRESENTATION_CONTEXT() REPRESENTATION_CONTEXT('2D SPACE',''
  ) );
#2816 = ORIENTED_EDGE('',*,*,#2817,.T.);
#2817 = EDGE_CURVE('',#2795,#2696,#2818,.T.);
#2818 = SURFACE_CURVE('',#2819,(#2823,#2830),.PCURVE_S1.);
#2819 = LINE('',#2820,#2821);
#2820 = CARTESIAN_POINT('',(-165.,91.5,23.));
#2821 = VECTOR('',#2822,1.);
#2822 = DIRECTION('',(-0.,1.,0.));
#2823 = PCURVE('',#2734,#2824);
#2824 = DEFINITIONAL_REPRESENTATION('',(#2825),#2829);
#2825 = LINE('',#2826,#2827);
#2826 = CARTESIAN_POINT('',(5.,0.));
#2827 = VECTOR('',#2828,1.);
#2828 = DIRECTION('',(0.,1.));
#2829 = ( GEOMETRIC_REPRESENTATION_CONTEXT(2) 
PARAMETRIC_REPRESENTATION_CONTEXT() REPRESENTATION_CONTEXT('2D SPACE',''
  ) );
#2830 = PCURVE('',#2629,#2831);
#2831 = DEFINITIONAL_REPRESENTATION('',(#2832),#2836);
#2832 = LINE('',#2833,#2834);
#2833 = CARTESIAN_POINT('',(0.,0.));
#2834 = VECTOR('',#2835,1.);
#2835 = DIRECTION('',(0.,-1.));
#2836 = ( GEOMETRIC_REPRESENTATION_CONTEXT(2) 
PARAMETRIC_REPRESENTATION_CONTEXT() REPRESENTATION_CONTEXT('2D SPACE',''
  ) );
#2837 = ORIENTED_EDGE('',*,*,#2718,.F.);
#2838 = ADVANCED_FACE('',(#2839),#2629,.T.);
#2839 = FACE_BOUND('',#2840,.T.);
#2840 = EDGE_LOOP('',(#2841,#2862,#2863,#2864));
#2841 = ORIENTED_EDGE('',*,*,#2842,.F.);
#2842 = EDGE_CURVE('',#2795,#2615,#2843,.T.);
#2843 = SURFACE_CURVE('',#2844,(#2848,#2855),.PCURVE_S1.);
#2844 = LINE('',#2845,#2846);
#2845 = CARTESIAN_POINT('',(-165.,91.5,23.));
#2846 = VECTOR('',#2847,1.);
#2847 = DIRECTION('',(0.,0.,1.));
#2848 = PCURVE('',#2629,#2849);
#2849 = DEFINITIONAL_REPRESENTATION('',(#2850),#2854);
#2850 = LINE('',#2851,#2852);
#2851 = CARTESIAN_POINT('',(0.,0.));
#2852 = VECTOR('',#2853,1.);
#2853 = DIRECTION('',(1.,0.));
#2854 = ( GEOMETRIC_REPRESENTATION_CONTEXT(2) 
PARAMETRIC_REPRESENTATION_CONTEXT() REPRESENTATION_CONTEXT('2D SPACE',''
  ) );
#2855 = PCURVE('',#2657,#2856);
#2856 = DEFINITIONAL_REPRESENTATION('',(#2857),#2861);
#2857 = LINE('',#2858,#2859);
#2858 = CARTESIAN_POINT('',(0.,5.));
#2859 = VECTOR('',#2860,1.);
#2860 = DIRECTION('',(1.,0.));
#2861 = ( GEOMETRIC_REPRESENTATION_CONTEXT(2) 
PARAMETRIC_REPRESENTATION_CONTEXT() REPRESENTATION_CONTEXT('2D SPACE',''
  ) );
#2862 = ORIENTED_EDGE('',*,*,#2817,.T.);
#2863 = ORIENTED_EDGE('',*,*,#2695,.T.);
#2864 = ORIENTED_EDGE('',*,*,#2614,.T.);
#2865 = ADVANCED_FACE('',(#2866),#2657,.F.);
#2866 = FACE_BOUND('',#2867,.F.);
#2867 = EDGE_LOOP('',(#2868,#2869,#2870,#2891));
#2868 = ORIENTED_EDGE('',*,*,#2842,.F.);
#2869 = ORIENTED_EDGE('',*,*,#2794,.F.);
#2870 = ORIENTED_EDGE('',*,*,#2871,.T.);
#2871 = EDGE_CURVE('',#2772,#2641,#2872,.T.);
#2872 = SURFACE_CURVE('',#2873,(#2877,#2884),.PCURVE_S1.);
#2873 = LINE('',#2874,#2875);
#2874 = CARTESIAN_POINT('',(-170.,91.5,23.));
#2875 = VECTOR('',#2876,1.);
#2876 = DIRECTION('',(0.,0.,1.));
#2877 = PCURVE('',#2657,#2878);
#2878 = DEFINITIONAL_REPRESENTATION('',(#2879),#2883);
#2879 = LINE('',#2880,#2881);
#2880 = CARTESIAN_POINT('',(0.,0.));
#2881 = VECTOR('',#2882,1.);
#2882 = DIRECTION('',(1.,0.));
#2883 = ( GEOMETRIC_REPRESENTATION_CONTEXT(2) 
PARAMETRIC_REPRESENTATION_CONTEXT() REPRESENTATION_CONTEXT('2D SPACE',''
  ) );
#2884 = PCURVE('',#860,#2885);
#2885 = DEFINITIONAL_REPRESENTATION('',(#2886),#2890);
#2886 = LINE('',#2887,#2888);
#2887 = CARTESIAN_POINT('',(219.,-15.8));
#2888 = VECTOR('',#2889,1.);
#2889 = DIRECTION('',(0.,-1.));
#2890 = ( GEOMETRIC_REPRESENTATION_CONTEXT(2) 
PARAMETRIC_REPRESENTATION_CONTEXT() REPRESENTATION_CONTEXT('2D SPACE',''
  ) );
#2891 = ORIENTED_EDGE('',*,*,#2640,.T.);
#2892 = ADVANCED_FACE('',(#2893),#1040,.T.);
#2893 = FACE_BOUND('',#2894,.T.);
#2894 = EDGE_LOOP('',(#2895,#2896,#2897));
#2895 = ORIENTED_EDGE('',*,*,#1025,.F.);
#2896 = ORIENTED_EDGE('',*,*,#2536,.T.);
#2897 = ORIENTED_EDGE('',*,*,#2898,.T.);
#2898 = EDGE_CURVE('',#2537,#1026,#2899,.T.);
#2899 = SURFACE_CURVE('',#2900,(#2904,#2910),.PCURVE_S1.);
#2900 = LINE('',#2901,#2902);
#2901 = CARTESIAN_POINT('',(-170.,117.5,19.1));
#2902 = VECTOR('',#2903,1.);
#2903 = DIRECTION('',(0.,2.22044604925E-16,1.));
#2904 = PCURVE('',#1040,#2905);
#2905 = DEFINITIONAL_REPRESENTATION('',(#2906),#2909);
#2906 = B_SPLINE_CURVE_WITH_KNOTS('',1,(#2907,#2908),.UNSPECIFIED.,.F.,
  .F.,(2,2),(8.5,10.9),.PIECEWISE_BEZIER_KNOTS.);
#2907 = CARTESIAN_POINT('',(-2.5,-3.4));
#2908 = CARTESIAN_POINT('',(-2.5,-1.));
#2909 = ( GEOMETRIC_REPRESENTATION_CONTEXT(2) 
PARAMETRIC_REPRESENTATION_CONTEXT() REPRESENTATION_CONTEXT('2D SPACE',''
  ) );
#2910 = PCURVE('',#860,#2911);
#2911 = DEFINITIONAL_REPRESENTATION('',(#2912),#2915);
#2912 = B_SPLINE_CURVE_WITH_KNOTS('',1,(#2913,#2914),.UNSPECIFIED.,.F.,
  .F.,(2,2),(8.5,10.9),.PIECEWISE_BEZIER_KNOTS.);
#2913 = CARTESIAN_POINT('',(245.,-20.4));
#2914 = CARTESIAN_POINT('',(245.,-22.8));
#2915 = ( GEOMETRIC_REPRESENTATION_CONTEXT(2) 
PARAMETRIC_REPRESENTATION_CONTEXT() REPRESENTATION_CONTEXT('2D SPACE',''
  ) );
#2916 = ADVANCED_FACE('',(#2917),#860,.F.);
#2917 = FACE_BOUND('',#2918,.F.);
#2918 = EDGE_LOOP('',(#2919,#2949,#2970,#2971,#2972,#2973,#2974,#2975,
    #2976,#2977,#2978,#2979,#2980,#2981,#2982,#2983,#2984,#2985,#2986,
    #2987));
#2919 = ORIENTED_EDGE('',*,*,#2920,.F.);
#2920 = EDGE_CURVE('',#2921,#2923,#2925,.T.);
#2921 = VERTEX_POINT('',#2922);
#2922 = CARTESIAN_POINT('',(-170.,-127.5,7.2));
#2923 = VERTEX_POINT('',#2924);
#2924 = CARTESIAN_POINT('',(-170.,127.49999996295,7.2));
#2925 = SURFACE_CURVE('',#2926,(#2930,#2937),.PCURVE_S1.);
#2926 = LINE('',#2927,#2928);
#2927 = CARTESIAN_POINT('',(-170.,6.110667527537E-12,7.2));
#2928 = VECTOR('',#2929,1.);
#2929 = DIRECTION('',(0.,1.,0.));
#2930 = PCURVE('',#860,#2931);
#2931 = DEFINITIONAL_REPRESENTATION('',(#2932),#2936);
#2932 = LINE('',#2933,#2934);
#2933 = CARTESIAN_POINT('',(127.50000000001,0.));
#2934 = VECTOR('',#2935,1.);
#2935 = DIRECTION('',(1.,0.));
#2936 = ( GEOMETRIC_REPRESENTATION_CONTEXT(2) 
PARAMETRIC_REPRESENTATION_CONTEXT() REPRESENTATION_CONTEXT('2D SPACE',''
  ) );
#2937 = PCURVE('',#2938,#2943);
#2938 = PLANE('',#2939);
#2939 = AXIS2_PLACEMENT_3D('',#2940,#2941,#2942);
#2940 = CARTESIAN_POINT('',(5.321867993717E-15,-8.938744213543E-09,7.2)
  );
#2941 = DIRECTION('',(0.,0.,1.));
#2942 = DIRECTION('',(1.,0.,-0.));
#2943 = DEFINITIONAL_REPRESENTATION('',(#2944),#2948);
#2944 = LINE('',#2945,#2946);
#2945 = CARTESIAN_POINT('',(-170.,8.94485488107E-09));
#2946 = VECTOR('',#2947,1.);
#2947 = DIRECTION('',(0.,1.));
#2948 = ( GEOMETRIC_REPRESENTATION_CONTEXT(2) 
PARAMETRIC_REPRESENTATION_CONTEXT() REPRESENTATION_CONTEXT('2D SPACE',''
  ) );
#2949 = ORIENTED_EDGE('',*,*,#2950,.T.);
#2950 = EDGE_CURVE('',#2921,#814,#2951,.T.);
#2951 = SURFACE_CURVE('',#2952,(#2956,#2963),.PCURVE_S1.);
#2952 = LINE('',#2953,#2954);
#2953 = CARTESIAN_POINT('',(-170.,-127.5,7.2));
#2954 = VECTOR('',#2955,1.);
#2955 = DIRECTION('',(0.,0.,1.));
#2956 = PCURVE('',#860,#2957);
#2957 = DEFINITIONAL_REPRESENTATION('',(#2958),#2962);
#2958 = LINE('',#2959,#2960);
#2959 = CARTESIAN_POINT('',(0.,0.));
#2960 = VECTOR('',#2961,1.);
#2961 = DIRECTION('',(0.,-1.));
#2962 = ( GEOMETRIC_REPRESENTATION_CONTEXT(2) 
PARAMETRIC_REPRESENTATION_CONTEXT() REPRESENTATION_CONTEXT('2D SPACE',''
  ) );
#2963 = PCURVE('',#832,#2964);
#2964 = DEFINITIONAL_REPRESENTATION('',(#2965),#2969);
#2965 = LINE('',#2966,#2967);
#2966 = CARTESIAN_POINT('',(-3.14159265359,0.));
#2967 = VECTOR('',#2968,1.);
#2968 = DIRECTION('',(-0.,-1.));
#2969 = ( GEOMETRIC_REPRESENTATION_CONTEXT(2) 
PARAMETRIC_REPRESENTATION_CONTEXT() REPRESENTATION_CONTEXT('2D SPACE',''
  ) );
#2970 = ORIENTED_EDGE('',*,*,#844,.T.);
#2971 = ORIENTED_EDGE('',*,*,#2079,.F.);
#2972 = ORIENTED_EDGE('',*,*,#2240,.F.);
#2973 = ORIENTED_EDGE('',*,*,#2438,.F.);
#2974 = ORIENTED_EDGE('',*,*,#2338,.T.);
#2975 = ORIENTED_EDGE('',*,*,#2313,.T.);
#2976 = ORIENTED_EDGE('',*,*,#2127,.F.);
#2977 = ORIENTED_EDGE('',*,*,#2465,.T.);
#2978 = ORIENTED_EDGE('',*,*,#950,.T.);
#2979 = ORIENTED_EDGE('',*,*,#2512,.F.);
#2980 = ORIENTED_EDGE('',*,*,#2673,.F.);
#2981 = ORIENTED_EDGE('',*,*,#2871,.F.);
#2982 = ORIENTED_EDGE('',*,*,#2771,.T.);
#2983 = ORIENTED_EDGE('',*,*,#2746,.T.);
#2984 = ORIENTED_EDGE('',*,*,#2560,.F.);
#2985 = ORIENTED_EDGE('',*,*,#2898,.T.);
#2986 = ORIENTED_EDGE('',*,*,#1051,.T.);
#2987 = ORIENTED_EDGE('',*,*,#2988,.F.);
#2988 = EDGE_CURVE('',#2923,#1052,#2989,.T.);
#2989 = SURFACE_CURVE('',#2990,(#2994,#3001),.PCURVE_S1.);
#2990 = LINE('',#2991,#2992);
#2991 = CARTESIAN_POINT('',(-170.,127.49999996295,7.2));
#2992 = VECTOR('',#2993,1.);
#2993 = DIRECTION('',(0.,0.,1.));
#2994 = PCURVE('',#860,#2995);
#2995 = DEFINITIONAL_REPRESENTATION('',(#2996),#3000);
#2996 = LINE('',#2997,#2998);
#2997 = CARTESIAN_POINT('',(254.99999996295,0.));
#2998 = VECTOR('',#2999,1.);
#2999 = DIRECTION('',(0.,-1.));
#3000 = ( GEOMETRIC_REPRESENTATION_CONTEXT(2) 
PARAMETRIC_REPRESENTATION_CONTEXT() REPRESENTATION_CONTEXT('2D SPACE',''
  ) );
#3001 = PCURVE('',#1091,#3002);
#3002 = DEFINITIONAL_REPRESENTATION('',(#3003),#3007);
#3003 = LINE('',#3004,#3005);
#3004 = CARTESIAN_POINT('',(-3.14159265359,0.));
#3005 = VECTOR('',#3006,1.);
#3006 = DIRECTION('',(-0.,-1.));
#3007 = ( GEOMETRIC_REPRESENTATION_CONTEXT(2) 
PARAMETRIC_REPRESENTATION_CONTEXT() REPRESENTATION_CONTEXT('2D SPACE',''
  ) );
#3008 = ADVANCED_FACE('',(#3009),#2938,.T.);
#3009 = FACE_BOUND('',#3010,.T.);
#3010 = EDGE_LOOP('',(#3011,#3012,#3036,#3059,#3083,#3106,#3130,#3153));
#3011 = ORIENTED_EDGE('',*,*,#2920,.F.);
#3012 = ORIENTED_EDGE('',*,*,#3013,.T.);
#3013 = EDGE_CURVE('',#2921,#3014,#3016,.T.);
#3014 = VERTEX_POINT('',#3015);
#3015 = CARTESIAN_POINT('',(-157.5,-140.,7.2));
#3016 = SURFACE_CURVE('',#3017,(#3022,#3029),.PCURVE_S1.);
#3017 = CIRCLE('',#3018,12.5);
#3018 = AXIS2_PLACEMENT_3D('',#3019,#3020,#3021);
#3019 = CARTESIAN_POINT('',(-157.5,-127.5,7.2));
#3020 = DIRECTION('',(0.,0.,1.));
#3021 = DIRECTION('',(1.,0.,0.));
#3022 = PCURVE('',#2938,#3023);
#3023 = DEFINITIONAL_REPRESENTATION('',(#3024),#3028);
#3024 = CIRCLE('',#3025,12.5);
#3025 = AXIS2_PLACEMENT_2D('',#3026,#3027);
#3026 = CARTESIAN_POINT('',(-157.5,-127.499999991));
#3027 = DIRECTION('',(1.,0.));
#3028 = ( GEOMETRIC_REPRESENTATION_CONTEXT(2) 
PARAMETRIC_REPRESENTATION_CONTEXT() REPRESENTATION_CONTEXT('2D SPACE',''
  ) );
#3029 = PCURVE('',#832,#3030);
#3030 = DEFINITIONAL_REPRESENTATION('',(#3031),#3035);
#3031 = LINE('',#3032,#3033);
#3032 = CARTESIAN_POINT('',(-0.,0.));
#3033 = VECTOR('',#3034,1.);
#3034 = DIRECTION('',(-1.,0.));
#3035 = ( GEOMETRIC_REPRESENTATION_CONTEXT(2) 
PARAMETRIC_REPRESENTATION_CONTEXT() REPRESENTATION_CONTEXT('2D SPACE',''
  ) );
#3036 = ORIENTED_EDGE('',*,*,#3037,.T.);
#3037 = EDGE_CURVE('',#3014,#3038,#3040,.T.);
#3038 = VERTEX_POINT('',#3039);
#3039 = CARTESIAN_POINT('',(157.5,-140.,7.2));
#3040 = SURFACE_CURVE('',#3041,(#3045,#3052),.PCURVE_S1.);
#3041 = LINE('',#3042,#3043);
#3042 = CARTESIAN_POINT('',(0.,-139.9999999999,7.2));
#3043 = VECTOR('',#3044,1.);
#3044 = DIRECTION('',(1.,0.,0.));
#3045 = PCURVE('',#2938,#3046);
#3046 = DEFINITIONAL_REPRESENTATION('',(#3047),#3051);
#3047 = LINE('',#3048,#3049);
#3048 = CARTESIAN_POINT('',(-5.321867993717E-15,-139.999999991));
#3049 = VECTOR('',#3050,1.);
#3050 = DIRECTION('',(1.,0.));
#3051 = ( GEOMETRIC_REPRESENTATION_CONTEXT(2) 
PARAMETRIC_REPRESENTATION_CONTEXT() REPRESENTATION_CONTEXT('2D SPACE',''
  ) );
#3052 = PCURVE('',#1738,#3053);
#3053 = DEFINITIONAL_REPRESENTATION('',(#3054),#3058);
#3054 = LINE('',#3055,#3056);
#3055 = CARTESIAN_POINT('',(157.5,0.));
#3056 = VECTOR('',#3057,1.);
#3057 = DIRECTION('',(1.,0.));
#3058 = ( GEOMETRIC_REPRESENTATION_CONTEXT(2) 
PARAMETRIC_REPRESENTATION_CONTEXT() REPRESENTATION_CONTEXT('2D SPACE',''
  ) );
#3059 = ORIENTED_EDGE('',*,*,#3060,.T.);
#3060 = EDGE_CURVE('',#3038,#3061,#3063,.T.);
#3061 = VERTEX_POINT('',#3062);
#3062 = CARTESIAN_POINT('',(170.,-127.5,7.2));
#3063 = SURFACE_CURVE('',#3064,(#3069,#3076),.PCURVE_S1.);
#3064 = CIRCLE('',#3065,12.5);
#3065 = AXIS2_PLACEMENT_3D('',#3066,#3067,#3068);
#3066 = CARTESIAN_POINT('',(157.5,-127.5,7.2));
#3067 = DIRECTION('',(0.,0.,1.));
#3068 = DIRECTION('',(1.,0.,0.));
#3069 = PCURVE('',#2938,#3070);
#3070 = DEFINITIONAL_REPRESENTATION('',(#3071),#3075);
#3071 = CIRCLE('',#3072,12.5);
#3072 = AXIS2_PLACEMENT_2D('',#3073,#3074);
#3073 = CARTESIAN_POINT('',(157.5,-127.499999991));
#3074 = DIRECTION('',(1.,0.));
#3075 = ( GEOMETRIC_REPRESENTATION_CONTEXT(2) 
PARAMETRIC_REPRESENTATION_CONTEXT() REPRESENTATION_CONTEXT('2D SPACE',''
  ) );
#3076 = PCURVE('',#1710,#3077);
#3077 = DEFINITIONAL_REPRESENTATION('',(#3078),#3082);
#3078 = LINE('',#3079,#3080);
#3079 = CARTESIAN_POINT('',(-0.,0.));
#3080 = VECTOR('',#3081,1.);
#3081 = DIRECTION('',(-1.,0.));
#3082 = ( GEOMETRIC_REPRESENTATION_CONTEXT(2) 
PARAMETRIC_REPRESENTATION_CONTEXT() REPRESENTATION_CONTEXT('2D SPACE',''
  ) );
#3083 = ORIENTED_EDGE('',*,*,#3084,.T.);
#3084 = EDGE_CURVE('',#3061,#3085,#3087,.T.);
#3085 = VERTEX_POINT('',#3086);
#3086 = CARTESIAN_POINT('',(170.,127.49999996295,7.2));
#3087 = SURFACE_CURVE('',#3088,(#3092,#3099),.PCURVE_S1.);
#3088 = LINE('',#3089,#3090);
#3089 = CARTESIAN_POINT('',(170.,6.110667527537E-12,7.2));
#3090 = VECTOR('',#3091,1.);
#3091 = DIRECTION('',(0.,1.,0.));
#3092 = PCURVE('',#2938,#3093);
#3093 = DEFINITIONAL_REPRESENTATION('',(#3094),#3098);
#3094 = LINE('',#3095,#3096);
#3095 = CARTESIAN_POINT('',(170.,8.94485488107E-09));
#3096 = VECTOR('',#3097,1.);
#3097 = DIRECTION('',(0.,1.));
#3098 = ( GEOMETRIC_REPRESENTATION_CONTEXT(2) 
PARAMETRIC_REPRESENTATION_CONTEXT() REPRESENTATION_CONTEXT('2D SPACE',''
  ) );
#3099 = PCURVE('',#1479,#3100);
#3100 = DEFINITIONAL_REPRESENTATION('',(#3101),#3105);
#3101 = LINE('',#3102,#3103);
#3102 = CARTESIAN_POINT('',(127.50000000001,0.));
#3103 = VECTOR('',#3104,1.);
#3104 = DIRECTION('',(1.,0.));
#3105 = ( GEOMETRIC_REPRESENTATION_CONTEXT(2) 
PARAMETRIC_REPRESENTATION_CONTEXT() REPRESENTATION_CONTEXT('2D SPACE',''
  ) );
#3106 = ORIENTED_EDGE('',*,*,#3107,.T.);
#3107 = EDGE_CURVE('',#3085,#3108,#3110,.T.);
#3108 = VERTEX_POINT('',#3109);
#3109 = CARTESIAN_POINT('',(157.5,139.99999998147,7.2));
#3110 = SURFACE_CURVE('',#3111,(#3116,#3123),.PCURVE_S1.);
#3111 = CIRCLE('',#3112,12.5);
#3112 = AXIS2_PLACEMENT_3D('',#3113,#3114,#3115);
#3113 = CARTESIAN_POINT('',(157.5,127.49999996295,7.2));
#3114 = DIRECTION('',(0.,0.,1.));
#3115 = DIRECTION('',(1.,0.,0.));
#3116 = PCURVE('',#2938,#3117);
#3117 = DEFINITIONAL_REPRESENTATION('',(#3118),#3122);
#3118 = CIRCLE('',#3119,12.5);
#3119 = AXIS2_PLACEMENT_2D('',#3120,#3121);
#3120 = CARTESIAN_POINT('',(157.5,127.49999997188));
#3121 = DIRECTION('',(1.,0.));
#3122 = ( GEOMETRIC_REPRESENTATION_CONTEXT(2) 
PARAMETRIC_REPRESENTATION_CONTEXT() REPRESENTATION_CONTEXT('2D SPACE',''
  ) );
#3123 = PCURVE('',#1451,#3124);
#3124 = DEFINITIONAL_REPRESENTATION('',(#3125),#3129);
#3125 = LINE('',#3126,#3127);
#3126 = CARTESIAN_POINT('',(-0.,0.));
#3127 = VECTOR('',#3128,1.);
#3128 = DIRECTION('',(-1.,0.));
#3129 = ( GEOMETRIC_REPRESENTATION_CONTEXT(2) 
PARAMETRIC_REPRESENTATION_CONTEXT() REPRESENTATION_CONTEXT('2D SPACE',''
  ) );
#3130 = ORIENTED_EDGE('',*,*,#3131,.F.);
#3131 = EDGE_CURVE('',#3132,#3108,#3134,.T.);
#3132 = VERTEX_POINT('',#3133);
#3133 = CARTESIAN_POINT('',(-157.5,139.99999998147,7.2));
#3134 = SURFACE_CURVE('',#3135,(#3139,#3146),.PCURVE_S1.);
#3135 = LINE('',#3136,#3137);
#3136 = CARTESIAN_POINT('',(0.,140.,7.2));
#3137 = VECTOR('',#3138,1.);
#3138 = DIRECTION('',(1.,0.,0.));
#3139 = PCURVE('',#2938,#3140);
#3140 = DEFINITIONAL_REPRESENTATION('',(#3141),#3145);
#3141 = LINE('',#3142,#3143);
#3142 = CARTESIAN_POINT('',(-5.321867993717E-15,140.00000000894));
#3143 = VECTOR('',#3144,1.);
#3144 = DIRECTION('',(1.,0.));
#3145 = ( GEOMETRIC_REPRESENTATION_CONTEXT(2) 
PARAMETRIC_REPRESENTATION_CONTEXT() REPRESENTATION_CONTEXT('2D SPACE',''
  ) );
#3146 = PCURVE('',#1119,#3147);
#3147 = DEFINITIONAL_REPRESENTATION('',(#3148),#3152);
#3148 = LINE('',#3149,#3150);
#3149 = CARTESIAN_POINT('',(157.5,0.));
#3150 = VECTOR('',#3151,1.);
#3151 = DIRECTION('',(1.,0.));
#3152 = ( GEOMETRIC_REPRESENTATION_CONTEXT(2) 
PARAMETRIC_REPRESENTATION_CONTEXT() REPRESENTATION_CONTEXT('2D SPACE',''
  ) );
#3153 = ORIENTED_EDGE('',*,*,#3154,.T.);
#3154 = EDGE_CURVE('',#3132,#2923,#3155,.T.);
#3155 = SURFACE_CURVE('',#3156,(#3161,#3168),.PCURVE_S1.);
#3156 = CIRCLE('',#3157,12.5);
#3157 = AXIS2_PLACEMENT_3D('',#3158,#3159,#3160);
#3158 = CARTESIAN_POINT('',(-157.5,127.49999996295,7.2));
#3159 = DIRECTION('',(0.,0.,1.));
#3160 = DIRECTION('',(1.,0.,0.));
#3161 = PCURVE('',#2938,#3162);
#3162 = DEFINITIONAL_REPRESENTATION('',(#3163),#3167);
#3163 = CIRCLE('',#3164,12.5);
#3164 = AXIS2_PLACEMENT_2D('',#3165,#3166);
#3165 = CARTESIAN_POINT('',(-157.5,127.49999997188));
#3166 = DIRECTION('',(1.,0.));
#3167 = ( GEOMETRIC_REPRESENTATION_CONTEXT(2) 
PARAMETRIC_REPRESENTATION_CONTEXT() REPRESENTATION_CONTEXT('2D SPACE',''
  ) );
#3168 = PCURVE('',#1091,#3169);
#3169 = DEFINITIONAL_REPRESENTATION('',(#3170),#3174);
#3170 = LINE('',#3171,#3172);
#3171 = CARTESIAN_POINT('',(-0.,0.));
#3172 = VECTOR('',#3173,1.);
#3173 = DIRECTION('',(-1.,0.));
#3174 = ( GEOMETRIC_REPRESENTATION_CONTEXT(2) 
PARAMETRIC_REPRESENTATION_CONTEXT() REPRESENTATION_CONTEXT('2D SPACE',''
  ) );
#3175 = ADVANCED_FACE('',(#3176),#1091,.F.);
#3176 = FACE_BOUND('',#3177,.T.);
#3177 = EDGE_LOOP('',(#3178,#3179,#3200,#3201));
#3178 = ORIENTED_EDGE('',*,*,#3154,.F.);
#3179 = ORIENTED_EDGE('',*,*,#3180,.T.);
#3180 = EDGE_CURVE('',#3132,#1075,#3181,.T.);
#3181 = SURFACE_CURVE('',#3182,(#3186,#3193),.PCURVE_S1.);
#3182 = LINE('',#3183,#3184);
#3183 = CARTESIAN_POINT('',(-157.5,139.99999998147,7.2));
#3184 = VECTOR('',#3185,1.);
#3185 = DIRECTION('',(0.,0.,1.));
#3186 = PCURVE('',#1091,#3187);
#3187 = DEFINITIONAL_REPRESENTATION('',(#3188),#3192);
#3188 = LINE('',#3189,#3190);
#3189 = CARTESIAN_POINT('',(-1.570796326795,0.));
#3190 = VECTOR('',#3191,1.);
#3191 = DIRECTION('',(-0.,-1.));
#3192 = ( GEOMETRIC_REPRESENTATION_CONTEXT(2) 
PARAMETRIC_REPRESENTATION_CONTEXT() REPRESENTATION_CONTEXT('2D SPACE',''
  ) );
#3193 = PCURVE('',#1119,#3194);
#3194 = DEFINITIONAL_REPRESENTATION('',(#3195),#3199);
#3195 = LINE('',#3196,#3197);
#3196 = CARTESIAN_POINT('',(0.,0.));
#3197 = VECTOR('',#3198,1.);
#3198 = DIRECTION('',(0.,-1.));
#3199 = ( GEOMETRIC_REPRESENTATION_CONTEXT(2) 
PARAMETRIC_REPRESENTATION_CONTEXT() REPRESENTATION_CONTEXT('2D SPACE',''
  ) );
#3200 = ORIENTED_EDGE('',*,*,#1074,.T.);
#3201 = ORIENTED_EDGE('',*,*,#2988,.F.);
#3202 = ADVANCED_FACE('',(#3203),#1146,.T.);
#3203 = FACE_BOUND('',#3204,.T.);
#3204 = EDGE_LOOP('',(#3205,#3226,#3247));
#3205 = ORIENTED_EDGE('',*,*,#3206,.T.);
#3206 = EDGE_CURVE('',#1104,#3207,#3209,.T.);
#3207 = VERTEX_POINT('',#3208);
#3208 = CARTESIAN_POINT('',(-147.5,140.,28.695656275646));
#3209 = SURFACE_CURVE('',#3210,(#3214,#3220),.PCURVE_S1.);
#3210 = LINE('',#3211,#3212);
#3211 = CARTESIAN_POINT('',(-147.5,140.,19.1));
#3212 = VECTOR('',#3213,1.);
#3213 = DIRECTION('',(2.22044604925E-16,0.,-1.));
#3214 = PCURVE('',#1146,#3215);
#3215 = DEFINITIONAL_REPRESENTATION('',(#3216),#3219);
#3216 = B_SPLINE_CURVE_WITH_KNOTS('',1,(#3217,#3218),.UNSPECIFIED.,.F.,
  .F.,(2,2),(-10.9,-8.5),.PIECEWISE_BEZIER_KNOTS.);
#3217 = CARTESIAN_POINT('',(1.,2.500000000006));
#3218 = CARTESIAN_POINT('',(3.4,2.500000000006));
#3219 = ( GEOMETRIC_REPRESENTATION_CONTEXT(2) 
PARAMETRIC_REPRESENTATION_CONTEXT() REPRESENTATION_CONTEXT('2D SPACE',''
  ) );
#3220 = PCURVE('',#1119,#3221);
#3221 = DEFINITIONAL_REPRESENTATION('',(#3222),#3225);
#3222 = B_SPLINE_CURVE_WITH_KNOTS('',1,(#3223,#3224),.UNSPECIFIED.,.F.,
  .F.,(2,2),(-10.9,-8.5),.PIECEWISE_BEZIER_KNOTS.);
#3223 = CARTESIAN_POINT('',(10.,-22.8));
#3224 = CARTESIAN_POINT('',(10.,-20.4));
#3225 = ( GEOMETRIC_REPRESENTATION_CONTEXT(2) 
PARAMETRIC_REPRESENTATION_CONTEXT() REPRESENTATION_CONTEXT('2D SPACE',''
  ) );
#3226 = ORIENTED_EDGE('',*,*,#3227,.T.);
#3227 = EDGE_CURVE('',#3207,#1132,#3228,.T.);
#3228 = SURFACE_CURVE('',#3229,(#3234,#3241),.PCURVE_S1.);
#3229 = CIRCLE('',#3230,3.4);
#3230 = AXIS2_PLACEMENT_3D('',#3231,#3232,#3233);
#3231 = CARTESIAN_POINT('',(-147.5,137.5,31.));
#3232 = DIRECTION('',(1.,-0.,2.22044604925E-16));
#3233 = DIRECTION('',(2.22044604925E-16,0.,-1.));
#3234 = PCURVE('',#1146,#3235);
#3235 = DEFINITIONAL_REPRESENTATION('',(#3236),#3240);
#3236 = CIRCLE('',#3237,3.4);
#3237 = AXIS2_PLACEMENT_2D('',#3238,#3239);
#3238 = CARTESIAN_POINT('',(0.,0.));
#3239 = DIRECTION('',(1.,0.));
#3240 = ( GEOMETRIC_REPRESENTATION_CONTEXT(2) 
PARAMETRIC_REPRESENTATION_CONTEXT() REPRESENTATION_CONTEXT('2D SPACE',''
  ) );
#3241 = PCURVE('',#1172,#3242);
#3242 = DEFINITIONAL_REPRESENTATION('',(#3243),#3246);
#3243 = B_SPLINE_CURVE_WITH_KNOTS('',1,(#3244,#3245),.UNSPECIFIED.,.F.,
  .F.,(2,2),(0.82610054193,1.27226412561),.PIECEWISE_BEZIER_KNOTS.);
#3244 = CARTESIAN_POINT('',(7.109285849109,0.));
#3245 = CARTESIAN_POINT('',(7.55544943279,0.));
#3246 = ( GEOMETRIC_REPRESENTATION_CONTEXT(2) 
PARAMETRIC_REPRESENTATION_CONTEXT() REPRESENTATION_CONTEXT('2D SPACE',''
  ) );
#3247 = ORIENTED_EDGE('',*,*,#1131,.F.);
#3248 = ADVANCED_FACE('',(#3249),#1172,.F.);
#3249 = FACE_BOUND('',#3250,.F.);
#3250 = EDGE_LOOP('',(#3251,#3274,#3295,#3324,#3350,#3383,#3402,#3403));
#3251 = ORIENTED_EDGE('',*,*,#3252,.F.);
#3252 = EDGE_CURVE('',#3253,#1158,#3255,.T.);
#3253 = VERTEX_POINT('',#3254);
#3254 = CARTESIAN_POINT('',(-119.5,140.,28.695656275646));
#3255 = SURFACE_CURVE('',#3256,(#3261,#3267),.PCURVE_S1.);
#3256 = CIRCLE('',#3257,3.4);
#3257 = AXIS2_PLACEMENT_3D('',#3258,#3259,#3260);
#3258 = CARTESIAN_POINT('',(-119.5,137.5,31.));
#3259 = DIRECTION('',(1.,-0.,2.22044604925E-16));
#3260 = DIRECTION('',(2.22044604925E-16,0.,-1.));
#3261 = PCURVE('',#1172,#3262);
#3262 = DEFINITIONAL_REPRESENTATION('',(#3263),#3266);
#3263 = B_SPLINE_CURVE_WITH_KNOTS('',1,(#3264,#3265),.UNSPECIFIED.,.F.,
  .F.,(2,2),(0.82610054193,1.27226412561),.PIECEWISE_BEZIER_KNOTS.);
#3264 = CARTESIAN_POINT('',(7.109285849109,28.));
#3265 = CARTESIAN_POINT('',(7.55544943279,28.));
#3266 = ( GEOMETRIC_REPRESENTATION_CONTEXT(2) 
PARAMETRIC_REPRESENTATION_CONTEXT() REPRESENTATION_CONTEXT('2D SPACE',''
  ) );
#3267 = PCURVE('',#1198,#3268);
#3268 = DEFINITIONAL_REPRESENTATION('',(#3269),#3273);
#3269 = CIRCLE('',#3270,3.4);
#3270 = AXIS2_PLACEMENT_2D('',#3271,#3272);
#3271 = CARTESIAN_POINT('',(0.,0.));
#3272 = DIRECTION('',(1.,0.));
#3273 = ( GEOMETRIC_REPRESENTATION_CONTEXT(2) 
PARAMETRIC_REPRESENTATION_CONTEXT() REPRESENTATION_CONTEXT('2D SPACE',''
  ) );
#3274 = ORIENTED_EDGE('',*,*,#3275,.F.);
#3275 = EDGE_CURVE('',#3276,#3253,#3278,.T.);
#3276 = VERTEX_POINT('',#3277);
#3277 = CARTESIAN_POINT('',(-121.5,140.,28.69565627564));
#3278 = SURFACE_CURVE('',#3279,(#3283,#3289),.PCURVE_S1.);
#3279 = LINE('',#3280,#3281);
#3280 = CARTESIAN_POINT('',(-147.5,140.,28.695656275646));
#3281 = VECTOR('',#3282,1.);
#3282 = DIRECTION('',(1.,0.,2.22044604925E-16));
#3283 = PCURVE('',#1172,#3284);
#3284 = DEFINITIONAL_REPRESENTATION('',(#3285),#3288);
#3285 = B_SPLINE_CURVE_WITH_KNOTS('',1,(#3286,#3287),.UNSPECIFIED.,.F.,
  .F.,(2,2),(26.,28.),.PIECEWISE_BEZIER_KNOTS.);
#3286 = CARTESIAN_POINT('',(7.109285849109,26.));
#3287 = CARTESIAN_POINT('',(7.109285849109,28.));
#3288 = ( GEOMETRIC_REPRESENTATION_CONTEXT(2) 
PARAMETRIC_REPRESENTATION_CONTEXT() REPRESENTATION_CONTEXT('2D SPACE',''
  ) );
#3289 = PCURVE('',#1119,#3290);
#3290 = DEFINITIONAL_REPRESENTATION('',(#3291),#3294);
#3291 = B_SPLINE_CURVE_WITH_KNOTS('',1,(#3292,#3293),.UNSPECIFIED.,.F.,
  .F.,(2,2),(-5.999999928008E-07,28.0000006),.PIECEWISE_BEZIER_KNOTS.);
#3292 = CARTESIAN_POINT('',(9.9999994,-21.49565627564));
#3293 = CARTESIAN_POINT('',(38.0000006,-21.49565627564));
#3294 = ( GEOMETRIC_REPRESENTATION_CONTEXT(2) 
PARAMETRIC_REPRESENTATION_CONTEXT() REPRESENTATION_CONTEXT('2D SPACE',''
  ) );
#3295 = ORIENTED_EDGE('',*,*,#3296,.F.);
#3296 = EDGE_CURVE('',#3297,#3276,#3299,.T.);
#3297 = VERTEX_POINT('',#3298);
#3298 = CARTESIAN_POINT('',(-121.5,135.,28.69565627564));
#3299 = SURFACE_CURVE('',#3300,(#3305,#3312),.PCURVE_S1.);
#3300 = CIRCLE('',#3301,3.4);
#3301 = AXIS2_PLACEMENT_3D('',#3302,#3303,#3304);
#3302 = CARTESIAN_POINT('',(-121.5,137.5,31.));
#3303 = DIRECTION('',(1.,0.,0.));
#3304 = DIRECTION('',(0.,-0.735294117647,-0.677748154224));
#3305 = PCURVE('',#1172,#3306);
#3306 = DEFINITIONAL_REPRESENTATION('',(#3307),#3311);
#3307 = LINE('',#3308,#3309);
#3308 = CARTESIAN_POINT('',(5.457084765252,26.));
#3309 = VECTOR('',#3310,1.);
#3310 = DIRECTION('',(1.,0.));
#3311 = ( GEOMETRIC_REPRESENTATION_CONTEXT(2) 
PARAMETRIC_REPRESENTATION_CONTEXT() REPRESENTATION_CONTEXT('2D SPACE',''
  ) );
#3312 = PCURVE('',#3313,#3318);
#3313 = PLANE('',#3314);
#3314 = AXIS2_PLACEMENT_3D('',#3315,#3316,#3317);
#3315 = CARTESIAN_POINT('',(-121.5,135.,23.));
#3316 = DIRECTION('',(1.,0.,-0.));
#3317 = DIRECTION('',(0.,0.,1.));
#3318 = DEFINITIONAL_REPRESENTATION('',(#3319),#3323);
#3319 = CIRCLE('',#3320,3.4);
#3320 = AXIS2_PLACEMENT_2D('',#3321,#3322);
#3321 = CARTESIAN_POINT('',(8.,-2.5));
#3322 = DIRECTION('',(-0.677748154224,0.735294117647));
#3323 = ( GEOMETRIC_REPRESENTATION_CONTEXT(2) 
PARAMETRIC_REPRESENTATION_CONTEXT() REPRESENTATION_CONTEXT('2D SPACE',''
  ) );
#3324 = ORIENTED_EDGE('',*,*,#3325,.F.);
#3325 = EDGE_CURVE('',#3326,#3297,#3328,.T.);
#3326 = VERTEX_POINT('',#3327);
#3327 = CARTESIAN_POINT('',(-145.5,135.,28.69565627564));
#3328 = SURFACE_CURVE('',#3329,(#3333,#3339),.PCURVE_S1.);
#3329 = LINE('',#3330,#3331);
#3330 = CARTESIAN_POINT('',(-147.5,135.,28.695656275639));
#3331 = VECTOR('',#3332,1.);
#3332 = DIRECTION('',(1.,0.,2.22044604925E-16));
#3333 = PCURVE('',#1172,#3334);
#3334 = DEFINITIONAL_REPRESENTATION('',(#3335),#3338);
#3335 = B_SPLINE_CURVE_WITH_KNOTS('',1,(#3336,#3337),.UNSPECIFIED.,.F.,
  .F.,(2,2),(2.,26.),.PIECEWISE_BEZIER_KNOTS.);
#3336 = CARTESIAN_POINT('',(5.457084765253,2.));
#3337 = CARTESIAN_POINT('',(5.457084765253,26.));
#3338 = ( GEOMETRIC_REPRESENTATION_CONTEXT(2) 
PARAMETRIC_REPRESENTATION_CONTEXT() REPRESENTATION_CONTEXT('2D SPACE',''
  ) );
#3339 = PCURVE('',#3340,#3345);
#3340 = PLANE('',#3341);
#3341 = AXIS2_PLACEMENT_3D('',#3342,#3343,#3344);
#3342 = CARTESIAN_POINT('',(-145.5,135.,23.));
#3343 = DIRECTION('',(-0.,1.,0.));
#3344 = DIRECTION('',(0.,0.,1.));
#3345 = DEFINITIONAL_REPRESENTATION('',(#3346),#3349);
#3346 = B_SPLINE_CURVE_WITH_KNOTS('',1,(#3347,#3348),.UNSPECIFIED.,.F.,
  .F.,(2,2),(-5.999999928008E-07,28.0000006),.PIECEWISE_BEZIER_KNOTS.);
#3347 = CARTESIAN_POINT('',(5.695656275639,-2.0000006));
#3348 = CARTESIAN_POINT('',(5.695656275639,26.0000006));
#3349 = ( GEOMETRIC_REPRESENTATION_CONTEXT(2) 
PARAMETRIC_REPRESENTATION_CONTEXT() REPRESENTATION_CONTEXT('2D SPACE',''
  ) );
#3350 = ORIENTED_EDGE('',*,*,#3351,.F.);
#3351 = EDGE_CURVE('',#3352,#3326,#3354,.T.);
#3352 = VERTEX_POINT('',#3353);
#3353 = CARTESIAN_POINT('',(-145.5,140.,28.69565627564));
#3354 = SURFACE_CURVE('',#3355,(#3360,#3367),.PCURVE_S1.);
#3355 = CIRCLE('',#3356,3.4);
#3356 = AXIS2_PLACEMENT_3D('',#3357,#3358,#3359);
#3357 = CARTESIAN_POINT('',(-145.5,137.5,31.));
#3358 = DIRECTION('',(-1.,0.,0.));
#3359 = DIRECTION('',(0.,0.735294117647,-0.677748154224));
#3360 = PCURVE('',#1172,#3361);
#3361 = DEFINITIONAL_REPRESENTATION('',(#3362),#3366);
#3362 = LINE('',#3363,#3364);
#3363 = CARTESIAN_POINT('',(7.109285849107,2.));
#3364 = VECTOR('',#3365,1.);
#3365 = DIRECTION('',(-1.,-0.));
#3366 = ( GEOMETRIC_REPRESENTATION_CONTEXT(2) 
PARAMETRIC_REPRESENTATION_CONTEXT() REPRESENTATION_CONTEXT('2D SPACE',''
  ) );
#3367 = PCURVE('',#3368,#3373);
#3368 = PLANE('',#3369);
#3369 = AXIS2_PLACEMENT_3D('',#3370,#3371,#3372);
#3370 = CARTESIAN_POINT('',(-145.5,135.,23.));
#3371 = DIRECTION('',(1.,0.,-0.));
#3372 = DIRECTION('',(0.,0.,1.));
#3373 = DEFINITIONAL_REPRESENTATION('',(#3374),#3382);
#3374 = ( BOUNDED_CURVE() B_SPLINE_CURVE(2,(#3375,#3376,#3377,#3378,
#3379,#3380,#3381),.UNSPECIFIED.,.T.,.F.) B_SPLINE_CURVE_WITH_KNOTS((1,2
    ,2,2,2,1),(-2.094395102393,0.,2.094395102393,4.188790204786,
6.28318530718,8.377580409573),.UNSPECIFIED.) CURVE() 
GEOMETRIC_REPRESENTATION_ITEM() RATIONAL_B_SPLINE_CURVE((1.,0.5,1.,0.5,
1.,0.5,1.)) REPRESENTATION_ITEM('') );
#3375 = CARTESIAN_POINT('',(5.69565627564,-5.));
#3376 = CARTESIAN_POINT('',(1.365529256717,-1.008759591306));
#3377 = CARTESIAN_POINT('',(6.987108352719,0.745620204347));
#3378 = CARTESIAN_POINT('',(12.608687448721,2.500000000001));
#3379 = CARTESIAN_POINT('',(11.317235371641,-3.245620204347));
#3380 = CARTESIAN_POINT('',(10.025783294562,-8.991240408695));
#3381 = CARTESIAN_POINT('',(5.69565627564,-5.));
#3382 = ( GEOMETRIC_REPRESENTATION_CONTEXT(2) 
PARAMETRIC_REPRESENTATION_CONTEXT() REPRESENTATION_CONTEXT('2D SPACE',''
  ) );
#3383 = ORIENTED_EDGE('',*,*,#3384,.F.);
#3384 = EDGE_CURVE('',#3207,#3352,#3385,.T.);
#3385 = SURFACE_CURVE('',#3386,(#3390,#3396),.PCURVE_S1.);
#3386 = LINE('',#3387,#3388);
#3387 = CARTESIAN_POINT('',(-147.5,140.,28.695656275646));
#3388 = VECTOR('',#3389,1.);
#3389 = DIRECTION('',(1.,0.,2.22044604925E-16));
#3390 = PCURVE('',#1172,#3391);
#3391 = DEFINITIONAL_REPRESENTATION('',(#3392),#3395);
#3392 = B_SPLINE_CURVE_WITH_KNOTS('',1,(#3393,#3394),.UNSPECIFIED.,.F.,
  .F.,(2,2),(0.,2.),.PIECEWISE_BEZIER_KNOTS.);
#3393 = CARTESIAN_POINT('',(7.109285849109,-5.116670918856E-16));
#3394 = CARTESIAN_POINT('',(7.109285849109,2.));
#3395 = ( GEOMETRIC_REPRESENTATION_CONTEXT(2) 
PARAMETRIC_REPRESENTATION_CONTEXT() REPRESENTATION_CONTEXT('2D SPACE',''
  ) );
#3396 = PCURVE('',#1119,#3397);
#3397 = DEFINITIONAL_REPRESENTATION('',(#3398),#3401);
#3398 = B_SPLINE_CURVE_WITH_KNOTS('',1,(#3399,#3400),.UNSPECIFIED.,.F.,
  .F.,(2,2),(-5.999999928008E-07,28.0000006),.PIECEWISE_BEZIER_KNOTS.);
#3399 = CARTESIAN_POINT('',(9.9999994,-21.49565627564));
#3400 = CARTESIAN_POINT('',(38.0000006,-21.49565627564));
#3401 = ( GEOMETRIC_REPRESENTATION_CONTEXT(2) 
PARAMETRIC_REPRESENTATION_CONTEXT() REPRESENTATION_CONTEXT('2D SPACE',''
  ) );
#3402 = ORIENTED_EDGE('',*,*,#3227,.T.);
#3403 = ORIENTED_EDGE('',*,*,#1157,.T.);
#3404 = ADVANCED_FACE('',(#3405),#3368,.F.);
#3405 = FACE_BOUND('',#3406,.F.);
#3406 = EDGE_LOOP('',(#3407,#3430,#3458,#3479));
#3407 = ORIENTED_EDGE('',*,*,#3408,.F.);
#3408 = EDGE_CURVE('',#3409,#3326,#3411,.T.);
#3409 = VERTEX_POINT('',#3410);
#3410 = CARTESIAN_POINT('',(-145.5,135.,23.));
#3411 = SURFACE_CURVE('',#3412,(#3416,#3423),.PCURVE_S1.);
#3412 = LINE('',#3413,#3414);
#3413 = CARTESIAN_POINT('',(-145.5,135.,23.));
#3414 = VECTOR('',#3415,1.);
#3415 = DIRECTION('',(0.,0.,1.));
#3416 = PCURVE('',#3368,#3417);
#3417 = DEFINITIONAL_REPRESENTATION('',(#3418),#3422);
#3418 = LINE('',#3419,#3420);
#3419 = CARTESIAN_POINT('',(0.,0.));
#3420 = VECTOR('',#3421,1.);
#3421 = DIRECTION('',(1.,0.));
#3422 = ( GEOMETRIC_REPRESENTATION_CONTEXT(2) 
PARAMETRIC_REPRESENTATION_CONTEXT() REPRESENTATION_CONTEXT('2D SPACE',''
  ) );
#3423 = PCURVE('',#3340,#3424);
#3424 = DEFINITIONAL_REPRESENTATION('',(#3425),#3429);
#3425 = LINE('',#3426,#3427);
#3426 = CARTESIAN_POINT('',(0.,0.));
#3427 = VECTOR('',#3428,1.);
#3428 = DIRECTION('',(1.,0.));
#3429 = ( GEOMETRIC_REPRESENTATION_CONTEXT(2) 
PARAMETRIC_REPRESENTATION_CONTEXT() REPRESENTATION_CONTEXT('2D SPACE',''
  ) );
#3430 = ORIENTED_EDGE('',*,*,#3431,.T.);
#3431 = EDGE_CURVE('',#3409,#3432,#3434,.T.);
#3432 = VERTEX_POINT('',#3433);
#3433 = CARTESIAN_POINT('',(-145.5,140.,23.));
#3434 = SURFACE_CURVE('',#3435,(#3439,#3446),.PCURVE_S1.);
#3435 = LINE('',#3436,#3437);
#3436 = CARTESIAN_POINT('',(-145.5,135.,23.));
#3437 = VECTOR('',#3438,1.);
#3438 = DIRECTION('',(-0.,1.,0.));
#3439 = PCURVE('',#3368,#3440);
#3440 = DEFINITIONAL_REPRESENTATION('',(#3441),#3445);
#3441 = LINE('',#3442,#3443);
#3442 = CARTESIAN_POINT('',(0.,0.));
#3443 = VECTOR('',#3444,1.);
#3444 = DIRECTION('',(0.,-1.));
#3445 = ( GEOMETRIC_REPRESENTATION_CONTEXT(2) 
PARAMETRIC_REPRESENTATION_CONTEXT() REPRESENTATION_CONTEXT('2D SPACE',''
  ) );
#3446 = PCURVE('',#3447,#3452);
#3447 = PLANE('',#3448);
#3448 = AXIS2_PLACEMENT_3D('',#3449,#3450,#3451);
#3449 = CARTESIAN_POINT('',(-145.5,135.,23.));
#3450 = DIRECTION('',(0.,0.,1.));
#3451 = DIRECTION('',(1.,0.,-0.));
#3452 = DEFINITIONAL_REPRESENTATION('',(#3453),#3457);
#3453 = LINE('',#3454,#3455);
#3454 = CARTESIAN_POINT('',(0.,0.));
#3455 = VECTOR('',#3456,1.);
#3456 = DIRECTION('',(0.,1.));
#3457 = ( GEOMETRIC_REPRESENTATION_CONTEXT(2) 
PARAMETRIC_REPRESENTATION_CONTEXT() REPRESENTATION_CONTEXT('2D SPACE',''
  ) );
#3458 = ORIENTED_EDGE('',*,*,#3459,.T.);
#3459 = EDGE_CURVE('',#3432,#3352,#3460,.T.);
#3460 = SURFACE_CURVE('',#3461,(#3465,#3472),.PCURVE_S1.);
#3461 = LINE('',#3462,#3463);
#3462 = CARTESIAN_POINT('',(-145.5,140.,23.));
#3463 = VECTOR('',#3464,1.);
#3464 = DIRECTION('',(0.,0.,1.));
#3465 = PCURVE('',#3368,#3466);
#3466 = DEFINITIONAL_REPRESENTATION('',(#3467),#3471);
#3467 = LINE('',#3468,#3469);
#3468 = CARTESIAN_POINT('',(0.,-5.));
#3469 = VECTOR('',#3470,1.);
#3470 = DIRECTION('',(1.,0.));
#3471 = ( GEOMETRIC_REPRESENTATION_CONTEXT(2) 
PARAMETRIC_REPRESENTATION_CONTEXT() REPRESENTATION_CONTEXT('2D SPACE',''
  ) );
#3472 = PCURVE('',#1119,#3473);
#3473 = DEFINITIONAL_REPRESENTATION('',(#3474),#3478);
#3474 = LINE('',#3475,#3476);
#3475 = CARTESIAN_POINT('',(12.,-15.8));
#3476 = VECTOR('',#3477,1.);
#3477 = DIRECTION('',(0.,-1.));
#3478 = ( GEOMETRIC_REPRESENTATION_CONTEXT(2) 
PARAMETRIC_REPRESENTATION_CONTEXT() REPRESENTATION_CONTEXT('2D SPACE',''
  ) );
#3479 = ORIENTED_EDGE('',*,*,#3351,.T.);
#3480 = ADVANCED_FACE('',(#3481),#3447,.F.);
#3481 = FACE_BOUND('',#3482,.F.);
#3482 = EDGE_LOOP('',(#3483,#3484,#3507,#3530));
#3483 = ORIENTED_EDGE('',*,*,#3431,.F.);
#3484 = ORIENTED_EDGE('',*,*,#3485,.T.);
#3485 = EDGE_CURVE('',#3409,#3486,#3488,.T.);
#3486 = VERTEX_POINT('',#3487);
#3487 = CARTESIAN_POINT('',(-121.5,135.,23.));
#3488 = SURFACE_CURVE('',#3489,(#3493,#3500),.PCURVE_S1.);
#3489 = LINE('',#3490,#3491);
#3490 = CARTESIAN_POINT('',(-145.5,135.,23.));
#3491 = VECTOR('',#3492,1.);
#3492 = DIRECTION('',(1.,0.,-0.));
#3493 = PCURVE('',#3447,#3494);
#3494 = DEFINITIONAL_REPRESENTATION('',(#3495),#3499);
#3495 = LINE('',#3496,#3497);
#3496 = CARTESIAN_POINT('',(0.,0.));
#3497 = VECTOR('',#3498,1.);
#3498 = DIRECTION('',(1.,0.));
#3499 = ( GEOMETRIC_REPRESENTATION_CONTEXT(2) 
PARAMETRIC_REPRESENTATION_CONTEXT() REPRESENTATION_CONTEXT('2D SPACE',''
  ) );
#3500 = PCURVE('',#3340,#3501);
#3501 = DEFINITIONAL_REPRESENTATION('',(#3502),#3506);
#3502 = LINE('',#3503,#3504);
#3503 = CARTESIAN_POINT('',(0.,0.));
#3504 = VECTOR('',#3505,1.);
#3505 = DIRECTION('',(0.,1.));
#3506 = ( GEOMETRIC_REPRESENTATION_CONTEXT(2) 
PARAMETRIC_REPRESENTATION_CONTEXT() REPRESENTATION_CONTEXT('2D SPACE',''
  ) );
#3507 = ORIENTED_EDGE('',*,*,#3508,.T.);
#3508 = EDGE_CURVE('',#3486,#3509,#3511,.T.);
#3509 = VERTEX_POINT('',#3510);
#3510 = CARTESIAN_POINT('',(-121.5,140.,23.));
#3511 = SURFACE_CURVE('',#3512,(#3516,#3523),.PCURVE_S1.);
#3512 = LINE('',#3513,#3514);
#3513 = CARTESIAN_POINT('',(-121.5,135.,23.));
#3514 = VECTOR('',#3515,1.);
#3515 = DIRECTION('',(-0.,1.,0.));
#3516 = PCURVE('',#3447,#3517);
#3517 = DEFINITIONAL_REPRESENTATION('',(#3518),#3522);
#3518 = LINE('',#3519,#3520);
#3519 = CARTESIAN_POINT('',(24.,0.));
#3520 = VECTOR('',#3521,1.);
#3521 = DIRECTION('',(0.,1.));
#3522 = ( GEOMETRIC_REPRESENTATION_CONTEXT(2) 
PARAMETRIC_REPRESENTATION_CONTEXT() REPRESENTATION_CONTEXT('2D SPACE',''
  ) );
#3523 = PCURVE('',#3313,#3524);
#3524 = DEFINITIONAL_REPRESENTATION('',(#3525),#3529);
#3525 = LINE('',#3526,#3527);
#3526 = CARTESIAN_POINT('',(0.,0.));
#3527 = VECTOR('',#3528,1.);
#3528 = DIRECTION('',(0.,-1.));
#3529 = ( GEOMETRIC_REPRESENTATION_CONTEXT(2) 
PARAMETRIC_REPRESENTATION_CONTEXT() REPRESENTATION_CONTEXT('2D SPACE',''
  ) );
#3530 = ORIENTED_EDGE('',*,*,#3531,.F.);
#3531 = EDGE_CURVE('',#3432,#3509,#3532,.T.);
#3532 = SURFACE_CURVE('',#3533,(#3537,#3544),.PCURVE_S1.);
#3533 = LINE('',#3534,#3535);
#3534 = CARTESIAN_POINT('',(-145.5,140.,23.));
#3535 = VECTOR('',#3536,1.);
#3536 = DIRECTION('',(1.,0.,-0.));
#3537 = PCURVE('',#3447,#3538);
#3538 = DEFINITIONAL_REPRESENTATION('',(#3539),#3543);
#3539 = LINE('',#3540,#3541);
#3540 = CARTESIAN_POINT('',(0.,5.));
#3541 = VECTOR('',#3542,1.);
#3542 = DIRECTION('',(1.,0.));
#3543 = ( GEOMETRIC_REPRESENTATION_CONTEXT(2) 
PARAMETRIC_REPRESENTATION_CONTEXT() REPRESENTATION_CONTEXT('2D SPACE',''
  ) );
#3544 = PCURVE('',#1119,#3545);
#3545 = DEFINITIONAL_REPRESENTATION('',(#3546),#3550);
#3546 = LINE('',#3547,#3548);
#3547 = CARTESIAN_POINT('',(12.,-15.8));
#3548 = VECTOR('',#3549,1.);
#3549 = DIRECTION('',(1.,0.));
#3550 = ( GEOMETRIC_REPRESENTATION_CONTEXT(2) 
PARAMETRIC_REPRESENTATION_CONTEXT() REPRESENTATION_CONTEXT('2D SPACE',''
  ) );
#3551 = ADVANCED_FACE('',(#3552),#3340,.F.);
#3552 = FACE_BOUND('',#3553,.F.);
#3553 = EDGE_LOOP('',(#3554,#3575,#3576,#3577));
#3554 = ORIENTED_EDGE('',*,*,#3555,.F.);
#3555 = EDGE_CURVE('',#3486,#3297,#3556,.T.);
#3556 = SURFACE_CURVE('',#3557,(#3561,#3568),.PCURVE_S1.);
#3557 = LINE('',#3558,#3559);
#3558 = CARTESIAN_POINT('',(-121.5,135.,23.));
#3559 = VECTOR('',#3560,1.);
#3560 = DIRECTION('',(0.,0.,1.));
#3561 = PCURVE('',#3340,#3562);
#3562 = DEFINITIONAL_REPRESENTATION('',(#3563),#3567);
#3563 = LINE('',#3564,#3565);
#3564 = CARTESIAN_POINT('',(0.,24.));
#3565 = VECTOR('',#3566,1.);
#3566 = DIRECTION('',(1.,0.));
#3567 = ( GEOMETRIC_REPRESENTATION_CONTEXT(2) 
PARAMETRIC_REPRESENTATION_CONTEXT() REPRESENTATION_CONTEXT('2D SPACE',''
  ) );
#3568 = PCURVE('',#3313,#3569);
#3569 = DEFINITIONAL_REPRESENTATION('',(#3570),#3574);
#3570 = LINE('',#3571,#3572);
#3571 = CARTESIAN_POINT('',(0.,0.));
#3572 = VECTOR('',#3573,1.);
#3573 = DIRECTION('',(1.,0.));
#3574 = ( GEOMETRIC_REPRESENTATION_CONTEXT(2) 
PARAMETRIC_REPRESENTATION_CONTEXT() REPRESENTATION_CONTEXT('2D SPACE',''
  ) );
#3575 = ORIENTED_EDGE('',*,*,#3485,.F.);
#3576 = ORIENTED_EDGE('',*,*,#3408,.T.);
#3577 = ORIENTED_EDGE('',*,*,#3325,.T.);
#3578 = ADVANCED_FACE('',(#3579),#3313,.T.);
#3579 = FACE_BOUND('',#3580,.T.);
#3580 = EDGE_LOOP('',(#3581,#3582,#3583,#3604));
#3581 = ORIENTED_EDGE('',*,*,#3555,.F.);
#3582 = ORIENTED_EDGE('',*,*,#3508,.T.);
#3583 = ORIENTED_EDGE('',*,*,#3584,.T.);
#3584 = EDGE_CURVE('',#3509,#3276,#3585,.T.);
#3585 = SURFACE_CURVE('',#3586,(#3590,#3597),.PCURVE_S1.);
#3586 = LINE('',#3587,#3588);
#3587 = CARTESIAN_POINT('',(-121.5,140.,23.));
#3588 = VECTOR('',#3589,1.);
#3589 = DIRECTION('',(0.,0.,1.));
#3590 = PCURVE('',#3313,#3591);
#3591 = DEFINITIONAL_REPRESENTATION('',(#3592),#3596);
#3592 = LINE('',#3593,#3594);
#3593 = CARTESIAN_POINT('',(0.,-5.));
#3594 = VECTOR('',#3595,1.);
#3595 = DIRECTION('',(1.,0.));
#3596 = ( GEOMETRIC_REPRESENTATION_CONTEXT(2) 
PARAMETRIC_REPRESENTATION_CONTEXT() REPRESENTATION_CONTEXT('2D SPACE',''
  ) );
#3597 = PCURVE('',#1119,#3598);
#3598 = DEFINITIONAL_REPRESENTATION('',(#3599),#3603);
#3599 = LINE('',#3600,#3601);
#3600 = CARTESIAN_POINT('',(36.,-15.8));
#3601 = VECTOR('',#3602,1.);
#3602 = DIRECTION('',(0.,-1.));
#3603 = ( GEOMETRIC_REPRESENTATION_CONTEXT(2) 
PARAMETRIC_REPRESENTATION_CONTEXT() REPRESENTATION_CONTEXT('2D SPACE',''
  ) );
#3604 = ORIENTED_EDGE('',*,*,#3296,.F.);
#3605 = ADVANCED_FACE('',(#3606),#1198,.F.);
#3606 = FACE_BOUND('',#3607,.F.);
#3607 = EDGE_LOOP('',(#3608,#3627,#3628));
#3608 = ORIENTED_EDGE('',*,*,#3609,.T.);
#3609 = EDGE_CURVE('',#1184,#3253,#3610,.T.);
#3610 = SURFACE_CURVE('',#3611,(#3615,#3621),.PCURVE_S1.);
#3611 = LINE('',#3612,#3613);
#3612 = CARTESIAN_POINT('',(-119.5,140.,19.1));
#3613 = VECTOR('',#3614,1.);
#3614 = DIRECTION('',(2.22044604925E-16,0.,-1.));
#3615 = PCURVE('',#1198,#3616);
#3616 = DEFINITIONAL_REPRESENTATION('',(#3617),#3620);
#3617 = B_SPLINE_CURVE_WITH_KNOTS('',1,(#3618,#3619),.UNSPECIFIED.,.F.,
  .F.,(2,2),(-10.9,-8.5),.PIECEWISE_BEZIER_KNOTS.);
#3618 = CARTESIAN_POINT('',(1.,2.500000000006));
#3619 = CARTESIAN_POINT('',(3.4,2.500000000006));
#3620 = ( GEOMETRIC_REPRESENTATION_CONTEXT(2) 
PARAMETRIC_REPRESENTATION_CONTEXT() REPRESENTATION_CONTEXT('2D SPACE',''
  ) );
#3621 = PCURVE('',#1119,#3622);
#3622 = DEFINITIONAL_REPRESENTATION('',(#3623),#3626);
#3623 = B_SPLINE_CURVE_WITH_KNOTS('',1,(#3624,#3625),.UNSPECIFIED.,.F.,
  .F.,(2,2),(-10.9,-8.5),.PIECEWISE_BEZIER_KNOTS.);
#3624 = CARTESIAN_POINT('',(38.,-22.8));
#3625 = CARTESIAN_POINT('',(38.,-20.4));
#3626 = ( GEOMETRIC_REPRESENTATION_CONTEXT(2) 
PARAMETRIC_REPRESENTATION_CONTEXT() REPRESENTATION_CONTEXT('2D SPACE',''
  ) );
#3627 = ORIENTED_EDGE('',*,*,#3252,.T.);
#3628 = ORIENTED_EDGE('',*,*,#1183,.F.);
#3629 = ADVANCED_FACE('',(#3630),#1247,.T.);
#3630 = FACE_BOUND('',#3631,.T.);
#3631 = EDGE_LOOP('',(#3632,#3653,#3674));
#3632 = ORIENTED_EDGE('',*,*,#3633,.T.);
#3633 = EDGE_CURVE('',#1210,#3634,#3636,.T.);
#3634 = VERTEX_POINT('',#3635);
#3635 = CARTESIAN_POINT('',(-14.,140.,28.695656275646));
#3636 = SURFACE_CURVE('',#3637,(#3641,#3647),.PCURVE_S1.);
#3637 = LINE('',#3638,#3639);
#3638 = CARTESIAN_POINT('',(-14.,140.,19.1));
#3639 = VECTOR('',#3640,1.);
#3640 = DIRECTION('',(2.22044604925E-16,0.,-1.));
#3641 = PCURVE('',#1247,#3642);
#3642 = DEFINITIONAL_REPRESENTATION('',(#3643),#3646);
#3643 = B_SPLINE_CURVE_WITH_KNOTS('',1,(#3644,#3645),.UNSPECIFIED.,.F.,
  .F.,(2,2),(-10.9,-8.5),.PIECEWISE_BEZIER_KNOTS.);
#3644 = CARTESIAN_POINT('',(1.,2.500000000006));
#3645 = CARTESIAN_POINT('',(3.4,2.500000000006));
#3646 = ( GEOMETRIC_REPRESENTATION_CONTEXT(2) 
PARAMETRIC_REPRESENTATION_CONTEXT() REPRESENTATION_CONTEXT('2D SPACE',''
  ) );
#3647 = PCURVE('',#1119,#3648);
#3648 = DEFINITIONAL_REPRESENTATION('',(#3649),#3652);
#3649 = B_SPLINE_CURVE_WITH_KNOTS('',1,(#3650,#3651),.UNSPECIFIED.,.F.,
  .F.,(2,2),(-10.9,-8.5),.PIECEWISE_BEZIER_KNOTS.);
#3650 = CARTESIAN_POINT('',(143.5,-22.8));
#3651 = CARTESIAN_POINT('',(143.5,-20.4));
#3652 = ( GEOMETRIC_REPRESENTATION_CONTEXT(2) 
PARAMETRIC_REPRESENTATION_CONTEXT() REPRESENTATION_CONTEXT('2D SPACE',''
  ) );
#3653 = ORIENTED_EDGE('',*,*,#3654,.T.);
#3654 = EDGE_CURVE('',#3634,#1233,#3655,.T.);
#3655 = SURFACE_CURVE('',#3656,(#3661,#3668),.PCURVE_S1.);
#3656 = CIRCLE('',#3657,3.4);
#3657 = AXIS2_PLACEMENT_3D('',#3658,#3659,#3660);
#3658 = CARTESIAN_POINT('',(-14.,137.5,31.));
#3659 = DIRECTION('',(1.,-0.,2.22044604925E-16));
#3660 = DIRECTION('',(2.22044604925E-16,0.,-1.));
#3661 = PCURVE('',#1247,#3662);
#3662 = DEFINITIONAL_REPRESENTATION('',(#3663),#3667);
#3663 = CIRCLE('',#3664,3.4);
#3664 = AXIS2_PLACEMENT_2D('',#3665,#3666);
#3665 = CARTESIAN_POINT('',(0.,0.));
#3666 = DIRECTION('',(1.,0.));
#3667 = ( GEOMETRIC_REPRESENTATION_CONTEXT(2) 
PARAMETRIC_REPRESENTATION_CONTEXT() REPRESENTATION_CONTEXT('2D SPACE',''
  ) );
#3668 = PCURVE('',#1273,#3669);
#3669 = DEFINITIONAL_REPRESENTATION('',(#3670),#3673);
#3670 = B_SPLINE_CURVE_WITH_KNOTS('',1,(#3671,#3672),.UNSPECIFIED.,.F.,
  .F.,(2,2),(0.82610054193,1.27226412561),.PIECEWISE_BEZIER_KNOTS.);
#3671 = CARTESIAN_POINT('',(7.109285849109,0.));
#3672 = CARTESIAN_POINT('',(7.55544943279,0.));
#3673 = ( GEOMETRIC_REPRESENTATION_CONTEXT(2) 
PARAMETRIC_REPRESENTATION_CONTEXT() REPRESENTATION_CONTEXT('2D SPACE',''
  ) );
#3674 = ORIENTED_EDGE('',*,*,#1232,.F.);
#3675 = ADVANCED_FACE('',(#3676),#1273,.F.);
#3676 = FACE_BOUND('',#3677,.F.);
#3677 = EDGE_LOOP('',(#3678,#3701,#3722,#3751,#3777,#3810,#3829,#3830));
#3678 = ORIENTED_EDGE('',*,*,#3679,.F.);
#3679 = EDGE_CURVE('',#3680,#1259,#3682,.T.);
#3680 = VERTEX_POINT('',#3681);
#3681 = CARTESIAN_POINT('',(14.,140.,28.695656275646));
#3682 = SURFACE_CURVE('',#3683,(#3688,#3694),.PCURVE_S1.);
#3683 = CIRCLE('',#3684,3.4);
#3684 = AXIS2_PLACEMENT_3D('',#3685,#3686,#3687);
#3685 = CARTESIAN_POINT('',(14.,137.5,31.));
#3686 = DIRECTION('',(1.,-0.,2.22044604925E-16));
#3687 = DIRECTION('',(2.22044604925E-16,0.,-1.));
#3688 = PCURVE('',#1273,#3689);
#3689 = DEFINITIONAL_REPRESENTATION('',(#3690),#3693);
#3690 = B_SPLINE_CURVE_WITH_KNOTS('',1,(#3691,#3692),.UNSPECIFIED.,.F.,
  .F.,(2,2),(0.82610054193,1.27226412561),.PIECEWISE_BEZIER_KNOTS.);
#3691 = CARTESIAN_POINT('',(7.109285849109,28.));
#3692 = CARTESIAN_POINT('',(7.55544943279,28.));
#3693 = ( GEOMETRIC_REPRESENTATION_CONTEXT(2) 
PARAMETRIC_REPRESENTATION_CONTEXT() REPRESENTATION_CONTEXT('2D SPACE',''
  ) );
#3694 = PCURVE('',#1299,#3695);
#3695 = DEFINITIONAL_REPRESENTATION('',(#3696),#3700);
#3696 = CIRCLE('',#3697,3.4);
#3697 = AXIS2_PLACEMENT_2D('',#3698,#3699);
#3698 = CARTESIAN_POINT('',(0.,0.));
#3699 = DIRECTION('',(1.,0.));
#3700 = ( GEOMETRIC_REPRESENTATION_CONTEXT(2) 
PARAMETRIC_REPRESENTATION_CONTEXT() REPRESENTATION_CONTEXT('2D SPACE',''
  ) );
#3701 = ORIENTED_EDGE('',*,*,#3702,.F.);
#3702 = EDGE_CURVE('',#3703,#3680,#3705,.T.);
#3703 = VERTEX_POINT('',#3704);
#3704 = CARTESIAN_POINT('',(12.,140.,28.69565627564));
#3705 = SURFACE_CURVE('',#3706,(#3710,#3716),.PCURVE_S1.);
#3706 = LINE('',#3707,#3708);
#3707 = CARTESIAN_POINT('',(-14.,140.,28.695656275646));
#3708 = VECTOR('',#3709,1.);
#3709 = DIRECTION('',(1.,0.,2.22044604925E-16));
#3710 = PCURVE('',#1273,#3711);
#3711 = DEFINITIONAL_REPRESENTATION('',(#3712),#3715);
#3712 = B_SPLINE_CURVE_WITH_KNOTS('',1,(#3713,#3714),.UNSPECIFIED.,.F.,
  .F.,(2,2),(26.,28.),.PIECEWISE_BEZIER_KNOTS.);
#3713 = CARTESIAN_POINT('',(7.109285849109,26.));
#3714 = CARTESIAN_POINT('',(7.109285849109,28.));
#3715 = ( GEOMETRIC_REPRESENTATION_CONTEXT(2) 
PARAMETRIC_REPRESENTATION_CONTEXT() REPRESENTATION_CONTEXT('2D SPACE',''
  ) );
#3716 = PCURVE('',#1119,#3717);
#3717 = DEFINITIONAL_REPRESENTATION('',(#3718),#3721);
#3718 = B_SPLINE_CURVE_WITH_KNOTS('',1,(#3719,#3720),.UNSPECIFIED.,.F.,
  .F.,(2,2),(-5.999999999062E-07,28.0000006),.PIECEWISE_BEZIER_KNOTS.);
#3719 = CARTESIAN_POINT('',(143.4999994,-21.49565627564));
#3720 = CARTESIAN_POINT('',(171.5000006,-21.49565627564));
#3721 = ( GEOMETRIC_REPRESENTATION_CONTEXT(2) 
PARAMETRIC_REPRESENTATION_CONTEXT() REPRESENTATION_CONTEXT('2D SPACE',''
  ) );
#3722 = ORIENTED_EDGE('',*,*,#3723,.F.);
#3723 = EDGE_CURVE('',#3724,#3703,#3726,.T.);
#3724 = VERTEX_POINT('',#3725);
#3725 = CARTESIAN_POINT('',(12.,135.,28.69565627564));
#3726 = SURFACE_CURVE('',#3727,(#3732,#3739),.PCURVE_S1.);
#3727 = CIRCLE('',#3728,3.4);
#3728 = AXIS2_PLACEMENT_3D('',#3729,#3730,#3731);
#3729 = CARTESIAN_POINT('',(12.,137.5,31.));
#3730 = DIRECTION('',(1.,0.,0.));
#3731 = DIRECTION('',(0.,-0.735294117647,-0.677748154224));
#3732 = PCURVE('',#1273,#3733);
#3733 = DEFINITIONAL_REPRESENTATION('',(#3734),#3738);
#3734 = LINE('',#3735,#3736);
#3735 = CARTESIAN_POINT('',(5.457084765252,26.));
#3736 = VECTOR('',#3737,1.);
#3737 = DIRECTION('',(1.,0.));
#3738 = ( GEOMETRIC_REPRESENTATION_CONTEXT(2) 
PARAMETRIC_REPRESENTATION_CONTEXT() REPRESENTATION_CONTEXT('2D SPACE',''
  ) );
#3739 = PCURVE('',#3740,#3745);
#3740 = PLANE('',#3741);
#3741 = AXIS2_PLACEMENT_3D('',#3742,#3743,#3744);
#3742 = CARTESIAN_POINT('',(12.,135.,23.));
#3743 = DIRECTION('',(1.,0.,-0.));
#3744 = DIRECTION('',(0.,0.,1.));
#3745 = DEFINITIONAL_REPRESENTATION('',(#3746),#3750);
#3746 = CIRCLE('',#3747,3.4);
#3747 = AXIS2_PLACEMENT_2D('',#3748,#3749);
#3748 = CARTESIAN_POINT('',(8.,-2.5));
#3749 = DIRECTION('',(-0.677748154224,0.735294117647));
#3750 = ( GEOMETRIC_REPRESENTATION_CONTEXT(2) 
PARAMETRIC_REPRESENTATION_CONTEXT() REPRESENTATION_CONTEXT('2D SPACE',''
  ) );
#3751 = ORIENTED_EDGE('',*,*,#3752,.F.);
#3752 = EDGE_CURVE('',#3753,#3724,#3755,.T.);
#3753 = VERTEX_POINT('',#3754);
#3754 = CARTESIAN_POINT('',(-12.,135.,28.69565627564));
#3755 = SURFACE_CURVE('',#3756,(#3760,#3766),.PCURVE_S1.);
#3756 = LINE('',#3757,#3758);
#3757 = CARTESIAN_POINT('',(-14.,135.,28.695656275639));
#3758 = VECTOR('',#3759,1.);
#3759 = DIRECTION('',(1.,0.,2.22044604925E-16));
#3760 = PCURVE('',#1273,#3761);
#3761 = DEFINITIONAL_REPRESENTATION('',(#3762),#3765);
#3762 = B_SPLINE_CURVE_WITH_KNOTS('',1,(#3763,#3764),.UNSPECIFIED.,.F.,
  .F.,(2,2),(2.,26.),.PIECEWISE_BEZIER_KNOTS.);
#3763 = CARTESIAN_POINT('',(5.457084765253,2.));
#3764 = CARTESIAN_POINT('',(5.457084765253,26.));
#3765 = ( GEOMETRIC_REPRESENTATION_CONTEXT(2) 
PARAMETRIC_REPRESENTATION_CONTEXT() REPRESENTATION_CONTEXT('2D SPACE',''
  ) );
#3766 = PCURVE('',#3767,#3772);
#3767 = PLANE('',#3768);
#3768 = AXIS2_PLACEMENT_3D('',#3769,#3770,#3771);
#3769 = CARTESIAN_POINT('',(-12.,135.,23.));
#3770 = DIRECTION('',(-0.,1.,0.));
#3771 = DIRECTION('',(0.,0.,1.));
#3772 = DEFINITIONAL_REPRESENTATION('',(#3773),#3776);
#3773 = B_SPLINE_CURVE_WITH_KNOTS('',1,(#3774,#3775),.UNSPECIFIED.,.F.,
  .F.,(2,2),(-5.999999999062E-07,28.0000006),.PIECEWISE_BEZIER_KNOTS.);
#3774 = CARTESIAN_POINT('',(5.695656275639,-2.0000006));
#3775 = CARTESIAN_POINT('',(5.695656275639,26.0000006));
#3776 = ( GEOMETRIC_REPRESENTATION_CONTEXT(2) 
PARAMETRIC_REPRESENTATION_CONTEXT() REPRESENTATION_CONTEXT('2D SPACE',''
  ) );
#3777 = ORIENTED_EDGE('',*,*,#3778,.F.);
#3778 = EDGE_CURVE('',#3779,#3753,#3781,.T.);
#3779 = VERTEX_POINT('',#3780);
#3780 = CARTESIAN_POINT('',(-12.,140.,28.69565627564));
#3781 = SURFACE_CURVE('',#3782,(#3787,#3794),.PCURVE_S1.);
#3782 = CIRCLE('',#3783,3.4);
#3783 = AXIS2_PLACEMENT_3D('',#3784,#3785,#3786);
#3784 = CARTESIAN_POINT('',(-12.,137.5,31.));
#3785 = DIRECTION('',(-1.,0.,0.));
#3786 = DIRECTION('',(0.,0.735294117647,-0.677748154224));
#3787 = PCURVE('',#1273,#3788);
#3788 = DEFINITIONAL_REPRESENTATION('',(#3789),#3793);
#3789 = LINE('',#3790,#3791);
#3790 = CARTESIAN_POINT('',(7.109285849107,2.));
#3791 = VECTOR('',#3792,1.);
#3792 = DIRECTION('',(-1.,-0.));
#3793 = ( GEOMETRIC_REPRESENTATION_CONTEXT(2) 
PARAMETRIC_REPRESENTATION_CONTEXT() REPRESENTATION_CONTEXT('2D SPACE',''
  ) );
#3794 = PCURVE('',#3795,#3800);
#3795 = PLANE('',#3796);
#3796 = AXIS2_PLACEMENT_3D('',#3797,#3798,#3799);
#3797 = CARTESIAN_POINT('',(-12.,135.,23.));
#3798 = DIRECTION('',(1.,0.,-0.));
#3799 = DIRECTION('',(0.,0.,1.));
#3800 = DEFINITIONAL_REPRESENTATION('',(#3801),#3809);
#3801 = ( BOUNDED_CURVE() B_SPLINE_CURVE(2,(#3802,#3803,#3804,#3805,
#3806,#3807,#3808),.UNSPECIFIED.,.T.,.F.) B_SPLINE_CURVE_WITH_KNOTS((1,2
    ,2,2,2,1),(-2.094395102393,0.,2.094395102393,4.188790204786,
6.28318530718,8.377580409573),.UNSPECIFIED.) CURVE() 
GEOMETRIC_REPRESENTATION_ITEM() RATIONAL_B_SPLINE_CURVE((1.,0.5,1.,0.5,
1.,0.5,1.)) REPRESENTATION_ITEM('') );
#3802 = CARTESIAN_POINT('',(5.69565627564,-5.));
#3803 = CARTESIAN_POINT('',(1.365529256717,-1.008759591306));
#3804 = CARTESIAN_POINT('',(6.987108352719,0.745620204347));
#3805 = CARTESIAN_POINT('',(12.608687448721,2.500000000001));
#3806 = CARTESIAN_POINT('',(11.317235371641,-3.245620204347));
#3807 = CARTESIAN_POINT('',(10.025783294562,-8.991240408695));
#3808 = CARTESIAN_POINT('',(5.69565627564,-5.));
#3809 = ( GEOMETRIC_REPRESENTATION_CONTEXT(2) 
PARAMETRIC_REPRESENTATION_CONTEXT() REPRESENTATION_CONTEXT('2D SPACE',''
  ) );
#3810 = ORIENTED_EDGE('',*,*,#3811,.F.);
#3811 = EDGE_CURVE('',#3634,#3779,#3812,.T.);
#3812 = SURFACE_CURVE('',#3813,(#3817,#3823),.PCURVE_S1.);
#3813 = LINE('',#3814,#3815);
#3814 = CARTESIAN_POINT('',(-14.,140.,28.695656275646));
#3815 = VECTOR('',#3816,1.);
#3816 = DIRECTION('',(1.,0.,2.22044604925E-16));
#3817 = PCURVE('',#1273,#3818);
#3818 = DEFINITIONAL_REPRESENTATION('',(#3819),#3822);
#3819 = B_SPLINE_CURVE_WITH_KNOTS('',1,(#3820,#3821),.UNSPECIFIED.,.F.,
  .F.,(2,2),(0.,2.),.PIECEWISE_BEZIER_KNOTS.);
#3820 = CARTESIAN_POINT('',(7.109285849109,-5.116670918856E-16));
#3821 = CARTESIAN_POINT('',(7.109285849109,2.));
#3822 = ( GEOMETRIC_REPRESENTATION_CONTEXT(2) 
PARAMETRIC_REPRESENTATION_CONTEXT() REPRESENTATION_CONTEXT('2D SPACE',''
  ) );
#3823 = PCURVE('',#1119,#3824);
#3824 = DEFINITIONAL_REPRESENTATION('',(#3825),#3828);
#3825 = B_SPLINE_CURVE_WITH_KNOTS('',1,(#3826,#3827),.UNSPECIFIED.,.F.,
  .F.,(2,2),(-5.999999999062E-07,28.0000006),.PIECEWISE_BEZIER_KNOTS.);
#3826 = CARTESIAN_POINT('',(143.4999994,-21.49565627564));
#3827 = CARTESIAN_POINT('',(171.5000006,-21.49565627564));
#3828 = ( GEOMETRIC_REPRESENTATION_CONTEXT(2) 
PARAMETRIC_REPRESENTATION_CONTEXT() REPRESENTATION_CONTEXT('2D SPACE',''
  ) );
#3829 = ORIENTED_EDGE('',*,*,#3654,.T.);
#3830 = ORIENTED_EDGE('',*,*,#1258,.T.);
#3831 = ADVANCED_FACE('',(#3832),#3795,.F.);
#3832 = FACE_BOUND('',#3833,.F.);
#3833 = EDGE_LOOP('',(#3834,#3857,#3885,#3906));
#3834 = ORIENTED_EDGE('',*,*,#3835,.F.);
#3835 = EDGE_CURVE('',#3836,#3753,#3838,.T.);
#3836 = VERTEX_POINT('',#3837);
#3837 = CARTESIAN_POINT('',(-12.,135.,23.));
#3838 = SURFACE_CURVE('',#3839,(#3843,#3850),.PCURVE_S1.);
#3839 = LINE('',#3840,#3841);
#3840 = CARTESIAN_POINT('',(-12.,135.,23.));
#3841 = VECTOR('',#3842,1.);
#3842 = DIRECTION('',(0.,0.,1.));
#3843 = PCURVE('',#3795,#3844);
#3844 = DEFINITIONAL_REPRESENTATION('',(#3845),#3849);
#3845 = LINE('',#3846,#3847);
#3846 = CARTESIAN_POINT('',(0.,0.));
#3847 = VECTOR('',#3848,1.);
#3848 = DIRECTION('',(1.,0.));
#3849 = ( GEOMETRIC_REPRESENTATION_CONTEXT(2) 
PARAMETRIC_REPRESENTATION_CONTEXT() REPRESENTATION_CONTEXT('2D SPACE',''
  ) );
#3850 = PCURVE('',#3767,#3851);
#3851 = DEFINITIONAL_REPRESENTATION('',(#3852),#3856);
#3852 = LINE('',#3853,#3854);
#3853 = CARTESIAN_POINT('',(0.,0.));
#3854 = VECTOR('',#3855,1.);
#3855 = DIRECTION('',(1.,0.));
#3856 = ( GEOMETRIC_REPRESENTATION_CONTEXT(2) 
PARAMETRIC_REPRESENTATION_CONTEXT() REPRESENTATION_CONTEXT('2D SPACE',''
  ) );
#3857 = ORIENTED_EDGE('',*,*,#3858,.T.);
#3858 = EDGE_CURVE('',#3836,#3859,#3861,.T.);
#3859 = VERTEX_POINT('',#3860);
#3860 = CARTESIAN_POINT('',(-12.,140.,23.));
#3861 = SURFACE_CURVE('',#3862,(#3866,#3873),.PCURVE_S1.);
#3862 = LINE('',#3863,#3864);
#3863 = CARTESIAN_POINT('',(-12.,135.,23.));
#3864 = VECTOR('',#3865,1.);
#3865 = DIRECTION('',(-0.,1.,0.));
#3866 = PCURVE('',#3795,#3867);
#3867 = DEFINITIONAL_REPRESENTATION('',(#3868),#3872);
#3868 = LINE('',#3869,#3870);
#3869 = CARTESIAN_POINT('',(0.,0.));
#3870 = VECTOR('',#3871,1.);
#3871 = DIRECTION('',(0.,-1.));
#3872 = ( GEOMETRIC_REPRESENTATION_CONTEXT(2) 
PARAMETRIC_REPRESENTATION_CONTEXT() REPRESENTATION_CONTEXT('2D SPACE',''
  ) );
#3873 = PCURVE('',#3874,#3879);
#3874 = PLANE('',#3875);
#3875 = AXIS2_PLACEMENT_3D('',#3876,#3877,#3878);
#3876 = CARTESIAN_POINT('',(-12.,135.,23.));
#3877 = DIRECTION('',(0.,0.,1.));
#3878 = DIRECTION('',(1.,0.,-0.));
#3879 = DEFINITIONAL_REPRESENTATION('',(#3880),#3884);
#3880 = LINE('',#3881,#3882);
#3881 = CARTESIAN_POINT('',(0.,0.));
#3882 = VECTOR('',#3883,1.);
#3883 = DIRECTION('',(0.,1.));
#3884 = ( GEOMETRIC_REPRESENTATION_CONTEXT(2) 
PARAMETRIC_REPRESENTATION_CONTEXT() REPRESENTATION_CONTEXT('2D SPACE',''
  ) );
#3885 = ORIENTED_EDGE('',*,*,#3886,.T.);
#3886 = EDGE_CURVE('',#3859,#3779,#3887,.T.);
#3887 = SURFACE_CURVE('',#3888,(#3892,#3899),.PCURVE_S1.);
#3888 = LINE('',#3889,#3890);
#3889 = CARTESIAN_POINT('',(-12.,140.,23.));
#3890 = VECTOR('',#3891,1.);
#3891 = DIRECTION('',(0.,0.,1.));
#3892 = PCURVE('',#3795,#3893);
#3893 = DEFINITIONAL_REPRESENTATION('',(#3894),#3898);
#3894 = LINE('',#3895,#3896);
#3895 = CARTESIAN_POINT('',(0.,-5.));
#3896 = VECTOR('',#3897,1.);
#3897 = DIRECTION('',(1.,0.));
#3898 = ( GEOMETRIC_REPRESENTATION_CONTEXT(2) 
PARAMETRIC_REPRESENTATION_CONTEXT() REPRESENTATION_CONTEXT('2D SPACE',''
  ) );
#3899 = PCURVE('',#1119,#3900);
#3900 = DEFINITIONAL_REPRESENTATION('',(#3901),#3905);
#3901 = LINE('',#3902,#3903);
#3902 = CARTESIAN_POINT('',(145.5,-15.8));
#3903 = VECTOR('',#3904,1.);
#3904 = DIRECTION('',(0.,-1.));
#3905 = ( GEOMETRIC_REPRESENTATION_CONTEXT(2) 
PARAMETRIC_REPRESENTATION_CONTEXT() REPRESENTATION_CONTEXT('2D SPACE',''
  ) );
#3906 = ORIENTED_EDGE('',*,*,#3778,.T.);
#3907 = ADVANCED_FACE('',(#3908),#3874,.F.);
#3908 = FACE_BOUND('',#3909,.F.);
#3909 = EDGE_LOOP('',(#3910,#3911,#3934,#3957));
#3910 = ORIENTED_EDGE('',*,*,#3858,.F.);
#3911 = ORIENTED_EDGE('',*,*,#3912,.T.);
#3912 = EDGE_CURVE('',#3836,#3913,#3915,.T.);
#3913 = VERTEX_POINT('',#3914);
#3914 = CARTESIAN_POINT('',(12.,135.,23.));
#3915 = SURFACE_CURVE('',#3916,(#3920,#3927),.PCURVE_S1.);
#3916 = LINE('',#3917,#3918);
#3917 = CARTESIAN_POINT('',(-12.,135.,23.));
#3918 = VECTOR('',#3919,1.);
#3919 = DIRECTION('',(1.,0.,-0.));
#3920 = PCURVE('',#3874,#3921);
#3921 = DEFINITIONAL_REPRESENTATION('',(#3922),#3926);
#3922 = LINE('',#3923,#3924);
#3923 = CARTESIAN_POINT('',(0.,0.));
#3924 = VECTOR('',#3925,1.);
#3925 = DIRECTION('',(1.,0.));
#3926 = ( GEOMETRIC_REPRESENTATION_CONTEXT(2) 
PARAMETRIC_REPRESENTATION_CONTEXT() REPRESENTATION_CONTEXT('2D SPACE',''
  ) );
#3927 = PCURVE('',#3767,#3928);
#3928 = DEFINITIONAL_REPRESENTATION('',(#3929),#3933);
#3929 = LINE('',#3930,#3931);
#3930 = CARTESIAN_POINT('',(0.,0.));
#3931 = VECTOR('',#3932,1.);
#3932 = DIRECTION('',(0.,1.));
#3933 = ( GEOMETRIC_REPRESENTATION_CONTEXT(2) 
PARAMETRIC_REPRESENTATION_CONTEXT() REPRESENTATION_CONTEXT('2D SPACE',''
  ) );
#3934 = ORIENTED_EDGE('',*,*,#3935,.T.);
#3935 = EDGE_CURVE('',#3913,#3936,#3938,.T.);
#3936 = VERTEX_POINT('',#3937);
#3937 = CARTESIAN_POINT('',(12.,140.,23.));
#3938 = SURFACE_CURVE('',#3939,(#3943,#3950),.PCURVE_S1.);
#3939 = LINE('',#3940,#3941);
#3940 = CARTESIAN_POINT('',(12.,135.,23.));
#3941 = VECTOR('',#3942,1.);
#3942 = DIRECTION('',(-0.,1.,0.));
#3943 = PCURVE('',#3874,#3944);
#3944 = DEFINITIONAL_REPRESENTATION('',(#3945),#3949);
#3945 = LINE('',#3946,#3947);
#3946 = CARTESIAN_POINT('',(24.,0.));
#3947 = VECTOR('',#3948,1.);
#3948 = DIRECTION('',(0.,1.));
#3949 = ( GEOMETRIC_REPRESENTATION_CONTEXT(2) 
PARAMETRIC_REPRESENTATION_CONTEXT() REPRESENTATION_CONTEXT('2D SPACE',''
  ) );
#3950 = PCURVE('',#3740,#3951);
#3951 = DEFINITIONAL_REPRESENTATION('',(#3952),#3956);
#3952 = LINE('',#3953,#3954);
#3953 = CARTESIAN_POINT('',(0.,0.));
#3954 = VECTOR('',#3955,1.);
#3955 = DIRECTION('',(0.,-1.));
#3956 = ( GEOMETRIC_REPRESENTATION_CONTEXT(2) 
PARAMETRIC_REPRESENTATION_CONTEXT() REPRESENTATION_CONTEXT('2D SPACE',''
  ) );
#3957 = ORIENTED_EDGE('',*,*,#3958,.F.);
#3958 = EDGE_CURVE('',#3859,#3936,#3959,.T.);
#3959 = SURFACE_CURVE('',#3960,(#3964,#3971),.PCURVE_S1.);
#3960 = LINE('',#3961,#3962);
#3961 = CARTESIAN_POINT('',(-12.,140.,23.));
#3962 = VECTOR('',#3963,1.);
#3963 = DIRECTION('',(1.,0.,-0.));
#3964 = PCURVE('',#3874,#3965);
#3965 = DEFINITIONAL_REPRESENTATION('',(#3966),#3970);
#3966 = LINE('',#3967,#3968);
#3967 = CARTESIAN_POINT('',(0.,5.));
#3968 = VECTOR('',#3969,1.);
#3969 = DIRECTION('',(1.,0.));
#3970 = ( GEOMETRIC_REPRESENTATION_CONTEXT(2) 
PARAMETRIC_REPRESENTATION_CONTEXT() REPRESENTATION_CONTEXT('2D SPACE',''
  ) );
#3971 = PCURVE('',#1119,#3972);
#3972 = DEFINITIONAL_REPRESENTATION('',(#3973),#3977);
#3973 = LINE('',#3974,#3975);
#3974 = CARTESIAN_POINT('',(145.5,-15.8));
#3975 = VECTOR('',#3976,1.);
#3976 = DIRECTION('',(1.,0.));
#3977 = ( GEOMETRIC_REPRESENTATION_CONTEXT(2) 
PARAMETRIC_REPRESENTATION_CONTEXT() REPRESENTATION_CONTEXT('2D SPACE',''
  ) );
#3978 = ADVANCED_FACE('',(#3979),#3767,.F.);
#3979 = FACE_BOUND('',#3980,.F.);
#3980 = EDGE_LOOP('',(#3981,#4002,#4003,#4004));
#3981 = ORIENTED_EDGE('',*,*,#3982,.F.);
#3982 = EDGE_CURVE('',#3913,#3724,#3983,.T.);
#3983 = SURFACE_CURVE('',#3984,(#3988,#3995),.PCURVE_S1.);
#3984 = LINE('',#3985,#3986);
#3985 = CARTESIAN_POINT('',(12.,135.,23.));
#3986 = VECTOR('',#3987,1.);
#3987 = DIRECTION('',(0.,0.,1.));
#3988 = PCURVE('',#3767,#3989);
#3989 = DEFINITIONAL_REPRESENTATION('',(#3990),#3994);
#3990 = LINE('',#3991,#3992);
#3991 = CARTESIAN_POINT('',(0.,24.));
#3992 = VECTOR('',#3993,1.);
#3993 = DIRECTION('',(1.,0.));
#3994 = ( GEOMETRIC_REPRESENTATION_CONTEXT(2) 
PARAMETRIC_REPRESENTATION_CONTEXT() REPRESENTATION_CONTEXT('2D SPACE',''
  ) );
#3995 = PCURVE('',#3740,#3996);
#3996 = DEFINITIONAL_REPRESENTATION('',(#3997),#4001);
#3997 = LINE('',#3998,#3999);
#3998 = CARTESIAN_POINT('',(0.,0.));
#3999 = VECTOR('',#4000,1.);
#4000 = DIRECTION('',(1.,0.));
#4001 = ( GEOMETRIC_REPRESENTATION_CONTEXT(2) 
PARAMETRIC_REPRESENTATION_CONTEXT() REPRESENTATION_CONTEXT('2D SPACE',''
  ) );
#4002 = ORIENTED_EDGE('',*,*,#3912,.F.);
#4003 = ORIENTED_EDGE('',*,*,#3835,.T.);
#4004 = ORIENTED_EDGE('',*,*,#3752,.T.);
#4005 = ADVANCED_FACE('',(#4006),#3740,.T.);
#4006 = FACE_BOUND('',#4007,.T.);
#4007 = EDGE_LOOP('',(#4008,#4009,#4010,#4031));
#4008 = ORIENTED_EDGE('',*,*,#3982,.F.);
#4009 = ORIENTED_EDGE('',*,*,#3935,.T.);
#4010 = ORIENTED_EDGE('',*,*,#4011,.T.);
#4011 = EDGE_CURVE('',#3936,#3703,#4012,.T.);
#4012 = SURFACE_CURVE('',#4013,(#4017,#4024),.PCURVE_S1.);
#4013 = LINE('',#4014,#4015);
#4014 = CARTESIAN_POINT('',(12.,140.,23.));
#4015 = VECTOR('',#4016,1.);
#4016 = DIRECTION('',(0.,0.,1.));
#4017 = PCURVE('',#3740,#4018);
#4018 = DEFINITIONAL_REPRESENTATION('',(#4019),#4023);
#4019 = LINE('',#4020,#4021);
#4020 = CARTESIAN_POINT('',(0.,-5.));
#4021 = VECTOR('',#4022,1.);
#4022 = DIRECTION('',(1.,0.));
#4023 = ( GEOMETRIC_REPRESENTATION_CONTEXT(2) 
PARAMETRIC_REPRESENTATION_CONTEXT() REPRESENTATION_CONTEXT('2D SPACE',''
  ) );
#4024 = PCURVE('',#1119,#4025);
#4025 = DEFINITIONAL_REPRESENTATION('',(#4026),#4030);
#4026 = LINE('',#4027,#4028);
#4027 = CARTESIAN_POINT('',(169.5,-15.8));
#4028 = VECTOR('',#4029,1.);
#4029 = DIRECTION('',(0.,-1.));
#4030 = ( GEOMETRIC_REPRESENTATION_CONTEXT(2) 
PARAMETRIC_REPRESENTATION_CONTEXT() REPRESENTATION_CONTEXT('2D SPACE',''
  ) );
#4031 = ORIENTED_EDGE('',*,*,#3723,.F.);
#4032 = ADVANCED_FACE('',(#4033),#1299,.F.);
#4033 = FACE_BOUND('',#4034,.F.);
#4034 = EDGE_LOOP('',(#4035,#4054,#4055));
#4035 = ORIENTED_EDGE('',*,*,#4036,.T.);
#4036 = EDGE_CURVE('',#1285,#3680,#4037,.T.);
#4037 = SURFACE_CURVE('',#4038,(#4042,#4048),.PCURVE_S1.);
#4038 = LINE('',#4039,#4040);
#4039 = CARTESIAN_POINT('',(14.,140.,19.1));
#4040 = VECTOR('',#4041,1.);
#4041 = DIRECTION('',(2.22044604925E-16,0.,-1.));
#4042 = PCURVE('',#1299,#4043);
#4043 = DEFINITIONAL_REPRESENTATION('',(#4044),#4047);
#4044 = B_SPLINE_CURVE_WITH_KNOTS('',1,(#4045,#4046),.UNSPECIFIED.,.F.,
  .F.,(2,2),(-10.9,-8.5),.PIECEWISE_BEZIER_KNOTS.);
#4045 = CARTESIAN_POINT('',(1.,2.500000000006));
#4046 = CARTESIAN_POINT('',(3.4,2.500000000006));
#4047 = ( GEOMETRIC_REPRESENTATION_CONTEXT(2) 
PARAMETRIC_REPRESENTATION_CONTEXT() REPRESENTATION_CONTEXT('2D SPACE',''
  ) );
#4048 = PCURVE('',#1119,#4049);
#4049 = DEFINITIONAL_REPRESENTATION('',(#4050),#4053);
#4050 = B_SPLINE_CURVE_WITH_KNOTS('',1,(#4051,#4052),.UNSPECIFIED.,.F.,
  .F.,(2,2),(-10.9,-8.5),.PIECEWISE_BEZIER_KNOTS.);
#4051 = CARTESIAN_POINT('',(171.5,-22.8));
#4052 = CARTESIAN_POINT('',(171.5,-20.4));
#4053 = ( GEOMETRIC_REPRESENTATION_CONTEXT(2) 
PARAMETRIC_REPRESENTATION_CONTEXT() REPRESENTATION_CONTEXT('2D SPACE',''
  ) );
#4054 = ORIENTED_EDGE('',*,*,#3679,.T.);
#4055 = ORIENTED_EDGE('',*,*,#1284,.F.);
#4056 = ADVANCED_FACE('',(#4057),#1348,.T.);
#4057 = FACE_BOUND('',#4058,.T.);
#4058 = EDGE_LOOP('',(#4059,#4080,#4101));
#4059 = ORIENTED_EDGE('',*,*,#4060,.T.);
#4060 = EDGE_CURVE('',#1311,#4061,#4063,.T.);
#4061 = VERTEX_POINT('',#4062);
#4062 = CARTESIAN_POINT('',(119.5,140.,28.695656275646));
#4063 = SURFACE_CURVE('',#4064,(#4068,#4074),.PCURVE_S1.);
#4064 = LINE('',#4065,#4066);
#4065 = CARTESIAN_POINT('',(119.5,140.,19.1));
#4066 = VECTOR('',#4067,1.);
#4067 = DIRECTION('',(2.22044604925E-16,0.,-1.));
#4068 = PCURVE('',#1348,#4069);
#4069 = DEFINITIONAL_REPRESENTATION('',(#4070),#4073);
#4070 = B_SPLINE_CURVE_WITH_KNOTS('',1,(#4071,#4072),.UNSPECIFIED.,.F.,
  .F.,(2,2),(-10.9,-8.5),.PIECEWISE_BEZIER_KNOTS.);
#4071 = CARTESIAN_POINT('',(1.,2.500000000006));
#4072 = CARTESIAN_POINT('',(3.4,2.500000000006));
#4073 = ( GEOMETRIC_REPRESENTATION_CONTEXT(2) 
PARAMETRIC_REPRESENTATION_CONTEXT() REPRESENTATION_CONTEXT('2D SPACE',''
  ) );
#4074 = PCURVE('',#1119,#4075);
#4075 = DEFINITIONAL_REPRESENTATION('',(#4076),#4079);
#4076 = B_SPLINE_CURVE_WITH_KNOTS('',1,(#4077,#4078),.UNSPECIFIED.,.F.,
  .F.,(2,2),(-10.9,-8.5),.PIECEWISE_BEZIER_KNOTS.);
#4077 = CARTESIAN_POINT('',(277.,-22.8));
#4078 = CARTESIAN_POINT('',(277.,-20.4));
#4079 = ( GEOMETRIC_REPRESENTATION_CONTEXT(2) 
PARAMETRIC_REPRESENTATION_CONTEXT() REPRESENTATION_CONTEXT('2D SPACE',''
  ) );
#4080 = ORIENTED_EDGE('',*,*,#4081,.T.);
#4081 = EDGE_CURVE('',#4061,#1334,#4082,.T.);
#4082 = SURFACE_CURVE('',#4083,(#4088,#4095),.PCURVE_S1.);
#4083 = CIRCLE('',#4084,3.4);
#4084 = AXIS2_PLACEMENT_3D('',#4085,#4086,#4087);
#4085 = CARTESIAN_POINT('',(119.5,137.5,31.));
#4086 = DIRECTION('',(1.,-0.,2.22044604925E-16));
#4087 = DIRECTION('',(2.22044604925E-16,0.,-1.));
#4088 = PCURVE('',#1348,#4089);
#4089 = DEFINITIONAL_REPRESENTATION('',(#4090),#4094);
#4090 = CIRCLE('',#4091,3.4);
#4091 = AXIS2_PLACEMENT_2D('',#4092,#4093);
#4092 = CARTESIAN_POINT('',(0.,0.));
#4093 = DIRECTION('',(1.,0.));
#4094 = ( GEOMETRIC_REPRESENTATION_CONTEXT(2) 
PARAMETRIC_REPRESENTATION_CONTEXT() REPRESENTATION_CONTEXT('2D SPACE',''
  ) );
#4095 = PCURVE('',#1374,#4096);
#4096 = DEFINITIONAL_REPRESENTATION('',(#4097),#4100);
#4097 = B_SPLINE_CURVE_WITH_KNOTS('',1,(#4098,#4099),.UNSPECIFIED.,.F.,
  .F.,(2,2),(0.82610054193,1.27226412561),.PIECEWISE_BEZIER_KNOTS.);
#4098 = CARTESIAN_POINT('',(7.109285849109,0.));
#4099 = CARTESIAN_POINT('',(7.55544943279,0.));
#4100 = ( GEOMETRIC_REPRESENTATION_CONTEXT(2) 
PARAMETRIC_REPRESENTATION_CONTEXT() REPRESENTATION_CONTEXT('2D SPACE',''
  ) );
#4101 = ORIENTED_EDGE('',*,*,#1333,.F.);
#4102 = ADVANCED_FACE('',(#4103),#1374,.F.);
#4103 = FACE_BOUND('',#4104,.F.);
#4104 = EDGE_LOOP('',(#4105,#4128,#4149,#4178,#4204,#4237,#4256,#4257));
#4105 = ORIENTED_EDGE('',*,*,#4106,.F.);
#4106 = EDGE_CURVE('',#4107,#1360,#4109,.T.);
#4107 = VERTEX_POINT('',#4108);
#4108 = CARTESIAN_POINT('',(147.5,140.,28.695656275646));
#4109 = SURFACE_CURVE('',#4110,(#4115,#4121),.PCURVE_S1.);
#4110 = CIRCLE('',#4111,3.4);
#4111 = AXIS2_PLACEMENT_3D('',#4112,#4113,#4114);
#4112 = CARTESIAN_POINT('',(147.5,137.5,31.));
#4113 = DIRECTION('',(1.,-0.,2.22044604925E-16));
#4114 = DIRECTION('',(2.22044604925E-16,0.,-1.));
#4115 = PCURVE('',#1374,#4116);
#4116 = DEFINITIONAL_REPRESENTATION('',(#4117),#4120);
#4117 = B_SPLINE_CURVE_WITH_KNOTS('',1,(#4118,#4119),.UNSPECIFIED.,.F.,
  .F.,(2,2),(0.82610054193,1.27226412561),.PIECEWISE_BEZIER_KNOTS.);
#4118 = CARTESIAN_POINT('',(7.109285849109,28.));
#4119 = CARTESIAN_POINT('',(7.55544943279,28.));
#4120 = ( GEOMETRIC_REPRESENTATION_CONTEXT(2) 
PARAMETRIC_REPRESENTATION_CONTEXT() REPRESENTATION_CONTEXT('2D SPACE',''
  ) );
#4121 = PCURVE('',#1400,#4122);
#4122 = DEFINITIONAL_REPRESENTATION('',(#4123),#4127);
#4123 = CIRCLE('',#4124,3.4);
#4124 = AXIS2_PLACEMENT_2D('',#4125,#4126);
#4125 = CARTESIAN_POINT('',(0.,0.));
#4126 = DIRECTION('',(1.,0.));
#4127 = ( GEOMETRIC_REPRESENTATION_CONTEXT(2) 
PARAMETRIC_REPRESENTATION_CONTEXT() REPRESENTATION_CONTEXT('2D SPACE',''
  ) );
#4128 = ORIENTED_EDGE('',*,*,#4129,.F.);
#4129 = EDGE_CURVE('',#4130,#4107,#4132,.T.);
#4130 = VERTEX_POINT('',#4131);
#4131 = CARTESIAN_POINT('',(145.5,140.,28.69565627564));
#4132 = SURFACE_CURVE('',#4133,(#4137,#4143),.PCURVE_S1.);
#4133 = LINE('',#4134,#4135);
#4134 = CARTESIAN_POINT('',(119.5,140.,28.695656275646));
#4135 = VECTOR('',#4136,1.);
#4136 = DIRECTION('',(1.,0.,2.22044604925E-16));
#4137 = PCURVE('',#1374,#4138);
#4138 = DEFINITIONAL_REPRESENTATION('',(#4139),#4142);
#4139 = B_SPLINE_CURVE_WITH_KNOTS('',1,(#4140,#4141),.UNSPECIFIED.,.F.,
  .F.,(2,2),(26.,28.),.PIECEWISE_BEZIER_KNOTS.);
#4140 = CARTESIAN_POINT('',(7.109285849109,26.));
#4141 = CARTESIAN_POINT('',(7.109285849109,28.));
#4142 = ( GEOMETRIC_REPRESENTATION_CONTEXT(2) 
PARAMETRIC_REPRESENTATION_CONTEXT() REPRESENTATION_CONTEXT('2D SPACE',''
  ) );
#4143 = PCURVE('',#1119,#4144);
#4144 = DEFINITIONAL_REPRESENTATION('',(#4145),#4148);
#4145 = B_SPLINE_CURVE_WITH_KNOTS('',1,(#4146,#4147),.UNSPECIFIED.,.F.,
  .F.,(2,2),(-5.999999928008E-07,28.0000006),.PIECEWISE_BEZIER_KNOTS.);
#4146 = CARTESIAN_POINT('',(276.9999994,-21.49565627564));
#4147 = CARTESIAN_POINT('',(305.0000006,-21.49565627564));
#4148 = ( GEOMETRIC_REPRESENTATION_CONTEXT(2) 
PARAMETRIC_REPRESENTATION_CONTEXT() REPRESENTATION_CONTEXT('2D SPACE',''
  ) );
#4149 = ORIENTED_EDGE('',*,*,#4150,.F.);
#4150 = EDGE_CURVE('',#4151,#4130,#4153,.T.);
#4151 = VERTEX_POINT('',#4152);
#4152 = CARTESIAN_POINT('',(145.5,135.,28.69565627564));
#4153 = SURFACE_CURVE('',#4154,(#4159,#4166),.PCURVE_S1.);
#4154 = CIRCLE('',#4155,3.4);
#4155 = AXIS2_PLACEMENT_3D('',#4156,#4157,#4158);
#4156 = CARTESIAN_POINT('',(145.5,137.5,31.));
#4157 = DIRECTION('',(1.,0.,0.));
#4158 = DIRECTION('',(0.,-0.735294117647,-0.677748154224));
#4159 = PCURVE('',#1374,#4160);
#4160 = DEFINITIONAL_REPRESENTATION('',(#4161),#4165);
#4161 = LINE('',#4162,#4163);
#4162 = CARTESIAN_POINT('',(5.457084765252,26.));
#4163 = VECTOR('',#4164,1.);
#4164 = DIRECTION('',(1.,0.));
#4165 = ( GEOMETRIC_REPRESENTATION_CONTEXT(2) 
PARAMETRIC_REPRESENTATION_CONTEXT() REPRESENTATION_CONTEXT('2D SPACE',''
  ) );
#4166 = PCURVE('',#4167,#4172);
#4167 = PLANE('',#4168);
#4168 = AXIS2_PLACEMENT_3D('',#4169,#4170,#4171);
#4169 = CARTESIAN_POINT('',(145.5,135.,23.));
#4170 = DIRECTION('',(1.,0.,-0.));
#4171 = DIRECTION('',(0.,0.,1.));
#4172 = DEFINITIONAL_REPRESENTATION('',(#4173),#4177);
#4173 = CIRCLE('',#4174,3.4);
#4174 = AXIS2_PLACEMENT_2D('',#4175,#4176);
#4175 = CARTESIAN_POINT('',(8.,-2.5));
#4176 = DIRECTION('',(-0.677748154224,0.735294117647));
#4177 = ( GEOMETRIC_REPRESENTATION_CONTEXT(2) 
PARAMETRIC_REPRESENTATION_CONTEXT() REPRESENTATION_CONTEXT('2D SPACE',''
  ) );
#4178 = ORIENTED_EDGE('',*,*,#4179,.F.);
#4179 = EDGE_CURVE('',#4180,#4151,#4182,.T.);
#4180 = VERTEX_POINT('',#4181);
#4181 = CARTESIAN_POINT('',(121.5,135.,28.69565627564));
#4182 = SURFACE_CURVE('',#4183,(#4187,#4193),.PCURVE_S1.);
#4183 = LINE('',#4184,#4185);
#4184 = CARTESIAN_POINT('',(119.5,135.,28.695656275639));
#4185 = VECTOR('',#4186,1.);
#4186 = DIRECTION('',(1.,0.,2.22044604925E-16));
#4187 = PCURVE('',#1374,#4188);
#4188 = DEFINITIONAL_REPRESENTATION('',(#4189),#4192);
#4189 = B_SPLINE_CURVE_WITH_KNOTS('',1,(#4190,#4191),.UNSPECIFIED.,.F.,
  .F.,(2,2),(2.,26.),.PIECEWISE_BEZIER_KNOTS.);
#4190 = CARTESIAN_POINT('',(5.457084765253,2.));
#4191 = CARTESIAN_POINT('',(5.457084765253,26.));
#4192 = ( GEOMETRIC_REPRESENTATION_CONTEXT(2) 
PARAMETRIC_REPRESENTATION_CONTEXT() REPRESENTATION_CONTEXT('2D SPACE',''
  ) );
#4193 = PCURVE('',#4194,#4199);
#4194 = PLANE('',#4195);
#4195 = AXIS2_PLACEMENT_3D('',#4196,#4197,#4198);
#4196 = CARTESIAN_POINT('',(121.5,135.,23.));
#4197 = DIRECTION('',(-0.,1.,0.));
#4198 = DIRECTION('',(0.,0.,1.));
#4199 = DEFINITIONAL_REPRESENTATION('',(#4200),#4203);
#4200 = B_SPLINE_CURVE_WITH_KNOTS('',1,(#4201,#4202),.UNSPECIFIED.,.F.,
  .F.,(2,2),(-5.999999928008E-07,28.0000006),.PIECEWISE_BEZIER_KNOTS.);
#4201 = CARTESIAN_POINT('',(5.695656275639,-2.0000006));
#4202 = CARTESIAN_POINT('',(5.695656275639,26.0000006));
#4203 = ( GEOMETRIC_REPRESENTATION_CONTEXT(2) 
PARAMETRIC_REPRESENTATION_CONTEXT() REPRESENTATION_CONTEXT('2D SPACE',''
  ) );
#4204 = ORIENTED_EDGE('',*,*,#4205,.F.);
#4205 = EDGE_CURVE('',#4206,#4180,#4208,.T.);
#4206 = VERTEX_POINT('',#4207);
#4207 = CARTESIAN_POINT('',(121.5,140.,28.69565627564));
#4208 = SURFACE_CURVE('',#4209,(#4214,#4221),.PCURVE_S1.);
#4209 = CIRCLE('',#4210,3.4);
#4210 = AXIS2_PLACEMENT_3D('',#4211,#4212,#4213);
#4211 = CARTESIAN_POINT('',(121.5,137.5,31.));
#4212 = DIRECTION('',(-1.,0.,0.));
#4213 = DIRECTION('',(0.,0.735294117647,-0.677748154224));
#4214 = PCURVE('',#1374,#4215);
#4215 = DEFINITIONAL_REPRESENTATION('',(#4216),#4220);
#4216 = LINE('',#4217,#4218);
#4217 = CARTESIAN_POINT('',(7.109285849107,2.));
#4218 = VECTOR('',#4219,1.);
#4219 = DIRECTION('',(-1.,-0.));
#4220 = ( GEOMETRIC_REPRESENTATION_CONTEXT(2) 
PARAMETRIC_REPRESENTATION_CONTEXT() REPRESENTATION_CONTEXT('2D SPACE',''
  ) );
#4221 = PCURVE('',#4222,#4227);
#4222 = PLANE('',#4223);
#4223 = AXIS2_PLACEMENT_3D('',#4224,#4225,#4226);
#4224 = CARTESIAN_POINT('',(121.5,135.,23.));
#4225 = DIRECTION('',(1.,0.,-0.));
#4226 = DIRECTION('',(0.,0.,1.));
#4227 = DEFINITIONAL_REPRESENTATION('',(#4228),#4236);
#4228 = ( BOUNDED_CURVE() B_SPLINE_CURVE(2,(#4229,#4230,#4231,#4232,
#4233,#4234,#4235),.UNSPECIFIED.,.T.,.F.) B_SPLINE_CURVE_WITH_KNOTS((1,2
    ,2,2,2,1),(-2.094395102393,0.,2.094395102393,4.188790204786,
6.28318530718,8.377580409573),.UNSPECIFIED.) CURVE() 
GEOMETRIC_REPRESENTATION_ITEM() RATIONAL_B_SPLINE_CURVE((1.,0.5,1.,0.5,
1.,0.5,1.)) REPRESENTATION_ITEM('') );
#4229 = CARTESIAN_POINT('',(5.69565627564,-5.));
#4230 = CARTESIAN_POINT('',(1.365529256717,-1.008759591306));
#4231 = CARTESIAN_POINT('',(6.987108352719,0.745620204347));
#4232 = CARTESIAN_POINT('',(12.608687448721,2.500000000001));
#4233 = CARTESIAN_POINT('',(11.317235371641,-3.245620204347));
#4234 = CARTESIAN_POINT('',(10.025783294562,-8.991240408695));
#4235 = CARTESIAN_POINT('',(5.69565627564,-5.));
#4236 = ( GEOMETRIC_REPRESENTATION_CONTEXT(2) 
PARAMETRIC_REPRESENTATION_CONTEXT() REPRESENTATION_CONTEXT('2D SPACE',''
  ) );
#4237 = ORIENTED_EDGE('',*,*,#4238,.F.);
#4238 = EDGE_CURVE('',#4061,#4206,#4239,.T.);
#4239 = SURFACE_CURVE('',#4240,(#4244,#4250),.PCURVE_S1.);
#4240 = LINE('',#4241,#4242);
#4241 = CARTESIAN_POINT('',(119.5,140.,28.695656275646));
#4242 = VECTOR('',#4243,1.);
#4243 = DIRECTION('',(1.,0.,2.22044604925E-16));
#4244 = PCURVE('',#1374,#4245);
#4245 = DEFINITIONAL_REPRESENTATION('',(#4246),#4249);
#4246 = B_SPLINE_CURVE_WITH_KNOTS('',1,(#4247,#4248),.UNSPECIFIED.,.F.,
  .F.,(2,2),(0.,2.),.PIECEWISE_BEZIER_KNOTS.);
#4247 = CARTESIAN_POINT('',(7.109285849109,-5.116670918856E-16));
#4248 = CARTESIAN_POINT('',(7.109285849109,2.));
#4249 = ( GEOMETRIC_REPRESENTATION_CONTEXT(2) 
PARAMETRIC_REPRESENTATION_CONTEXT() REPRESENTATION_CONTEXT('2D SPACE',''
  ) );
#4250 = PCURVE('',#1119,#4251);
#4251 = DEFINITIONAL_REPRESENTATION('',(#4252),#4255);
#4252 = B_SPLINE_CURVE_WITH_KNOTS('',1,(#4253,#4254),.UNSPECIFIED.,.F.,
  .F.,(2,2),(-5.999999928008E-07,28.0000006),.PIECEWISE_BEZIER_KNOTS.);
#4253 = CARTESIAN_POINT('',(276.9999994,-21.49565627564));
#4254 = CARTESIAN_POINT('',(305.0000006,-21.49565627564));
#4255 = ( GEOMETRIC_REPRESENTATION_CONTEXT(2) 
PARAMETRIC_REPRESENTATION_CONTEXT() REPRESENTATION_CONTEXT('2D SPACE',''
  ) );
#4256 = ORIENTED_EDGE('',*,*,#4081,.T.);
#4257 = ORIENTED_EDGE('',*,*,#1359,.T.);
#4258 = ADVANCED_FACE('',(#4259),#4222,.F.);
#4259 = FACE_BOUND('',#4260,.F.);
#4260 = EDGE_LOOP('',(#4261,#4284,#4312,#4333));
#4261 = ORIENTED_EDGE('',*,*,#4262,.F.);
#4262 = EDGE_CURVE('',#4263,#4180,#4265,.T.);
#4263 = VERTEX_POINT('',#4264);
#4264 = CARTESIAN_POINT('',(121.5,135.,23.));
#4265 = SURFACE_CURVE('',#4266,(#4270,#4277),.PCURVE_S1.);
#4266 = LINE('',#4267,#4268);
#4267 = CARTESIAN_POINT('',(121.5,135.,23.));
#4268 = VECTOR('',#4269,1.);
#4269 = DIRECTION('',(0.,0.,1.));
#4270 = PCURVE('',#4222,#4271);
#4271 = DEFINITIONAL_REPRESENTATION('',(#4272),#4276);
#4272 = LINE('',#4273,#4274);
#4273 = CARTESIAN_POINT('',(0.,0.));
#4274 = VECTOR('',#4275,1.);
#4275 = DIRECTION('',(1.,0.));
#4276 = ( GEOMETRIC_REPRESENTATION_CONTEXT(2) 
PARAMETRIC_REPRESENTATION_CONTEXT() REPRESENTATION_CONTEXT('2D SPACE',''
  ) );
#4277 = PCURVE('',#4194,#4278);
#4278 = DEFINITIONAL_REPRESENTATION('',(#4279),#4283);
#4279 = LINE('',#4280,#4281);
#4280 = CARTESIAN_POINT('',(0.,0.));
#4281 = VECTOR('',#4282,1.);
#4282 = DIRECTION('',(1.,0.));
#4283 = ( GEOMETRIC_REPRESENTATION_CONTEXT(2) 
PARAMETRIC_REPRESENTATION_CONTEXT() REPRESENTATION_CONTEXT('2D SPACE',''
  ) );
#4284 = ORIENTED_EDGE('',*,*,#4285,.T.);
#4285 = EDGE_CURVE('',#4263,#4286,#4288,.T.);
#4286 = VERTEX_POINT('',#4287);
#4287 = CARTESIAN_POINT('',(121.5,140.,23.));
#4288 = SURFACE_CURVE('',#4289,(#4293,#4300),.PCURVE_S1.);
#4289 = LINE('',#4290,#4291);
#4290 = CARTESIAN_POINT('',(121.5,135.,23.));
#4291 = VECTOR('',#4292,1.);
#4292 = DIRECTION('',(-0.,1.,0.));
#4293 = PCURVE('',#4222,#4294);
#4294 = DEFINITIONAL_REPRESENTATION('',(#4295),#4299);
#4295 = LINE('',#4296,#4297);
#4296 = CARTESIAN_POINT('',(0.,0.));
#4297 = VECTOR('',#4298,1.);
#4298 = DIRECTION('',(0.,-1.));
#4299 = ( GEOMETRIC_REPRESENTATION_CONTEXT(2) 
PARAMETRIC_REPRESENTATION_CONTEXT() REPRESENTATION_CONTEXT('2D SPACE',''
  ) );
#4300 = PCURVE('',#4301,#4306);
#4301 = PLANE('',#4302);
#4302 = AXIS2_PLACEMENT_3D('',#4303,#4304,#4305);
#4303 = CARTESIAN_POINT('',(121.5,135.,23.));
#4304 = DIRECTION('',(0.,0.,1.));
#4305 = DIRECTION('',(1.,0.,-0.));
#4306 = DEFINITIONAL_REPRESENTATION('',(#4307),#4311);
#4307 = LINE('',#4308,#4309);
#4308 = CARTESIAN_POINT('',(0.,0.));
#4309 = VECTOR('',#4310,1.);
#4310 = DIRECTION('',(0.,1.));
#4311 = ( GEOMETRIC_REPRESENTATION_CONTEXT(2) 
PARAMETRIC_REPRESENTATION_CONTEXT() REPRESENTATION_CONTEXT('2D SPACE',''
  ) );
#4312 = ORIENTED_EDGE('',*,*,#4313,.T.);
#4313 = EDGE_CURVE('',#4286,#4206,#4314,.T.);
#4314 = SURFACE_CURVE('',#4315,(#4319,#4326),.PCURVE_S1.);
#4315 = LINE('',#4316,#4317);
#4316 = CARTESIAN_POINT('',(121.5,140.,23.));
#4317 = VECTOR('',#4318,1.);
#4318 = DIRECTION('',(0.,0.,1.));
#4319 = PCURVE('',#4222,#4320);
#4320 = DEFINITIONAL_REPRESENTATION('',(#4321),#4325);
#4321 = LINE('',#4322,#4323);
#4322 = CARTESIAN_POINT('',(0.,-5.));
#4323 = VECTOR('',#4324,1.);
#4324 = DIRECTION('',(1.,0.));
#4325 = ( GEOMETRIC_REPRESENTATION_CONTEXT(2) 
PARAMETRIC_REPRESENTATION_CONTEXT() REPRESENTATION_CONTEXT('2D SPACE',''
  ) );
#4326 = PCURVE('',#1119,#4327);
#4327 = DEFINITIONAL_REPRESENTATION('',(#4328),#4332);
#4328 = LINE('',#4329,#4330);
#4329 = CARTESIAN_POINT('',(279.,-15.8));
#4330 = VECTOR('',#4331,1.);
#4331 = DIRECTION('',(0.,-1.));
#4332 = ( GEOMETRIC_REPRESENTATION_CONTEXT(2) 
PARAMETRIC_REPRESENTATION_CONTEXT() REPRESENTATION_CONTEXT('2D SPACE',''
  ) );
#4333 = ORIENTED_EDGE('',*,*,#4205,.T.);
#4334 = ADVANCED_FACE('',(#4335),#4301,.F.);
#4335 = FACE_BOUND('',#4336,.F.);
#4336 = EDGE_LOOP('',(#4337,#4338,#4361,#4384));
#4337 = ORIENTED_EDGE('',*,*,#4285,.F.);
#4338 = ORIENTED_EDGE('',*,*,#4339,.T.);
#4339 = EDGE_CURVE('',#4263,#4340,#4342,.T.);
#4340 = VERTEX_POINT('',#4341);
#4341 = CARTESIAN_POINT('',(145.5,135.,23.));
#4342 = SURFACE_CURVE('',#4343,(#4347,#4354),.PCURVE_S1.);
#4343 = LINE('',#4344,#4345);
#4344 = CARTESIAN_POINT('',(121.5,135.,23.));
#4345 = VECTOR('',#4346,1.);
#4346 = DIRECTION('',(1.,0.,-0.));
#4347 = PCURVE('',#4301,#4348);
#4348 = DEFINITIONAL_REPRESENTATION('',(#4349),#4353);
#4349 = LINE('',#4350,#4351);
#4350 = CARTESIAN_POINT('',(0.,0.));
#4351 = VECTOR('',#4352,1.);
#4352 = DIRECTION('',(1.,0.));
#4353 = ( GEOMETRIC_REPRESENTATION_CONTEXT(2) 
PARAMETRIC_REPRESENTATION_CONTEXT() REPRESENTATION_CONTEXT('2D SPACE',''
  ) );
#4354 = PCURVE('',#4194,#4355);
#4355 = DEFINITIONAL_REPRESENTATION('',(#4356),#4360);
#4356 = LINE('',#4357,#4358);
#4357 = CARTESIAN_POINT('',(0.,0.));
#4358 = VECTOR('',#4359,1.);
#4359 = DIRECTION('',(0.,1.));
#4360 = ( GEOMETRIC_REPRESENTATION_CONTEXT(2) 
PARAMETRIC_REPRESENTATION_CONTEXT() REPRESENTATION_CONTEXT('2D SPACE',''
  ) );
#4361 = ORIENTED_EDGE('',*,*,#4362,.T.);
#4362 = EDGE_CURVE('',#4340,#4363,#4365,.T.);
#4363 = VERTEX_POINT('',#4364);
#4364 = CARTESIAN_POINT('',(145.5,140.,23.));
#4365 = SURFACE_CURVE('',#4366,(#4370,#4377),.PCURVE_S1.);
#4366 = LINE('',#4367,#4368);
#4367 = CARTESIAN_POINT('',(145.5,135.,23.));
#4368 = VECTOR('',#4369,1.);
#4369 = DIRECTION('',(-0.,1.,0.));
#4370 = PCURVE('',#4301,#4371);
#4371 = DEFINITIONAL_REPRESENTATION('',(#4372),#4376);
#4372 = LINE('',#4373,#4374);
#4373 = CARTESIAN_POINT('',(24.,0.));
#4374 = VECTOR('',#4375,1.);
#4375 = DIRECTION('',(0.,1.));
#4376 = ( GEOMETRIC_REPRESENTATION_CONTEXT(2) 
PARAMETRIC_REPRESENTATION_CONTEXT() REPRESENTATION_CONTEXT('2D SPACE',''
  ) );
#4377 = PCURVE('',#4167,#4378);
#4378 = DEFINITIONAL_REPRESENTATION('',(#4379),#4383);
#4379 = LINE('',#4380,#4381);
#4380 = CARTESIAN_POINT('',(0.,0.));
#4381 = VECTOR('',#4382,1.);
#4382 = DIRECTION('',(0.,-1.));
#4383 = ( GEOMETRIC_REPRESENTATION_CONTEXT(2) 
PARAMETRIC_REPRESENTATION_CONTEXT() REPRESENTATION_CONTEXT('2D SPACE',''
  ) );
#4384 = ORIENTED_EDGE('',*,*,#4385,.F.);
#4385 = EDGE_CURVE('',#4286,#4363,#4386,.T.);
#4386 = SURFACE_CURVE('',#4387,(#4391,#4398),.PCURVE_S1.);
#4387 = LINE('',#4388,#4389);
#4388 = CARTESIAN_POINT('',(121.5,140.,23.));
#4389 = VECTOR('',#4390,1.);
#4390 = DIRECTION('',(1.,0.,-0.));
#4391 = PCURVE('',#4301,#4392);
#4392 = DEFINITIONAL_REPRESENTATION('',(#4393),#4397);
#4393 = LINE('',#4394,#4395);
#4394 = CARTESIAN_POINT('',(0.,5.));
#4395 = VECTOR('',#4396,1.);
#4396 = DIRECTION('',(1.,0.));
#4397 = ( GEOMETRIC_REPRESENTATION_CONTEXT(2) 
PARAMETRIC_REPRESENTATION_CONTEXT() REPRESENTATION_CONTEXT('2D SPACE',''
  ) );
#4398 = PCURVE('',#1119,#4399);
#4399 = DEFINITIONAL_REPRESENTATION('',(#4400),#4404);
#4400 = LINE('',#4401,#4402);
#4401 = CARTESIAN_POINT('',(279.,-15.8));
#4402 = VECTOR('',#4403,1.);
#4403 = DIRECTION('',(1.,0.));
#4404 = ( GEOMETRIC_REPRESENTATION_CONTEXT(2) 
PARAMETRIC_REPRESENTATION_CONTEXT() REPRESENTATION_CONTEXT('2D SPACE',''
  ) );
#4405 = ADVANCED_FACE('',(#4406),#4194,.F.);
#4406 = FACE_BOUND('',#4407,.F.);
#4407 = EDGE_LOOP('',(#4408,#4429,#4430,#4431));
#4408 = ORIENTED_EDGE('',*,*,#4409,.F.);
#4409 = EDGE_CURVE('',#4340,#4151,#4410,.T.);
#4410 = SURFACE_CURVE('',#4411,(#4415,#4422),.PCURVE_S1.);
#4411 = LINE('',#4412,#4413);
#4412 = CARTESIAN_POINT('',(145.5,135.,23.));
#4413 = VECTOR('',#4414,1.);
#4414 = DIRECTION('',(0.,0.,1.));
#4415 = PCURVE('',#4194,#4416);
#4416 = DEFINITIONAL_REPRESENTATION('',(#4417),#4421);
#4417 = LINE('',#4418,#4419);
#4418 = CARTESIAN_POINT('',(0.,24.));
#4419 = VECTOR('',#4420,1.);
#4420 = DIRECTION('',(1.,0.));
#4421 = ( GEOMETRIC_REPRESENTATION_CONTEXT(2) 
PARAMETRIC_REPRESENTATION_CONTEXT() REPRESENTATION_CONTEXT('2D SPACE',''
  ) );
#4422 = PCURVE('',#4167,#4423);
#4423 = DEFINITIONAL_REPRESENTATION('',(#4424),#4428);
#4424 = LINE('',#4425,#4426);
#4425 = CARTESIAN_POINT('',(0.,0.));
#4426 = VECTOR('',#4427,1.);
#4427 = DIRECTION('',(1.,0.));
#4428 = ( GEOMETRIC_REPRESENTATION_CONTEXT(2) 
PARAMETRIC_REPRESENTATION_CONTEXT() REPRESENTATION_CONTEXT('2D SPACE',''
  ) );
#4429 = ORIENTED_EDGE('',*,*,#4339,.F.);
#4430 = ORIENTED_EDGE('',*,*,#4262,.T.);
#4431 = ORIENTED_EDGE('',*,*,#4179,.T.);
#4432 = ADVANCED_FACE('',(#4433),#4167,.T.);
#4433 = FACE_BOUND('',#4434,.T.);
#4434 = EDGE_LOOP('',(#4435,#4436,#4437,#4458));
#4435 = ORIENTED_EDGE('',*,*,#4409,.F.);
#4436 = ORIENTED_EDGE('',*,*,#4362,.T.);
#4437 = ORIENTED_EDGE('',*,*,#4438,.T.);
#4438 = EDGE_CURVE('',#4363,#4130,#4439,.T.);
#4439 = SURFACE_CURVE('',#4440,(#4444,#4451),.PCURVE_S1.);
#4440 = LINE('',#4441,#4442);
#4441 = CARTESIAN_POINT('',(145.5,140.,23.));
#4442 = VECTOR('',#4443,1.);
#4443 = DIRECTION('',(0.,0.,1.));
#4444 = PCURVE('',#4167,#4445);
#4445 = DEFINITIONAL_REPRESENTATION('',(#4446),#4450);
#4446 = LINE('',#4447,#4448);
#4447 = CARTESIAN_POINT('',(0.,-5.));
#4448 = VECTOR('',#4449,1.);
#4449 = DIRECTION('',(1.,0.));
#4450 = ( GEOMETRIC_REPRESENTATION_CONTEXT(2) 
PARAMETRIC_REPRESENTATION_CONTEXT() REPRESENTATION_CONTEXT('2D SPACE',''
  ) );
#4451 = PCURVE('',#1119,#4452);
#4452 = DEFINITIONAL_REPRESENTATION('',(#4453),#4457);
#4453 = LINE('',#4454,#4455);
#4454 = CARTESIAN_POINT('',(303.,-15.8));
#4455 = VECTOR('',#4456,1.);
#4456 = DIRECTION('',(0.,-1.));
#4457 = ( GEOMETRIC_REPRESENTATION_CONTEXT(2) 
PARAMETRIC_REPRESENTATION_CONTEXT() REPRESENTATION_CONTEXT('2D SPACE',''
  ) );
#4458 = ORIENTED_EDGE('',*,*,#4150,.F.);
#4459 = ADVANCED_FACE('',(#4460),#1400,.F.);
#4460 = FACE_BOUND('',#4461,.F.);
#4461 = EDGE_LOOP('',(#4462,#4481,#4482));
#4462 = ORIENTED_EDGE('',*,*,#4463,.T.);
#4463 = EDGE_CURVE('',#1386,#4107,#4464,.T.);
#4464 = SURFACE_CURVE('',#4465,(#4469,#4475),.PCURVE_S1.);
#4465 = LINE('',#4466,#4467);
#4466 = CARTESIAN_POINT('',(147.5,140.,19.1));
#4467 = VECTOR('',#4468,1.);
#4468 = DIRECTION('',(2.22044604925E-16,0.,-1.));
#4469 = PCURVE('',#1400,#4470);
#4470 = DEFINITIONAL_REPRESENTATION('',(#4471),#4474);
#4471 = B_SPLINE_CURVE_WITH_KNOTS('',1,(#4472,#4473),.UNSPECIFIED.,.F.,
  .F.,(2,2),(-10.9,-8.5),.PIECEWISE_BEZIER_KNOTS.);
#4472 = CARTESIAN_POINT('',(1.,2.500000000006));
#4473 = CARTESIAN_POINT('',(3.4,2.500000000006));
#4474 = ( GEOMETRIC_REPRESENTATION_CONTEXT(2) 
PARAMETRIC_REPRESENTATION_CONTEXT() REPRESENTATION_CONTEXT('2D SPACE',''
  ) );
#4475 = PCURVE('',#1119,#4476);
#4476 = DEFINITIONAL_REPRESENTATION('',(#4477),#4480);
#4477 = B_SPLINE_CURVE_WITH_KNOTS('',1,(#4478,#4479),.UNSPECIFIED.,.F.,
  .F.,(2,2),(-10.9,-8.5),.PIECEWISE_BEZIER_KNOTS.);
#4478 = CARTESIAN_POINT('',(305.,-22.8));
#4479 = CARTESIAN_POINT('',(305.,-20.4));
#4480 = ( GEOMETRIC_REPRESENTATION_CONTEXT(2) 
PARAMETRIC_REPRESENTATION_CONTEXT() REPRESENTATION_CONTEXT('2D SPACE',''
  ) );
#4481 = ORIENTED_EDGE('',*,*,#4106,.T.);
#4482 = ORIENTED_EDGE('',*,*,#1385,.F.);
#4483 = ADVANCED_FACE('',(#4484),#1119,.F.);
#4484 = FACE_BOUND('',#4485,.F.);
#4485 = EDGE_LOOP('',(#4486,#4487,#4488,#4489,#4490,#4491,#4492,#4493,
    #4494,#4495,#4496,#4497,#4498,#4499,#4500,#4501,#4502,#4503,#4504,
    #4505,#4506,#4507,#4508,#4509,#4510,#4511,#4512,#4513));
#4486 = ORIENTED_EDGE('',*,*,#3131,.F.);
#4487 = ORIENTED_EDGE('',*,*,#3180,.T.);
#4488 = ORIENTED_EDGE('',*,*,#1103,.T.);
#4489 = ORIENTED_EDGE('',*,*,#3206,.T.);
#4490 = ORIENTED_EDGE('',*,*,#3384,.T.);
#4491 = ORIENTED_EDGE('',*,*,#3459,.F.);
#4492 = ORIENTED_EDGE('',*,*,#3531,.T.);
#4493 = ORIENTED_EDGE('',*,*,#3584,.T.);
#4494 = ORIENTED_EDGE('',*,*,#3275,.T.);
#4495 = ORIENTED_EDGE('',*,*,#3609,.F.);
#4496 = ORIENTED_EDGE('',*,*,#1209,.T.);
#4497 = ORIENTED_EDGE('',*,*,#3633,.T.);
#4498 = ORIENTED_EDGE('',*,*,#3811,.T.);
#4499 = ORIENTED_EDGE('',*,*,#3886,.F.);
#4500 = ORIENTED_EDGE('',*,*,#3958,.T.);
#4501 = ORIENTED_EDGE('',*,*,#4011,.T.);
#4502 = ORIENTED_EDGE('',*,*,#3702,.T.);
#4503 = ORIENTED_EDGE('',*,*,#4036,.F.);
#4504 = ORIENTED_EDGE('',*,*,#1310,.T.);
#4505 = ORIENTED_EDGE('',*,*,#4060,.T.);
#4506 = ORIENTED_EDGE('',*,*,#4238,.T.);
#4507 = ORIENTED_EDGE('',*,*,#4313,.F.);
#4508 = ORIENTED_EDGE('',*,*,#4385,.T.);
#4509 = ORIENTED_EDGE('',*,*,#4438,.T.);
#4510 = ORIENTED_EDGE('',*,*,#4129,.T.);
#4511 = ORIENTED_EDGE('',*,*,#4463,.F.);
#4512 = ORIENTED_EDGE('',*,*,#1411,.T.);
#4513 = ORIENTED_EDGE('',*,*,#4514,.F.);
#4514 = EDGE_CURVE('',#3108,#1412,#4515,.T.);
#4515 = SURFACE_CURVE('',#4516,(#4520,#4527),.PCURVE_S1.);
#4516 = LINE('',#4517,#4518);
#4517 = CARTESIAN_POINT('',(157.5,139.99999998147,7.2));
#4518 = VECTOR('',#4519,1.);
#4519 = DIRECTION('',(0.,0.,1.));
#4520 = PCURVE('',#1119,#4521);
#4521 = DEFINITIONAL_REPRESENTATION('',(#4522),#4526);
#4522 = LINE('',#4523,#4524);
#4523 = CARTESIAN_POINT('',(315.,0.));
#4524 = VECTOR('',#4525,1.);
#4525 = DIRECTION('',(0.,-1.));
#4526 = ( GEOMETRIC_REPRESENTATION_CONTEXT(2) 
PARAMETRIC_REPRESENTATION_CONTEXT() REPRESENTATION_CONTEXT('2D SPACE',''
  ) );
#4527 = PCURVE('',#1451,#4528);
#4528 = DEFINITIONAL_REPRESENTATION('',(#4529),#4533);
#4529 = LINE('',#4530,#4531);
#4530 = CARTESIAN_POINT('',(-1.570796326795,0.));
#4531 = VECTOR('',#4532,1.);
#4532 = DIRECTION('',(-0.,-1.));
#4533 = ( GEOMETRIC_REPRESENTATION_CONTEXT(2) 
PARAMETRIC_REPRESENTATION_CONTEXT() REPRESENTATION_CONTEXT('2D SPACE',''
  ) );
#4534 = ADVANCED_FACE('',(#4535),#1451,.F.);
#4535 = FACE_BOUND('',#4536,.T.);
#4536 = EDGE_LOOP('',(#4537,#4538,#4559,#4560));
#4537 = ORIENTED_EDGE('',*,*,#3107,.F.);
#4538 = ORIENTED_EDGE('',*,*,#4539,.T.);
#4539 = EDGE_CURVE('',#3085,#1435,#4540,.T.);
#4540 = SURFACE_CURVE('',#4541,(#4545,#4552),.PCURVE_S1.);
#4541 = LINE('',#4542,#4543);
#4542 = CARTESIAN_POINT('',(170.,127.49999996295,7.2));
#4543 = VECTOR('',#4544,1.);
#4544 = DIRECTION('',(0.,0.,1.));
#4545 = PCURVE('',#1451,#4546);
#4546 = DEFINITIONAL_REPRESENTATION('',(#4547),#4551);
#4547 = LINE('',#4548,#4549);
#4548 = CARTESIAN_POINT('',(-0.,0.));
#4549 = VECTOR('',#4550,1.);
#4550 = DIRECTION('',(-0.,-1.));
#4551 = ( GEOMETRIC_REPRESENTATION_CONTEXT(2) 
PARAMETRIC_REPRESENTATION_CONTEXT() REPRESENTATION_CONTEXT('2D SPACE',''
  ) );
#4552 = PCURVE('',#1479,#4553);
#4553 = DEFINITIONAL_REPRESENTATION('',(#4554),#4558);
#4554 = LINE('',#4555,#4556);
#4555 = CARTESIAN_POINT('',(254.99999996295,0.));
#4556 = VECTOR('',#4557,1.);
#4557 = DIRECTION('',(0.,-1.));
#4558 = ( GEOMETRIC_REPRESENTATION_CONTEXT(2) 
PARAMETRIC_REPRESENTATION_CONTEXT() REPRESENTATION_CONTEXT('2D SPACE',''
  ) );
#4559 = ORIENTED_EDGE('',*,*,#1434,.T.);
#4560 = ORIENTED_EDGE('',*,*,#4514,.F.);
#4561 = ADVANCED_FACE('',(#4562),#1506,.T.);
#4562 = FACE_BOUND('',#4563,.T.);
#4563 = EDGE_LOOP('',(#4564,#4585,#4607));
#4564 = ORIENTED_EDGE('',*,*,#4565,.F.);
#4565 = EDGE_CURVE('',#4566,#1464,#4568,.T.);
#4566 = VERTEX_POINT('',#4567);
#4567 = CARTESIAN_POINT('',(170.,117.5,28.695656275639));
#4568 = SURFACE_CURVE('',#4569,(#4573,#4579),.PCURVE_S1.);
#4569 = LINE('',#4570,#4571);
#4570 = CARTESIAN_POINT('',(170.,117.5,19.1));
#4571 = VECTOR('',#4572,1.);
#4572 = DIRECTION('',(0.,2.22044604925E-16,1.));
#4573 = PCURVE('',#1506,#4574);
#4574 = DEFINITIONAL_REPRESENTATION('',(#4575),#4578);
#4575 = B_SPLINE_CURVE_WITH_KNOTS('',1,(#4576,#4577),.UNSPECIFIED.,.F.,
  .F.,(2,2),(8.5,10.9),.PIECEWISE_BEZIER_KNOTS.);
#4576 = CARTESIAN_POINT('',(2.5,-3.4));
#4577 = CARTESIAN_POINT('',(2.5,-1.));
#4578 = ( GEOMETRIC_REPRESENTATION_CONTEXT(2) 
PARAMETRIC_REPRESENTATION_CONTEXT() REPRESENTATION_CONTEXT('2D SPACE',''
  ) );
#4579 = PCURVE('',#1479,#4580);
#4580 = DEFINITIONAL_REPRESENTATION('',(#4581),#4584);
#4581 = B_SPLINE_CURVE_WITH_KNOTS('',1,(#4582,#4583),.UNSPECIFIED.,.F.,
  .F.,(2,2),(8.5,10.9),.PIECEWISE_BEZIER_KNOTS.);
#4582 = CARTESIAN_POINT('',(245.,-20.4));
#4583 = CARTESIAN_POINT('',(245.,-22.8));
#4584 = ( GEOMETRIC_REPRESENTATION_CONTEXT(2) 
PARAMETRIC_REPRESENTATION_CONTEXT() REPRESENTATION_CONTEXT('2D SPACE',''
  ) );
#4585 = ORIENTED_EDGE('',*,*,#4586,.T.);
#4586 = EDGE_CURVE('',#4566,#1492,#4587,.T.);
#4587 = SURFACE_CURVE('',#4588,(#4593,#4600),.PCURVE_S1.);
#4588 = CIRCLE('',#4589,3.4);
#4589 = AXIS2_PLACEMENT_3D('',#4590,#4591,#4592);
#4590 = CARTESIAN_POINT('',(167.5,117.5,31.));
#4591 = DIRECTION('',(0.,-1.,2.22044604925E-16));
#4592 = DIRECTION('',(1.,0.,0.));
#4593 = PCURVE('',#1506,#4594);
#4594 = DEFINITIONAL_REPRESENTATION('',(#4595),#4599);
#4595 = CIRCLE('',#4596,3.4);
#4596 = AXIS2_PLACEMENT_2D('',#4597,#4598);
#4597 = CARTESIAN_POINT('',(0.,0.));
#4598 = DIRECTION('',(1.,0.));
#4599 = ( GEOMETRIC_REPRESENTATION_CONTEXT(2) 
PARAMETRIC_REPRESENTATION_CONTEXT() REPRESENTATION_CONTEXT('2D SPACE',''
  ) );
#4600 = PCURVE('',#1532,#4601);
#4601 = DEFINITIONAL_REPRESENTATION('',(#4602),#4606);
#4602 = LINE('',#4603,#4604);
#4603 = CARTESIAN_POINT('',(0.,0.));
#4604 = VECTOR('',#4605,1.);
#4605 = DIRECTION('',(1.,0.));
#4606 = ( GEOMETRIC_REPRESENTATION_CONTEXT(2) 
PARAMETRIC_REPRESENTATION_CONTEXT() REPRESENTATION_CONTEXT('2D SPACE',''
  ) );
#4607 = ORIENTED_EDGE('',*,*,#1491,.F.);
#4608 = ADVANCED_FACE('',(#4609),#1532,.F.);
#4609 = FACE_BOUND('',#4610,.F.);
#4610 = EDGE_LOOP('',(#4611,#4635,#4656,#4689,#4715,#4748,#4767,#4768));
#4611 = ORIENTED_EDGE('',*,*,#4612,.F.);
#4612 = EDGE_CURVE('',#4613,#1518,#4615,.T.);
#4613 = VERTEX_POINT('',#4614);
#4614 = CARTESIAN_POINT('',(170.,89.5,28.695656275639));
#4615 = SURFACE_CURVE('',#4616,(#4621,#4628),.PCURVE_S1.);
#4616 = CIRCLE('',#4617,3.4);
#4617 = AXIS2_PLACEMENT_3D('',#4618,#4619,#4620);
#4618 = CARTESIAN_POINT('',(167.5,89.5,31.));
#4619 = DIRECTION('',(0.,-1.,2.22044604925E-16));
#4620 = DIRECTION('',(1.,0.,0.));
#4621 = PCURVE('',#1532,#4622);
#4622 = DEFINITIONAL_REPRESENTATION('',(#4623),#4627);
#4623 = LINE('',#4624,#4625);
#4624 = CARTESIAN_POINT('',(0.,28.));
#4625 = VECTOR('',#4626,1.);
#4626 = DIRECTION('',(1.,0.));
#4627 = ( GEOMETRIC_REPRESENTATION_CONTEXT(2) 
PARAMETRIC_REPRESENTATION_CONTEXT() REPRESENTATION_CONTEXT('2D SPACE',''
  ) );
#4628 = PCURVE('',#1558,#4629);
#4629 = DEFINITIONAL_REPRESENTATION('',(#4630),#4634);
#4630 = CIRCLE('',#4631,3.4);
#4631 = AXIS2_PLACEMENT_2D('',#4632,#4633);
#4632 = CARTESIAN_POINT('',(0.,0.));
#4633 = DIRECTION('',(1.,0.));
#4634 = ( GEOMETRIC_REPRESENTATION_CONTEXT(2) 
PARAMETRIC_REPRESENTATION_CONTEXT() REPRESENTATION_CONTEXT('2D SPACE',''
  ) );
#4635 = ORIENTED_EDGE('',*,*,#4636,.F.);
#4636 = EDGE_CURVE('',#4637,#4613,#4639,.T.);
#4637 = VERTEX_POINT('',#4638);
#4638 = CARTESIAN_POINT('',(170.,91.5,28.69565627564));
#4639 = SURFACE_CURVE('',#4640,(#4644,#4650),.PCURVE_S1.);
#4640 = LINE('',#4641,#4642);
#4641 = CARTESIAN_POINT('',(170.,117.5,28.695656275639));
#4642 = VECTOR('',#4643,1.);
#4643 = DIRECTION('',(0.,-1.,2.22044604925E-16));
#4644 = PCURVE('',#1532,#4645);
#4645 = DEFINITIONAL_REPRESENTATION('',(#4646),#4649);
#4646 = B_SPLINE_CURVE_WITH_KNOTS('',1,(#4647,#4648),.UNSPECIFIED.,.F.,
  .F.,(2,2),(-5.999999928008E-07,28.0000006),.PIECEWISE_BEZIER_KNOTS.);
#4647 = CARTESIAN_POINT('',(5.538489522312,-5.999999933125E-07));
#4648 = CARTESIAN_POINT('',(5.538489522312,28.0000006));
#4649 = ( GEOMETRIC_REPRESENTATION_CONTEXT(2) 
PARAMETRIC_REPRESENTATION_CONTEXT() REPRESENTATION_CONTEXT('2D SPACE',''
  ) );
#4650 = PCURVE('',#1479,#4651);
#4651 = DEFINITIONAL_REPRESENTATION('',(#4652),#4655);
#4652 = B_SPLINE_CURVE_WITH_KNOTS('',1,(#4653,#4654),.UNSPECIFIED.,.F.,
  .F.,(2,2),(-5.999999928008E-07,28.0000006),.PIECEWISE_BEZIER_KNOTS.);
#4653 = CARTESIAN_POINT('',(245.0000006,-21.49565627563));
#4654 = CARTESIAN_POINT('',(216.9999994,-21.49565627563));
#4655 = ( GEOMETRIC_REPRESENTATION_CONTEXT(2) 
PARAMETRIC_REPRESENTATION_CONTEXT() REPRESENTATION_CONTEXT('2D SPACE',''
  ) );
#4656 = ORIENTED_EDGE('',*,*,#4657,.F.);
#4657 = EDGE_CURVE('',#4658,#4637,#4660,.T.);
#4658 = VERTEX_POINT('',#4659);
#4659 = CARTESIAN_POINT('',(165.,91.5,28.69565627564));
#4660 = SURFACE_CURVE('',#4661,(#4666,#4673),.PCURVE_S1.);
#4661 = CIRCLE('',#4662,3.4);
#4662 = AXIS2_PLACEMENT_3D('',#4663,#4664,#4665);
#4663 = CARTESIAN_POINT('',(167.5,91.5,31.));
#4664 = DIRECTION('',(0.,-1.,2.22044604925E-16));
#4665 = DIRECTION('',(1.,0.,0.));
#4666 = PCURVE('',#1532,#4667);
#4667 = DEFINITIONAL_REPRESENTATION('',(#4668),#4672);
#4668 = LINE('',#4669,#4670);
#4669 = CARTESIAN_POINT('',(0.,26.));
#4670 = VECTOR('',#4671,1.);
#4671 = DIRECTION('',(1.,0.));
#4672 = ( GEOMETRIC_REPRESENTATION_CONTEXT(2) 
PARAMETRIC_REPRESENTATION_CONTEXT() REPRESENTATION_CONTEXT('2D SPACE',''
  ) );
#4673 = PCURVE('',#4674,#4679);
#4674 = PLANE('',#4675);
#4675 = AXIS2_PLACEMENT_3D('',#4676,#4677,#4678);
#4676 = CARTESIAN_POINT('',(165.,91.5,23.));
#4677 = DIRECTION('',(-0.,1.,0.));
#4678 = DIRECTION('',(0.,0.,1.));
#4679 = DEFINITIONAL_REPRESENTATION('',(#4680),#4688);
#4680 = ( BOUNDED_CURVE() B_SPLINE_CURVE(2,(#4681,#4682,#4683,#4684,
#4685,#4686,#4687),.UNSPECIFIED.,.T.,.F.) B_SPLINE_CURVE_WITH_KNOTS((1,2
    ,2,2,2,1),(-2.094395102393,0.,2.094395102393,4.188790204786,
6.28318530718,8.377580409573),.UNSPECIFIED.) CURVE() 
GEOMETRIC_REPRESENTATION_ITEM() RATIONAL_B_SPLINE_CURVE((1.,0.5,1.,0.5,
1.,0.5,1.)) REPRESENTATION_ITEM('') );
#4681 = CARTESIAN_POINT('',(8.,5.9));
#4682 = CARTESIAN_POINT('',(13.888972745734,5.9));
#4683 = CARTESIAN_POINT('',(10.944486372867,0.8));
#4684 = CARTESIAN_POINT('',(8.,-4.3));
#4685 = CARTESIAN_POINT('',(5.055513627133,0.8));
#4686 = CARTESIAN_POINT('',(2.111027254266,5.9));
#4687 = CARTESIAN_POINT('',(8.,5.9));
#4688 = ( GEOMETRIC_REPRESENTATION_CONTEXT(2) 
PARAMETRIC_REPRESENTATION_CONTEXT() REPRESENTATION_CONTEXT('2D SPACE',''
  ) );
#4689 = ORIENTED_EDGE('',*,*,#4690,.F.);
#4690 = EDGE_CURVE('',#4691,#4658,#4693,.T.);
#4691 = VERTEX_POINT('',#4692);
#4692 = CARTESIAN_POINT('',(165.,115.5,28.69565627564));
#4693 = SURFACE_CURVE('',#4694,(#4698,#4704),.PCURVE_S1.);
#4694 = LINE('',#4695,#4696);
#4695 = CARTESIAN_POINT('',(165.,117.5,28.695656275639));
#4696 = VECTOR('',#4697,1.);
#4697 = DIRECTION('',(0.,-1.,2.22044604925E-16));
#4698 = PCURVE('',#1532,#4699);
#4699 = DEFINITIONAL_REPRESENTATION('',(#4700),#4703);
#4700 = B_SPLINE_CURVE_WITH_KNOTS('',1,(#4701,#4702),.UNSPECIFIED.,.F.,
  .F.,(2,2),(-5.999999928008E-07,28.0000006),.PIECEWISE_BEZIER_KNOTS.);
#4701 = CARTESIAN_POINT('',(3.886288438458,-5.999999933125E-07));
#4702 = CARTESIAN_POINT('',(3.886288438458,28.0000006));
#4703 = ( GEOMETRIC_REPRESENTATION_CONTEXT(2) 
PARAMETRIC_REPRESENTATION_CONTEXT() REPRESENTATION_CONTEXT('2D SPACE',''
  ) );
#4704 = PCURVE('',#4705,#4710);
#4705 = PLANE('',#4706);
#4706 = AXIS2_PLACEMENT_3D('',#4707,#4708,#4709);
#4707 = CARTESIAN_POINT('',(165.,91.5,23.));
#4708 = DIRECTION('',(1.,0.,-0.));
#4709 = DIRECTION('',(0.,0.,1.));
#4710 = DEFINITIONAL_REPRESENTATION('',(#4711),#4714);
#4711 = B_SPLINE_CURVE_WITH_KNOTS('',1,(#4712,#4713),.UNSPECIFIED.,.F.,
  .F.,(2,2),(-5.999999928008E-07,28.0000006),.PIECEWISE_BEZIER_KNOTS.);
#4712 = CARTESIAN_POINT('',(5.695656275639,-26.0000006));
#4713 = CARTESIAN_POINT('',(5.695656275639,2.0000006));
#4714 = ( GEOMETRIC_REPRESENTATION_CONTEXT(2) 
PARAMETRIC_REPRESENTATION_CONTEXT() REPRESENTATION_CONTEXT('2D SPACE',''
  ) );
#4715 = ORIENTED_EDGE('',*,*,#4716,.T.);
#4716 = EDGE_CURVE('',#4691,#4717,#4719,.T.);
#4717 = VERTEX_POINT('',#4718);
#4718 = CARTESIAN_POINT('',(170.,115.5,28.69565627564));
#4719 = SURFACE_CURVE('',#4720,(#4725,#4732),.PCURVE_S1.);
#4720 = CIRCLE('',#4721,3.4);
#4721 = AXIS2_PLACEMENT_3D('',#4722,#4723,#4724);
#4722 = CARTESIAN_POINT('',(167.5,115.5,31.));
#4723 = DIRECTION('',(0.,-1.,2.22044604925E-16));
#4724 = DIRECTION('',(1.,0.,0.));
#4725 = PCURVE('',#1532,#4726);
#4726 = DEFINITIONAL_REPRESENTATION('',(#4727),#4731);
#4727 = LINE('',#4728,#4729);
#4728 = CARTESIAN_POINT('',(0.,2.));
#4729 = VECTOR('',#4730,1.);
#4730 = DIRECTION('',(1.,0.));
#4731 = ( GEOMETRIC_REPRESENTATION_CONTEXT(2) 
PARAMETRIC_REPRESENTATION_CONTEXT() REPRESENTATION_CONTEXT('2D SPACE',''
  ) );
#4732 = PCURVE('',#4733,#4738);
#4733 = PLANE('',#4734);
#4734 = AXIS2_PLACEMENT_3D('',#4735,#4736,#4737);
#4735 = CARTESIAN_POINT('',(165.,115.5,23.));
#4736 = DIRECTION('',(-0.,1.,0.));
#4737 = DIRECTION('',(0.,0.,1.));
#4738 = DEFINITIONAL_REPRESENTATION('',(#4739),#4747);
#4739 = ( BOUNDED_CURVE() B_SPLINE_CURVE(2,(#4740,#4741,#4742,#4743,
#4744,#4745,#4746),.UNSPECIFIED.,.T.,.F.) B_SPLINE_CURVE_WITH_KNOTS((1,2
    ,2,2,2,1),(-2.094395102393,0.,2.094395102393,4.188790204786,
6.28318530718,8.377580409573),.UNSPECIFIED.) CURVE() 
GEOMETRIC_REPRESENTATION_ITEM() RATIONAL_B_SPLINE_CURVE((1.,0.5,1.,0.5,
1.,0.5,1.)) REPRESENTATION_ITEM('') );
#4740 = CARTESIAN_POINT('',(8.,5.9));
#4741 = CARTESIAN_POINT('',(13.888972745734,5.9));
#4742 = CARTESIAN_POINT('',(10.944486372867,0.8));
#4743 = CARTESIAN_POINT('',(8.,-4.3));
#4744 = CARTESIAN_POINT('',(5.055513627133,0.8));
#4745 = CARTESIAN_POINT('',(2.111027254266,5.9));
#4746 = CARTESIAN_POINT('',(8.,5.9));
#4747 = ( GEOMETRIC_REPRESENTATION_CONTEXT(2) 
PARAMETRIC_REPRESENTATION_CONTEXT() REPRESENTATION_CONTEXT('2D SPACE',''
  ) );
#4748 = ORIENTED_EDGE('',*,*,#4749,.F.);
#4749 = EDGE_CURVE('',#4566,#4717,#4750,.T.);
#4750 = SURFACE_CURVE('',#4751,(#4755,#4761),.PCURVE_S1.);
#4751 = LINE('',#4752,#4753);
#4752 = CARTESIAN_POINT('',(170.,117.5,28.695656275639));
#4753 = VECTOR('',#4754,1.);
#4754 = DIRECTION('',(0.,-1.,2.22044604925E-16));
#4755 = PCURVE('',#1532,#4756);
#4756 = DEFINITIONAL_REPRESENTATION('',(#4757),#4760);
#4757 = B_SPLINE_CURVE_WITH_KNOTS('',1,(#4758,#4759),.UNSPECIFIED.,.F.,
  .F.,(2,2),(-5.999999928008E-07,28.0000006),.PIECEWISE_BEZIER_KNOTS.);
#4758 = CARTESIAN_POINT('',(5.538489522312,-5.999999933125E-07));
#4759 = CARTESIAN_POINT('',(5.538489522312,28.0000006));
#4760 = ( GEOMETRIC_REPRESENTATION_CONTEXT(2) 
PARAMETRIC_REPRESENTATION_CONTEXT() REPRESENTATION_CONTEXT('2D SPACE',''
  ) );
#4761 = PCURVE('',#1479,#4762);
#4762 = DEFINITIONAL_REPRESENTATION('',(#4763),#4766);
#4763 = B_SPLINE_CURVE_WITH_KNOTS('',1,(#4764,#4765),.UNSPECIFIED.,.F.,
  .F.,(2,2),(-5.999999928008E-07,28.0000006),.PIECEWISE_BEZIER_KNOTS.);
#4764 = CARTESIAN_POINT('',(245.0000006,-21.49565627563));
#4765 = CARTESIAN_POINT('',(216.9999994,-21.49565627563));
#4766 = ( GEOMETRIC_REPRESENTATION_CONTEXT(2) 
PARAMETRIC_REPRESENTATION_CONTEXT() REPRESENTATION_CONTEXT('2D SPACE',''
  ) );
#4767 = ORIENTED_EDGE('',*,*,#4586,.T.);
#4768 = ORIENTED_EDGE('',*,*,#1517,.T.);
#4769 = ADVANCED_FACE('',(#4770),#4674,.F.);
#4770 = FACE_BOUND('',#4771,.F.);
#4771 = EDGE_LOOP('',(#4772,#4795,#4823,#4844));
#4772 = ORIENTED_EDGE('',*,*,#4773,.F.);
#4773 = EDGE_CURVE('',#4774,#4637,#4776,.T.);
#4774 = VERTEX_POINT('',#4775);
#4775 = CARTESIAN_POINT('',(170.,91.5,23.));
#4776 = SURFACE_CURVE('',#4777,(#4781,#4788),.PCURVE_S1.);
#4777 = LINE('',#4778,#4779);
#4778 = CARTESIAN_POINT('',(170.,91.5,23.));
#4779 = VECTOR('',#4780,1.);
#4780 = DIRECTION('',(0.,0.,1.));
#4781 = PCURVE('',#4674,#4782);
#4782 = DEFINITIONAL_REPRESENTATION('',(#4783),#4787);
#4783 = LINE('',#4784,#4785);
#4784 = CARTESIAN_POINT('',(0.,5.));
#4785 = VECTOR('',#4786,1.);
#4786 = DIRECTION('',(1.,0.));
#4787 = ( GEOMETRIC_REPRESENTATION_CONTEXT(2) 
PARAMETRIC_REPRESENTATION_CONTEXT() REPRESENTATION_CONTEXT('2D SPACE',''
  ) );
#4788 = PCURVE('',#1479,#4789);
#4789 = DEFINITIONAL_REPRESENTATION('',(#4790),#4794);
#4790 = LINE('',#4791,#4792);
#4791 = CARTESIAN_POINT('',(219.,-15.8));
#4792 = VECTOR('',#4793,1.);
#4793 = DIRECTION('',(0.,-1.));
#4794 = ( GEOMETRIC_REPRESENTATION_CONTEXT(2) 
PARAMETRIC_REPRESENTATION_CONTEXT() REPRESENTATION_CONTEXT('2D SPACE',''
  ) );
#4795 = ORIENTED_EDGE('',*,*,#4796,.F.);
#4796 = EDGE_CURVE('',#4797,#4774,#4799,.T.);
#4797 = VERTEX_POINT('',#4798);
#4798 = CARTESIAN_POINT('',(165.,91.5,23.));
#4799 = SURFACE_CURVE('',#4800,(#4804,#4811),.PCURVE_S1.);
#4800 = LINE('',#4801,#4802);
#4801 = CARTESIAN_POINT('',(165.,91.5,23.));
#4802 = VECTOR('',#4803,1.);
#4803 = DIRECTION('',(1.,0.,-0.));
#4804 = PCURVE('',#4674,#4805);
#4805 = DEFINITIONAL_REPRESENTATION('',(#4806),#4810);
#4806 = LINE('',#4807,#4808);
#4807 = CARTESIAN_POINT('',(0.,0.));
#4808 = VECTOR('',#4809,1.);
#4809 = DIRECTION('',(0.,1.));
#4810 = ( GEOMETRIC_REPRESENTATION_CONTEXT(2) 
PARAMETRIC_REPRESENTATION_CONTEXT() REPRESENTATION_CONTEXT('2D SPACE',''
  ) );
#4811 = PCURVE('',#4812,#4817);
#4812 = PLANE('',#4813);
#4813 = AXIS2_PLACEMENT_3D('',#4814,#4815,#4816);
#4814 = CARTESIAN_POINT('',(165.,91.5,23.));
#4815 = DIRECTION('',(0.,0.,1.));
#4816 = DIRECTION('',(1.,0.,-0.));
#4817 = DEFINITIONAL_REPRESENTATION('',(#4818),#4822);
#4818 = LINE('',#4819,#4820);
#4819 = CARTESIAN_POINT('',(0.,0.));
#4820 = VECTOR('',#4821,1.);
#4821 = DIRECTION('',(1.,0.));
#4822 = ( GEOMETRIC_REPRESENTATION_CONTEXT(2) 
PARAMETRIC_REPRESENTATION_CONTEXT() REPRESENTATION_CONTEXT('2D SPACE',''
  ) );
#4823 = ORIENTED_EDGE('',*,*,#4824,.T.);
#4824 = EDGE_CURVE('',#4797,#4658,#4825,.T.);
#4825 = SURFACE_CURVE('',#4826,(#4830,#4837),.PCURVE_S1.);
#4826 = LINE('',#4827,#4828);
#4827 = CARTESIAN_POINT('',(165.,91.5,23.));
#4828 = VECTOR('',#4829,1.);
#4829 = DIRECTION('',(0.,0.,1.));
#4830 = PCURVE('',#4674,#4831);
#4831 = DEFINITIONAL_REPRESENTATION('',(#4832),#4836);
#4832 = LINE('',#4833,#4834);
#4833 = CARTESIAN_POINT('',(0.,0.));
#4834 = VECTOR('',#4835,1.);
#4835 = DIRECTION('',(1.,0.));
#4836 = ( GEOMETRIC_REPRESENTATION_CONTEXT(2) 
PARAMETRIC_REPRESENTATION_CONTEXT() REPRESENTATION_CONTEXT('2D SPACE',''
  ) );
#4837 = PCURVE('',#4705,#4838);
#4838 = DEFINITIONAL_REPRESENTATION('',(#4839),#4843);
#4839 = LINE('',#4840,#4841);
#4840 = CARTESIAN_POINT('',(0.,0.));
#4841 = VECTOR('',#4842,1.);
#4842 = DIRECTION('',(1.,0.));
#4843 = ( GEOMETRIC_REPRESENTATION_CONTEXT(2) 
PARAMETRIC_REPRESENTATION_CONTEXT() REPRESENTATION_CONTEXT('2D SPACE',''
  ) );
#4844 = ORIENTED_EDGE('',*,*,#4657,.T.);
#4845 = ADVANCED_FACE('',(#4846),#4812,.F.);
#4846 = FACE_BOUND('',#4847,.F.);
#4847 = EDGE_LOOP('',(#4848,#4871,#4872,#4895));
#4848 = ORIENTED_EDGE('',*,*,#4849,.F.);
#4849 = EDGE_CURVE('',#4797,#4850,#4852,.T.);
#4850 = VERTEX_POINT('',#4851);
#4851 = CARTESIAN_POINT('',(165.,115.5,23.));
#4852 = SURFACE_CURVE('',#4853,(#4857,#4864),.PCURVE_S1.);
#4853 = LINE('',#4854,#4855);
#4854 = CARTESIAN_POINT('',(165.,91.5,23.));
#4855 = VECTOR('',#4856,1.);
#4856 = DIRECTION('',(-0.,1.,0.));
#4857 = PCURVE('',#4812,#4858);
#4858 = DEFINITIONAL_REPRESENTATION('',(#4859),#4863);
#4859 = LINE('',#4860,#4861);
#4860 = CARTESIAN_POINT('',(0.,0.));
#4861 = VECTOR('',#4862,1.);
#4862 = DIRECTION('',(0.,1.));
#4863 = ( GEOMETRIC_REPRESENTATION_CONTEXT(2) 
PARAMETRIC_REPRESENTATION_CONTEXT() REPRESENTATION_CONTEXT('2D SPACE',''
  ) );
#4864 = PCURVE('',#4705,#4865);
#4865 = DEFINITIONAL_REPRESENTATION('',(#4866),#4870);
#4866 = LINE('',#4867,#4868);
#4867 = CARTESIAN_POINT('',(0.,0.));
#4868 = VECTOR('',#4869,1.);
#4869 = DIRECTION('',(0.,-1.));
#4870 = ( GEOMETRIC_REPRESENTATION_CONTEXT(2) 
PARAMETRIC_REPRESENTATION_CONTEXT() REPRESENTATION_CONTEXT('2D SPACE',''
  ) );
#4871 = ORIENTED_EDGE('',*,*,#4796,.T.);
#4872 = ORIENTED_EDGE('',*,*,#4873,.T.);
#4873 = EDGE_CURVE('',#4774,#4874,#4876,.T.);
#4874 = VERTEX_POINT('',#4875);
#4875 = CARTESIAN_POINT('',(170.,115.5,23.));
#4876 = SURFACE_CURVE('',#4877,(#4881,#4888),.PCURVE_S1.);
#4877 = LINE('',#4878,#4879);
#4878 = CARTESIAN_POINT('',(170.,91.5,23.));
#4879 = VECTOR('',#4880,1.);
#4880 = DIRECTION('',(-0.,1.,0.));
#4881 = PCURVE('',#4812,#4882);
#4882 = DEFINITIONAL_REPRESENTATION('',(#4883),#4887);
#4883 = LINE('',#4884,#4885);
#4884 = CARTESIAN_POINT('',(5.,0.));
#4885 = VECTOR('',#4886,1.);
#4886 = DIRECTION('',(0.,1.));
#4887 = ( GEOMETRIC_REPRESENTATION_CONTEXT(2) 
PARAMETRIC_REPRESENTATION_CONTEXT() REPRESENTATION_CONTEXT('2D SPACE',''
  ) );
#4888 = PCURVE('',#1479,#4889);
#4889 = DEFINITIONAL_REPRESENTATION('',(#4890),#4894);
#4890 = LINE('',#4891,#4892);
#4891 = CARTESIAN_POINT('',(219.,-15.8));
#4892 = VECTOR('',#4893,1.);
#4893 = DIRECTION('',(1.,0.));
#4894 = ( GEOMETRIC_REPRESENTATION_CONTEXT(2) 
PARAMETRIC_REPRESENTATION_CONTEXT() REPRESENTATION_CONTEXT('2D SPACE',''
  ) );
#4895 = ORIENTED_EDGE('',*,*,#4896,.F.);
#4896 = EDGE_CURVE('',#4850,#4874,#4897,.T.);
#4897 = SURFACE_CURVE('',#4898,(#4902,#4909),.PCURVE_S1.);
#4898 = LINE('',#4899,#4900);
#4899 = CARTESIAN_POINT('',(165.,115.5,23.));
#4900 = VECTOR('',#4901,1.);
#4901 = DIRECTION('',(1.,0.,-0.));
#4902 = PCURVE('',#4812,#4903);
#4903 = DEFINITIONAL_REPRESENTATION('',(#4904),#4908);
#4904 = LINE('',#4905,#4906);
#4905 = CARTESIAN_POINT('',(0.,24.));
#4906 = VECTOR('',#4907,1.);
#4907 = DIRECTION('',(1.,0.));
#4908 = ( GEOMETRIC_REPRESENTATION_CONTEXT(2) 
PARAMETRIC_REPRESENTATION_CONTEXT() REPRESENTATION_CONTEXT('2D SPACE',''
  ) );
#4909 = PCURVE('',#4733,#4910);
#4910 = DEFINITIONAL_REPRESENTATION('',(#4911),#4915);
#4911 = LINE('',#4912,#4913);
#4912 = CARTESIAN_POINT('',(0.,0.));
#4913 = VECTOR('',#4914,1.);
#4914 = DIRECTION('',(0.,1.));
#4915 = ( GEOMETRIC_REPRESENTATION_CONTEXT(2) 
PARAMETRIC_REPRESENTATION_CONTEXT() REPRESENTATION_CONTEXT('2D SPACE',''
  ) );
#4916 = ADVANCED_FACE('',(#4917),#4705,.F.);
#4917 = FACE_BOUND('',#4918,.F.);
#4918 = EDGE_LOOP('',(#4919,#4920,#4921,#4942));
#4919 = ORIENTED_EDGE('',*,*,#4824,.F.);
#4920 = ORIENTED_EDGE('',*,*,#4849,.T.);
#4921 = ORIENTED_EDGE('',*,*,#4922,.T.);
#4922 = EDGE_CURVE('',#4850,#4691,#4923,.T.);
#4923 = SURFACE_CURVE('',#4924,(#4928,#4935),.PCURVE_S1.);
#4924 = LINE('',#4925,#4926);
#4925 = CARTESIAN_POINT('',(165.,115.5,23.));
#4926 = VECTOR('',#4927,1.);
#4927 = DIRECTION('',(0.,0.,1.));
#4928 = PCURVE('',#4705,#4929);
#4929 = DEFINITIONAL_REPRESENTATION('',(#4930),#4934);
#4930 = LINE('',#4931,#4932);
#4931 = CARTESIAN_POINT('',(0.,-24.));
#4932 = VECTOR('',#4933,1.);
#4933 = DIRECTION('',(1.,0.));
#4934 = ( GEOMETRIC_REPRESENTATION_CONTEXT(2) 
PARAMETRIC_REPRESENTATION_CONTEXT() REPRESENTATION_CONTEXT('2D SPACE',''
  ) );
#4935 = PCURVE('',#4733,#4936);
#4936 = DEFINITIONAL_REPRESENTATION('',(#4937),#4941);
#4937 = LINE('',#4938,#4939);
#4938 = CARTESIAN_POINT('',(0.,0.));
#4939 = VECTOR('',#4940,1.);
#4940 = DIRECTION('',(1.,0.));
#4941 = ( GEOMETRIC_REPRESENTATION_CONTEXT(2) 
PARAMETRIC_REPRESENTATION_CONTEXT() REPRESENTATION_CONTEXT('2D SPACE',''
  ) );
#4942 = ORIENTED_EDGE('',*,*,#4690,.T.);
#4943 = ADVANCED_FACE('',(#4944),#4733,.T.);
#4944 = FACE_BOUND('',#4945,.T.);
#4945 = EDGE_LOOP('',(#4946,#4967,#4968,#4969));
#4946 = ORIENTED_EDGE('',*,*,#4947,.F.);
#4947 = EDGE_CURVE('',#4874,#4717,#4948,.T.);
#4948 = SURFACE_CURVE('',#4949,(#4953,#4960),.PCURVE_S1.);
#4949 = LINE('',#4950,#4951);
#4950 = CARTESIAN_POINT('',(170.,115.5,23.));
#4951 = VECTOR('',#4952,1.);
#4952 = DIRECTION('',(0.,0.,1.));
#4953 = PCURVE('',#4733,#4954);
#4954 = DEFINITIONAL_REPRESENTATION('',(#4955),#4959);
#4955 = LINE('',#4956,#4957);
#4956 = CARTESIAN_POINT('',(0.,5.));
#4957 = VECTOR('',#4958,1.);
#4958 = DIRECTION('',(1.,0.));
#4959 = ( GEOMETRIC_REPRESENTATION_CONTEXT(2) 
PARAMETRIC_REPRESENTATION_CONTEXT() REPRESENTATION_CONTEXT('2D SPACE',''
  ) );
#4960 = PCURVE('',#1479,#4961);
#4961 = DEFINITIONAL_REPRESENTATION('',(#4962),#4966);
#4962 = LINE('',#4963,#4964);
#4963 = CARTESIAN_POINT('',(243.,-15.8));
#4964 = VECTOR('',#4965,1.);
#4965 = DIRECTION('',(0.,-1.));
#4966 = ( GEOMETRIC_REPRESENTATION_CONTEXT(2) 
PARAMETRIC_REPRESENTATION_CONTEXT() REPRESENTATION_CONTEXT('2D SPACE',''
  ) );
#4967 = ORIENTED_EDGE('',*,*,#4896,.F.);
#4968 = ORIENTED_EDGE('',*,*,#4922,.T.);
#4969 = ORIENTED_EDGE('',*,*,#4716,.T.);
#4970 = ADVANCED_FACE('',(#4971),#1558,.F.);
#4971 = FACE_BOUND('',#4972,.F.);
#4972 = EDGE_LOOP('',(#4973,#4992,#4993));
#4973 = ORIENTED_EDGE('',*,*,#4974,.F.);
#4974 = EDGE_CURVE('',#4613,#1544,#4975,.T.);
#4975 = SURFACE_CURVE('',#4976,(#4980,#4986),.PCURVE_S1.);
#4976 = LINE('',#4977,#4978);
#4977 = CARTESIAN_POINT('',(170.,89.5,19.1));
#4978 = VECTOR('',#4979,1.);
#4979 = DIRECTION('',(0.,2.22044604925E-16,1.));
#4980 = PCURVE('',#1558,#4981);
#4981 = DEFINITIONAL_REPRESENTATION('',(#4982),#4985);
#4982 = B_SPLINE_CURVE_WITH_KNOTS('',1,(#4983,#4984),.UNSPECIFIED.,.F.,
  .F.,(2,2),(8.5,10.9),.PIECEWISE_BEZIER_KNOTS.);
#4983 = CARTESIAN_POINT('',(2.5,-3.4));
#4984 = CARTESIAN_POINT('',(2.5,-1.));
#4985 = ( GEOMETRIC_REPRESENTATION_CONTEXT(2) 
PARAMETRIC_REPRESENTATION_CONTEXT() REPRESENTATION_CONTEXT('2D SPACE',''
  ) );
#4986 = PCURVE('',#1479,#4987);
#4987 = DEFINITIONAL_REPRESENTATION('',(#4988),#4991);
#4988 = B_SPLINE_CURVE_WITH_KNOTS('',1,(#4989,#4990),.UNSPECIFIED.,.F.,
  .F.,(2,2),(8.5,10.9),.PIECEWISE_BEZIER_KNOTS.);
#4989 = CARTESIAN_POINT('',(217.,-20.4));
#4990 = CARTESIAN_POINT('',(217.,-22.8));
#4991 = ( GEOMETRIC_REPRESENTATION_CONTEXT(2) 
PARAMETRIC_REPRESENTATION_CONTEXT() REPRESENTATION_CONTEXT('2D SPACE',''
  ) );
#4992 = ORIENTED_EDGE('',*,*,#4612,.T.);
#4993 = ORIENTED_EDGE('',*,*,#1543,.F.);
#4994 = ADVANCED_FACE('',(#4995),#1607,.T.);
#4995 = FACE_BOUND('',#4996,.T.);
#4996 = EDGE_LOOP('',(#4997,#5018,#5040));
#4997 = ORIENTED_EDGE('',*,*,#4998,.F.);
#4998 = EDGE_CURVE('',#4999,#1570,#5001,.T.);
#4999 = VERTEX_POINT('',#5000);
#5000 = CARTESIAN_POINT('',(170.,-89.5,28.695656275639));
#5001 = SURFACE_CURVE('',#5002,(#5006,#5012),.PCURVE_S1.);
#5002 = LINE('',#5003,#5004);
#5003 = CARTESIAN_POINT('',(170.,-89.5,19.1));
#5004 = VECTOR('',#5005,1.);
#5005 = DIRECTION('',(0.,2.22044604925E-16,1.));
#5006 = PCURVE('',#1607,#5007);
#5007 = DEFINITIONAL_REPRESENTATION('',(#5008),#5011);
#5008 = B_SPLINE_CURVE_WITH_KNOTS('',1,(#5009,#5010),.UNSPECIFIED.,.F.,
  .F.,(2,2),(8.5,10.9),.PIECEWISE_BEZIER_KNOTS.);
#5009 = CARTESIAN_POINT('',(2.5,-3.4));
#5010 = CARTESIAN_POINT('',(2.5,-1.));
#5011 = ( GEOMETRIC_REPRESENTATION_CONTEXT(2) 
PARAMETRIC_REPRESENTATION_CONTEXT() REPRESENTATION_CONTEXT('2D SPACE',''
  ) );
#5012 = PCURVE('',#1479,#5013);
#5013 = DEFINITIONAL_REPRESENTATION('',(#5014),#5017);
#5014 = B_SPLINE_CURVE_WITH_KNOTS('',1,(#5015,#5016),.UNSPECIFIED.,.F.,
  .F.,(2,2),(8.5,10.9),.PIECEWISE_BEZIER_KNOTS.);
#5015 = CARTESIAN_POINT('',(38.000000000006,-20.4));
#5016 = CARTESIAN_POINT('',(38.000000000006,-22.8));
#5017 = ( GEOMETRIC_REPRESENTATION_CONTEXT(2) 
PARAMETRIC_REPRESENTATION_CONTEXT() REPRESENTATION_CONTEXT('2D SPACE',''
  ) );
#5018 = ORIENTED_EDGE('',*,*,#5019,.T.);
#5019 = EDGE_CURVE('',#4999,#1593,#5020,.T.);
#5020 = SURFACE_CURVE('',#5021,(#5026,#5033),.PCURVE_S1.);
#5021 = CIRCLE('',#5022,3.4);
#5022 = AXIS2_PLACEMENT_3D('',#5023,#5024,#5025);
#5023 = CARTESIAN_POINT('',(167.5,-89.5,31.));
#5024 = DIRECTION('',(0.,-1.,2.22044604925E-16));
#5025 = DIRECTION('',(1.,0.,0.));
#5026 = PCURVE('',#1607,#5027);
#5027 = DEFINITIONAL_REPRESENTATION('',(#5028),#5032);
#5028 = CIRCLE('',#5029,3.4);
#5029 = AXIS2_PLACEMENT_2D('',#5030,#5031);
#5030 = CARTESIAN_POINT('',(0.,0.));
#5031 = DIRECTION('',(1.,0.));
#5032 = ( GEOMETRIC_REPRESENTATION_CONTEXT(2) 
PARAMETRIC_REPRESENTATION_CONTEXT() REPRESENTATION_CONTEXT('2D SPACE',''
  ) );
#5033 = PCURVE('',#1633,#5034);
#5034 = DEFINITIONAL_REPRESENTATION('',(#5035),#5039);
#5035 = LINE('',#5036,#5037);
#5036 = CARTESIAN_POINT('',(0.,0.));
#5037 = VECTOR('',#5038,1.);
#5038 = DIRECTION('',(1.,0.));
#5039 = ( GEOMETRIC_REPRESENTATION_CONTEXT(2) 
PARAMETRIC_REPRESENTATION_CONTEXT() REPRESENTATION_CONTEXT('2D SPACE',''
  ) );
#5040 = ORIENTED_EDGE('',*,*,#1592,.F.);
#5041 = ADVANCED_FACE('',(#5042),#1633,.F.);
#5042 = FACE_BOUND('',#5043,.F.);
#5043 = EDGE_LOOP('',(#5044,#5068,#5089,#5122,#5148,#5181,#5200,#5201));
#5044 = ORIENTED_EDGE('',*,*,#5045,.F.);
#5045 = EDGE_CURVE('',#5046,#1619,#5048,.T.);
#5046 = VERTEX_POINT('',#5047);
#5047 = CARTESIAN_POINT('',(170.,-117.5,28.695656275639));
#5048 = SURFACE_CURVE('',#5049,(#5054,#5061),.PCURVE_S1.);
#5049 = CIRCLE('',#5050,3.4);
#5050 = AXIS2_PLACEMENT_3D('',#5051,#5052,#5053);
#5051 = CARTESIAN_POINT('',(167.5,-117.5,31.));
#5052 = DIRECTION('',(0.,-1.,2.22044604925E-16));
#5053 = DIRECTION('',(1.,0.,0.));
#5054 = PCURVE('',#1633,#5055);
#5055 = DEFINITIONAL_REPRESENTATION('',(#5056),#5060);
#5056 = LINE('',#5057,#5058);
#5057 = CARTESIAN_POINT('',(0.,28.));
#5058 = VECTOR('',#5059,1.);
#5059 = DIRECTION('',(1.,0.));
#5060 = ( GEOMETRIC_REPRESENTATION_CONTEXT(2) 
PARAMETRIC_REPRESENTATION_CONTEXT() REPRESENTATION_CONTEXT('2D SPACE',''
  ) );
#5061 = PCURVE('',#1659,#5062);
#5062 = DEFINITIONAL_REPRESENTATION('',(#5063),#5067);
#5063 = CIRCLE('',#5064,3.4);
#5064 = AXIS2_PLACEMENT_2D('',#5065,#5066);
#5065 = CARTESIAN_POINT('',(0.,0.));
#5066 = DIRECTION('',(1.,0.));
#5067 = ( GEOMETRIC_REPRESENTATION_CONTEXT(2) 
PARAMETRIC_REPRESENTATION_CONTEXT() REPRESENTATION_CONTEXT('2D SPACE',''
  ) );
#5068 = ORIENTED_EDGE('',*,*,#5069,.F.);
#5069 = EDGE_CURVE('',#5070,#5046,#5072,.T.);
#5070 = VERTEX_POINT('',#5071);
#5071 = CARTESIAN_POINT('',(170.,-115.5,28.69565627564));
#5072 = SURFACE_CURVE('',#5073,(#5077,#5083),.PCURVE_S1.);
#5073 = LINE('',#5074,#5075);
#5074 = CARTESIAN_POINT('',(170.,-89.5,28.695656275639));
#5075 = VECTOR('',#5076,1.);
#5076 = DIRECTION('',(0.,-1.,2.22044604925E-16));
#5077 = PCURVE('',#1633,#5078);
#5078 = DEFINITIONAL_REPRESENTATION('',(#5079),#5082);
#5079 = B_SPLINE_CURVE_WITH_KNOTS('',1,(#5080,#5081),.UNSPECIFIED.,.F.,
  .F.,(2,2),(-5.999999928008E-07,28.0000006),.PIECEWISE_BEZIER_KNOTS.);
#5080 = CARTESIAN_POINT('',(5.538489522312,-5.999999933125E-07));
#5081 = CARTESIAN_POINT('',(5.538489522312,28.0000006));
#5082 = ( GEOMETRIC_REPRESENTATION_CONTEXT(2) 
PARAMETRIC_REPRESENTATION_CONTEXT() REPRESENTATION_CONTEXT('2D SPACE',''
  ) );
#5083 = PCURVE('',#1479,#5084);
#5084 = DEFINITIONAL_REPRESENTATION('',(#5085),#5088);
#5085 = B_SPLINE_CURVE_WITH_KNOTS('',1,(#5086,#5087),.UNSPECIFIED.,.F.,
  .F.,(2,2),(-5.999999928008E-07,28.0000006),.PIECEWISE_BEZIER_KNOTS.);
#5086 = CARTESIAN_POINT('',(38.000000600006,-21.49565627563));
#5087 = CARTESIAN_POINT('',(9.999999400006,-21.49565627563));
#5088 = ( GEOMETRIC_REPRESENTATION_CONTEXT(2) 
PARAMETRIC_REPRESENTATION_CONTEXT() REPRESENTATION_CONTEXT('2D SPACE',''
  ) );
#5089 = ORIENTED_EDGE('',*,*,#5090,.F.);
#5090 = EDGE_CURVE('',#5091,#5070,#5093,.T.);
#5091 = VERTEX_POINT('',#5092);
#5092 = CARTESIAN_POINT('',(165.,-115.5,28.69565627564));
#5093 = SURFACE_CURVE('',#5094,(#5099,#5106),.PCURVE_S1.);
#5094 = CIRCLE('',#5095,3.4);
#5095 = AXIS2_PLACEMENT_3D('',#5096,#5097,#5098);
#5096 = CARTESIAN_POINT('',(167.5,-115.5,31.));
#5097 = DIRECTION('',(0.,-1.,2.22044604925E-16));
#5098 = DIRECTION('',(1.,0.,0.));
#5099 = PCURVE('',#1633,#5100);
#5100 = DEFINITIONAL_REPRESENTATION('',(#5101),#5105);
#5101 = LINE('',#5102,#5103);
#5102 = CARTESIAN_POINT('',(0.,26.));
#5103 = VECTOR('',#5104,1.);
#5104 = DIRECTION('',(1.,0.));
#5105 = ( GEOMETRIC_REPRESENTATION_CONTEXT(2) 
PARAMETRIC_REPRESENTATION_CONTEXT() REPRESENTATION_CONTEXT('2D SPACE',''
  ) );
#5106 = PCURVE('',#5107,#5112);
#5107 = PLANE('',#5108);
#5108 = AXIS2_PLACEMENT_3D('',#5109,#5110,#5111);
#5109 = CARTESIAN_POINT('',(165.,-115.5,23.));
#5110 = DIRECTION('',(-0.,1.,0.));
#5111 = DIRECTION('',(0.,0.,1.));
#5112 = DEFINITIONAL_REPRESENTATION('',(#5113),#5121);
#5113 = ( BOUNDED_CURVE() B_SPLINE_CURVE(2,(#5114,#5115,#5116,#5117,
#5118,#5119,#5120),.UNSPECIFIED.,.T.,.F.) B_SPLINE_CURVE_WITH_KNOTS((1,2
    ,2,2,2,1),(-2.094395102393,0.,2.094395102393,4.188790204786,
6.28318530718,8.377580409573),.UNSPECIFIED.) CURVE() 
GEOMETRIC_REPRESENTATION_ITEM() RATIONAL_B_SPLINE_CURVE((1.,0.5,1.,0.5,
1.,0.5,1.)) REPRESENTATION_ITEM('') );
#5114 = CARTESIAN_POINT('',(8.,5.9));
#5115 = CARTESIAN_POINT('',(13.888972745734,5.9));
#5116 = CARTESIAN_POINT('',(10.944486372867,0.8));
#5117 = CARTESIAN_POINT('',(8.,-4.3));
#5118 = CARTESIAN_POINT('',(5.055513627133,0.8));
#5119 = CARTESIAN_POINT('',(2.111027254266,5.9));
#5120 = CARTESIAN_POINT('',(8.,5.9));
#5121 = ( GEOMETRIC_REPRESENTATION_CONTEXT(2) 
PARAMETRIC_REPRESENTATION_CONTEXT() REPRESENTATION_CONTEXT('2D SPACE',''
  ) );
#5122 = ORIENTED_EDGE('',*,*,#5123,.F.);
#5123 = EDGE_CURVE('',#5124,#5091,#5126,.T.);
#5124 = VERTEX_POINT('',#5125);
#5125 = CARTESIAN_POINT('',(165.,-91.5,28.69565627564));
#5126 = SURFACE_CURVE('',#5127,(#5131,#5137),.PCURVE_S1.);
#5127 = LINE('',#5128,#5129);
#5128 = CARTESIAN_POINT('',(165.,-89.5,28.695656275639));
#5129 = VECTOR('',#5130,1.);
#5130 = DIRECTION('',(0.,-1.,2.22044604925E-16));
#5131 = PCURVE('',#1633,#5132);
#5132 = DEFINITIONAL_REPRESENTATION('',(#5133),#5136);
#5133 = B_SPLINE_CURVE_WITH_KNOTS('',1,(#5134,#5135),.UNSPECIFIED.,.F.,
  .F.,(2,2),(-5.999999928008E-07,28.0000006),.PIECEWISE_BEZIER_KNOTS.);
#5134 = CARTESIAN_POINT('',(3.886288438458,-5.999999933125E-07));
#5135 = CARTESIAN_POINT('',(3.886288438458,28.0000006));
#5136 = ( GEOMETRIC_REPRESENTATION_CONTEXT(2) 
PARAMETRIC_REPRESENTATION_CONTEXT() REPRESENTATION_CONTEXT('2D SPACE',''
  ) );
#5137 = PCURVE('',#5138,#5143);
#5138 = PLANE('',#5139);
#5139 = AXIS2_PLACEMENT_3D('',#5140,#5141,#5142);
#5140 = CARTESIAN_POINT('',(165.,-115.5,23.));
#5141 = DIRECTION('',(1.,0.,-0.));
#5142 = DIRECTION('',(0.,0.,1.));
#5143 = DEFINITIONAL_REPRESENTATION('',(#5144),#5147);
#5144 = B_SPLINE_CURVE_WITH_KNOTS('',1,(#5145,#5146),.UNSPECIFIED.,.F.,
  .F.,(2,2),(-5.999999928008E-07,28.0000006),.PIECEWISE_BEZIER_KNOTS.);
#5145 = CARTESIAN_POINT('',(5.695656275639,-26.0000006));
#5146 = CARTESIAN_POINT('',(5.695656275639,2.0000006));
#5147 = ( GEOMETRIC_REPRESENTATION_CONTEXT(2) 
PARAMETRIC_REPRESENTATION_CONTEXT() REPRESENTATION_CONTEXT('2D SPACE',''
  ) );
#5148 = ORIENTED_EDGE('',*,*,#5149,.T.);
#5149 = EDGE_CURVE('',#5124,#5150,#5152,.T.);
#5150 = VERTEX_POINT('',#5151);
#5151 = CARTESIAN_POINT('',(170.,-91.5,28.69565627564));
#5152 = SURFACE_CURVE('',#5153,(#5158,#5165),.PCURVE_S1.);
#5153 = CIRCLE('',#5154,3.4);
#5154 = AXIS2_PLACEMENT_3D('',#5155,#5156,#5157);
#5155 = CARTESIAN_POINT('',(167.5,-91.5,31.));
#5156 = DIRECTION('',(0.,-1.,2.22044604925E-16));
#5157 = DIRECTION('',(1.,0.,0.));
#5158 = PCURVE('',#1633,#5159);
#5159 = DEFINITIONAL_REPRESENTATION('',(#5160),#5164);
#5160 = LINE('',#5161,#5162);
#5161 = CARTESIAN_POINT('',(0.,2.));
#5162 = VECTOR('',#5163,1.);
#5163 = DIRECTION('',(1.,0.));
#5164 = ( GEOMETRIC_REPRESENTATION_CONTEXT(2) 
PARAMETRIC_REPRESENTATION_CONTEXT() REPRESENTATION_CONTEXT('2D SPACE',''
  ) );
#5165 = PCURVE('',#5166,#5171);
#5166 = PLANE('',#5167);
#5167 = AXIS2_PLACEMENT_3D('',#5168,#5169,#5170);
#5168 = CARTESIAN_POINT('',(165.,-91.5,23.));
#5169 = DIRECTION('',(-0.,1.,0.));
#5170 = DIRECTION('',(0.,0.,1.));
#5171 = DEFINITIONAL_REPRESENTATION('',(#5172),#5180);
#5172 = ( BOUNDED_CURVE() B_SPLINE_CURVE(2,(#5173,#5174,#5175,#5176,
#5177,#5178,#5179),.UNSPECIFIED.,.T.,.F.) B_SPLINE_CURVE_WITH_KNOTS((1,2
    ,2,2,2,1),(-2.094395102393,0.,2.094395102393,4.188790204786,
6.28318530718,8.377580409573),.UNSPECIFIED.) CURVE() 
GEOMETRIC_REPRESENTATION_ITEM() RATIONAL_B_SPLINE_CURVE((1.,0.5,1.,0.5,
1.,0.5,1.)) REPRESENTATION_ITEM('') );
#5173 = CARTESIAN_POINT('',(8.,5.9));
#5174 = CARTESIAN_POINT('',(13.888972745734,5.9));
#5175 = CARTESIAN_POINT('',(10.944486372867,0.8));
#5176 = CARTESIAN_POINT('',(8.,-4.3));
#5177 = CARTESIAN_POINT('',(5.055513627133,0.8));
#5178 = CARTESIAN_POINT('',(2.111027254266,5.9));
#5179 = CARTESIAN_POINT('',(8.,5.9));
#5180 = ( GEOMETRIC_REPRESENTATION_CONTEXT(2) 
PARAMETRIC_REPRESENTATION_CONTEXT() REPRESENTATION_CONTEXT('2D SPACE',''
  ) );
#5181 = ORIENTED_EDGE('',*,*,#5182,.F.);
#5182 = EDGE_CURVE('',#4999,#5150,#5183,.T.);
#5183 = SURFACE_CURVE('',#5184,(#5188,#5194),.PCURVE_S1.);
#5184 = LINE('',#5185,#5186);
#5185 = CARTESIAN_POINT('',(170.,-89.5,28.695656275639));
#5186 = VECTOR('',#5187,1.);
#5187 = DIRECTION('',(0.,-1.,2.22044604925E-16));
#5188 = PCURVE('',#1633,#5189);
#5189 = DEFINITIONAL_REPRESENTATION('',(#5190),#5193);
#5190 = B_SPLINE_CURVE_WITH_KNOTS('',1,(#5191,#5192),.UNSPECIFIED.,.F.,
  .F.,(2,2),(-5.999999928008E-07,28.0000006),.PIECEWISE_BEZIER_KNOTS.);
#5191 = CARTESIAN_POINT('',(5.538489522312,-5.999999933125E-07));
#5192 = CARTESIAN_POINT('',(5.538489522312,28.0000006));
#5193 = ( GEOMETRIC_REPRESENTATION_CONTEXT(2) 
PARAMETRIC_REPRESENTATION_CONTEXT() REPRESENTATION_CONTEXT('2D SPACE',''
  ) );
#5194 = PCURVE('',#1479,#5195);
#5195 = DEFINITIONAL_REPRESENTATION('',(#5196),#5199);
#5196 = B_SPLINE_CURVE_WITH_KNOTS('',1,(#5197,#5198),.UNSPECIFIED.,.F.,
  .F.,(2,2),(-5.999999928008E-07,28.0000006),.PIECEWISE_BEZIER_KNOTS.);
#5197 = CARTESIAN_POINT('',(38.000000600006,-21.49565627563));
#5198 = CARTESIAN_POINT('',(9.999999400006,-21.49565627563));
#5199 = ( GEOMETRIC_REPRESENTATION_CONTEXT(2) 
PARAMETRIC_REPRESENTATION_CONTEXT() REPRESENTATION_CONTEXT('2D SPACE',''
  ) );
#5200 = ORIENTED_EDGE('',*,*,#5019,.T.);
#5201 = ORIENTED_EDGE('',*,*,#1618,.T.);
#5202 = ADVANCED_FACE('',(#5203),#5107,.F.);
#5203 = FACE_BOUND('',#5204,.F.);
#5204 = EDGE_LOOP('',(#5205,#5228,#5256,#5277));
#5205 = ORIENTED_EDGE('',*,*,#5206,.F.);
#5206 = EDGE_CURVE('',#5207,#5070,#5209,.T.);
#5207 = VERTEX_POINT('',#5208);
#5208 = CARTESIAN_POINT('',(170.,-115.5,23.));
#5209 = SURFACE_CURVE('',#5210,(#5214,#5221),.PCURVE_S1.);
#5210 = LINE('',#5211,#5212);
#5211 = CARTESIAN_POINT('',(170.,-115.5,23.));
#5212 = VECTOR('',#5213,1.);
#5213 = DIRECTION('',(0.,0.,1.));
#5214 = PCURVE('',#5107,#5215);
#5215 = DEFINITIONAL_REPRESENTATION('',(#5216),#5220);
#5216 = LINE('',#5217,#5218);
#5217 = CARTESIAN_POINT('',(0.,5.));
#5218 = VECTOR('',#5219,1.);
#5219 = DIRECTION('',(1.,0.));
#5220 = ( GEOMETRIC_REPRESENTATION_CONTEXT(2) 
PARAMETRIC_REPRESENTATION_CONTEXT() REPRESENTATION_CONTEXT('2D SPACE',''
  ) );
#5221 = PCURVE('',#1479,#5222);
#5222 = DEFINITIONAL_REPRESENTATION('',(#5223),#5227);
#5223 = LINE('',#5224,#5225);
#5224 = CARTESIAN_POINT('',(12.000000000006,-15.8));
#5225 = VECTOR('',#5226,1.);
#5226 = DIRECTION('',(0.,-1.));
#5227 = ( GEOMETRIC_REPRESENTATION_CONTEXT(2) 
PARAMETRIC_REPRESENTATION_CONTEXT() REPRESENTATION_CONTEXT('2D SPACE',''
  ) );
#5228 = ORIENTED_EDGE('',*,*,#5229,.F.);
#5229 = EDGE_CURVE('',#5230,#5207,#5232,.T.);
#5230 = VERTEX_POINT('',#5231);
#5231 = CARTESIAN_POINT('',(165.,-115.5,23.));
#5232 = SURFACE_CURVE('',#5233,(#5237,#5244),.PCURVE_S1.);
#5233 = LINE('',#5234,#5235);
#5234 = CARTESIAN_POINT('',(165.,-115.5,23.));
#5235 = VECTOR('',#5236,1.);
#5236 = DIRECTION('',(1.,0.,-0.));
#5237 = PCURVE('',#5107,#5238);
#5238 = DEFINITIONAL_REPRESENTATION('',(#5239),#5243);
#5239 = LINE('',#5240,#5241);
#5240 = CARTESIAN_POINT('',(0.,0.));
#5241 = VECTOR('',#5242,1.);
#5242 = DIRECTION('',(0.,1.));
#5243 = ( GEOMETRIC_REPRESENTATION_CONTEXT(2) 
PARAMETRIC_REPRESENTATION_CONTEXT() REPRESENTATION_CONTEXT('2D SPACE',''
  ) );
#5244 = PCURVE('',#5245,#5250);
#5245 = PLANE('',#5246);
#5246 = AXIS2_PLACEMENT_3D('',#5247,#5248,#5249);
#5247 = CARTESIAN_POINT('',(165.,-115.5,23.));
#5248 = DIRECTION('',(0.,0.,1.));
#5249 = DIRECTION('',(1.,0.,-0.));
#5250 = DEFINITIONAL_REPRESENTATION('',(#5251),#5255);
#5251 = LINE('',#5252,#5253);
#5252 = CARTESIAN_POINT('',(0.,0.));
#5253 = VECTOR('',#5254,1.);
#5254 = DIRECTION('',(1.,0.));
#5255 = ( GEOMETRIC_REPRESENTATION_CONTEXT(2) 
PARAMETRIC_REPRESENTATION_CONTEXT() REPRESENTATION_CONTEXT('2D SPACE',''
  ) );
#5256 = ORIENTED_EDGE('',*,*,#5257,.T.);
#5257 = EDGE_CURVE('',#5230,#5091,#5258,.T.);
#5258 = SURFACE_CURVE('',#5259,(#5263,#5270),.PCURVE_S1.);
#5259 = LINE('',#5260,#5261);
#5260 = CARTESIAN_POINT('',(165.,-115.5,23.));
#5261 = VECTOR('',#5262,1.);
#5262 = DIRECTION('',(0.,0.,1.));
#5263 = PCURVE('',#5107,#5264);
#5264 = DEFINITIONAL_REPRESENTATION('',(#5265),#5269);
#5265 = LINE('',#5266,#5267);
#5266 = CARTESIAN_POINT('',(0.,0.));
#5267 = VECTOR('',#5268,1.);
#5268 = DIRECTION('',(1.,0.));
#5269 = ( GEOMETRIC_REPRESENTATION_CONTEXT(2) 
PARAMETRIC_REPRESENTATION_CONTEXT() REPRESENTATION_CONTEXT('2D SPACE',''
  ) );
#5270 = PCURVE('',#5138,#5271);
#5271 = DEFINITIONAL_REPRESENTATION('',(#5272),#5276);
#5272 = LINE('',#5273,#5274);
#5273 = CARTESIAN_POINT('',(0.,0.));
#5274 = VECTOR('',#5275,1.);
#5275 = DIRECTION('',(1.,0.));
#5276 = ( GEOMETRIC_REPRESENTATION_CONTEXT(2) 
PARAMETRIC_REPRESENTATION_CONTEXT() REPRESENTATION_CONTEXT('2D SPACE',''
  ) );
#5277 = ORIENTED_EDGE('',*,*,#5090,.T.);
#5278 = ADVANCED_FACE('',(#5279),#5245,.F.);
#5279 = FACE_BOUND('',#5280,.F.);
#5280 = EDGE_LOOP('',(#5281,#5304,#5305,#5328));
#5281 = ORIENTED_EDGE('',*,*,#5282,.F.);
#5282 = EDGE_CURVE('',#5230,#5283,#5285,.T.);
#5283 = VERTEX_POINT('',#5284);
#5284 = CARTESIAN_POINT('',(165.,-91.5,23.));
#5285 = SURFACE_CURVE('',#5286,(#5290,#5297),.PCURVE_S1.);
#5286 = LINE('',#5287,#5288);
#5287 = CARTESIAN_POINT('',(165.,-115.5,23.));
#5288 = VECTOR('',#5289,1.);
#5289 = DIRECTION('',(-0.,1.,0.));
#5290 = PCURVE('',#5245,#5291);
#5291 = DEFINITIONAL_REPRESENTATION('',(#5292),#5296);
#5292 = LINE('',#5293,#5294);
#5293 = CARTESIAN_POINT('',(0.,0.));
#5294 = VECTOR('',#5295,1.);
#5295 = DIRECTION('',(0.,1.));
#5296 = ( GEOMETRIC_REPRESENTATION_CONTEXT(2) 
PARAMETRIC_REPRESENTATION_CONTEXT() REPRESENTATION_CONTEXT('2D SPACE',''
  ) );
#5297 = PCURVE('',#5138,#5298);
#5298 = DEFINITIONAL_REPRESENTATION('',(#5299),#5303);
#5299 = LINE('',#5300,#5301);
#5300 = CARTESIAN_POINT('',(0.,0.));
#5301 = VECTOR('',#5302,1.);
#5302 = DIRECTION('',(0.,-1.));
#5303 = ( GEOMETRIC_REPRESENTATION_CONTEXT(2) 
PARAMETRIC_REPRESENTATION_CONTEXT() REPRESENTATION_CONTEXT('2D SPACE',''
  ) );
#5304 = ORIENTED_EDGE('',*,*,#5229,.T.);
#5305 = ORIENTED_EDGE('',*,*,#5306,.T.);
#5306 = EDGE_CURVE('',#5207,#5307,#5309,.T.);
#5307 = VERTEX_POINT('',#5308);
#5308 = CARTESIAN_POINT('',(170.,-91.5,23.));
#5309 = SURFACE_CURVE('',#5310,(#5314,#5321),.PCURVE_S1.);
#5310 = LINE('',#5311,#5312);
#5311 = CARTESIAN_POINT('',(170.,-115.5,23.));
#5312 = VECTOR('',#5313,1.);
#5313 = DIRECTION('',(-0.,1.,0.));
#5314 = PCURVE('',#5245,#5315);
#5315 = DEFINITIONAL_REPRESENTATION('',(#5316),#5320);
#5316 = LINE('',#5317,#5318);
#5317 = CARTESIAN_POINT('',(5.,0.));
#5318 = VECTOR('',#5319,1.);
#5319 = DIRECTION('',(0.,1.));
#5320 = ( GEOMETRIC_REPRESENTATION_CONTEXT(2) 
PARAMETRIC_REPRESENTATION_CONTEXT() REPRESENTATION_CONTEXT('2D SPACE',''
  ) );
#5321 = PCURVE('',#1479,#5322);
#5322 = DEFINITIONAL_REPRESENTATION('',(#5323),#5327);
#5323 = LINE('',#5324,#5325);
#5324 = CARTESIAN_POINT('',(12.000000000006,-15.8));
#5325 = VECTOR('',#5326,1.);
#5326 = DIRECTION('',(1.,0.));
#5327 = ( GEOMETRIC_REPRESENTATION_CONTEXT(2) 
PARAMETRIC_REPRESENTATION_CONTEXT() REPRESENTATION_CONTEXT('2D SPACE',''
  ) );
#5328 = ORIENTED_EDGE('',*,*,#5329,.F.);
#5329 = EDGE_CURVE('',#5283,#5307,#5330,.T.);
#5330 = SURFACE_CURVE('',#5331,(#5335,#5342),.PCURVE_S1.);
#5331 = LINE('',#5332,#5333);
#5332 = CARTESIAN_POINT('',(165.,-91.5,23.));
#5333 = VECTOR('',#5334,1.);
#5334 = DIRECTION('',(1.,0.,-0.));
#5335 = PCURVE('',#5245,#5336);
#5336 = DEFINITIONAL_REPRESENTATION('',(#5337),#5341);
#5337 = LINE('',#5338,#5339);
#5338 = CARTESIAN_POINT('',(0.,24.));
#5339 = VECTOR('',#5340,1.);
#5340 = DIRECTION('',(1.,0.));
#5341 = ( GEOMETRIC_REPRESENTATION_CONTEXT(2) 
PARAMETRIC_REPRESENTATION_CONTEXT() REPRESENTATION_CONTEXT('2D SPACE',''
  ) );
#5342 = PCURVE('',#5166,#5343);
#5343 = DEFINITIONAL_REPRESENTATION('',(#5344),#5348);
#5344 = LINE('',#5345,#5346);
#5345 = CARTESIAN_POINT('',(0.,0.));
#5346 = VECTOR('',#5347,1.);
#5347 = DIRECTION('',(0.,1.));
#5348 = ( GEOMETRIC_REPRESENTATION_CONTEXT(2) 
PARAMETRIC_REPRESENTATION_CONTEXT() REPRESENTATION_CONTEXT('2D SPACE',''
  ) );
#5349 = ADVANCED_FACE('',(#5350),#5138,.F.);
#5350 = FACE_BOUND('',#5351,.F.);
#5351 = EDGE_LOOP('',(#5352,#5353,#5354,#5375));
#5352 = ORIENTED_EDGE('',*,*,#5257,.F.);
#5353 = ORIENTED_EDGE('',*,*,#5282,.T.);
#5354 = ORIENTED_EDGE('',*,*,#5355,.T.);
#5355 = EDGE_CURVE('',#5283,#5124,#5356,.T.);
#5356 = SURFACE_CURVE('',#5357,(#5361,#5368),.PCURVE_S1.);
#5357 = LINE('',#5358,#5359);
#5358 = CARTESIAN_POINT('',(165.,-91.5,23.));
#5359 = VECTOR('',#5360,1.);
#5360 = DIRECTION('',(0.,0.,1.));
#5361 = PCURVE('',#5138,#5362);
#5362 = DEFINITIONAL_REPRESENTATION('',(#5363),#5367);
#5363 = LINE('',#5364,#5365);
#5364 = CARTESIAN_POINT('',(0.,-24.));
#5365 = VECTOR('',#5366,1.);
#5366 = DIRECTION('',(1.,0.));
#5367 = ( GEOMETRIC_REPRESENTATION_CONTEXT(2) 
PARAMETRIC_REPRESENTATION_CONTEXT() REPRESENTATION_CONTEXT('2D SPACE',''
  ) );
#5368 = PCURVE('',#5166,#5369);
#5369 = DEFINITIONAL_REPRESENTATION('',(#5370),#5374);
#5370 = LINE('',#5371,#5372);
#5371 = CARTESIAN_POINT('',(0.,0.));
#5372 = VECTOR('',#5373,1.);
#5373 = DIRECTION('',(1.,0.));
#5374 = ( GEOMETRIC_REPRESENTATION_CONTEXT(2) 
PARAMETRIC_REPRESENTATION_CONTEXT() REPRESENTATION_CONTEXT('2D SPACE',''
  ) );
#5375 = ORIENTED_EDGE('',*,*,#5123,.T.);
#5376 = ADVANCED_FACE('',(#5377),#5166,.T.);
#5377 = FACE_BOUND('',#5378,.T.);
#5378 = EDGE_LOOP('',(#5379,#5400,#5401,#5402));
#5379 = ORIENTED_EDGE('',*,*,#5380,.F.);
#5380 = EDGE_CURVE('',#5307,#5150,#5381,.T.);
#5381 = SURFACE_CURVE('',#5382,(#5386,#5393),.PCURVE_S1.);
#5382 = LINE('',#5383,#5384);
#5383 = CARTESIAN_POINT('',(170.,-91.5,23.));
#5384 = VECTOR('',#5385,1.);
#5385 = DIRECTION('',(0.,0.,1.));
#5386 = PCURVE('',#5166,#5387);
#5387 = DEFINITIONAL_REPRESENTATION('',(#5388),#5392);
#5388 = LINE('',#5389,#5390);
#5389 = CARTESIAN_POINT('',(0.,5.));
#5390 = VECTOR('',#5391,1.);
#5391 = DIRECTION('',(1.,0.));
#5392 = ( GEOMETRIC_REPRESENTATION_CONTEXT(2) 
PARAMETRIC_REPRESENTATION_CONTEXT() REPRESENTATION_CONTEXT('2D SPACE',''
  ) );
#5393 = PCURVE('',#1479,#5394);
#5394 = DEFINITIONAL_REPRESENTATION('',(#5395),#5399);
#5395 = LINE('',#5396,#5397);
#5396 = CARTESIAN_POINT('',(36.000000000006,-15.8));
#5397 = VECTOR('',#5398,1.);
#5398 = DIRECTION('',(0.,-1.));
#5399 = ( GEOMETRIC_REPRESENTATION_CONTEXT(2) 
PARAMETRIC_REPRESENTATION_CONTEXT() REPRESENTATION_CONTEXT('2D SPACE',''
  ) );
#5400 = ORIENTED_EDGE('',*,*,#5329,.F.);
#5401 = ORIENTED_EDGE('',*,*,#5355,.T.);
#5402 = ORIENTED_EDGE('',*,*,#5149,.T.);
#5403 = ADVANCED_FACE('',(#5404),#1659,.F.);
#5404 = FACE_BOUND('',#5405,.F.);
#5405 = EDGE_LOOP('',(#5406,#5425,#5426));
#5406 = ORIENTED_EDGE('',*,*,#5407,.F.);
#5407 = EDGE_CURVE('',#5046,#1645,#5408,.T.);
#5408 = SURFACE_CURVE('',#5409,(#5413,#5419),.PCURVE_S1.);
#5409 = LINE('',#5410,#5411);
#5410 = CARTESIAN_POINT('',(170.,-117.5,19.1));
#5411 = VECTOR('',#5412,1.);
#5412 = DIRECTION('',(0.,2.22044604925E-16,1.));
#5413 = PCURVE('',#1659,#5414);
#5414 = DEFINITIONAL_REPRESENTATION('',(#5415),#5418);
#5415 = B_SPLINE_CURVE_WITH_KNOTS('',1,(#5416,#5417),.UNSPECIFIED.,.F.,
  .F.,(2,2),(8.5,10.9),.PIECEWISE_BEZIER_KNOTS.);
#5416 = CARTESIAN_POINT('',(2.5,-3.4));
#5417 = CARTESIAN_POINT('',(2.5,-1.));
#5418 = ( GEOMETRIC_REPRESENTATION_CONTEXT(2) 
PARAMETRIC_REPRESENTATION_CONTEXT() REPRESENTATION_CONTEXT('2D SPACE',''
  ) );
#5419 = PCURVE('',#1479,#5420);
#5420 = DEFINITIONAL_REPRESENTATION('',(#5421),#5424);
#5421 = B_SPLINE_CURVE_WITH_KNOTS('',1,(#5422,#5423),.UNSPECIFIED.,.F.,
  .F.,(2,2),(8.5,10.9),.PIECEWISE_BEZIER_KNOTS.);
#5422 = CARTESIAN_POINT('',(10.000000000006,-20.4));
#5423 = CARTESIAN_POINT('',(10.000000000006,-22.8));
#5424 = ( GEOMETRIC_REPRESENTATION_CONTEXT(2) 
PARAMETRIC_REPRESENTATION_CONTEXT() REPRESENTATION_CONTEXT('2D SPACE',''
  ) );
#5425 = ORIENTED_EDGE('',*,*,#5045,.T.);
#5426 = ORIENTED_EDGE('',*,*,#1644,.F.);
#5427 = ADVANCED_FACE('',(#5428),#1479,.T.);
#5428 = FACE_BOUND('',#5429,.T.);
#5429 = EDGE_LOOP('',(#5430,#5431,#5452,#5453,#5454,#5455,#5456,#5457,
    #5458,#5459,#5460,#5461,#5462,#5463,#5464,#5465,#5466,#5467,#5468,
    #5469));
#5430 = ORIENTED_EDGE('',*,*,#3084,.F.);
#5431 = ORIENTED_EDGE('',*,*,#5432,.T.);
#5432 = EDGE_CURVE('',#3061,#1671,#5433,.T.);
#5433 = SURFACE_CURVE('',#5434,(#5438,#5445),.PCURVE_S1.);
#5434 = LINE('',#5435,#5436);
#5435 = CARTESIAN_POINT('',(170.,-127.5,7.2));
#5436 = VECTOR('',#5437,1.);
#5437 = DIRECTION('',(0.,0.,1.));
#5438 = PCURVE('',#1479,#5439);
#5439 = DEFINITIONAL_REPRESENTATION('',(#5440),#5444);
#5440 = LINE('',#5441,#5442);
#5441 = CARTESIAN_POINT('',(0.,0.));
#5442 = VECTOR('',#5443,1.);
#5443 = DIRECTION('',(0.,-1.));
#5444 = ( GEOMETRIC_REPRESENTATION_CONTEXT(2) 
PARAMETRIC_REPRESENTATION_CONTEXT() REPRESENTATION_CONTEXT('2D SPACE',''
  ) );
#5445 = PCURVE('',#1710,#5446);
#5446 = DEFINITIONAL_REPRESENTATION('',(#5447),#5451);
#5447 = LINE('',#5448,#5449);
#5448 = CARTESIAN_POINT('',(-6.28318530718,0.));
#5449 = VECTOR('',#5450,1.);
#5450 = DIRECTION('',(-0.,-1.));
#5451 = ( GEOMETRIC_REPRESENTATION_CONTEXT(2) 
PARAMETRIC_REPRESENTATION_CONTEXT() REPRESENTATION_CONTEXT('2D SPACE',''
  ) );
#5452 = ORIENTED_EDGE('',*,*,#1670,.T.);
#5453 = ORIENTED_EDGE('',*,*,#5407,.F.);
#5454 = ORIENTED_EDGE('',*,*,#5069,.F.);
#5455 = ORIENTED_EDGE('',*,*,#5206,.F.);
#5456 = ORIENTED_EDGE('',*,*,#5306,.T.);
#5457 = ORIENTED_EDGE('',*,*,#5380,.T.);
#5458 = ORIENTED_EDGE('',*,*,#5182,.F.);
#5459 = ORIENTED_EDGE('',*,*,#4998,.T.);
#5460 = ORIENTED_EDGE('',*,*,#1569,.T.);
#5461 = ORIENTED_EDGE('',*,*,#4974,.F.);
#5462 = ORIENTED_EDGE('',*,*,#4636,.F.);
#5463 = ORIENTED_EDGE('',*,*,#4773,.F.);
#5464 = ORIENTED_EDGE('',*,*,#4873,.T.);
#5465 = ORIENTED_EDGE('',*,*,#4947,.T.);
#5466 = ORIENTED_EDGE('',*,*,#4749,.F.);
#5467 = ORIENTED_EDGE('',*,*,#4565,.T.);
#5468 = ORIENTED_EDGE('',*,*,#1463,.T.);
#5469 = ORIENTED_EDGE('',*,*,#4539,.F.);
#5470 = ADVANCED_FACE('',(#5471),#1710,.F.);
#5471 = FACE_BOUND('',#5472,.T.);
#5472 = EDGE_LOOP('',(#5473,#5474,#5495,#5496));
#5473 = ORIENTED_EDGE('',*,*,#3060,.F.);
#5474 = ORIENTED_EDGE('',*,*,#5475,.T.);
#5475 = EDGE_CURVE('',#3038,#1694,#5476,.T.);
#5476 = SURFACE_CURVE('',#5477,(#5481,#5488),.PCURVE_S1.);
#5477 = LINE('',#5478,#5479);
#5478 = CARTESIAN_POINT('',(157.5,-140.,7.2));
#5479 = VECTOR('',#5480,1.);
#5480 = DIRECTION('',(0.,0.,1.));
#5481 = PCURVE('',#1710,#5482);
#5482 = DEFINITIONAL_REPRESENTATION('',(#5483),#5487);
#5483 = LINE('',#5484,#5485);
#5484 = CARTESIAN_POINT('',(-4.712388980385,0.));
#5485 = VECTOR('',#5486,1.);
#5486 = DIRECTION('',(-0.,-1.));
#5487 = ( GEOMETRIC_REPRESENTATION_CONTEXT(2) 
PARAMETRIC_REPRESENTATION_CONTEXT() REPRESENTATION_CONTEXT('2D SPACE',''
  ) );
#5488 = PCURVE('',#1738,#5489);
#5489 = DEFINITIONAL_REPRESENTATION('',(#5490),#5494);
#5490 = LINE('',#5491,#5492);
#5491 = CARTESIAN_POINT('',(315.,0.));
#5492 = VECTOR('',#5493,1.);
#5493 = DIRECTION('',(0.,-1.));
#5494 = ( GEOMETRIC_REPRESENTATION_CONTEXT(2) 
PARAMETRIC_REPRESENTATION_CONTEXT() REPRESENTATION_CONTEXT('2D SPACE',''
  ) );
#5495 = ORIENTED_EDGE('',*,*,#1693,.T.);
#5496 = ORIENTED_EDGE('',*,*,#5432,.F.);
#5497 = ADVANCED_FACE('',(#5498),#1765,.F.);
#5498 = FACE_BOUND('',#5499,.F.);
#5499 = EDGE_LOOP('',(#5500,#5501,#5524));
#5500 = ORIENTED_EDGE('',*,*,#1750,.F.);
#5501 = ORIENTED_EDGE('',*,*,#5502,.T.);
#5502 = EDGE_CURVE('',#1751,#5503,#5505,.T.);
#5503 = VERTEX_POINT('',#5504);
#5504 = CARTESIAN_POINT('',(147.5,-139.9999999999,28.695656275633));
#5505 = SURFACE_CURVE('',#5506,(#5511,#5518),.PCURVE_S1.);
#5506 = CIRCLE('',#5507,3.4);
#5507 = AXIS2_PLACEMENT_3D('',#5508,#5509,#5510);
#5508 = CARTESIAN_POINT('',(147.5,-137.5,31.));
#5509 = DIRECTION('',(1.,-0.,2.22044604925E-16));
#5510 = DIRECTION('',(2.22044604925E-16,0.,-1.));
#5511 = PCURVE('',#1765,#5512);
#5512 = DEFINITIONAL_REPRESENTATION('',(#5513),#5517);
#5513 = CIRCLE('',#5514,3.4);
#5514 = AXIS2_PLACEMENT_2D('',#5515,#5516);
#5515 = CARTESIAN_POINT('',(0.,0.));
#5516 = DIRECTION('',(1.,0.));
#5517 = ( GEOMETRIC_REPRESENTATION_CONTEXT(2) 
PARAMETRIC_REPRESENTATION_CONTEXT() REPRESENTATION_CONTEXT('2D SPACE',''
  ) );
#5518 = PCURVE('',#1791,#5519);
#5519 = DEFINITIONAL_REPRESENTATION('',(#5520),#5523);
#5520 = B_SPLINE_CURVE_WITH_KNOTS('',1,(#5521,#5522),.UNSPECIFIED.,.F.,
  .F.,(2,2),(5.01092118157,5.457084765255),.PIECEWISE_BEZIER_KNOTS.);
#5521 = CARTESIAN_POINT('',(5.01092118157,28.));
#5522 = CARTESIAN_POINT('',(5.457084765255,28.));
#5523 = ( GEOMETRIC_REPRESENTATION_CONTEXT(2) 
PARAMETRIC_REPRESENTATION_CONTEXT() REPRESENTATION_CONTEXT('2D SPACE',''
  ) );
#5524 = ORIENTED_EDGE('',*,*,#5525,.F.);
#5525 = EDGE_CURVE('',#1723,#5503,#5526,.T.);
#5526 = SURFACE_CURVE('',#5527,(#5531,#5537),.PCURVE_S1.);
#5527 = LINE('',#5528,#5529);
#5528 = CARTESIAN_POINT('',(147.5,-139.9999999999,19.1));
#5529 = VECTOR('',#5530,1.);
#5530 = DIRECTION('',(2.22044604925E-16,0.,-1.));
#5531 = PCURVE('',#1765,#5532);
#5532 = DEFINITIONAL_REPRESENTATION('',(#5533),#5536);
#5533 = B_SPLINE_CURVE_WITH_KNOTS('',1,(#5534,#5535),.UNSPECIFIED.,.F.,
  .F.,(2,2),(-10.9,-8.5),.PIECEWISE_BEZIER_KNOTS.);
#5534 = CARTESIAN_POINT('',(1.,-2.499999999994));
#5535 = CARTESIAN_POINT('',(3.4,-2.499999999994));
#5536 = ( GEOMETRIC_REPRESENTATION_CONTEXT(2) 
PARAMETRIC_REPRESENTATION_CONTEXT() REPRESENTATION_CONTEXT('2D SPACE',''
  ) );
#5537 = PCURVE('',#1738,#5538);
#5538 = DEFINITIONAL_REPRESENTATION('',(#5539),#5542);
#5539 = B_SPLINE_CURVE_WITH_KNOTS('',1,(#5540,#5541),.UNSPECIFIED.,.F.,
  .F.,(2,2),(-10.9,-8.5),.PIECEWISE_BEZIER_KNOTS.);
#5540 = CARTESIAN_POINT('',(305.,-22.8));
#5541 = CARTESIAN_POINT('',(305.,-20.4));
#5542 = ( GEOMETRIC_REPRESENTATION_CONTEXT(2) 
PARAMETRIC_REPRESENTATION_CONTEXT() REPRESENTATION_CONTEXT('2D SPACE',''
  ) );
#5543 = ADVANCED_FACE('',(#5544),#1791,.F.);
#5544 = FACE_BOUND('',#5545,.F.);
#5545 = EDGE_LOOP('',(#5546,#5547,#5548,#5571,#5592,#5625,#5651,#5680));
#5546 = ORIENTED_EDGE('',*,*,#5502,.F.);
#5547 = ORIENTED_EDGE('',*,*,#1776,.F.);
#5548 = ORIENTED_EDGE('',*,*,#5549,.T.);
#5549 = EDGE_CURVE('',#1777,#5550,#5552,.T.);
#5550 = VERTEX_POINT('',#5551);
#5551 = CARTESIAN_POINT('',(119.5,-139.9999999999,28.695656275633));
#5552 = SURFACE_CURVE('',#5553,(#5558,#5564),.PCURVE_S1.);
#5553 = CIRCLE('',#5554,3.4);
#5554 = AXIS2_PLACEMENT_3D('',#5555,#5556,#5557);
#5555 = CARTESIAN_POINT('',(119.5,-137.5,31.));
#5556 = DIRECTION('',(1.,-0.,2.22044604925E-16));
#5557 = DIRECTION('',(2.22044604925E-16,0.,-1.));
#5558 = PCURVE('',#1791,#5559);
#5559 = DEFINITIONAL_REPRESENTATION('',(#5560),#5563);
#5560 = B_SPLINE_CURVE_WITH_KNOTS('',1,(#5561,#5562),.UNSPECIFIED.,.F.,
  .F.,(2,2),(5.01092118157,5.457084765255),.PIECEWISE_BEZIER_KNOTS.);
#5561 = CARTESIAN_POINT('',(5.01092118157,0.));
#5562 = CARTESIAN_POINT('',(5.457084765255,0.));
#5563 = ( GEOMETRIC_REPRESENTATION_CONTEXT(2) 
PARAMETRIC_REPRESENTATION_CONTEXT() REPRESENTATION_CONTEXT('2D SPACE',''
  ) );
#5564 = PCURVE('',#1817,#5565);
#5565 = DEFINITIONAL_REPRESENTATION('',(#5566),#5570);
#5566 = CIRCLE('',#5567,3.4);
#5567 = AXIS2_PLACEMENT_2D('',#5568,#5569);
#5568 = CARTESIAN_POINT('',(0.,0.));
#5569 = DIRECTION('',(1.,0.));
#5570 = ( GEOMETRIC_REPRESENTATION_CONTEXT(2) 
PARAMETRIC_REPRESENTATION_CONTEXT() REPRESENTATION_CONTEXT('2D SPACE',''
  ) );
#5571 = ORIENTED_EDGE('',*,*,#5572,.T.);
#5572 = EDGE_CURVE('',#5550,#5573,#5575,.T.);
#5573 = VERTEX_POINT('',#5574);
#5574 = CARTESIAN_POINT('',(121.5,-140.,28.69565627564));
#5575 = SURFACE_CURVE('',#5576,(#5580,#5586),.PCURVE_S1.);
#5576 = LINE('',#5577,#5578);
#5577 = CARTESIAN_POINT('',(119.5,-139.9999999999,28.695656275633));
#5578 = VECTOR('',#5579,1.);
#5579 = DIRECTION('',(1.,0.,2.22044604925E-16));
#5580 = PCURVE('',#1791,#5581);
#5581 = DEFINITIONAL_REPRESENTATION('',(#5582),#5585);
#5582 = B_SPLINE_CURVE_WITH_KNOTS('',1,(#5583,#5584),.UNSPECIFIED.,.F.,
  .F.,(2,2),(0.,2.),.PIECEWISE_BEZIER_KNOTS.);
#5583 = CARTESIAN_POINT('',(5.457084765255,-5.116670918886E-16));
#5584 = CARTESIAN_POINT('',(5.457084765255,2.));
#5585 = ( GEOMETRIC_REPRESENTATION_CONTEXT(2) 
PARAMETRIC_REPRESENTATION_CONTEXT() REPRESENTATION_CONTEXT('2D SPACE',''
  ) );
#5586 = PCURVE('',#1738,#5587);
#5587 = DEFINITIONAL_REPRESENTATION('',(#5588),#5591);
#5588 = B_SPLINE_CURVE_WITH_KNOTS('',1,(#5589,#5590),.UNSPECIFIED.,.F.,
  .F.,(2,2),(-5.999999928008E-07,28.0000006),.PIECEWISE_BEZIER_KNOTS.);
#5589 = CARTESIAN_POINT('',(276.9999994,-21.49565627563));
#5590 = CARTESIAN_POINT('',(305.0000006,-21.49565627563));
#5591 = ( GEOMETRIC_REPRESENTATION_CONTEXT(2) 
PARAMETRIC_REPRESENTATION_CONTEXT() REPRESENTATION_CONTEXT('2D SPACE',''
  ) );
#5592 = ORIENTED_EDGE('',*,*,#5593,.F.);
#5593 = EDGE_CURVE('',#5594,#5573,#5596,.T.);
#5594 = VERTEX_POINT('',#5595);
#5595 = CARTESIAN_POINT('',(121.5,-135.,28.69565627564));
#5596 = SURFACE_CURVE('',#5597,(#5602,#5609),.PCURVE_S1.);
#5597 = CIRCLE('',#5598,3.4);
#5598 = AXIS2_PLACEMENT_3D('',#5599,#5600,#5601);
#5599 = CARTESIAN_POINT('',(121.5,-137.5,31.));
#5600 = DIRECTION('',(-1.,0.,0.));
#5601 = DIRECTION('',(0.,0.735294117647,-0.677748154224));
#5602 = PCURVE('',#1791,#5603);
#5603 = DEFINITIONAL_REPRESENTATION('',(#5604),#5608);
#5604 = LINE('',#5605,#5606);
#5605 = CARTESIAN_POINT('',(7.109285849107,2.));
#5606 = VECTOR('',#5607,1.);
#5607 = DIRECTION('',(-1.,-0.));
#5608 = ( GEOMETRIC_REPRESENTATION_CONTEXT(2) 
PARAMETRIC_REPRESENTATION_CONTEXT() REPRESENTATION_CONTEXT('2D SPACE',''
  ) );
#5609 = PCURVE('',#5610,#5615);
#5610 = PLANE('',#5611);
#5611 = AXIS2_PLACEMENT_3D('',#5612,#5613,#5614);
#5612 = CARTESIAN_POINT('',(121.5,-140.,23.));
#5613 = DIRECTION('',(1.,0.,-0.));
#5614 = DIRECTION('',(0.,0.,1.));
#5615 = DEFINITIONAL_REPRESENTATION('',(#5616),#5624);
#5616 = ( BOUNDED_CURVE() B_SPLINE_CURVE(2,(#5617,#5618,#5619,#5620,
#5621,#5622,#5623),.UNSPECIFIED.,.T.,.F.) B_SPLINE_CURVE_WITH_KNOTS((1,2
    ,2,2,2,1),(-2.094395102393,0.,2.094395102393,4.188790204786,
6.28318530718,8.377580409573),.UNSPECIFIED.) CURVE() 
GEOMETRIC_REPRESENTATION_ITEM() RATIONAL_B_SPLINE_CURVE((1.,0.5,1.,0.5,
1.,0.5,1.)) REPRESENTATION_ITEM('') );
#5617 = CARTESIAN_POINT('',(5.69565627564,-5.));
#5618 = CARTESIAN_POINT('',(1.365529256717,-1.008759591306));
#5619 = CARTESIAN_POINT('',(6.987108352719,0.745620204347));
#5620 = CARTESIAN_POINT('',(12.608687448721,2.500000000001));
#5621 = CARTESIAN_POINT('',(11.317235371641,-3.245620204347));
#5622 = CARTESIAN_POINT('',(10.025783294562,-8.991240408695));
#5623 = CARTESIAN_POINT('',(5.69565627564,-5.));
#5624 = ( GEOMETRIC_REPRESENTATION_CONTEXT(2) 
PARAMETRIC_REPRESENTATION_CONTEXT() REPRESENTATION_CONTEXT('2D SPACE',''
  ) );
#5625 = ORIENTED_EDGE('',*,*,#5626,.T.);
#5626 = EDGE_CURVE('',#5594,#5627,#5629,.T.);
#5627 = VERTEX_POINT('',#5628);
#5628 = CARTESIAN_POINT('',(145.5,-135.,28.69565627564));
#5629 = SURFACE_CURVE('',#5630,(#5634,#5640),.PCURVE_S1.);
#5630 = LINE('',#5631,#5632);
#5631 = CARTESIAN_POINT('',(119.5,-135.,28.695656275639));
#5632 = VECTOR('',#5633,1.);
#5633 = DIRECTION('',(1.,0.,2.22044604925E-16));
#5634 = PCURVE('',#1791,#5635);
#5635 = DEFINITIONAL_REPRESENTATION('',(#5636),#5639);
#5636 = B_SPLINE_CURVE_WITH_KNOTS('',1,(#5637,#5638),.UNSPECIFIED.,.F.,
  .F.,(2,2),(2.,26.),.PIECEWISE_BEZIER_KNOTS.);
#5637 = CARTESIAN_POINT('',(7.109285849107,2.));
#5638 = CARTESIAN_POINT('',(7.109285849107,26.));
#5639 = ( GEOMETRIC_REPRESENTATION_CONTEXT(2) 
PARAMETRIC_REPRESENTATION_CONTEXT() REPRESENTATION_CONTEXT('2D SPACE',''
  ) );
#5640 = PCURVE('',#5641,#5646);
#5641 = PLANE('',#5642);
#5642 = AXIS2_PLACEMENT_3D('',#5643,#5644,#5645);
#5643 = CARTESIAN_POINT('',(121.5,-135.,23.));
#5644 = DIRECTION('',(-0.,1.,0.));
#5645 = DIRECTION('',(0.,0.,1.));
#5646 = DEFINITIONAL_REPRESENTATION('',(#5647),#5650);
#5647 = B_SPLINE_CURVE_WITH_KNOTS('',1,(#5648,#5649),.UNSPECIFIED.,.F.,
  .F.,(2,2),(-5.999999928008E-07,28.0000006),.PIECEWISE_BEZIER_KNOTS.);
#5648 = CARTESIAN_POINT('',(5.695656275639,-2.0000006));
#5649 = CARTESIAN_POINT('',(5.695656275639,26.0000006));
#5650 = ( GEOMETRIC_REPRESENTATION_CONTEXT(2) 
PARAMETRIC_REPRESENTATION_CONTEXT() REPRESENTATION_CONTEXT('2D SPACE',''
  ) );
#5651 = ORIENTED_EDGE('',*,*,#5652,.F.);
#5652 = EDGE_CURVE('',#5653,#5627,#5655,.T.);
#5653 = VERTEX_POINT('',#5654);
#5654 = CARTESIAN_POINT('',(145.5,-140.,28.69565627564));
#5655 = SURFACE_CURVE('',#5656,(#5661,#5668),.PCURVE_S1.);
#5656 = CIRCLE('',#5657,3.4);
#5657 = AXIS2_PLACEMENT_3D('',#5658,#5659,#5660);
#5658 = CARTESIAN_POINT('',(145.5,-137.5,31.));
#5659 = DIRECTION('',(1.,0.,0.));
#5660 = DIRECTION('',(0.,-0.735294117647,-0.677748154224));
#5661 = PCURVE('',#1791,#5662);
#5662 = DEFINITIONAL_REPRESENTATION('',(#5663),#5667);
#5663 = LINE('',#5664,#5665);
#5664 = CARTESIAN_POINT('',(5.457084765252,26.));
#5665 = VECTOR('',#5666,1.);
#5666 = DIRECTION('',(1.,0.));
#5667 = ( GEOMETRIC_REPRESENTATION_CONTEXT(2) 
PARAMETRIC_REPRESENTATION_CONTEXT() REPRESENTATION_CONTEXT('2D SPACE',''
  ) );
#5668 = PCURVE('',#5669,#5674);
#5669 = PLANE('',#5670);
#5670 = AXIS2_PLACEMENT_3D('',#5671,#5672,#5673);
#5671 = CARTESIAN_POINT('',(145.5,-140.,23.));
#5672 = DIRECTION('',(1.,0.,-0.));
#5673 = DIRECTION('',(0.,0.,1.));
#5674 = DEFINITIONAL_REPRESENTATION('',(#5675),#5679);
#5675 = CIRCLE('',#5676,3.4);
#5676 = AXIS2_PLACEMENT_2D('',#5677,#5678);
#5677 = CARTESIAN_POINT('',(8.,-2.5));
#5678 = DIRECTION('',(-0.677748154224,0.735294117647));
#5679 = ( GEOMETRIC_REPRESENTATION_CONTEXT(2) 
PARAMETRIC_REPRESENTATION_CONTEXT() REPRESENTATION_CONTEXT('2D SPACE',''
  ) );
#5680 = ORIENTED_EDGE('',*,*,#5681,.T.);
#5681 = EDGE_CURVE('',#5653,#5503,#5682,.T.);
#5682 = SURFACE_CURVE('',#5683,(#5687,#5693),.PCURVE_S1.);
#5683 = LINE('',#5684,#5685);
#5684 = CARTESIAN_POINT('',(119.5,-139.9999999999,28.695656275633));
#5685 = VECTOR('',#5686,1.);
#5686 = DIRECTION('',(1.,0.,2.22044604925E-16));
#5687 = PCURVE('',#1791,#5688);
#5688 = DEFINITIONAL_REPRESENTATION('',(#5689),#5692);
#5689 = B_SPLINE_CURVE_WITH_KNOTS('',1,(#5690,#5691),.UNSPECIFIED.,.F.,
  .F.,(2,2),(26.,28.),.PIECEWISE_BEZIER_KNOTS.);
#5690 = CARTESIAN_POINT('',(5.457084765255,26.));
#5691 = CARTESIAN_POINT('',(5.457084765255,28.));
#5692 = ( GEOMETRIC_REPRESENTATION_CONTEXT(2) 
PARAMETRIC_REPRESENTATION_CONTEXT() REPRESENTATION_CONTEXT('2D SPACE',''
  ) );
#5693 = PCURVE('',#1738,#5694);
#5694 = DEFINITIONAL_REPRESENTATION('',(#5695),#5698);
#5695 = B_SPLINE_CURVE_WITH_KNOTS('',1,(#5696,#5697),.UNSPECIFIED.,.F.,
  .F.,(2,2),(-5.999999928008E-07,28.0000006),.PIECEWISE_BEZIER_KNOTS.);
#5696 = CARTESIAN_POINT('',(276.9999994,-21.49565627563));
#5697 = CARTESIAN_POINT('',(305.0000006,-21.49565627563));
#5698 = ( GEOMETRIC_REPRESENTATION_CONTEXT(2) 
PARAMETRIC_REPRESENTATION_CONTEXT() REPRESENTATION_CONTEXT('2D SPACE',''
  ) );
#5699 = ADVANCED_FACE('',(#5700),#5669,.T.);
#5700 = FACE_BOUND('',#5701,.T.);
#5701 = EDGE_LOOP('',(#5702,#5725,#5753,#5774));
#5702 = ORIENTED_EDGE('',*,*,#5703,.F.);
#5703 = EDGE_CURVE('',#5704,#5653,#5706,.T.);
#5704 = VERTEX_POINT('',#5705);
#5705 = CARTESIAN_POINT('',(145.5,-140.,23.));
#5706 = SURFACE_CURVE('',#5707,(#5711,#5718),.PCURVE_S1.);
#5707 = LINE('',#5708,#5709);
#5708 = CARTESIAN_POINT('',(145.5,-140.,23.));
#5709 = VECTOR('',#5710,1.);
#5710 = DIRECTION('',(0.,0.,1.));
#5711 = PCURVE('',#5669,#5712);
#5712 = DEFINITIONAL_REPRESENTATION('',(#5713),#5717);
#5713 = LINE('',#5714,#5715);
#5714 = CARTESIAN_POINT('',(0.,0.));
#5715 = VECTOR('',#5716,1.);
#5716 = DIRECTION('',(1.,0.));
#5717 = ( GEOMETRIC_REPRESENTATION_CONTEXT(2) 
PARAMETRIC_REPRESENTATION_CONTEXT() REPRESENTATION_CONTEXT('2D SPACE',''
  ) );
#5718 = PCURVE('',#1738,#5719);
#5719 = DEFINITIONAL_REPRESENTATION('',(#5720),#5724);
#5720 = LINE('',#5721,#5722);
#5721 = CARTESIAN_POINT('',(303.,-15.8));
#5722 = VECTOR('',#5723,1.);
#5723 = DIRECTION('',(0.,-1.));
#5724 = ( GEOMETRIC_REPRESENTATION_CONTEXT(2) 
PARAMETRIC_REPRESENTATION_CONTEXT() REPRESENTATION_CONTEXT('2D SPACE',''
  ) );
#5725 = ORIENTED_EDGE('',*,*,#5726,.T.);
#5726 = EDGE_CURVE('',#5704,#5727,#5729,.T.);
#5727 = VERTEX_POINT('',#5728);
#5728 = CARTESIAN_POINT('',(145.5,-135.,23.));
#5729 = SURFACE_CURVE('',#5730,(#5734,#5741),.PCURVE_S1.);
#5730 = LINE('',#5731,#5732);
#5731 = CARTESIAN_POINT('',(145.5,-140.,23.));
#5732 = VECTOR('',#5733,1.);
#5733 = DIRECTION('',(-0.,1.,0.));
#5734 = PCURVE('',#5669,#5735);
#5735 = DEFINITIONAL_REPRESENTATION('',(#5736),#5740);
#5736 = LINE('',#5737,#5738);
#5737 = CARTESIAN_POINT('',(0.,0.));
#5738 = VECTOR('',#5739,1.);
#5739 = DIRECTION('',(0.,-1.));
#5740 = ( GEOMETRIC_REPRESENTATION_CONTEXT(2) 
PARAMETRIC_REPRESENTATION_CONTEXT() REPRESENTATION_CONTEXT('2D SPACE',''
  ) );
#5741 = PCURVE('',#5742,#5747);
#5742 = PLANE('',#5743);
#5743 = AXIS2_PLACEMENT_3D('',#5744,#5745,#5746);
#5744 = CARTESIAN_POINT('',(121.5,-140.,23.));
#5745 = DIRECTION('',(0.,0.,1.));
#5746 = DIRECTION('',(1.,0.,-0.));
#5747 = DEFINITIONAL_REPRESENTATION('',(#5748),#5752);
#5748 = LINE('',#5749,#5750);
#5749 = CARTESIAN_POINT('',(24.,0.));
#5750 = VECTOR('',#5751,1.);
#5751 = DIRECTION('',(0.,1.));
#5752 = ( GEOMETRIC_REPRESENTATION_CONTEXT(2) 
PARAMETRIC_REPRESENTATION_CONTEXT() REPRESENTATION_CONTEXT('2D SPACE',''
  ) );
#5753 = ORIENTED_EDGE('',*,*,#5754,.T.);
#5754 = EDGE_CURVE('',#5727,#5627,#5755,.T.);
#5755 = SURFACE_CURVE('',#5756,(#5760,#5767),.PCURVE_S1.);
#5756 = LINE('',#5757,#5758);
#5757 = CARTESIAN_POINT('',(145.5,-135.,23.));
#5758 = VECTOR('',#5759,1.);
#5759 = DIRECTION('',(0.,0.,1.));
#5760 = PCURVE('',#5669,#5761);
#5761 = DEFINITIONAL_REPRESENTATION('',(#5762),#5766);
#5762 = LINE('',#5763,#5764);
#5763 = CARTESIAN_POINT('',(0.,-5.));
#5764 = VECTOR('',#5765,1.);
#5765 = DIRECTION('',(1.,0.));
#5766 = ( GEOMETRIC_REPRESENTATION_CONTEXT(2) 
PARAMETRIC_REPRESENTATION_CONTEXT() REPRESENTATION_CONTEXT('2D SPACE',''
  ) );
#5767 = PCURVE('',#5641,#5768);
#5768 = DEFINITIONAL_REPRESENTATION('',(#5769),#5773);
#5769 = LINE('',#5770,#5771);
#5770 = CARTESIAN_POINT('',(0.,24.));
#5771 = VECTOR('',#5772,1.);
#5772 = DIRECTION('',(1.,0.));
#5773 = ( GEOMETRIC_REPRESENTATION_CONTEXT(2) 
PARAMETRIC_REPRESENTATION_CONTEXT() REPRESENTATION_CONTEXT('2D SPACE',''
  ) );
#5774 = ORIENTED_EDGE('',*,*,#5652,.F.);
#5775 = ADVANCED_FACE('',(#5776),#5742,.F.);
#5776 = FACE_BOUND('',#5777,.F.);
#5777 = EDGE_LOOP('',(#5778,#5803,#5824,#5825));
#5778 = ORIENTED_EDGE('',*,*,#5779,.F.);
#5779 = EDGE_CURVE('',#5780,#5782,#5784,.T.);
#5780 = VERTEX_POINT('',#5781);
#5781 = CARTESIAN_POINT('',(121.5,-140.,23.));
#5782 = VERTEX_POINT('',#5783);
#5783 = CARTESIAN_POINT('',(121.5,-135.,23.));
#5784 = SURFACE_CURVE('',#5785,(#5789,#5796),.PCURVE_S1.);
#5785 = LINE('',#5786,#5787);
#5786 = CARTESIAN_POINT('',(121.5,-140.,23.));
#5787 = VECTOR('',#5788,1.);
#5788 = DIRECTION('',(-0.,1.,0.));
#5789 = PCURVE('',#5742,#5790);
#5790 = DEFINITIONAL_REPRESENTATION('',(#5791),#5795);
#5791 = LINE('',#5792,#5793);
#5792 = CARTESIAN_POINT('',(0.,0.));
#5793 = VECTOR('',#5794,1.);
#5794 = DIRECTION('',(0.,1.));
#5795 = ( GEOMETRIC_REPRESENTATION_CONTEXT(2) 
PARAMETRIC_REPRESENTATION_CONTEXT() REPRESENTATION_CONTEXT('2D SPACE',''
  ) );
#5796 = PCURVE('',#5610,#5797);
#5797 = DEFINITIONAL_REPRESENTATION('',(#5798),#5802);
#5798 = LINE('',#5799,#5800);
#5799 = CARTESIAN_POINT('',(0.,0.));
#5800 = VECTOR('',#5801,1.);
#5801 = DIRECTION('',(0.,-1.));
#5802 = ( GEOMETRIC_REPRESENTATION_CONTEXT(2) 
PARAMETRIC_REPRESENTATION_CONTEXT() REPRESENTATION_CONTEXT('2D SPACE',''
  ) );
#5803 = ORIENTED_EDGE('',*,*,#5804,.T.);
#5804 = EDGE_CURVE('',#5780,#5704,#5805,.T.);
#5805 = SURFACE_CURVE('',#5806,(#5810,#5817),.PCURVE_S1.);
#5806 = LINE('',#5807,#5808);
#5807 = CARTESIAN_POINT('',(121.5,-140.,23.));
#5808 = VECTOR('',#5809,1.);
#5809 = DIRECTION('',(1.,0.,-0.));
#5810 = PCURVE('',#5742,#5811);
#5811 = DEFINITIONAL_REPRESENTATION('',(#5812),#5816);
#5812 = LINE('',#5813,#5814);
#5813 = CARTESIAN_POINT('',(0.,0.));
#5814 = VECTOR('',#5815,1.);
#5815 = DIRECTION('',(1.,0.));
#5816 = ( GEOMETRIC_REPRESENTATION_CONTEXT(2) 
PARAMETRIC_REPRESENTATION_CONTEXT() REPRESENTATION_CONTEXT('2D SPACE',''
  ) );
#5817 = PCURVE('',#1738,#5818);
#5818 = DEFINITIONAL_REPRESENTATION('',(#5819),#5823);
#5819 = LINE('',#5820,#5821);
#5820 = CARTESIAN_POINT('',(279.,-15.8));
#5821 = VECTOR('',#5822,1.);
#5822 = DIRECTION('',(1.,0.));
#5823 = ( GEOMETRIC_REPRESENTATION_CONTEXT(2) 
PARAMETRIC_REPRESENTATION_CONTEXT() REPRESENTATION_CONTEXT('2D SPACE',''
  ) );
#5824 = ORIENTED_EDGE('',*,*,#5726,.T.);
#5825 = ORIENTED_EDGE('',*,*,#5826,.F.);
#5826 = EDGE_CURVE('',#5782,#5727,#5827,.T.);
#5827 = SURFACE_CURVE('',#5828,(#5832,#5839),.PCURVE_S1.);
#5828 = LINE('',#5829,#5830);
#5829 = CARTESIAN_POINT('',(121.5,-135.,23.));
#5830 = VECTOR('',#5831,1.);
#5831 = DIRECTION('',(1.,0.,-0.));
#5832 = PCURVE('',#5742,#5833);
#5833 = DEFINITIONAL_REPRESENTATION('',(#5834),#5838);
#5834 = LINE('',#5835,#5836);
#5835 = CARTESIAN_POINT('',(0.,5.));
#5836 = VECTOR('',#5837,1.);
#5837 = DIRECTION('',(1.,0.));
#5838 = ( GEOMETRIC_REPRESENTATION_CONTEXT(2) 
PARAMETRIC_REPRESENTATION_CONTEXT() REPRESENTATION_CONTEXT('2D SPACE',''
  ) );
#5839 = PCURVE('',#5641,#5840);
#5840 = DEFINITIONAL_REPRESENTATION('',(#5841),#5845);
#5841 = LINE('',#5842,#5843);
#5842 = CARTESIAN_POINT('',(0.,0.));
#5843 = VECTOR('',#5844,1.);
#5844 = DIRECTION('',(0.,1.));
#5845 = ( GEOMETRIC_REPRESENTATION_CONTEXT(2) 
PARAMETRIC_REPRESENTATION_CONTEXT() REPRESENTATION_CONTEXT('2D SPACE',''
  ) );
#5846 = ADVANCED_FACE('',(#5847),#5641,.T.);
#5847 = FACE_BOUND('',#5848,.T.);
#5848 = EDGE_LOOP('',(#5849,#5850,#5851,#5872));
#5849 = ORIENTED_EDGE('',*,*,#5754,.F.);
#5850 = ORIENTED_EDGE('',*,*,#5826,.F.);
#5851 = ORIENTED_EDGE('',*,*,#5852,.T.);
#5852 = EDGE_CURVE('',#5782,#5594,#5853,.T.);
#5853 = SURFACE_CURVE('',#5854,(#5858,#5865),.PCURVE_S1.);
#5854 = LINE('',#5855,#5856);
#5855 = CARTESIAN_POINT('',(121.5,-135.,23.));
#5856 = VECTOR('',#5857,1.);
#5857 = DIRECTION('',(0.,0.,1.));
#5858 = PCURVE('',#5641,#5859);
#5859 = DEFINITIONAL_REPRESENTATION('',(#5860),#5864);
#5860 = LINE('',#5861,#5862);
#5861 = CARTESIAN_POINT('',(0.,0.));
#5862 = VECTOR('',#5863,1.);
#5863 = DIRECTION('',(1.,0.));
#5864 = ( GEOMETRIC_REPRESENTATION_CONTEXT(2) 
PARAMETRIC_REPRESENTATION_CONTEXT() REPRESENTATION_CONTEXT('2D SPACE',''
  ) );
#5865 = PCURVE('',#5610,#5866);
#5866 = DEFINITIONAL_REPRESENTATION('',(#5867),#5871);
#5867 = LINE('',#5868,#5869);
#5868 = CARTESIAN_POINT('',(0.,-5.));
#5869 = VECTOR('',#5870,1.);
#5870 = DIRECTION('',(1.,0.));
#5871 = ( GEOMETRIC_REPRESENTATION_CONTEXT(2) 
PARAMETRIC_REPRESENTATION_CONTEXT() REPRESENTATION_CONTEXT('2D SPACE',''
  ) );
#5872 = ORIENTED_EDGE('',*,*,#5626,.T.);
#5873 = ADVANCED_FACE('',(#5874),#5610,.F.);
#5874 = FACE_BOUND('',#5875,.F.);
#5875 = EDGE_LOOP('',(#5876,#5897,#5898,#5899));
#5876 = ORIENTED_EDGE('',*,*,#5877,.F.);
#5877 = EDGE_CURVE('',#5780,#5573,#5878,.T.);
#5878 = SURFACE_CURVE('',#5879,(#5883,#5890),.PCURVE_S1.);
#5879 = LINE('',#5880,#5881);
#5880 = CARTESIAN_POINT('',(121.5,-140.,23.));
#5881 = VECTOR('',#5882,1.);
#5882 = DIRECTION('',(0.,0.,1.));
#5883 = PCURVE('',#5610,#5884);
#5884 = DEFINITIONAL_REPRESENTATION('',(#5885),#5889);
#5885 = LINE('',#5886,#5887);
#5886 = CARTESIAN_POINT('',(0.,0.));
#5887 = VECTOR('',#5888,1.);
#5888 = DIRECTION('',(1.,0.));
#5889 = ( GEOMETRIC_REPRESENTATION_CONTEXT(2) 
PARAMETRIC_REPRESENTATION_CONTEXT() REPRESENTATION_CONTEXT('2D SPACE',''
  ) );
#5890 = PCURVE('',#1738,#5891);
#5891 = DEFINITIONAL_REPRESENTATION('',(#5892),#5896);
#5892 = LINE('',#5893,#5894);
#5893 = CARTESIAN_POINT('',(279.,-15.8));
#5894 = VECTOR('',#5895,1.);
#5895 = DIRECTION('',(0.,-1.));
#5896 = ( GEOMETRIC_REPRESENTATION_CONTEXT(2) 
PARAMETRIC_REPRESENTATION_CONTEXT() REPRESENTATION_CONTEXT('2D SPACE',''
  ) );
#5897 = ORIENTED_EDGE('',*,*,#5779,.T.);
#5898 = ORIENTED_EDGE('',*,*,#5852,.T.);
#5899 = ORIENTED_EDGE('',*,*,#5593,.T.);
#5900 = ADVANCED_FACE('',(#5901),#1817,.T.);
#5901 = FACE_BOUND('',#5902,.T.);
#5902 = EDGE_LOOP('',(#5903,#5904,#5905));
#5903 = ORIENTED_EDGE('',*,*,#1802,.F.);
#5904 = ORIENTED_EDGE('',*,*,#5549,.T.);
#5905 = ORIENTED_EDGE('',*,*,#5906,.F.);
#5906 = EDGE_CURVE('',#1803,#5550,#5907,.T.);
#5907 = SURFACE_CURVE('',#5908,(#5912,#5918),.PCURVE_S1.);
#5908 = LINE('',#5909,#5910);
#5909 = CARTESIAN_POINT('',(119.5,-139.9999999999,19.1));
#5910 = VECTOR('',#5911,1.);
#5911 = DIRECTION('',(2.22044604925E-16,0.,-1.));
#5912 = PCURVE('',#1817,#5913);
#5913 = DEFINITIONAL_REPRESENTATION('',(#5914),#5917);
#5914 = B_SPLINE_CURVE_WITH_KNOTS('',1,(#5915,#5916),.UNSPECIFIED.,.F.,
  .F.,(2,2),(-10.9,-8.5),.PIECEWISE_BEZIER_KNOTS.);
#5915 = CARTESIAN_POINT('',(1.,-2.499999999994));
#5916 = CARTESIAN_POINT('',(3.4,-2.499999999994));
#5917 = ( GEOMETRIC_REPRESENTATION_CONTEXT(2) 
PARAMETRIC_REPRESENTATION_CONTEXT() REPRESENTATION_CONTEXT('2D SPACE',''
  ) );
#5918 = PCURVE('',#1738,#5919);
#5919 = DEFINITIONAL_REPRESENTATION('',(#5920),#5923);
#5920 = B_SPLINE_CURVE_WITH_KNOTS('',1,(#5921,#5922),.UNSPECIFIED.,.F.,
  .F.,(2,2),(-10.9,-8.5),.PIECEWISE_BEZIER_KNOTS.);
#5921 = CARTESIAN_POINT('',(277.,-22.8));
#5922 = CARTESIAN_POINT('',(277.,-20.4));
#5923 = ( GEOMETRIC_REPRESENTATION_CONTEXT(2) 
PARAMETRIC_REPRESENTATION_CONTEXT() REPRESENTATION_CONTEXT('2D SPACE',''
  ) );
#5924 = ADVANCED_FACE('',(#5925),#1866,.F.);
#5925 = FACE_BOUND('',#5926,.F.);
#5926 = EDGE_LOOP('',(#5927,#5928,#5951));
#5927 = ORIENTED_EDGE('',*,*,#1851,.F.);
#5928 = ORIENTED_EDGE('',*,*,#5929,.T.);
#5929 = EDGE_CURVE('',#1852,#5930,#5932,.T.);
#5930 = VERTEX_POINT('',#5931);
#5931 = CARTESIAN_POINT('',(14.,-139.9999999999,28.695656275633));
#5932 = SURFACE_CURVE('',#5933,(#5938,#5945),.PCURVE_S1.);
#5933 = CIRCLE('',#5934,3.4);
#5934 = AXIS2_PLACEMENT_3D('',#5935,#5936,#5937);
#5935 = CARTESIAN_POINT('',(14.,-137.5,31.));
#5936 = DIRECTION('',(1.,-0.,2.22044604925E-16));
#5937 = DIRECTION('',(2.22044604925E-16,0.,-1.));
#5938 = PCURVE('',#1866,#5939);
#5939 = DEFINITIONAL_REPRESENTATION('',(#5940),#5944);
#5940 = CIRCLE('',#5941,3.4);
#5941 = AXIS2_PLACEMENT_2D('',#5942,#5943);
#5942 = CARTESIAN_POINT('',(0.,0.));
#5943 = DIRECTION('',(1.,0.));
#5944 = ( GEOMETRIC_REPRESENTATION_CONTEXT(2) 
PARAMETRIC_REPRESENTATION_CONTEXT() REPRESENTATION_CONTEXT('2D SPACE',''
  ) );
#5945 = PCURVE('',#1892,#5946);
#5946 = DEFINITIONAL_REPRESENTATION('',(#5947),#5950);
#5947 = B_SPLINE_CURVE_WITH_KNOTS('',1,(#5948,#5949),.UNSPECIFIED.,.F.,
  .F.,(2,2),(5.01092118157,5.457084765255),.PIECEWISE_BEZIER_KNOTS.);
#5948 = CARTESIAN_POINT('',(5.01092118157,28.));
#5949 = CARTESIAN_POINT('',(5.457084765255,28.));
#5950 = ( GEOMETRIC_REPRESENTATION_CONTEXT(2) 
PARAMETRIC_REPRESENTATION_CONTEXT() REPRESENTATION_CONTEXT('2D SPACE',''
  ) );
#5951 = ORIENTED_EDGE('',*,*,#5952,.F.);
#5952 = EDGE_CURVE('',#1829,#5930,#5953,.T.);
#5953 = SURFACE_CURVE('',#5954,(#5958,#5964),.PCURVE_S1.);
#5954 = LINE('',#5955,#5956);
#5955 = CARTESIAN_POINT('',(14.,-139.9999999999,19.1));
#5956 = VECTOR('',#5957,1.);
#5957 = DIRECTION('',(2.22044604925E-16,0.,-1.));
#5958 = PCURVE('',#1866,#5959);
#5959 = DEFINITIONAL_REPRESENTATION('',(#5960),#5963);
#5960 = B_SPLINE_CURVE_WITH_KNOTS('',1,(#5961,#5962),.UNSPECIFIED.,.F.,
  .F.,(2,2),(-10.9,-8.5),.PIECEWISE_BEZIER_KNOTS.);
#5961 = CARTESIAN_POINT('',(1.,-2.499999999994));
#5962 = CARTESIAN_POINT('',(3.4,-2.499999999994));
#5963 = ( GEOMETRIC_REPRESENTATION_CONTEXT(2) 
PARAMETRIC_REPRESENTATION_CONTEXT() REPRESENTATION_CONTEXT('2D SPACE',''
  ) );
#5964 = PCURVE('',#1738,#5965);
#5965 = DEFINITIONAL_REPRESENTATION('',(#5966),#5969);
#5966 = B_SPLINE_CURVE_WITH_KNOTS('',1,(#5967,#5968),.UNSPECIFIED.,.F.,
  .F.,(2,2),(-10.9,-8.5),.PIECEWISE_BEZIER_KNOTS.);
#5967 = CARTESIAN_POINT('',(171.5,-22.8));
#5968 = CARTESIAN_POINT('',(171.5,-20.4));
#5969 = ( GEOMETRIC_REPRESENTATION_CONTEXT(2) 
PARAMETRIC_REPRESENTATION_CONTEXT() REPRESENTATION_CONTEXT('2D SPACE',''
  ) );
#5970 = ADVANCED_FACE('',(#5971),#1892,.F.);
#5971 = FACE_BOUND('',#5972,.F.);
#5972 = EDGE_LOOP('',(#5973,#5974,#5975,#5998,#6019,#6052,#6078,#6107));
#5973 = ORIENTED_EDGE('',*,*,#5929,.F.);
#5974 = ORIENTED_EDGE('',*,*,#1877,.F.);
#5975 = ORIENTED_EDGE('',*,*,#5976,.T.);
#5976 = EDGE_CURVE('',#1878,#5977,#5979,.T.);
#5977 = VERTEX_POINT('',#5978);
#5978 = CARTESIAN_POINT('',(-14.,-139.9999999999,28.695656275633));
#5979 = SURFACE_CURVE('',#5980,(#5985,#5991),.PCURVE_S1.);
#5980 = CIRCLE('',#5981,3.4);
#5981 = AXIS2_PLACEMENT_3D('',#5982,#5983,#5984);
#5982 = CARTESIAN_POINT('',(-14.,-137.5,31.));
#5983 = DIRECTION('',(1.,-0.,2.22044604925E-16));
#5984 = DIRECTION('',(2.22044604925E-16,0.,-1.));
#5985 = PCURVE('',#1892,#5986);
#5986 = DEFINITIONAL_REPRESENTATION('',(#5987),#5990);
#5987 = B_SPLINE_CURVE_WITH_KNOTS('',1,(#5988,#5989),.UNSPECIFIED.,.F.,
  .F.,(2,2),(5.01092118157,5.457084765255),.PIECEWISE_BEZIER_KNOTS.);
#5988 = CARTESIAN_POINT('',(5.01092118157,0.));
#5989 = CARTESIAN_POINT('',(5.457084765255,0.));
#5990 = ( GEOMETRIC_REPRESENTATION_CONTEXT(2) 
PARAMETRIC_REPRESENTATION_CONTEXT() REPRESENTATION_CONTEXT('2D SPACE',''
  ) );
#5991 = PCURVE('',#1918,#5992);
#5992 = DEFINITIONAL_REPRESENTATION('',(#5993),#5997);
#5993 = CIRCLE('',#5994,3.4);
#5994 = AXIS2_PLACEMENT_2D('',#5995,#5996);
#5995 = CARTESIAN_POINT('',(0.,0.));
#5996 = DIRECTION('',(1.,0.));
#5997 = ( GEOMETRIC_REPRESENTATION_CONTEXT(2) 
PARAMETRIC_REPRESENTATION_CONTEXT() REPRESENTATION_CONTEXT('2D SPACE',''
  ) );
#5998 = ORIENTED_EDGE('',*,*,#5999,.T.);
#5999 = EDGE_CURVE('',#5977,#6000,#6002,.T.);
#6000 = VERTEX_POINT('',#6001);
#6001 = CARTESIAN_POINT('',(-12.,-140.,28.69565627564));
#6002 = SURFACE_CURVE('',#6003,(#6007,#6013),.PCURVE_S1.);
#6003 = LINE('',#6004,#6005);
#6004 = CARTESIAN_POINT('',(-14.,-139.9999999999,28.695656275633));
#6005 = VECTOR('',#6006,1.);
#6006 = DIRECTION('',(1.,0.,2.22044604925E-16));
#6007 = PCURVE('',#1892,#6008);
#6008 = DEFINITIONAL_REPRESENTATION('',(#6009),#6012);
#6009 = B_SPLINE_CURVE_WITH_KNOTS('',1,(#6010,#6011),.UNSPECIFIED.,.F.,
  .F.,(2,2),(0.,2.),.PIECEWISE_BEZIER_KNOTS.);
#6010 = CARTESIAN_POINT('',(5.457084765255,-5.116670918886E-16));
#6011 = CARTESIAN_POINT('',(5.457084765255,2.));
#6012 = ( GEOMETRIC_REPRESENTATION_CONTEXT(2) 
PARAMETRIC_REPRESENTATION_CONTEXT() REPRESENTATION_CONTEXT('2D SPACE',''
  ) );
#6013 = PCURVE('',#1738,#6014);
#6014 = DEFINITIONAL_REPRESENTATION('',(#6015),#6018);
#6015 = B_SPLINE_CURVE_WITH_KNOTS('',1,(#6016,#6017),.UNSPECIFIED.,.F.,
  .F.,(2,2),(-5.999999999062E-07,28.0000006),.PIECEWISE_BEZIER_KNOTS.);
#6016 = CARTESIAN_POINT('',(143.4999994,-21.49565627563));
#6017 = CARTESIAN_POINT('',(171.5000006,-21.49565627563));
#6018 = ( GEOMETRIC_REPRESENTATION_CONTEXT(2) 
PARAMETRIC_REPRESENTATION_CONTEXT() REPRESENTATION_CONTEXT('2D SPACE',''
  ) );
#6019 = ORIENTED_EDGE('',*,*,#6020,.F.);
#6020 = EDGE_CURVE('',#6021,#6000,#6023,.T.);
#6021 = VERTEX_POINT('',#6022);
#6022 = CARTESIAN_POINT('',(-12.,-135.,28.69565627564));
#6023 = SURFACE_CURVE('',#6024,(#6029,#6036),.PCURVE_S1.);
#6024 = CIRCLE('',#6025,3.4);
#6025 = AXIS2_PLACEMENT_3D('',#6026,#6027,#6028);
#6026 = CARTESIAN_POINT('',(-12.,-137.5,31.));
#6027 = DIRECTION('',(-1.,0.,0.));
#6028 = DIRECTION('',(0.,0.735294117647,-0.677748154224));
#6029 = PCURVE('',#1892,#6030);
#6030 = DEFINITIONAL_REPRESENTATION('',(#6031),#6035);
#6031 = LINE('',#6032,#6033);
#6032 = CARTESIAN_POINT('',(7.109285849107,2.));
#6033 = VECTOR('',#6034,1.);
#6034 = DIRECTION('',(-1.,-0.));
#6035 = ( GEOMETRIC_REPRESENTATION_CONTEXT(2) 
PARAMETRIC_REPRESENTATION_CONTEXT() REPRESENTATION_CONTEXT('2D SPACE',''
  ) );
#6036 = PCURVE('',#6037,#6042);
#6037 = PLANE('',#6038);
#6038 = AXIS2_PLACEMENT_3D('',#6039,#6040,#6041);
#6039 = CARTESIAN_POINT('',(-12.,-140.,23.));
#6040 = DIRECTION('',(1.,0.,-0.));
#6041 = DIRECTION('',(0.,0.,1.));
#6042 = DEFINITIONAL_REPRESENTATION('',(#6043),#6051);
#6043 = ( BOUNDED_CURVE() B_SPLINE_CURVE(2,(#6044,#6045,#6046,#6047,
#6048,#6049,#6050),.UNSPECIFIED.,.T.,.F.) B_SPLINE_CURVE_WITH_KNOTS((1,2
    ,2,2,2,1),(-2.094395102393,0.,2.094395102393,4.188790204786,
6.28318530718,8.377580409573),.UNSPECIFIED.) CURVE() 
GEOMETRIC_REPRESENTATION_ITEM() RATIONAL_B_SPLINE_CURVE((1.,0.5,1.,0.5,
1.,0.5,1.)) REPRESENTATION_ITEM('') );
#6044 = CARTESIAN_POINT('',(5.69565627564,-5.));
#6045 = CARTESIAN_POINT('',(1.365529256717,-1.008759591306));
#6046 = CARTESIAN_POINT('',(6.987108352719,0.745620204347));
#6047 = CARTESIAN_POINT('',(12.608687448721,2.500000000001));
#6048 = CARTESIAN_POINT('',(11.317235371641,-3.245620204347));
#6049 = CARTESIAN_POINT('',(10.025783294562,-8.991240408695));
#6050 = CARTESIAN_POINT('',(5.69565627564,-5.));
#6051 = ( GEOMETRIC_REPRESENTATION_CONTEXT(2) 
PARAMETRIC_REPRESENTATION_CONTEXT() REPRESENTATION_CONTEXT('2D SPACE',''
  ) );
#6052 = ORIENTED_EDGE('',*,*,#6053,.T.);
#6053 = EDGE_CURVE('',#6021,#6054,#6056,.T.);
#6054 = VERTEX_POINT('',#6055);
#6055 = CARTESIAN_POINT('',(12.,-135.,28.69565627564));
#6056 = SURFACE_CURVE('',#6057,(#6061,#6067),.PCURVE_S1.);
#6057 = LINE('',#6058,#6059);
#6058 = CARTESIAN_POINT('',(-14.,-135.,28.695656275639));
#6059 = VECTOR('',#6060,1.);
#6060 = DIRECTION('',(1.,0.,2.22044604925E-16));
#6061 = PCURVE('',#1892,#6062);
#6062 = DEFINITIONAL_REPRESENTATION('',(#6063),#6066);
#6063 = B_SPLINE_CURVE_WITH_KNOTS('',1,(#6064,#6065),.UNSPECIFIED.,.F.,
  .F.,(2,2),(2.,26.),.PIECEWISE_BEZIER_KNOTS.);
#6064 = CARTESIAN_POINT('',(7.109285849107,2.));
#6065 = CARTESIAN_POINT('',(7.109285849107,26.));
#6066 = ( GEOMETRIC_REPRESENTATION_CONTEXT(2) 
PARAMETRIC_REPRESENTATION_CONTEXT() REPRESENTATION_CONTEXT('2D SPACE',''
  ) );
#6067 = PCURVE('',#6068,#6073);
#6068 = PLANE('',#6069);
#6069 = AXIS2_PLACEMENT_3D('',#6070,#6071,#6072);
#6070 = CARTESIAN_POINT('',(-12.,-135.,23.));
#6071 = DIRECTION('',(-0.,1.,0.));
#6072 = DIRECTION('',(0.,0.,1.));
#6073 = DEFINITIONAL_REPRESENTATION('',(#6074),#6077);
#6074 = B_SPLINE_CURVE_WITH_KNOTS('',1,(#6075,#6076),.UNSPECIFIED.,.F.,
  .F.,(2,2),(-5.999999999062E-07,28.0000006),.PIECEWISE_BEZIER_KNOTS.);
#6075 = CARTESIAN_POINT('',(5.695656275639,-2.0000006));
#6076 = CARTESIAN_POINT('',(5.695656275639,26.0000006));
#6077 = ( GEOMETRIC_REPRESENTATION_CONTEXT(2) 
PARAMETRIC_REPRESENTATION_CONTEXT() REPRESENTATION_CONTEXT('2D SPACE',''
  ) );
#6078 = ORIENTED_EDGE('',*,*,#6079,.F.);
#6079 = EDGE_CURVE('',#6080,#6054,#6082,.T.);
#6080 = VERTEX_POINT('',#6081);
#6081 = CARTESIAN_POINT('',(12.,-140.,28.69565627564));
#6082 = SURFACE_CURVE('',#6083,(#6088,#6095),.PCURVE_S1.);
#6083 = CIRCLE('',#6084,3.4);
#6084 = AXIS2_PLACEMENT_3D('',#6085,#6086,#6087);
#6085 = CARTESIAN_POINT('',(12.,-137.5,31.));
#6086 = DIRECTION('',(1.,0.,0.));
#6087 = DIRECTION('',(0.,-0.735294117647,-0.677748154224));
#6088 = PCURVE('',#1892,#6089);
#6089 = DEFINITIONAL_REPRESENTATION('',(#6090),#6094);
#6090 = LINE('',#6091,#6092);
#6091 = CARTESIAN_POINT('',(5.457084765252,26.));
#6092 = VECTOR('',#6093,1.);
#6093 = DIRECTION('',(1.,0.));
#6094 = ( GEOMETRIC_REPRESENTATION_CONTEXT(2) 
PARAMETRIC_REPRESENTATION_CONTEXT() REPRESENTATION_CONTEXT('2D SPACE',''
  ) );
#6095 = PCURVE('',#6096,#6101);
#6096 = PLANE('',#6097);
#6097 = AXIS2_PLACEMENT_3D('',#6098,#6099,#6100);
#6098 = CARTESIAN_POINT('',(12.,-140.,23.));
#6099 = DIRECTION('',(1.,0.,-0.));
#6100 = DIRECTION('',(0.,0.,1.));
#6101 = DEFINITIONAL_REPRESENTATION('',(#6102),#6106);
#6102 = CIRCLE('',#6103,3.4);
#6103 = AXIS2_PLACEMENT_2D('',#6104,#6105);
#6104 = CARTESIAN_POINT('',(8.,-2.5));
#6105 = DIRECTION('',(-0.677748154224,0.735294117647));
#6106 = ( GEOMETRIC_REPRESENTATION_CONTEXT(2) 
PARAMETRIC_REPRESENTATION_CONTEXT() REPRESENTATION_CONTEXT('2D SPACE',''
  ) );
#6107 = ORIENTED_EDGE('',*,*,#6108,.T.);
#6108 = EDGE_CURVE('',#6080,#5930,#6109,.T.);
#6109 = SURFACE_CURVE('',#6110,(#6114,#6120),.PCURVE_S1.);
#6110 = LINE('',#6111,#6112);
#6111 = CARTESIAN_POINT('',(-14.,-139.9999999999,28.695656275633));
#6112 = VECTOR('',#6113,1.);
#6113 = DIRECTION('',(1.,0.,2.22044604925E-16));
#6114 = PCURVE('',#1892,#6115);
#6115 = DEFINITIONAL_REPRESENTATION('',(#6116),#6119);
#6116 = B_SPLINE_CURVE_WITH_KNOTS('',1,(#6117,#6118),.UNSPECIFIED.,.F.,
  .F.,(2,2),(26.,28.),.PIECEWISE_BEZIER_KNOTS.);
#6117 = CARTESIAN_POINT('',(5.457084765255,26.));
#6118 = CARTESIAN_POINT('',(5.457084765255,28.));
#6119 = ( GEOMETRIC_REPRESENTATION_CONTEXT(2) 
PARAMETRIC_REPRESENTATION_CONTEXT() REPRESENTATION_CONTEXT('2D SPACE',''
  ) );
#6120 = PCURVE('',#1738,#6121);
#6121 = DEFINITIONAL_REPRESENTATION('',(#6122),#6125);
#6122 = B_SPLINE_CURVE_WITH_KNOTS('',1,(#6123,#6124),.UNSPECIFIED.,.F.,
  .F.,(2,2),(-5.999999999062E-07,28.0000006),.PIECEWISE_BEZIER_KNOTS.);
#6123 = CARTESIAN_POINT('',(143.4999994,-21.49565627563));
#6124 = CARTESIAN_POINT('',(171.5000006,-21.49565627563));
#6125 = ( GEOMETRIC_REPRESENTATION_CONTEXT(2) 
PARAMETRIC_REPRESENTATION_CONTEXT() REPRESENTATION_CONTEXT('2D SPACE',''
  ) );
#6126 = ADVANCED_FACE('',(#6127),#6096,.T.);
#6127 = FACE_BOUND('',#6128,.T.);
#6128 = EDGE_LOOP('',(#6129,#6152,#6180,#6201));
#6129 = ORIENTED_EDGE('',*,*,#6130,.F.);
#6130 = EDGE_CURVE('',#6131,#6080,#6133,.T.);
#6131 = VERTEX_POINT('',#6132);
#6132 = CARTESIAN_POINT('',(12.,-140.,23.));
#6133 = SURFACE_CURVE('',#6134,(#6138,#6145),.PCURVE_S1.);
#6134 = LINE('',#6135,#6136);
#6135 = CARTESIAN_POINT('',(12.,-140.,23.));
#6136 = VECTOR('',#6137,1.);
#6137 = DIRECTION('',(0.,0.,1.));
#6138 = PCURVE('',#6096,#6139);
#6139 = DEFINITIONAL_REPRESENTATION('',(#6140),#6144);
#6140 = LINE('',#6141,#6142);
#6141 = CARTESIAN_POINT('',(0.,0.));
#6142 = VECTOR('',#6143,1.);
#6143 = DIRECTION('',(1.,0.));
#6144 = ( GEOMETRIC_REPRESENTATION_CONTEXT(2) 
PARAMETRIC_REPRESENTATION_CONTEXT() REPRESENTATION_CONTEXT('2D SPACE',''
  ) );
#6145 = PCURVE('',#1738,#6146);
#6146 = DEFINITIONAL_REPRESENTATION('',(#6147),#6151);
#6147 = LINE('',#6148,#6149);
#6148 = CARTESIAN_POINT('',(169.5,-15.8));
#6149 = VECTOR('',#6150,1.);
#6150 = DIRECTION('',(0.,-1.));
#6151 = ( GEOMETRIC_REPRESENTATION_CONTEXT(2) 
PARAMETRIC_REPRESENTATION_CONTEXT() REPRESENTATION_CONTEXT('2D SPACE',''
  ) );
#6152 = ORIENTED_EDGE('',*,*,#6153,.T.);
#6153 = EDGE_CURVE('',#6131,#6154,#6156,.T.);
#6154 = VERTEX_POINT('',#6155);
#6155 = CARTESIAN_POINT('',(12.,-135.,23.));
#6156 = SURFACE_CURVE('',#6157,(#6161,#6168),.PCURVE_S1.);
#6157 = LINE('',#6158,#6159);
#6158 = CARTESIAN_POINT('',(12.,-140.,23.));
#6159 = VECTOR('',#6160,1.);
#6160 = DIRECTION('',(-0.,1.,0.));
#6161 = PCURVE('',#6096,#6162);
#6162 = DEFINITIONAL_REPRESENTATION('',(#6163),#6167);
#6163 = LINE('',#6164,#6165);
#6164 = CARTESIAN_POINT('',(0.,0.));
#6165 = VECTOR('',#6166,1.);
#6166 = DIRECTION('',(0.,-1.));
#6167 = ( GEOMETRIC_REPRESENTATION_CONTEXT(2) 
PARAMETRIC_REPRESENTATION_CONTEXT() REPRESENTATION_CONTEXT('2D SPACE',''
  ) );
#6168 = PCURVE('',#6169,#6174);
#6169 = PLANE('',#6170);
#6170 = AXIS2_PLACEMENT_3D('',#6171,#6172,#6173);
#6171 = CARTESIAN_POINT('',(-12.,-140.,23.));
#6172 = DIRECTION('',(0.,0.,1.));
#6173 = DIRECTION('',(1.,0.,-0.));
#6174 = DEFINITIONAL_REPRESENTATION('',(#6175),#6179);
#6175 = LINE('',#6176,#6177);
#6176 = CARTESIAN_POINT('',(24.,0.));
#6177 = VECTOR('',#6178,1.);
#6178 = DIRECTION('',(0.,1.));
#6179 = ( GEOMETRIC_REPRESENTATION_CONTEXT(2) 
PARAMETRIC_REPRESENTATION_CONTEXT() REPRESENTATION_CONTEXT('2D SPACE',''
  ) );
#6180 = ORIENTED_EDGE('',*,*,#6181,.T.);
#6181 = EDGE_CURVE('',#6154,#6054,#6182,.T.);
#6182 = SURFACE_CURVE('',#6183,(#6187,#6194),.PCURVE_S1.);
#6183 = LINE('',#6184,#6185);
#6184 = CARTESIAN_POINT('',(12.,-135.,23.));
#6185 = VECTOR('',#6186,1.);
#6186 = DIRECTION('',(0.,0.,1.));
#6187 = PCURVE('',#6096,#6188);
#6188 = DEFINITIONAL_REPRESENTATION('',(#6189),#6193);
#6189 = LINE('',#6190,#6191);
#6190 = CARTESIAN_POINT('',(0.,-5.));
#6191 = VECTOR('',#6192,1.);
#6192 = DIRECTION('',(1.,0.));
#6193 = ( GEOMETRIC_REPRESENTATION_CONTEXT(2) 
PARAMETRIC_REPRESENTATION_CONTEXT() REPRESENTATION_CONTEXT('2D SPACE',''
  ) );
#6194 = PCURVE('',#6068,#6195);
#6195 = DEFINITIONAL_REPRESENTATION('',(#6196),#6200);
#6196 = LINE('',#6197,#6198);
#6197 = CARTESIAN_POINT('',(0.,24.));
#6198 = VECTOR('',#6199,1.);
#6199 = DIRECTION('',(1.,0.));
#6200 = ( GEOMETRIC_REPRESENTATION_CONTEXT(2) 
PARAMETRIC_REPRESENTATION_CONTEXT() REPRESENTATION_CONTEXT('2D SPACE',''
  ) );
#6201 = ORIENTED_EDGE('',*,*,#6079,.F.);
#6202 = ADVANCED_FACE('',(#6203),#6169,.F.);
#6203 = FACE_BOUND('',#6204,.F.);
#6204 = EDGE_LOOP('',(#6205,#6230,#6251,#6252));
#6205 = ORIENTED_EDGE('',*,*,#6206,.F.);
#6206 = EDGE_CURVE('',#6207,#6209,#6211,.T.);
#6207 = VERTEX_POINT('',#6208);
#6208 = CARTESIAN_POINT('',(-12.,-140.,23.));
#6209 = VERTEX_POINT('',#6210);
#6210 = CARTESIAN_POINT('',(-12.,-135.,23.));
#6211 = SURFACE_CURVE('',#6212,(#6216,#6223),.PCURVE_S1.);
#6212 = LINE('',#6213,#6214);
#6213 = CARTESIAN_POINT('',(-12.,-140.,23.));
#6214 = VECTOR('',#6215,1.);
#6215 = DIRECTION('',(-0.,1.,0.));
#6216 = PCURVE('',#6169,#6217);
#6217 = DEFINITIONAL_REPRESENTATION('',(#6218),#6222);
#6218 = LINE('',#6219,#6220);
#6219 = CARTESIAN_POINT('',(0.,0.));
#6220 = VECTOR('',#6221,1.);
#6221 = DIRECTION('',(0.,1.));
#6222 = ( GEOMETRIC_REPRESENTATION_CONTEXT(2) 
PARAMETRIC_REPRESENTATION_CONTEXT() REPRESENTATION_CONTEXT('2D SPACE',''
  ) );
#6223 = PCURVE('',#6037,#6224);
#6224 = DEFINITIONAL_REPRESENTATION('',(#6225),#6229);
#6225 = LINE('',#6226,#6227);
#6226 = CARTESIAN_POINT('',(0.,0.));
#6227 = VECTOR('',#6228,1.);
#6228 = DIRECTION('',(0.,-1.));
#6229 = ( GEOMETRIC_REPRESENTATION_CONTEXT(2) 
PARAMETRIC_REPRESENTATION_CONTEXT() REPRESENTATION_CONTEXT('2D SPACE',''
  ) );
#6230 = ORIENTED_EDGE('',*,*,#6231,.T.);
#6231 = EDGE_CURVE('',#6207,#6131,#6232,.T.);
#6232 = SURFACE_CURVE('',#6233,(#6237,#6244),.PCURVE_S1.);
#6233 = LINE('',#6234,#6235);
#6234 = CARTESIAN_POINT('',(-12.,-140.,23.));
#6235 = VECTOR('',#6236,1.);
#6236 = DIRECTION('',(1.,0.,-0.));
#6237 = PCURVE('',#6169,#6238);
#6238 = DEFINITIONAL_REPRESENTATION('',(#6239),#6243);
#6239 = LINE('',#6240,#6241);
#6240 = CARTESIAN_POINT('',(0.,0.));
#6241 = VECTOR('',#6242,1.);
#6242 = DIRECTION('',(1.,0.));
#6243 = ( GEOMETRIC_REPRESENTATION_CONTEXT(2) 
PARAMETRIC_REPRESENTATION_CONTEXT() REPRESENTATION_CONTEXT('2D SPACE',''
  ) );
#6244 = PCURVE('',#1738,#6245);
#6245 = DEFINITIONAL_REPRESENTATION('',(#6246),#6250);
#6246 = LINE('',#6247,#6248);
#6247 = CARTESIAN_POINT('',(145.5,-15.8));
#6248 = VECTOR('',#6249,1.);
#6249 = DIRECTION('',(1.,0.));
#6250 = ( GEOMETRIC_REPRESENTATION_CONTEXT(2) 
PARAMETRIC_REPRESENTATION_CONTEXT() REPRESENTATION_CONTEXT('2D SPACE',''
  ) );
#6251 = ORIENTED_EDGE('',*,*,#6153,.T.);
#6252 = ORIENTED_EDGE('',*,*,#6253,.F.);
#6253 = EDGE_CURVE('',#6209,#6154,#6254,.T.);
#6254 = SURFACE_CURVE('',#6255,(#6259,#6266),.PCURVE_S1.);
#6255 = LINE('',#6256,#6257);
#6256 = CARTESIAN_POINT('',(-12.,-135.,23.));
#6257 = VECTOR('',#6258,1.);
#6258 = DIRECTION('',(1.,0.,-0.));
#6259 = PCURVE('',#6169,#6260);
#6260 = DEFINITIONAL_REPRESENTATION('',(#6261),#6265);
#6261 = LINE('',#6262,#6263);
#6262 = CARTESIAN_POINT('',(0.,5.));
#6263 = VECTOR('',#6264,1.);
#6264 = DIRECTION('',(1.,0.));
#6265 = ( GEOMETRIC_REPRESENTATION_CONTEXT(2) 
PARAMETRIC_REPRESENTATION_CONTEXT() REPRESENTATION_CONTEXT('2D SPACE',''
  ) );
#6266 = PCURVE('',#6068,#6267);
#6267 = DEFINITIONAL_REPRESENTATION('',(#6268),#6272);
#6268 = LINE('',#6269,#6270);
#6269 = CARTESIAN_POINT('',(0.,0.));
#6270 = VECTOR('',#6271,1.);
#6271 = DIRECTION('',(0.,1.));
#6272 = ( GEOMETRIC_REPRESENTATION_CONTEXT(2) 
PARAMETRIC_REPRESENTATION_CONTEXT() REPRESENTATION_CONTEXT('2D SPACE',''
  ) );
#6273 = ADVANCED_FACE('',(#6274),#6068,.T.);
#6274 = FACE_BOUND('',#6275,.T.);
#6275 = EDGE_LOOP('',(#6276,#6277,#6278,#6299));
#6276 = ORIENTED_EDGE('',*,*,#6181,.F.);
#6277 = ORIENTED_EDGE('',*,*,#6253,.F.);
#6278 = ORIENTED_EDGE('',*,*,#6279,.T.);
#6279 = EDGE_CURVE('',#6209,#6021,#6280,.T.);
#6280 = SURFACE_CURVE('',#6281,(#6285,#6292),.PCURVE_S1.);
#6281 = LINE('',#6282,#6283);
#6282 = CARTESIAN_POINT('',(-12.,-135.,23.));
#6283 = VECTOR('',#6284,1.);
#6284 = DIRECTION('',(0.,0.,1.));
#6285 = PCURVE('',#6068,#6286);
#6286 = DEFINITIONAL_REPRESENTATION('',(#6287),#6291);
#6287 = LINE('',#6288,#6289);
#6288 = CARTESIAN_POINT('',(0.,0.));
#6289 = VECTOR('',#6290,1.);
#6290 = DIRECTION('',(1.,0.));
#6291 = ( GEOMETRIC_REPRESENTATION_CONTEXT(2) 
PARAMETRIC_REPRESENTATION_CONTEXT() REPRESENTATION_CONTEXT('2D SPACE',''
  ) );
#6292 = PCURVE('',#6037,#6293);
#6293 = DEFINITIONAL_REPRESENTATION('',(#6294),#6298);
#6294 = LINE('',#6295,#6296);
#6295 = CARTESIAN_POINT('',(0.,-5.));
#6296 = VECTOR('',#6297,1.);
#6297 = DIRECTION('',(1.,0.));
#6298 = ( GEOMETRIC_REPRESENTATION_CONTEXT(2) 
PARAMETRIC_REPRESENTATION_CONTEXT() REPRESENTATION_CONTEXT('2D SPACE',''
  ) );
#6299 = ORIENTED_EDGE('',*,*,#6053,.T.);
#6300 = ADVANCED_FACE('',(#6301),#6037,.F.);
#6301 = FACE_BOUND('',#6302,.F.);
#6302 = EDGE_LOOP('',(#6303,#6324,#6325,#6326));
#6303 = ORIENTED_EDGE('',*,*,#6304,.F.);
#6304 = EDGE_CURVE('',#6207,#6000,#6305,.T.);
#6305 = SURFACE_CURVE('',#6306,(#6310,#6317),.PCURVE_S1.);
#6306 = LINE('',#6307,#6308);
#6307 = CARTESIAN_POINT('',(-12.,-140.,23.));
#6308 = VECTOR('',#6309,1.);
#6309 = DIRECTION('',(0.,0.,1.));
#6310 = PCURVE('',#6037,#6311);
#6311 = DEFINITIONAL_REPRESENTATION('',(#6312),#6316);
#6312 = LINE('',#6313,#6314);
#6313 = CARTESIAN_POINT('',(0.,0.));
#6314 = VECTOR('',#6315,1.);
#6315 = DIRECTION('',(1.,0.));
#6316 = ( GEOMETRIC_REPRESENTATION_CONTEXT(2) 
PARAMETRIC_REPRESENTATION_CONTEXT() REPRESENTATION_CONTEXT('2D SPACE',''
  ) );
#6317 = PCURVE('',#1738,#6318);
#6318 = DEFINITIONAL_REPRESENTATION('',(#6319),#6323);
#6319 = LINE('',#6320,#6321);
#6320 = CARTESIAN_POINT('',(145.5,-15.8));
#6321 = VECTOR('',#6322,1.);
#6322 = DIRECTION('',(0.,-1.));
#6323 = ( GEOMETRIC_REPRESENTATION_CONTEXT(2) 
PARAMETRIC_REPRESENTATION_CONTEXT() REPRESENTATION_CONTEXT('2D SPACE',''
  ) );
#6324 = ORIENTED_EDGE('',*,*,#6206,.T.);
#6325 = ORIENTED_EDGE('',*,*,#6279,.T.);
#6326 = ORIENTED_EDGE('',*,*,#6020,.T.);
#6327 = ADVANCED_FACE('',(#6328),#1918,.T.);
#6328 = FACE_BOUND('',#6329,.T.);
#6329 = EDGE_LOOP('',(#6330,#6331,#6332));
#6330 = ORIENTED_EDGE('',*,*,#1903,.F.);
#6331 = ORIENTED_EDGE('',*,*,#5976,.T.);
#6332 = ORIENTED_EDGE('',*,*,#6333,.F.);
#6333 = EDGE_CURVE('',#1904,#5977,#6334,.T.);
#6334 = SURFACE_CURVE('',#6335,(#6339,#6345),.PCURVE_S1.);
#6335 = LINE('',#6336,#6337);
#6336 = CARTESIAN_POINT('',(-14.,-139.9999999999,19.1));
#6337 = VECTOR('',#6338,1.);
#6338 = DIRECTION('',(2.22044604925E-16,0.,-1.));
#6339 = PCURVE('',#1918,#6340);
#6340 = DEFINITIONAL_REPRESENTATION('',(#6341),#6344);
#6341 = B_SPLINE_CURVE_WITH_KNOTS('',1,(#6342,#6343),.UNSPECIFIED.,.F.,
  .F.,(2,2),(-10.9,-8.5),.PIECEWISE_BEZIER_KNOTS.);
#6342 = CARTESIAN_POINT('',(1.,-2.499999999994));
#6343 = CARTESIAN_POINT('',(3.4,-2.499999999994));
#6344 = ( GEOMETRIC_REPRESENTATION_CONTEXT(2) 
PARAMETRIC_REPRESENTATION_CONTEXT() REPRESENTATION_CONTEXT('2D SPACE',''
  ) );
#6345 = PCURVE('',#1738,#6346);
#6346 = DEFINITIONAL_REPRESENTATION('',(#6347),#6350);
#6347 = B_SPLINE_CURVE_WITH_KNOTS('',1,(#6348,#6349),.UNSPECIFIED.,.F.,
  .F.,(2,2),(-10.9,-8.5),.PIECEWISE_BEZIER_KNOTS.);
#6348 = CARTESIAN_POINT('',(143.5,-22.8));
#6349 = CARTESIAN_POINT('',(143.5,-20.4));
#6350 = ( GEOMETRIC_REPRESENTATION_CONTEXT(2) 
PARAMETRIC_REPRESENTATION_CONTEXT() REPRESENTATION_CONTEXT('2D SPACE',''
  ) );
#6351 = ADVANCED_FACE('',(#6352),#1967,.F.);
#6352 = FACE_BOUND('',#6353,.F.);
#6353 = EDGE_LOOP('',(#6354,#6355,#6378));
#6354 = ORIENTED_EDGE('',*,*,#1952,.F.);
#6355 = ORIENTED_EDGE('',*,*,#6356,.T.);
#6356 = EDGE_CURVE('',#1953,#6357,#6359,.T.);
#6357 = VERTEX_POINT('',#6358);
#6358 = CARTESIAN_POINT('',(-119.5,-139.9999999999,28.695656275633));
#6359 = SURFACE_CURVE('',#6360,(#6365,#6372),.PCURVE_S1.);
#6360 = CIRCLE('',#6361,3.4);
#6361 = AXIS2_PLACEMENT_3D('',#6362,#6363,#6364);
#6362 = CARTESIAN_POINT('',(-119.5,-137.5,31.));
#6363 = DIRECTION('',(1.,-0.,2.22044604925E-16));
#6364 = DIRECTION('',(2.22044604925E-16,0.,-1.));
#6365 = PCURVE('',#1967,#6366);
#6366 = DEFINITIONAL_REPRESENTATION('',(#6367),#6371);
#6367 = CIRCLE('',#6368,3.4);
#6368 = AXIS2_PLACEMENT_2D('',#6369,#6370);
#6369 = CARTESIAN_POINT('',(0.,0.));
#6370 = DIRECTION('',(1.,0.));
#6371 = ( GEOMETRIC_REPRESENTATION_CONTEXT(2) 
PARAMETRIC_REPRESENTATION_CONTEXT() REPRESENTATION_CONTEXT('2D SPACE',''
  ) );
#6372 = PCURVE('',#1993,#6373);
#6373 = DEFINITIONAL_REPRESENTATION('',(#6374),#6377);
#6374 = B_SPLINE_CURVE_WITH_KNOTS('',1,(#6375,#6376),.UNSPECIFIED.,.F.,
  .F.,(2,2),(5.01092118157,5.457084765255),.PIECEWISE_BEZIER_KNOTS.);
#6375 = CARTESIAN_POINT('',(5.01092118157,28.));
#6376 = CARTESIAN_POINT('',(5.457084765255,28.));
#6377 = ( GEOMETRIC_REPRESENTATION_CONTEXT(2) 
PARAMETRIC_REPRESENTATION_CONTEXT() REPRESENTATION_CONTEXT('2D SPACE',''
  ) );
#6378 = ORIENTED_EDGE('',*,*,#6379,.F.);
#6379 = EDGE_CURVE('',#1930,#6357,#6380,.T.);
#6380 = SURFACE_CURVE('',#6381,(#6385,#6391),.PCURVE_S1.);
#6381 = LINE('',#6382,#6383);
#6382 = CARTESIAN_POINT('',(-119.5,-139.9999999999,19.1));
#6383 = VECTOR('',#6384,1.);
#6384 = DIRECTION('',(2.22044604925E-16,0.,-1.));
#6385 = PCURVE('',#1967,#6386);
#6386 = DEFINITIONAL_REPRESENTATION('',(#6387),#6390);
#6387 = B_SPLINE_CURVE_WITH_KNOTS('',1,(#6388,#6389),.UNSPECIFIED.,.F.,
  .F.,(2,2),(-10.9,-8.5),.PIECEWISE_BEZIER_KNOTS.);
#6388 = CARTESIAN_POINT('',(1.,-2.499999999994));
#6389 = CARTESIAN_POINT('',(3.4,-2.499999999994));
#6390 = ( GEOMETRIC_REPRESENTATION_CONTEXT(2) 
PARAMETRIC_REPRESENTATION_CONTEXT() REPRESENTATION_CONTEXT('2D SPACE',''
  ) );
#6391 = PCURVE('',#1738,#6392);
#6392 = DEFINITIONAL_REPRESENTATION('',(#6393),#6396);
#6393 = B_SPLINE_CURVE_WITH_KNOTS('',1,(#6394,#6395),.UNSPECIFIED.,.F.,
  .F.,(2,2),(-10.9,-8.5),.PIECEWISE_BEZIER_KNOTS.);
#6394 = CARTESIAN_POINT('',(38.,-22.8));
#6395 = CARTESIAN_POINT('',(38.,-20.4));
#6396 = ( GEOMETRIC_REPRESENTATION_CONTEXT(2) 
PARAMETRIC_REPRESENTATION_CONTEXT() REPRESENTATION_CONTEXT('2D SPACE',''
  ) );
#6397 = ADVANCED_FACE('',(#6398),#1993,.F.);
#6398 = FACE_BOUND('',#6399,.F.);
#6399 = EDGE_LOOP('',(#6400,#6401,#6402,#6425,#6446,#6479,#6505,#6534));
#6400 = ORIENTED_EDGE('',*,*,#6356,.F.);
#6401 = ORIENTED_EDGE('',*,*,#1978,.F.);
#6402 = ORIENTED_EDGE('',*,*,#6403,.T.);
#6403 = EDGE_CURVE('',#1979,#6404,#6406,.T.);
#6404 = VERTEX_POINT('',#6405);
#6405 = CARTESIAN_POINT('',(-147.5,-139.9999999999,28.695656275633));
#6406 = SURFACE_CURVE('',#6407,(#6412,#6418),.PCURVE_S1.);
#6407 = CIRCLE('',#6408,3.4);
#6408 = AXIS2_PLACEMENT_3D('',#6409,#6410,#6411);
#6409 = CARTESIAN_POINT('',(-147.5,-137.5,31.));
#6410 = DIRECTION('',(1.,-0.,2.22044604925E-16));
#6411 = DIRECTION('',(2.22044604925E-16,0.,-1.));
#6412 = PCURVE('',#1993,#6413);
#6413 = DEFINITIONAL_REPRESENTATION('',(#6414),#6417);
#6414 = B_SPLINE_CURVE_WITH_KNOTS('',1,(#6415,#6416),.UNSPECIFIED.,.F.,
  .F.,(2,2),(5.01092118157,5.457084765255),.PIECEWISE_BEZIER_KNOTS.);
#6415 = CARTESIAN_POINT('',(5.01092118157,0.));
#6416 = CARTESIAN_POINT('',(5.457084765255,0.));
#6417 = ( GEOMETRIC_REPRESENTATION_CONTEXT(2) 
PARAMETRIC_REPRESENTATION_CONTEXT() REPRESENTATION_CONTEXT('2D SPACE',''
  ) );
#6418 = PCURVE('',#2019,#6419);
#6419 = DEFINITIONAL_REPRESENTATION('',(#6420),#6424);
#6420 = CIRCLE('',#6421,3.4);
#6421 = AXIS2_PLACEMENT_2D('',#6422,#6423);
#6422 = CARTESIAN_POINT('',(0.,0.));
#6423 = DIRECTION('',(1.,0.));
#6424 = ( GEOMETRIC_REPRESENTATION_CONTEXT(2) 
PARAMETRIC_REPRESENTATION_CONTEXT() REPRESENTATION_CONTEXT('2D SPACE',''
  ) );
#6425 = ORIENTED_EDGE('',*,*,#6426,.T.);
#6426 = EDGE_CURVE('',#6404,#6427,#6429,.T.);
#6427 = VERTEX_POINT('',#6428);
#6428 = CARTESIAN_POINT('',(-145.5,-140.,28.69565627564));
#6429 = SURFACE_CURVE('',#6430,(#6434,#6440),.PCURVE_S1.);
#6430 = LINE('',#6431,#6432);
#6431 = CARTESIAN_POINT('',(-147.5,-139.9999999999,28.695656275633));
#6432 = VECTOR('',#6433,1.);
#6433 = DIRECTION('',(1.,0.,2.22044604925E-16));
#6434 = PCURVE('',#1993,#6435);
#6435 = DEFINITIONAL_REPRESENTATION('',(#6436),#6439);
#6436 = B_SPLINE_CURVE_WITH_KNOTS('',1,(#6437,#6438),.UNSPECIFIED.,.F.,
  .F.,(2,2),(0.,2.),.PIECEWISE_BEZIER_KNOTS.);
#6437 = CARTESIAN_POINT('',(5.457084765255,-5.116670918886E-16));
#6438 = CARTESIAN_POINT('',(5.457084765255,2.));
#6439 = ( GEOMETRIC_REPRESENTATION_CONTEXT(2) 
PARAMETRIC_REPRESENTATION_CONTEXT() REPRESENTATION_CONTEXT('2D SPACE',''
  ) );
#6440 = PCURVE('',#1738,#6441);
#6441 = DEFINITIONAL_REPRESENTATION('',(#6442),#6445);
#6442 = B_SPLINE_CURVE_WITH_KNOTS('',1,(#6443,#6444),.UNSPECIFIED.,.F.,
  .F.,(2,2),(-5.999999928008E-07,28.0000006),.PIECEWISE_BEZIER_KNOTS.);
#6443 = CARTESIAN_POINT('',(9.9999994,-21.49565627563));
#6444 = CARTESIAN_POINT('',(38.0000006,-21.49565627563));
#6445 = ( GEOMETRIC_REPRESENTATION_CONTEXT(2) 
PARAMETRIC_REPRESENTATION_CONTEXT() REPRESENTATION_CONTEXT('2D SPACE',''
  ) );
#6446 = ORIENTED_EDGE('',*,*,#6447,.F.);
#6447 = EDGE_CURVE('',#6448,#6427,#6450,.T.);
#6448 = VERTEX_POINT('',#6449);
#6449 = CARTESIAN_POINT('',(-145.5,-135.,28.69565627564));
#6450 = SURFACE_CURVE('',#6451,(#6456,#6463),.PCURVE_S1.);
#6451 = CIRCLE('',#6452,3.4);
#6452 = AXIS2_PLACEMENT_3D('',#6453,#6454,#6455);
#6453 = CARTESIAN_POINT('',(-145.5,-137.5,31.));
#6454 = DIRECTION('',(-1.,0.,0.));
#6455 = DIRECTION('',(0.,0.735294117647,-0.677748154224));
#6456 = PCURVE('',#1993,#6457);
#6457 = DEFINITIONAL_REPRESENTATION('',(#6458),#6462);
#6458 = LINE('',#6459,#6460);
#6459 = CARTESIAN_POINT('',(7.109285849107,2.));
#6460 = VECTOR('',#6461,1.);
#6461 = DIRECTION('',(-1.,-0.));
#6462 = ( GEOMETRIC_REPRESENTATION_CONTEXT(2) 
PARAMETRIC_REPRESENTATION_CONTEXT() REPRESENTATION_CONTEXT('2D SPACE',''
  ) );
#6463 = PCURVE('',#6464,#6469);
#6464 = PLANE('',#6465);
#6465 = AXIS2_PLACEMENT_3D('',#6466,#6467,#6468);
#6466 = CARTESIAN_POINT('',(-145.5,-140.,23.));
#6467 = DIRECTION('',(1.,0.,-0.));
#6468 = DIRECTION('',(0.,0.,1.));
#6469 = DEFINITIONAL_REPRESENTATION('',(#6470),#6478);
#6470 = ( BOUNDED_CURVE() B_SPLINE_CURVE(2,(#6471,#6472,#6473,#6474,
#6475,#6476,#6477),.UNSPECIFIED.,.T.,.F.) B_SPLINE_CURVE_WITH_KNOTS((1,2
    ,2,2,2,1),(-2.094395102393,0.,2.094395102393,4.188790204786,
6.28318530718,8.377580409573),.UNSPECIFIED.) CURVE() 
GEOMETRIC_REPRESENTATION_ITEM() RATIONAL_B_SPLINE_CURVE((1.,0.5,1.,0.5,
1.,0.5,1.)) REPRESENTATION_ITEM('') );
#6471 = CARTESIAN_POINT('',(5.69565627564,-5.));
#6472 = CARTESIAN_POINT('',(1.365529256717,-1.008759591306));
#6473 = CARTESIAN_POINT('',(6.987108352719,0.745620204347));
#6474 = CARTESIAN_POINT('',(12.608687448721,2.500000000001));
#6475 = CARTESIAN_POINT('',(11.317235371641,-3.245620204347));
#6476 = CARTESIAN_POINT('',(10.025783294562,-8.991240408695));
#6477 = CARTESIAN_POINT('',(5.69565627564,-5.));
#6478 = ( GEOMETRIC_REPRESENTATION_CONTEXT(2) 
PARAMETRIC_REPRESENTATION_CONTEXT() REPRESENTATION_CONTEXT('2D SPACE',''
  ) );
#6479 = ORIENTED_EDGE('',*,*,#6480,.T.);
#6480 = EDGE_CURVE('',#6448,#6481,#6483,.T.);
#6481 = VERTEX_POINT('',#6482);
#6482 = CARTESIAN_POINT('',(-121.5,-135.,28.69565627564));
#6483 = SURFACE_CURVE('',#6484,(#6488,#6494),.PCURVE_S1.);
#6484 = LINE('',#6485,#6486);
#6485 = CARTESIAN_POINT('',(-147.5,-135.,28.695656275639));
#6486 = VECTOR('',#6487,1.);
#6487 = DIRECTION('',(1.,0.,2.22044604925E-16));
#6488 = PCURVE('',#1993,#6489);
#6489 = DEFINITIONAL_REPRESENTATION('',(#6490),#6493);
#6490 = B_SPLINE_CURVE_WITH_KNOTS('',1,(#6491,#6492),.UNSPECIFIED.,.F.,
  .F.,(2,2),(2.,26.),.PIECEWISE_BEZIER_KNOTS.);
#6491 = CARTESIAN_POINT('',(7.109285849107,2.));
#6492 = CARTESIAN_POINT('',(7.109285849107,26.));
#6493 = ( GEOMETRIC_REPRESENTATION_CONTEXT(2) 
PARAMETRIC_REPRESENTATION_CONTEXT() REPRESENTATION_CONTEXT('2D SPACE',''
  ) );
#6494 = PCURVE('',#6495,#6500);
#6495 = PLANE('',#6496);
#6496 = AXIS2_PLACEMENT_3D('',#6497,#6498,#6499);
#6497 = CARTESIAN_POINT('',(-145.5,-135.,23.));
#6498 = DIRECTION('',(-0.,1.,0.));
#6499 = DIRECTION('',(0.,0.,1.));
#6500 = DEFINITIONAL_REPRESENTATION('',(#6501),#6504);
#6501 = B_SPLINE_CURVE_WITH_KNOTS('',1,(#6502,#6503),.UNSPECIFIED.,.F.,
  .F.,(2,2),(-5.999999928008E-07,28.0000006),.PIECEWISE_BEZIER_KNOTS.);
#6502 = CARTESIAN_POINT('',(5.695656275639,-2.0000006));
#6503 = CARTESIAN_POINT('',(5.695656275639,26.0000006));
#6504 = ( GEOMETRIC_REPRESENTATION_CONTEXT(2) 
PARAMETRIC_REPRESENTATION_CONTEXT() REPRESENTATION_CONTEXT('2D SPACE',''
  ) );
#6505 = ORIENTED_EDGE('',*,*,#6506,.F.);
#6506 = EDGE_CURVE('',#6507,#6481,#6509,.T.);
#6507 = VERTEX_POINT('',#6508);
#6508 = CARTESIAN_POINT('',(-121.5,-140.,28.69565627564));
#6509 = SURFACE_CURVE('',#6510,(#6515,#6522),.PCURVE_S1.);
#6510 = CIRCLE('',#6511,3.4);
#6511 = AXIS2_PLACEMENT_3D('',#6512,#6513,#6514);
#6512 = CARTESIAN_POINT('',(-121.5,-137.5,31.));
#6513 = DIRECTION('',(1.,0.,0.));
#6514 = DIRECTION('',(0.,-0.735294117647,-0.677748154224));
#6515 = PCURVE('',#1993,#6516);
#6516 = DEFINITIONAL_REPRESENTATION('',(#6517),#6521);
#6517 = LINE('',#6518,#6519);
#6518 = CARTESIAN_POINT('',(5.457084765252,26.));
#6519 = VECTOR('',#6520,1.);
#6520 = DIRECTION('',(1.,0.));
#6521 = ( GEOMETRIC_REPRESENTATION_CONTEXT(2) 
PARAMETRIC_REPRESENTATION_CONTEXT() REPRESENTATION_CONTEXT('2D SPACE',''
  ) );
#6522 = PCURVE('',#6523,#6528);
#6523 = PLANE('',#6524);
#6524 = AXIS2_PLACEMENT_3D('',#6525,#6526,#6527);
#6525 = CARTESIAN_POINT('',(-121.5,-140.,23.));
#6526 = DIRECTION('',(1.,0.,-0.));
#6527 = DIRECTION('',(0.,0.,1.));
#6528 = DEFINITIONAL_REPRESENTATION('',(#6529),#6533);
#6529 = CIRCLE('',#6530,3.4);
#6530 = AXIS2_PLACEMENT_2D('',#6531,#6532);
#6531 = CARTESIAN_POINT('',(8.,-2.5));
#6532 = DIRECTION('',(-0.677748154224,0.735294117647));
#6533 = ( GEOMETRIC_REPRESENTATION_CONTEXT(2) 
PARAMETRIC_REPRESENTATION_CONTEXT() REPRESENTATION_CONTEXT('2D SPACE',''
  ) );
#6534 = ORIENTED_EDGE('',*,*,#6535,.T.);
#6535 = EDGE_CURVE('',#6507,#6357,#6536,.T.);
#6536 = SURFACE_CURVE('',#6537,(#6541,#6547),.PCURVE_S1.);
#6537 = LINE('',#6538,#6539);
#6538 = CARTESIAN_POINT('',(-147.5,-139.9999999999,28.695656275633));
#6539 = VECTOR('',#6540,1.);
#6540 = DIRECTION('',(1.,0.,2.22044604925E-16));
#6541 = PCURVE('',#1993,#6542);
#6542 = DEFINITIONAL_REPRESENTATION('',(#6543),#6546);
#6543 = B_SPLINE_CURVE_WITH_KNOTS('',1,(#6544,#6545),.UNSPECIFIED.,.F.,
  .F.,(2,2),(26.,28.),.PIECEWISE_BEZIER_KNOTS.);
#6544 = CARTESIAN_POINT('',(5.457084765255,26.));
#6545 = CARTESIAN_POINT('',(5.457084765255,28.));
#6546 = ( GEOMETRIC_REPRESENTATION_CONTEXT(2) 
PARAMETRIC_REPRESENTATION_CONTEXT() REPRESENTATION_CONTEXT('2D SPACE',''
  ) );
#6547 = PCURVE('',#1738,#6548);
#6548 = DEFINITIONAL_REPRESENTATION('',(#6549),#6552);
#6549 = B_SPLINE_CURVE_WITH_KNOTS('',1,(#6550,#6551),.UNSPECIFIED.,.F.,
  .F.,(2,2),(-5.999999928008E-07,28.0000006),.PIECEWISE_BEZIER_KNOTS.);
#6550 = CARTESIAN_POINT('',(9.9999994,-21.49565627563));
#6551 = CARTESIAN_POINT('',(38.0000006,-21.49565627563));
#6552 = ( GEOMETRIC_REPRESENTATION_CONTEXT(2) 
PARAMETRIC_REPRESENTATION_CONTEXT() REPRESENTATION_CONTEXT('2D SPACE',''
  ) );
#6553 = ADVANCED_FACE('',(#6554),#6523,.T.);
#6554 = FACE_BOUND('',#6555,.T.);
#6555 = EDGE_LOOP('',(#6556,#6579,#6607,#6628));
#6556 = ORIENTED_EDGE('',*,*,#6557,.F.);
#6557 = EDGE_CURVE('',#6558,#6507,#6560,.T.);
#6558 = VERTEX_POINT('',#6559);
#6559 = CARTESIAN_POINT('',(-121.5,-140.,23.));
#6560 = SURFACE_CURVE('',#6561,(#6565,#6572),.PCURVE_S1.);
#6561 = LINE('',#6562,#6563);
#6562 = CARTESIAN_POINT('',(-121.5,-140.,23.));
#6563 = VECTOR('',#6564,1.);
#6564 = DIRECTION('',(0.,0.,1.));
#6565 = PCURVE('',#6523,#6566);
#6566 = DEFINITIONAL_REPRESENTATION('',(#6567),#6571);
#6567 = LINE('',#6568,#6569);
#6568 = CARTESIAN_POINT('',(0.,0.));
#6569 = VECTOR('',#6570,1.);
#6570 = DIRECTION('',(1.,0.));
#6571 = ( GEOMETRIC_REPRESENTATION_CONTEXT(2) 
PARAMETRIC_REPRESENTATION_CONTEXT() REPRESENTATION_CONTEXT('2D SPACE',''
  ) );
#6572 = PCURVE('',#1738,#6573);
#6573 = DEFINITIONAL_REPRESENTATION('',(#6574),#6578);
#6574 = LINE('',#6575,#6576);
#6575 = CARTESIAN_POINT('',(36.,-15.8));
#6576 = VECTOR('',#6577,1.);
#6577 = DIRECTION('',(0.,-1.));
#6578 = ( GEOMETRIC_REPRESENTATION_CONTEXT(2) 
PARAMETRIC_REPRESENTATION_CONTEXT() REPRESENTATION_CONTEXT('2D SPACE',''
  ) );
#6579 = ORIENTED_EDGE('',*,*,#6580,.T.);
#6580 = EDGE_CURVE('',#6558,#6581,#6583,.T.);
#6581 = VERTEX_POINT('',#6582);
#6582 = CARTESIAN_POINT('',(-121.5,-135.,23.));
#6583 = SURFACE_CURVE('',#6584,(#6588,#6595),.PCURVE_S1.);
#6584 = LINE('',#6585,#6586);
#6585 = CARTESIAN_POINT('',(-121.5,-140.,23.));
#6586 = VECTOR('',#6587,1.);
#6587 = DIRECTION('',(-0.,1.,0.));
#6588 = PCURVE('',#6523,#6589);
#6589 = DEFINITIONAL_REPRESENTATION('',(#6590),#6594);
#6590 = LINE('',#6591,#6592);
#6591 = CARTESIAN_POINT('',(0.,0.));
#6592 = VECTOR('',#6593,1.);
#6593 = DIRECTION('',(0.,-1.));
#6594 = ( GEOMETRIC_REPRESENTATION_CONTEXT(2) 
PARAMETRIC_REPRESENTATION_CONTEXT() REPRESENTATION_CONTEXT('2D SPACE',''
  ) );
#6595 = PCURVE('',#6596,#6601);
#6596 = PLANE('',#6597);
#6597 = AXIS2_PLACEMENT_3D('',#6598,#6599,#6600);
#6598 = CARTESIAN_POINT('',(-145.5,-140.,23.));
#6599 = DIRECTION('',(0.,0.,1.));
#6600 = DIRECTION('',(1.,0.,-0.));
#6601 = DEFINITIONAL_REPRESENTATION('',(#6602),#6606);
#6602 = LINE('',#6603,#6604);
#6603 = CARTESIAN_POINT('',(24.,0.));
#6604 = VECTOR('',#6605,1.);
#6605 = DIRECTION('',(0.,1.));
#6606 = ( GEOMETRIC_REPRESENTATION_CONTEXT(2) 
PARAMETRIC_REPRESENTATION_CONTEXT() REPRESENTATION_CONTEXT('2D SPACE',''
  ) );
#6607 = ORIENTED_EDGE('',*,*,#6608,.T.);
#6608 = EDGE_CURVE('',#6581,#6481,#6609,.T.);
#6609 = SURFACE_CURVE('',#6610,(#6614,#6621),.PCURVE_S1.);
#6610 = LINE('',#6611,#6612);
#6611 = CARTESIAN_POINT('',(-121.5,-135.,23.));
#6612 = VECTOR('',#6613,1.);
#6613 = DIRECTION('',(0.,0.,1.));
#6614 = PCURVE('',#6523,#6615);
#6615 = DEFINITIONAL_REPRESENTATION('',(#6616),#6620);
#6616 = LINE('',#6617,#6618);
#6617 = CARTESIAN_POINT('',(0.,-5.));
#6618 = VECTOR('',#6619,1.);
#6619 = DIRECTION('',(1.,0.));
#6620 = ( GEOMETRIC_REPRESENTATION_CONTEXT(2) 
PARAMETRIC_REPRESENTATION_CONTEXT() REPRESENTATION_CONTEXT('2D SPACE',''
  ) );
#6621 = PCURVE('',#6495,#6622);
#6622 = DEFINITIONAL_REPRESENTATION('',(#6623),#6627);
#6623 = LINE('',#6624,#6625);
#6624 = CARTESIAN_POINT('',(0.,24.));
#6625 = VECTOR('',#6626,1.);
#6626 = DIRECTION('',(1.,0.));
#6627 = ( GEOMETRIC_REPRESENTATION_CONTEXT(2) 
PARAMETRIC_REPRESENTATION_CONTEXT() REPRESENTATION_CONTEXT('2D SPACE',''
  ) );
#6628 = ORIENTED_EDGE('',*,*,#6506,.F.);
#6629 = ADVANCED_FACE('',(#6630),#6596,.F.);
#6630 = FACE_BOUND('',#6631,.F.);
#6631 = EDGE_LOOP('',(#6632,#6657,#6678,#6679));
#6632 = ORIENTED_EDGE('',*,*,#6633,.F.);
#6633 = EDGE_CURVE('',#6634,#6636,#6638,.T.);
#6634 = VERTEX_POINT('',#6635);
#6635 = CARTESIAN_POINT('',(-145.5,-140.,23.));
#6636 = VERTEX_POINT('',#6637);
#6637 = CARTESIAN_POINT('',(-145.5,-135.,23.));
#6638 = SURFACE_CURVE('',#6639,(#6643,#6650),.PCURVE_S1.);
#6639 = LINE('',#6640,#6641);
#6640 = CARTESIAN_POINT('',(-145.5,-140.,23.));
#6641 = VECTOR('',#6642,1.);
#6642 = DIRECTION('',(-0.,1.,0.));
#6643 = PCURVE('',#6596,#6644);
#6644 = DEFINITIONAL_REPRESENTATION('',(#6645),#6649);
#6645 = LINE('',#6646,#6647);
#6646 = CARTESIAN_POINT('',(0.,0.));
#6647 = VECTOR('',#6648,1.);
#6648 = DIRECTION('',(0.,1.));
#6649 = ( GEOMETRIC_REPRESENTATION_CONTEXT(2) 
PARAMETRIC_REPRESENTATION_CONTEXT() REPRESENTATION_CONTEXT('2D SPACE',''
  ) );
#6650 = PCURVE('',#6464,#6651);
#6651 = DEFINITIONAL_REPRESENTATION('',(#6652),#6656);
#6652 = LINE('',#6653,#6654);
#6653 = CARTESIAN_POINT('',(0.,0.));
#6654 = VECTOR('',#6655,1.);
#6655 = DIRECTION('',(0.,-1.));
#6656 = ( GEOMETRIC_REPRESENTATION_CONTEXT(2) 
PARAMETRIC_REPRESENTATION_CONTEXT() REPRESENTATION_CONTEXT('2D SPACE',''
  ) );
#6657 = ORIENTED_EDGE('',*,*,#6658,.T.);
#6658 = EDGE_CURVE('',#6634,#6558,#6659,.T.);
#6659 = SURFACE_CURVE('',#6660,(#6664,#6671),.PCURVE_S1.);
#6660 = LINE('',#6661,#6662);
#6661 = CARTESIAN_POINT('',(-145.5,-140.,23.));
#6662 = VECTOR('',#6663,1.);
#6663 = DIRECTION('',(1.,0.,-0.));
#6664 = PCURVE('',#6596,#6665);
#6665 = DEFINITIONAL_REPRESENTATION('',(#6666),#6670);
#6666 = LINE('',#6667,#6668);
#6667 = CARTESIAN_POINT('',(0.,0.));
#6668 = VECTOR('',#6669,1.);
#6669 = DIRECTION('',(1.,0.));
#6670 = ( GEOMETRIC_REPRESENTATION_CONTEXT(2) 
PARAMETRIC_REPRESENTATION_CONTEXT() REPRESENTATION_CONTEXT('2D SPACE',''
  ) );
#6671 = PCURVE('',#1738,#6672);
#6672 = DEFINITIONAL_REPRESENTATION('',(#6673),#6677);
#6673 = LINE('',#6674,#6675);
#6674 = CARTESIAN_POINT('',(12.,-15.8));
#6675 = VECTOR('',#6676,1.);
#6676 = DIRECTION('',(1.,0.));
#6677 = ( GEOMETRIC_REPRESENTATION_CONTEXT(2) 
PARAMETRIC_REPRESENTATION_CONTEXT() REPRESENTATION_CONTEXT('2D SPACE',''
  ) );
#6678 = ORIENTED_EDGE('',*,*,#6580,.T.);
#6679 = ORIENTED_EDGE('',*,*,#6680,.F.);
#6680 = EDGE_CURVE('',#6636,#6581,#6681,.T.);
#6681 = SURFACE_CURVE('',#6682,(#6686,#6693),.PCURVE_S1.);
#6682 = LINE('',#6683,#6684);
#6683 = CARTESIAN_POINT('',(-145.5,-135.,23.));
#6684 = VECTOR('',#6685,1.);
#6685 = DIRECTION('',(1.,0.,-0.));
#6686 = PCURVE('',#6596,#6687);
#6687 = DEFINITIONAL_REPRESENTATION('',(#6688),#6692);
#6688 = LINE('',#6689,#6690);
#6689 = CARTESIAN_POINT('',(0.,5.));
#6690 = VECTOR('',#6691,1.);
#6691 = DIRECTION('',(1.,0.));
#6692 = ( GEOMETRIC_REPRESENTATION_CONTEXT(2) 
PARAMETRIC_REPRESENTATION_CONTEXT() REPRESENTATION_CONTEXT('2D SPACE',''
  ) );
#6693 = PCURVE('',#6495,#6694);
#6694 = DEFINITIONAL_REPRESENTATION('',(#6695),#6699);
#6695 = LINE('',#6696,#6697);
#6696 = CARTESIAN_POINT('',(0.,0.));
#6697 = VECTOR('',#6698,1.);
#6698 = DIRECTION('',(0.,1.));
#6699 = ( GEOMETRIC_REPRESENTATION_CONTEXT(2) 
PARAMETRIC_REPRESENTATION_CONTEXT() REPRESENTATION_CONTEXT('2D SPACE',''
  ) );
#6700 = ADVANCED_FACE('',(#6701),#6495,.T.);
#6701 = FACE_BOUND('',#6702,.T.);
#6702 = EDGE_LOOP('',(#6703,#6704,#6705,#6726));
#6703 = ORIENTED_EDGE('',*,*,#6608,.F.);
#6704 = ORIENTED_EDGE('',*,*,#6680,.F.);
#6705 = ORIENTED_EDGE('',*,*,#6706,.T.);
#6706 = EDGE_CURVE('',#6636,#6448,#6707,.T.);
#6707 = SURFACE_CURVE('',#6708,(#6712,#6719),.PCURVE_S1.);
#6708 = LINE('',#6709,#6710);
#6709 = CARTESIAN_POINT('',(-145.5,-135.,23.));
#6710 = VECTOR('',#6711,1.);
#6711 = DIRECTION('',(0.,0.,1.));
#6712 = PCURVE('',#6495,#6713);
#6713 = DEFINITIONAL_REPRESENTATION('',(#6714),#6718);
#6714 = LINE('',#6715,#6716);
#6715 = CARTESIAN_POINT('',(0.,0.));
#6716 = VECTOR('',#6717,1.);
#6717 = DIRECTION('',(1.,0.));
#6718 = ( GEOMETRIC_REPRESENTATION_CONTEXT(2) 
PARAMETRIC_REPRESENTATION_CONTEXT() REPRESENTATION_CONTEXT('2D SPACE',''
  ) );
#6719 = PCURVE('',#6464,#6720);
#6720 = DEFINITIONAL_REPRESENTATION('',(#6721),#6725);
#6721 = LINE('',#6722,#6723);
#6722 = CARTESIAN_POINT('',(0.,-5.));
#6723 = VECTOR('',#6724,1.);
#6724 = DIRECTION('',(1.,0.));
#6725 = ( GEOMETRIC_REPRESENTATION_CONTEXT(2) 
PARAMETRIC_REPRESENTATION_CONTEXT() REPRESENTATION_CONTEXT('2D SPACE',''
  ) );
#6726 = ORIENTED_EDGE('',*,*,#6480,.T.);
#6727 = ADVANCED_FACE('',(#6728),#6464,.F.);
#6728 = FACE_BOUND('',#6729,.F.);
#6729 = EDGE_LOOP('',(#6730,#6751,#6752,#6753));
#6730 = ORIENTED_EDGE('',*,*,#6731,.F.);
#6731 = EDGE_CURVE('',#6634,#6427,#6732,.T.);
#6732 = SURFACE_CURVE('',#6733,(#6737,#6744),.PCURVE_S1.);
#6733 = LINE('',#6734,#6735);
#6734 = CARTESIAN_POINT('',(-145.5,-140.,23.));
#6735 = VECTOR('',#6736,1.);
#6736 = DIRECTION('',(0.,0.,1.));
#6737 = PCURVE('',#6464,#6738);
#6738 = DEFINITIONAL_REPRESENTATION('',(#6739),#6743);
#6739 = LINE('',#6740,#6741);
#6740 = CARTESIAN_POINT('',(0.,0.));
#6741 = VECTOR('',#6742,1.);
#6742 = DIRECTION('',(1.,0.));
#6743 = ( GEOMETRIC_REPRESENTATION_CONTEXT(2) 
PARAMETRIC_REPRESENTATION_CONTEXT() REPRESENTATION_CONTEXT('2D SPACE',''
  ) );
#6744 = PCURVE('',#1738,#6745);
#6745 = DEFINITIONAL_REPRESENTATION('',(#6746),#6750);
#6746 = LINE('',#6747,#6748);
#6747 = CARTESIAN_POINT('',(12.,-15.8));
#6748 = VECTOR('',#6749,1.);
#6749 = DIRECTION('',(0.,-1.));
#6750 = ( GEOMETRIC_REPRESENTATION_CONTEXT(2) 
PARAMETRIC_REPRESENTATION_CONTEXT() REPRESENTATION_CONTEXT('2D SPACE',''
  ) );
#6751 = ORIENTED_EDGE('',*,*,#6633,.T.);
#6752 = ORIENTED_EDGE('',*,*,#6706,.T.);
#6753 = ORIENTED_EDGE('',*,*,#6447,.T.);
#6754 = ADVANCED_FACE('',(#6755),#2019,.T.);
#6755 = FACE_BOUND('',#6756,.T.);
#6756 = EDGE_LOOP('',(#6757,#6758,#6759));
#6757 = ORIENTED_EDGE('',*,*,#2004,.F.);
#6758 = ORIENTED_EDGE('',*,*,#6403,.T.);
#6759 = ORIENTED_EDGE('',*,*,#6760,.F.);
#6760 = EDGE_CURVE('',#2005,#6404,#6761,.T.);
#6761 = SURFACE_CURVE('',#6762,(#6766,#6772),.PCURVE_S1.);
#6762 = LINE('',#6763,#6764);
#6763 = CARTESIAN_POINT('',(-147.5,-139.9999999999,19.1));
#6764 = VECTOR('',#6765,1.);
#6765 = DIRECTION('',(2.22044604925E-16,0.,-1.));
#6766 = PCURVE('',#2019,#6767);
#6767 = DEFINITIONAL_REPRESENTATION('',(#6768),#6771);
#6768 = B_SPLINE_CURVE_WITH_KNOTS('',1,(#6769,#6770),.UNSPECIFIED.,.F.,
  .F.,(2,2),(-10.9,-8.5),.PIECEWISE_BEZIER_KNOTS.);
#6769 = CARTESIAN_POINT('',(1.,-2.499999999994));
#6770 = CARTESIAN_POINT('',(3.4,-2.499999999994));
#6771 = ( GEOMETRIC_REPRESENTATION_CONTEXT(2) 
PARAMETRIC_REPRESENTATION_CONTEXT() REPRESENTATION_CONTEXT('2D SPACE',''
  ) );
#6772 = PCURVE('',#1738,#6773);
#6773 = DEFINITIONAL_REPRESENTATION('',(#6774),#6777);
#6774 = B_SPLINE_CURVE_WITH_KNOTS('',1,(#6775,#6776),.UNSPECIFIED.,.F.,
  .F.,(2,2),(-10.9,-8.5),.PIECEWISE_BEZIER_KNOTS.);
#6775 = CARTESIAN_POINT('',(10.,-22.8));
#6776 = CARTESIAN_POINT('',(10.,-20.4));
#6777 = ( GEOMETRIC_REPRESENTATION_CONTEXT(2) 
PARAMETRIC_REPRESENTATION_CONTEXT() REPRESENTATION_CONTEXT('2D SPACE',''
  ) );
#6778 = ADVANCED_FACE('',(#6779),#1738,.T.);
#6779 = FACE_BOUND('',#6780,.T.);
#6780 = EDGE_LOOP('',(#6781,#6782,#6803,#6804,#6805,#6806,#6807,#6808,
    #6809,#6810,#6811,#6812,#6813,#6814,#6815,#6816,#6817,#6818,#6819,
    #6820,#6821,#6822,#6823,#6824,#6825,#6826,#6827,#6828));
#6781 = ORIENTED_EDGE('',*,*,#3037,.F.);
#6782 = ORIENTED_EDGE('',*,*,#6783,.T.);
#6783 = EDGE_CURVE('',#3014,#816,#6784,.T.);
#6784 = SURFACE_CURVE('',#6785,(#6789,#6796),.PCURVE_S1.);
#6785 = LINE('',#6786,#6787);
#6786 = CARTESIAN_POINT('',(-157.5,-140.,7.2));
#6787 = VECTOR('',#6788,1.);
#6788 = DIRECTION('',(0.,0.,1.));
#6789 = PCURVE('',#1738,#6790);
#6790 = DEFINITIONAL_REPRESENTATION('',(#6791),#6795);
#6791 = LINE('',#6792,#6793);
#6792 = CARTESIAN_POINT('',(0.,0.));
#6793 = VECTOR('',#6794,1.);
#6794 = DIRECTION('',(0.,-1.));
#6795 = ( GEOMETRIC_REPRESENTATION_CONTEXT(2) 
PARAMETRIC_REPRESENTATION_CONTEXT() REPRESENTATION_CONTEXT('2D SPACE',''
  ) );
#6796 = PCURVE('',#832,#6797);
#6797 = DEFINITIONAL_REPRESENTATION('',(#6798),#6802);
#6798 = LINE('',#6799,#6800);
#6799 = CARTESIAN_POINT('',(-4.712388980385,0.));
#6800 = VECTOR('',#6801,1.);
#6801 = DIRECTION('',(-0.,-1.));
#6802 = ( GEOMETRIC_REPRESENTATION_CONTEXT(2) 
PARAMETRIC_REPRESENTATION_CONTEXT() REPRESENTATION_CONTEXT('2D SPACE',''
  ) );
#6803 = ORIENTED_EDGE('',*,*,#2030,.T.);
#6804 = ORIENTED_EDGE('',*,*,#6760,.T.);
#6805 = ORIENTED_EDGE('',*,*,#6426,.T.);
#6806 = ORIENTED_EDGE('',*,*,#6731,.F.);
#6807 = ORIENTED_EDGE('',*,*,#6658,.T.);
#6808 = ORIENTED_EDGE('',*,*,#6557,.T.);
#6809 = ORIENTED_EDGE('',*,*,#6535,.T.);
#6810 = ORIENTED_EDGE('',*,*,#6379,.F.);
#6811 = ORIENTED_EDGE('',*,*,#1929,.T.);
#6812 = ORIENTED_EDGE('',*,*,#6333,.T.);
#6813 = ORIENTED_EDGE('',*,*,#5999,.T.);
#6814 = ORIENTED_EDGE('',*,*,#6304,.F.);
#6815 = ORIENTED_EDGE('',*,*,#6231,.T.);
#6816 = ORIENTED_EDGE('',*,*,#6130,.T.);
#6817 = ORIENTED_EDGE('',*,*,#6108,.T.);
#6818 = ORIENTED_EDGE('',*,*,#5952,.F.);
#6819 = ORIENTED_EDGE('',*,*,#1828,.T.);
#6820 = ORIENTED_EDGE('',*,*,#5906,.T.);
#6821 = ORIENTED_EDGE('',*,*,#5572,.T.);
#6822 = ORIENTED_EDGE('',*,*,#5877,.F.);
#6823 = ORIENTED_EDGE('',*,*,#5804,.T.);
#6824 = ORIENTED_EDGE('',*,*,#5703,.T.);
#6825 = ORIENTED_EDGE('',*,*,#5681,.T.);
#6826 = ORIENTED_EDGE('',*,*,#5525,.F.);
#6827 = ORIENTED_EDGE('',*,*,#1722,.T.);
#6828 = ORIENTED_EDGE('',*,*,#5475,.F.);
#6829 = ADVANCED_FACE('',(#6830),#832,.F.);
#6830 = FACE_BOUND('',#6831,.T.);
#6831 = EDGE_LOOP('',(#6832,#6833,#6834,#6835));
#6832 = ORIENTED_EDGE('',*,*,#3013,.F.);
#6833 = ORIENTED_EDGE('',*,*,#2950,.T.);
#6834 = ORIENTED_EDGE('',*,*,#813,.T.);
#6835 = ORIENTED_EDGE('',*,*,#6783,.F.);
#6836 = ADVANCED_FACE('',(#6837),#408,.F.);
#6837 = FACE_BOUND('',#6838,.F.);
#6838 = EDGE_LOOP('',(#6839,#6840,#6841,#6842));
#6839 = ORIENTED_EDGE('',*,*,#789,.F.);
#6840 = ORIENTED_EDGE('',*,*,#602,.T.);
#6841 = ORIENTED_EDGE('',*,*,#393,.F.);
#6842 = ORIENTED_EDGE('',*,*,#6843,.F.);
#6843 = EDGE_CURVE('',#766,#394,#6844,.T.);
#6844 = SURFACE_CURVE('',#6845,(#6849,#6856),.PCURVE_S1.);
#6845 = LINE('',#6846,#6847);
#6846 = CARTESIAN_POINT('',(157.5,141.29999998273,30.));
#6847 = VECTOR('',#6848,1.);
#6848 = DIRECTION('',(0.,0.,1.));
#6849 = PCURVE('',#408,#6850);
#6850 = DEFINITIONAL_REPRESENTATION('',(#6851),#6855);
#6851 = LINE('',#6852,#6853);
#6852 = CARTESIAN_POINT('',(315.,0.));
#6853 = VECTOR('',#6854,1.);
#6854 = DIRECTION('',(0.,-1.));
#6855 = ( GEOMETRIC_REPRESENTATION_CONTEXT(2) 
PARAMETRIC_REPRESENTATION_CONTEXT() REPRESENTATION_CONTEXT('2D SPACE',''
  ) );
#6856 = PCURVE('',#440,#6857);
#6857 = DEFINITIONAL_REPRESENTATION('',(#6858),#6862);
#6858 = LINE('',#6859,#6860);
#6859 = CARTESIAN_POINT('',(-1.570796326795,0.));
#6860 = VECTOR('',#6861,1.);
#6861 = DIRECTION('',(-0.,-1.));
#6862 = ( GEOMETRIC_REPRESENTATION_CONTEXT(2) 
PARAMETRIC_REPRESENTATION_CONTEXT() REPRESENTATION_CONTEXT('2D SPACE',''
  ) );
#6863 = ADVANCED_FACE('',(#6864),#440,.F.);
#6864 = FACE_BOUND('',#6865,.T.);
#6865 = EDGE_LOOP('',(#6866,#6867,#6888,#6889));
#6866 = ORIENTED_EDGE('',*,*,#765,.F.);
#6867 = ORIENTED_EDGE('',*,*,#6868,.T.);
#6868 = EDGE_CURVE('',#743,#420,#6869,.T.);
#6869 = SURFACE_CURVE('',#6870,(#6874,#6881),.PCURVE_S1.);
#6870 = LINE('',#6871,#6872);
#6871 = CARTESIAN_POINT('',(171.3,127.49999996545,30.));
#6872 = VECTOR('',#6873,1.);
#6873 = DIRECTION('',(0.,0.,1.));
#6874 = PCURVE('',#440,#6875);
#6875 = DEFINITIONAL_REPRESENTATION('',(#6876),#6880);
#6876 = LINE('',#6877,#6878);
#6877 = CARTESIAN_POINT('',(-0.,0.));
#6878 = VECTOR('',#6879,1.);
#6879 = DIRECTION('',(-0.,-1.));
#6880 = ( GEOMETRIC_REPRESENTATION_CONTEXT(2) 
PARAMETRIC_REPRESENTATION_CONTEXT() REPRESENTATION_CONTEXT('2D SPACE',''
  ) );
#6881 = PCURVE('',#467,#6882);
#6882 = DEFINITIONAL_REPRESENTATION('',(#6883),#6887);
#6883 = LINE('',#6884,#6885);
#6884 = CARTESIAN_POINT('',(254.99999996546,0.));
#6885 = VECTOR('',#6886,1.);
#6886 = DIRECTION('',(0.,-1.));
#6887 = ( GEOMETRIC_REPRESENTATION_CONTEXT(2) 
PARAMETRIC_REPRESENTATION_CONTEXT() REPRESENTATION_CONTEXT('2D SPACE',''
  ) );
#6888 = ORIENTED_EDGE('',*,*,#419,.F.);
#6889 = ORIENTED_EDGE('',*,*,#6843,.F.);
#6890 = ADVANCED_FACE('',(#6891),#467,.T.);
#6891 = FACE_BOUND('',#6892,.T.);
#6892 = EDGE_LOOP('',(#6893,#6894,#6915,#6916));
#6893 = ORIENTED_EDGE('',*,*,#742,.F.);
#6894 = ORIENTED_EDGE('',*,*,#6895,.T.);
#6895 = EDGE_CURVE('',#719,#453,#6896,.T.);
#6896 = SURFACE_CURVE('',#6897,(#6901,#6908),.PCURVE_S1.);
#6897 = LINE('',#6898,#6899);
#6898 = CARTESIAN_POINT('',(171.3,-127.5,30.));
#6899 = VECTOR('',#6900,1.);
#6900 = DIRECTION('',(0.,0.,1.));
#6901 = PCURVE('',#467,#6902);
#6902 = DEFINITIONAL_REPRESENTATION('',(#6903),#6907);
#6903 = LINE('',#6904,#6905);
#6904 = CARTESIAN_POINT('',(0.,0.));
#6905 = VECTOR('',#6906,1.);
#6906 = DIRECTION('',(0.,-1.));
#6907 = ( GEOMETRIC_REPRESENTATION_CONTEXT(2) 
PARAMETRIC_REPRESENTATION_CONTEXT() REPRESENTATION_CONTEXT('2D SPACE',''
  ) );
#6908 = PCURVE('',#499,#6909);
#6909 = DEFINITIONAL_REPRESENTATION('',(#6910),#6914);
#6910 = LINE('',#6911,#6912);
#6911 = CARTESIAN_POINT('',(-6.28318530718,0.));
#6912 = VECTOR('',#6913,1.);
#6913 = DIRECTION('',(-0.,-1.));
#6914 = ( GEOMETRIC_REPRESENTATION_CONTEXT(2) 
PARAMETRIC_REPRESENTATION_CONTEXT() REPRESENTATION_CONTEXT('2D SPACE',''
  ) );
#6915 = ORIENTED_EDGE('',*,*,#452,.F.);
#6916 = ORIENTED_EDGE('',*,*,#6868,.F.);
#6917 = ADVANCED_FACE('',(#6918),#499,.F.);
#6918 = FACE_BOUND('',#6919,.T.);
#6919 = EDGE_LOOP('',(#6920,#6921,#6942,#6943));
#6920 = ORIENTED_EDGE('',*,*,#718,.F.);
#6921 = ORIENTED_EDGE('',*,*,#6922,.T.);
#6922 = EDGE_CURVE('',#696,#479,#6923,.T.);
#6923 = SURFACE_CURVE('',#6924,(#6928,#6935),.PCURVE_S1.);
#6924 = LINE('',#6925,#6926);
#6925 = CARTESIAN_POINT('',(157.5,-141.3,30.));
#6926 = VECTOR('',#6927,1.);
#6927 = DIRECTION('',(0.,0.,1.));
#6928 = PCURVE('',#499,#6929);
#6929 = DEFINITIONAL_REPRESENTATION('',(#6930),#6934);
#6930 = LINE('',#6931,#6932);
#6931 = CARTESIAN_POINT('',(-4.712388980385,0.));
#6932 = VECTOR('',#6933,1.);
#6933 = DIRECTION('',(-0.,-1.));
#6934 = ( GEOMETRIC_REPRESENTATION_CONTEXT(2) 
PARAMETRIC_REPRESENTATION_CONTEXT() REPRESENTATION_CONTEXT('2D SPACE',''
  ) );
#6935 = PCURVE('',#526,#6936);
#6936 = DEFINITIONAL_REPRESENTATION('',(#6937),#6941);
#6937 = LINE('',#6938,#6939);
#6938 = CARTESIAN_POINT('',(315.,0.));
#6939 = VECTOR('',#6940,1.);
#6940 = DIRECTION('',(0.,-1.));
#6941 = ( GEOMETRIC_REPRESENTATION_CONTEXT(2) 
PARAMETRIC_REPRESENTATION_CONTEXT() REPRESENTATION_CONTEXT('2D SPACE',''
  ) );
#6942 = ORIENTED_EDGE('',*,*,#478,.F.);
#6943 = ORIENTED_EDGE('',*,*,#6895,.F.);
#6944 = ADVANCED_FACE('',(#6945),#526,.T.);
#6945 = FACE_BOUND('',#6946,.T.);
#6946 = EDGE_LOOP('',(#6947,#6948,#6969,#6970));
#6947 = ORIENTED_EDGE('',*,*,#695,.F.);
#6948 = ORIENTED_EDGE('',*,*,#6949,.T.);
#6949 = EDGE_CURVE('',#672,#512,#6950,.T.);
#6950 = SURFACE_CURVE('',#6951,(#6955,#6962),.PCURVE_S1.);
#6951 = LINE('',#6952,#6953);
#6952 = CARTESIAN_POINT('',(-157.5,-141.3,30.));
#6953 = VECTOR('',#6954,1.);
#6954 = DIRECTION('',(0.,0.,1.));
#6955 = PCURVE('',#526,#6956);
#6956 = DEFINITIONAL_REPRESENTATION('',(#6957),#6961);
#6957 = LINE('',#6958,#6959);
#6958 = CARTESIAN_POINT('',(0.,0.));
#6959 = VECTOR('',#6960,1.);
#6960 = DIRECTION('',(0.,-1.));
#6961 = ( GEOMETRIC_REPRESENTATION_CONTEXT(2) 
PARAMETRIC_REPRESENTATION_CONTEXT() REPRESENTATION_CONTEXT('2D SPACE',''
  ) );
#6962 = PCURVE('',#556,#6963);
#6963 = DEFINITIONAL_REPRESENTATION('',(#6964),#6968);
#6964 = LINE('',#6965,#6966);
#6965 = CARTESIAN_POINT('',(-4.712388980385,0.));
#6966 = VECTOR('',#6967,1.);
#6967 = DIRECTION('',(-0.,-1.));
#6968 = ( GEOMETRIC_REPRESENTATION_CONTEXT(2) 
PARAMETRIC_REPRESENTATION_CONTEXT() REPRESENTATION_CONTEXT('2D SPACE',''
  ) );
#6969 = ORIENTED_EDGE('',*,*,#511,.F.);
#6970 = ORIENTED_EDGE('',*,*,#6922,.F.);
#6971 = ADVANCED_FACE('',(#6972),#556,.F.);
#6972 = FACE_BOUND('',#6973,.T.);
#6973 = EDGE_LOOP('',(#6974,#6975,#6996,#6997));
#6974 = ORIENTED_EDGE('',*,*,#671,.F.);
#6975 = ORIENTED_EDGE('',*,*,#6976,.T.);
#6976 = EDGE_CURVE('',#649,#335,#6977,.T.);
#6977 = SURFACE_CURVE('',#6978,(#6982,#6989),.PCURVE_S1.);
#6978 = LINE('',#6979,#6980);
#6979 = CARTESIAN_POINT('',(-171.3,-127.5,30.));
#6980 = VECTOR('',#6981,1.);
#6981 = DIRECTION('',(0.,0.,1.));
#6982 = PCURVE('',#556,#6983);
#6983 = DEFINITIONAL_REPRESENTATION('',(#6984),#6988);
#6984 = LINE('',#6985,#6986);
#6985 = CARTESIAN_POINT('',(-3.14159265359,0.));
#6986 = VECTOR('',#6987,1.);
#6987 = DIRECTION('',(-0.,-1.));
#6988 = ( GEOMETRIC_REPRESENTATION_CONTEXT(2) 
PARAMETRIC_REPRESENTATION_CONTEXT() REPRESENTATION_CONTEXT('2D SPACE',''
  ) );
#6989 = PCURVE('',#349,#6990);
#6990 = DEFINITIONAL_REPRESENTATION('',(#6991),#6995);
#6991 = LINE('',#6992,#6993);
#6992 = CARTESIAN_POINT('',(0.,0.));
#6993 = VECTOR('',#6994,1.);
#6994 = DIRECTION('',(0.,-1.));
#6995 = ( GEOMETRIC_REPRESENTATION_CONTEXT(2) 
PARAMETRIC_REPRESENTATION_CONTEXT() REPRESENTATION_CONTEXT('2D SPACE',''
  ) );
#6996 = ORIENTED_EDGE('',*,*,#537,.F.);
#6997 = ORIENTED_EDGE('',*,*,#6949,.F.);
#6998 = ADVANCED_FACE('',(#6999),#349,.F.);
#6999 = FACE_BOUND('',#7000,.F.);
#7000 = EDGE_LOOP('',(#7001,#7002,#7003,#7004));
#7001 = ORIENTED_EDGE('',*,*,#648,.F.);
#7002 = ORIENTED_EDGE('',*,*,#6976,.T.);
#7003 = ORIENTED_EDGE('',*,*,#332,.F.);
#7004 = ORIENTED_EDGE('',*,*,#624,.F.);
#7005 = ADVANCED_FACE('',(#7006),#239,.F.);
#7006 = FACE_BOUND('',#7007,.F.);
#7007 = EDGE_LOOP('',(#7008,#7031,#7032,#7055));
#7008 = ORIENTED_EDGE('',*,*,#7009,.T.);
#7009 = EDGE_CURVE('',#7010,#195,#7012,.T.);
#7010 = VERTEX_POINT('',#7011);
#7011 = CARTESIAN_POINT('',(172.5,-127.5,5.));
#7012 = SURFACE_CURVE('',#7013,(#7017,#7024),.PCURVE_S1.);
#7013 = LINE('',#7014,#7015);
#7014 = CARTESIAN_POINT('',(172.5,-127.5,5.));
#7015 = VECTOR('',#7016,1.);
#7016 = DIRECTION('',(0.,0.,1.));
#7017 = PCURVE('',#239,#7018);
#7018 = DEFINITIONAL_REPRESENTATION('',(#7019),#7023);
#7019 = LINE('',#7020,#7021);
#7020 = CARTESIAN_POINT('',(0.,0.));
#7021 = VECTOR('',#7022,1.);
#7022 = DIRECTION('',(0.,-1.));
#7023 = ( GEOMETRIC_REPRESENTATION_CONTEXT(2) 
PARAMETRIC_REPRESENTATION_CONTEXT() REPRESENTATION_CONTEXT('2D SPACE',''
  ) );
#7024 = PCURVE('',#211,#7025);
#7025 = DEFINITIONAL_REPRESENTATION('',(#7026),#7030);
#7026 = LINE('',#7027,#7028);
#7027 = CARTESIAN_POINT('',(-6.28318530718,0.));
#7028 = VECTOR('',#7029,1.);
#7029 = DIRECTION('',(-0.,-1.));
#7030 = ( GEOMETRIC_REPRESENTATION_CONTEXT(2) 
PARAMETRIC_REPRESENTATION_CONTEXT() REPRESENTATION_CONTEXT('2D SPACE',''
  ) );
#7031 = ORIENTED_EDGE('',*,*,#223,.T.);
#7032 = ORIENTED_EDGE('',*,*,#7033,.F.);
#7033 = EDGE_CURVE('',#7034,#224,#7036,.T.);
#7034 = VERTEX_POINT('',#7035);
#7035 = CARTESIAN_POINT('',(172.5,127.49999996731,5.));
#7036 = SURFACE_CURVE('',#7037,(#7041,#7048),.PCURVE_S1.);
#7037 = LINE('',#7038,#7039);
#7038 = CARTESIAN_POINT('',(172.5,127.49999996731,5.));
#7039 = VECTOR('',#7040,1.);
#7040 = DIRECTION('',(0.,0.,1.));
#7041 = PCURVE('',#239,#7042);
#7042 = DEFINITIONAL_REPRESENTATION('',(#7043),#7047);
#7043 = LINE('',#7044,#7045);
#7044 = CARTESIAN_POINT('',(254.99999996732,0.));
#7045 = VECTOR('',#7046,1.);
#7046 = DIRECTION('',(0.,-1.));
#7047 = ( GEOMETRIC_REPRESENTATION_CONTEXT(2) 
PARAMETRIC_REPRESENTATION_CONTEXT() REPRESENTATION_CONTEXT('2D SPACE',''
  ) );
#7048 = PCURVE('',#268,#7049);
#7049 = DEFINITIONAL_REPRESENTATION('',(#7050),#7054);
#7050 = LINE('',#7051,#7052);
#7051 = CARTESIAN_POINT('',(-0.,0.));
#7052 = VECTOR('',#7053,1.);
#7053 = DIRECTION('',(-0.,-1.));
#7054 = ( GEOMETRIC_REPRESENTATION_CONTEXT(2) 
PARAMETRIC_REPRESENTATION_CONTEXT() REPRESENTATION_CONTEXT('2D SPACE',''
  ) );
#7055 = ORIENTED_EDGE('',*,*,#7056,.F.);
#7056 = EDGE_CURVE('',#7010,#7034,#7057,.T.);
#7057 = SURFACE_CURVE('',#7058,(#7062,#7069),.PCURVE_S1.);
#7058 = LINE('',#7059,#7060);
#7059 = CARTESIAN_POINT('',(172.5,4.320099833421E-12,5.));
#7060 = VECTOR('',#7061,1.);
#7061 = DIRECTION('',(0.,1.,0.));
#7062 = PCURVE('',#239,#7063);
#7063 = DEFINITIONAL_REPRESENTATION('',(#7064),#7068);
#7064 = LINE('',#7065,#7066);
#7065 = CARTESIAN_POINT('',(127.5,0.));
#7066 = VECTOR('',#7067,1.);
#7067 = DIRECTION('',(1.,0.));
#7068 = ( GEOMETRIC_REPRESENTATION_CONTEXT(2) 
PARAMETRIC_REPRESENTATION_CONTEXT() REPRESENTATION_CONTEXT('2D SPACE',''
  ) );
#7069 = PCURVE('',#126,#7070);
#7070 = DEFINITIONAL_REPRESENTATION('',(#7071),#7075);
#7071 = LINE('',#7072,#7073);
#7072 = CARTESIAN_POINT('',(172.5,7.99623706777E-09));
#7073 = VECTOR('',#7074,1.);
#7074 = DIRECTION('',(0.,1.));
#7075 = ( GEOMETRIC_REPRESENTATION_CONTEXT(2) 
PARAMETRIC_REPRESENTATION_CONTEXT() REPRESENTATION_CONTEXT('2D SPACE',''
  ) );
#7076 = ADVANCED_FACE('',(#7077),#268,.T.);
#7077 = FACE_BOUND('',#7078,.F.);
#7078 = EDGE_LOOP('',(#7079,#7080,#7081,#7104));
#7079 = ORIENTED_EDGE('',*,*,#7033,.T.);
#7080 = ORIENTED_EDGE('',*,*,#251,.T.);
#7081 = ORIENTED_EDGE('',*,*,#7082,.F.);
#7082 = EDGE_CURVE('',#7083,#252,#7085,.T.);
#7083 = VERTEX_POINT('',#7084);
#7084 = CARTESIAN_POINT('',(157.5,142.49999998366,5.));
#7085 = SURFACE_CURVE('',#7086,(#7090,#7097),.PCURVE_S1.);
#7086 = LINE('',#7087,#7088);
#7087 = CARTESIAN_POINT('',(157.5,142.49999998366,5.));
#7088 = VECTOR('',#7089,1.);
#7089 = DIRECTION('',(0.,0.,1.));
#7090 = PCURVE('',#268,#7091);
#7091 = DEFINITIONAL_REPRESENTATION('',(#7092),#7096);
#7092 = LINE('',#7093,#7094);
#7093 = CARTESIAN_POINT('',(-1.570796326795,0.));
#7094 = VECTOR('',#7095,1.);
#7095 = DIRECTION('',(-0.,-1.));
#7096 = ( GEOMETRIC_REPRESENTATION_CONTEXT(2) 
PARAMETRIC_REPRESENTATION_CONTEXT() REPRESENTATION_CONTEXT('2D SPACE',''
  ) );
#7097 = PCURVE('',#296,#7098);
#7098 = DEFINITIONAL_REPRESENTATION('',(#7099),#7103);
#7099 = LINE('',#7100,#7101);
#7100 = CARTESIAN_POINT('',(315.,0.));
#7101 = VECTOR('',#7102,1.);
#7102 = DIRECTION('',(0.,-1.));
#7103 = ( GEOMETRIC_REPRESENTATION_CONTEXT(2) 
PARAMETRIC_REPRESENTATION_CONTEXT() REPRESENTATION_CONTEXT('2D SPACE',''
  ) );
#7104 = ORIENTED_EDGE('',*,*,#7105,.F.);
#7105 = EDGE_CURVE('',#7034,#7083,#7106,.T.);
#7106 = SURFACE_CURVE('',#7107,(#7112,#7119),.PCURVE_S1.);
#7107 = CIRCLE('',#7108,15.);
#7108 = AXIS2_PLACEMENT_3D('',#7109,#7110,#7111);
#7109 = CARTESIAN_POINT('',(157.5,127.49999996731,5.));
#7110 = DIRECTION('',(0.,0.,1.));
#7111 = DIRECTION('',(1.,0.,0.));
#7112 = PCURVE('',#268,#7113);
#7113 = DEFINITIONAL_REPRESENTATION('',(#7114),#7118);
#7114 = LINE('',#7115,#7116);
#7115 = CARTESIAN_POINT('',(-0.,0.));
#7116 = VECTOR('',#7117,1.);
#7117 = DIRECTION('',(-1.,0.));
#7118 = ( GEOMETRIC_REPRESENTATION_CONTEXT(2) 
PARAMETRIC_REPRESENTATION_CONTEXT() REPRESENTATION_CONTEXT('2D SPACE',''
  ) );
#7119 = PCURVE('',#126,#7120);
#7120 = DEFINITIONAL_REPRESENTATION('',(#7121),#7125);
#7121 = CIRCLE('',#7122,15.);
#7122 = AXIS2_PLACEMENT_2D('',#7123,#7124);
#7123 = CARTESIAN_POINT('',(157.5,127.4999999753));
#7124 = DIRECTION('',(1.,0.));
#7125 = ( GEOMETRIC_REPRESENTATION_CONTEXT(2) 
PARAMETRIC_REPRESENTATION_CONTEXT() REPRESENTATION_CONTEXT('2D SPACE',''
  ) );
#7126 = ADVANCED_FACE('',(#7127),#211,.T.);
#7127 = FACE_BOUND('',#7128,.F.);
#7128 = EDGE_LOOP('',(#7129,#7152,#7153,#7154));
#7129 = ORIENTED_EDGE('',*,*,#7130,.T.);
#7130 = EDGE_CURVE('',#7131,#167,#7133,.T.);
#7131 = VERTEX_POINT('',#7132);
#7132 = CARTESIAN_POINT('',(157.5,-142.5,5.));
#7133 = SURFACE_CURVE('',#7134,(#7138,#7145),.PCURVE_S1.);
#7134 = LINE('',#7135,#7136);
#7135 = CARTESIAN_POINT('',(157.5,-142.5,5.));
#7136 = VECTOR('',#7137,1.);
#7137 = DIRECTION('',(0.,0.,1.));
#7138 = PCURVE('',#211,#7139);
#7139 = DEFINITIONAL_REPRESENTATION('',(#7140),#7144);
#7140 = LINE('',#7141,#7142);
#7141 = CARTESIAN_POINT('',(-4.712388980385,0.));
#7142 = VECTOR('',#7143,1.);
#7143 = DIRECTION('',(-0.,-1.));
#7144 = ( GEOMETRIC_REPRESENTATION_CONTEXT(2) 
PARAMETRIC_REPRESENTATION_CONTEXT() REPRESENTATION_CONTEXT('2D SPACE',''
  ) );
#7145 = PCURVE('',#182,#7146);
#7146 = DEFINITIONAL_REPRESENTATION('',(#7147),#7151);
#7147 = LINE('',#7148,#7149);
#7148 = CARTESIAN_POINT('',(315.,0.));
#7149 = VECTOR('',#7150,1.);
#7150 = DIRECTION('',(0.,-1.));
#7151 = ( GEOMETRIC_REPRESENTATION_CONTEXT(2) 
PARAMETRIC_REPRESENTATION_CONTEXT() REPRESENTATION_CONTEXT('2D SPACE',''
  ) );
#7152 = ORIENTED_EDGE('',*,*,#194,.T.);
#7153 = ORIENTED_EDGE('',*,*,#7009,.F.);
#7154 = ORIENTED_EDGE('',*,*,#7155,.F.);
#7155 = EDGE_CURVE('',#7131,#7010,#7156,.T.);
#7156 = SURFACE_CURVE('',#7157,(#7162,#7169),.PCURVE_S1.);
#7157 = CIRCLE('',#7158,15.);
#7158 = AXIS2_PLACEMENT_3D('',#7159,#7160,#7161);
#7159 = CARTESIAN_POINT('',(157.5,-127.5,5.));
#7160 = DIRECTION('',(0.,0.,1.));
#7161 = DIRECTION('',(1.,0.,0.));
#7162 = PCURVE('',#211,#7163);
#7163 = DEFINITIONAL_REPRESENTATION('',(#7164),#7168);
#7164 = LINE('',#7165,#7166);
#7165 = CARTESIAN_POINT('',(-0.,0.));
#7166 = VECTOR('',#7167,1.);
#7167 = DIRECTION('',(-1.,0.));
#7168 = ( GEOMETRIC_REPRESENTATION_CONTEXT(2) 
PARAMETRIC_REPRESENTATION_CONTEXT() REPRESENTATION_CONTEXT('2D SPACE',''
  ) );
#7169 = PCURVE('',#126,#7170);
#7170 = DEFINITIONAL_REPRESENTATION('',(#7171),#7175);
#7171 = CIRCLE('',#7172,15.);
#7172 = AXIS2_PLACEMENT_2D('',#7173,#7174);
#7173 = CARTESIAN_POINT('',(157.5,-127.499999992));
#7174 = DIRECTION('',(1.,0.));
#7175 = ( GEOMETRIC_REPRESENTATION_CONTEXT(2) 
PARAMETRIC_REPRESENTATION_CONTEXT() REPRESENTATION_CONTEXT('2D SPACE',''
  ) );
#7176 = ADVANCED_FACE('',(#7177),#296,.T.);
#7177 = FACE_BOUND('',#7178,.T.);
#7178 = EDGE_LOOP('',(#7179,#7202,#7203,#7204));
#7179 = ORIENTED_EDGE('',*,*,#7180,.T.);
#7180 = EDGE_CURVE('',#7181,#281,#7183,.T.);
#7181 = VERTEX_POINT('',#7182);
#7182 = CARTESIAN_POINT('',(-157.5,142.49999998366,5.));
#7183 = SURFACE_CURVE('',#7184,(#7188,#7195),.PCURVE_S1.);
#7184 = LINE('',#7185,#7186);
#7185 = CARTESIAN_POINT('',(-157.5,142.49999998366,5.));
#7186 = VECTOR('',#7187,1.);
#7187 = DIRECTION('',(0.,0.,1.));
#7188 = PCURVE('',#296,#7189);
#7189 = DEFINITIONAL_REPRESENTATION('',(#7190),#7194);
#7190 = LINE('',#7191,#7192);
#7191 = CARTESIAN_POINT('',(0.,0.));
#7192 = VECTOR('',#7193,1.);
#7193 = DIRECTION('',(0.,-1.));
#7194 = ( GEOMETRIC_REPRESENTATION_CONTEXT(2) 
PARAMETRIC_REPRESENTATION_CONTEXT() REPRESENTATION_CONTEXT('2D SPACE',''
  ) );
#7195 = PCURVE('',#100,#7196);
#7196 = DEFINITIONAL_REPRESENTATION('',(#7197),#7201);
#7197 = LINE('',#7198,#7199);
#7198 = CARTESIAN_POINT('',(-1.570796326795,0.));
#7199 = VECTOR('',#7200,1.);
#7200 = DIRECTION('',(-0.,-1.));
#7201 = ( GEOMETRIC_REPRESENTATION_CONTEXT(2) 
PARAMETRIC_REPRESENTATION_CONTEXT() REPRESENTATION_CONTEXT('2D SPACE',''
  ) );
#7202 = ORIENTED_EDGE('',*,*,#280,.T.);
#7203 = ORIENTED_EDGE('',*,*,#7082,.F.);
#7204 = ORIENTED_EDGE('',*,*,#7205,.F.);
#7205 = EDGE_CURVE('',#7181,#7083,#7206,.T.);
#7206 = SURFACE_CURVE('',#7207,(#7211,#7218),.PCURVE_S1.);
#7207 = LINE('',#7208,#7209);
#7208 = CARTESIAN_POINT('',(0.,142.5,5.));
#7209 = VECTOR('',#7210,1.);
#7210 = DIRECTION('',(1.,0.,0.));
#7211 = PCURVE('',#296,#7212);
#7212 = DEFINITIONAL_REPRESENTATION('',(#7213),#7217);
#7213 = LINE('',#7214,#7215);
#7214 = CARTESIAN_POINT('',(157.5,0.));
#7215 = VECTOR('',#7216,1.);
#7216 = DIRECTION('',(1.,0.));
#7217 = ( GEOMETRIC_REPRESENTATION_CONTEXT(2) 
PARAMETRIC_REPRESENTATION_CONTEXT() REPRESENTATION_CONTEXT('2D SPACE',''
  ) );
#7218 = PCURVE('',#126,#7219);
#7219 = DEFINITIONAL_REPRESENTATION('',(#7220),#7224);
#7220 = LINE('',#7221,#7222);
#7221 = CARTESIAN_POINT('',(7.467419408825E-15,142.50000000799));
#7222 = VECTOR('',#7223,1.);
#7223 = DIRECTION('',(1.,0.));
#7224 = ( GEOMETRIC_REPRESENTATION_CONTEXT(2) 
PARAMETRIC_REPRESENTATION_CONTEXT() REPRESENTATION_CONTEXT('2D SPACE',''
  ) );
#7225 = ADVANCED_FACE('',(#7226),#182,.F.);
#7226 = FACE_BOUND('',#7227,.F.);
#7227 = EDGE_LOOP('',(#7228,#7251,#7252,#7253));
#7228 = ORIENTED_EDGE('',*,*,#7229,.T.);
#7229 = EDGE_CURVE('',#7230,#143,#7232,.T.);
#7230 = VERTEX_POINT('',#7231);
#7231 = CARTESIAN_POINT('',(-157.5,-142.5,5.));
#7232 = SURFACE_CURVE('',#7233,(#7237,#7244),.PCURVE_S1.);
#7233 = LINE('',#7234,#7235);
#7234 = CARTESIAN_POINT('',(-157.5,-142.5,5.));
#7235 = VECTOR('',#7236,1.);
#7236 = DIRECTION('',(0.,0.,1.));
#7237 = PCURVE('',#182,#7238);
#7238 = DEFINITIONAL_REPRESENTATION('',(#7239),#7243);
#7239 = LINE('',#7240,#7241);
#7240 = CARTESIAN_POINT('',(0.,0.));
#7241 = VECTOR('',#7242,1.);
#7242 = DIRECTION('',(0.,-1.));
#7243 = ( GEOMETRIC_REPRESENTATION_CONTEXT(2) 
PARAMETRIC_REPRESENTATION_CONTEXT() REPRESENTATION_CONTEXT('2D SPACE',''
  ) );
#7244 = PCURVE('',#44,#7245);
#7245 = DEFINITIONAL_REPRESENTATION('',(#7246),#7250);
#7246 = LINE('',#7247,#7248);
#7247 = CARTESIAN_POINT('',(-4.712388980385,0.));
#7248 = VECTOR('',#7249,1.);
#7249 = DIRECTION('',(-0.,-1.));
#7250 = ( GEOMETRIC_REPRESENTATION_CONTEXT(2) 
PARAMETRIC_REPRESENTATION_CONTEXT() REPRESENTATION_CONTEXT('2D SPACE',''
  ) );
#7251 = ORIENTED_EDGE('',*,*,#166,.T.);
#7252 = ORIENTED_EDGE('',*,*,#7130,.F.);
#7253 = ORIENTED_EDGE('',*,*,#7254,.F.);
#7254 = EDGE_CURVE('',#7230,#7131,#7255,.T.);
#7255 = SURFACE_CURVE('',#7256,(#7260,#7267),.PCURVE_S1.);
#7256 = LINE('',#7257,#7258);
#7257 = CARTESIAN_POINT('',(0.,-142.4999999999,5.));
#7258 = VECTOR('',#7259,1.);
#7259 = DIRECTION('',(1.,0.,0.));
#7260 = PCURVE('',#182,#7261);
#7261 = DEFINITIONAL_REPRESENTATION('',(#7262),#7266);
#7262 = LINE('',#7263,#7264);
#7263 = CARTESIAN_POINT('',(157.5,0.));
#7264 = VECTOR('',#7265,1.);
#7265 = DIRECTION('',(1.,0.));
#7266 = ( GEOMETRIC_REPRESENTATION_CONTEXT(2) 
PARAMETRIC_REPRESENTATION_CONTEXT() REPRESENTATION_CONTEXT('2D SPACE',''
  ) );
#7267 = PCURVE('',#126,#7268);
#7268 = DEFINITIONAL_REPRESENTATION('',(#7269),#7273);
#7269 = LINE('',#7270,#7271);
#7270 = CARTESIAN_POINT('',(7.467419408825E-15,-142.499999992));
#7271 = VECTOR('',#7272,1.);
#7272 = DIRECTION('',(1.,0.));
#7273 = ( GEOMETRIC_REPRESENTATION_CONTEXT(2) 
PARAMETRIC_REPRESENTATION_CONTEXT() REPRESENTATION_CONTEXT('2D SPACE',''
  ) );
#7274 = ADVANCED_FACE('',(#7275,#7327),#126,.F.);
#7275 = FACE_BOUND('',#7276,.F.);
#7276 = EDGE_LOOP('',(#7277,#7278,#7300,#7301,#7302,#7303,#7304,#7305));
#7277 = ORIENTED_EDGE('',*,*,#112,.F.);
#7278 = ORIENTED_EDGE('',*,*,#7279,.T.);
#7279 = EDGE_CURVE('',#22,#7230,#7280,.T.);
#7280 = SURFACE_CURVE('',#7281,(#7286,#7293),.PCURVE_S1.);
#7281 = CIRCLE('',#7282,15.);
#7282 = AXIS2_PLACEMENT_3D('',#7283,#7284,#7285);
#7283 = CARTESIAN_POINT('',(-157.5,-127.5,5.));
#7284 = DIRECTION('',(0.,0.,1.));
#7285 = DIRECTION('',(1.,0.,0.));
#7286 = PCURVE('',#126,#7287);
#7287 = DEFINITIONAL_REPRESENTATION('',(#7288),#7292);
#7288 = CIRCLE('',#7289,15.);
#7289 = AXIS2_PLACEMENT_2D('',#7290,#7291);
#7290 = CARTESIAN_POINT('',(-157.5,-127.499999992));
#7291 = DIRECTION('',(1.,0.));
#7292 = ( GEOMETRIC_REPRESENTATION_CONTEXT(2) 
PARAMETRIC_REPRESENTATION_CONTEXT() REPRESENTATION_CONTEXT('2D SPACE',''
  ) );
#7293 = PCURVE('',#44,#7294);
#7294 = DEFINITIONAL_REPRESENTATION('',(#7295),#7299);
#7295 = LINE('',#7296,#7297);
#7296 = CARTESIAN_POINT('',(-0.,0.));
#7297 = VECTOR('',#7298,1.);
#7298 = DIRECTION('',(-1.,0.));
#7299 = ( GEOMETRIC_REPRESENTATION_CONTEXT(2) 
PARAMETRIC_REPRESENTATION_CONTEXT() REPRESENTATION_CONTEXT('2D SPACE',''
  ) );
#7300 = ORIENTED_EDGE('',*,*,#7254,.T.);
#7301 = ORIENTED_EDGE('',*,*,#7155,.T.);
#7302 = ORIENTED_EDGE('',*,*,#7056,.T.);
#7303 = ORIENTED_EDGE('',*,*,#7105,.T.);
#7304 = ORIENTED_EDGE('',*,*,#7205,.F.);
#7305 = ORIENTED_EDGE('',*,*,#7306,.T.);
#7306 = EDGE_CURVE('',#7181,#85,#7307,.T.);
#7307 = SURFACE_CURVE('',#7308,(#7313,#7320),.PCURVE_S1.);
#7308 = CIRCLE('',#7309,15.);
#7309 = AXIS2_PLACEMENT_3D('',#7310,#7311,#7312);
#7310 = CARTESIAN_POINT('',(-157.5,127.49999996731,5.));
#7311 = DIRECTION('',(0.,0.,1.));
#7312 = DIRECTION('',(1.,0.,0.));
#7313 = PCURVE('',#126,#7314);
#7314 = DEFINITIONAL_REPRESENTATION('',(#7315),#7319);
#7315 = CIRCLE('',#7316,15.);
#7316 = AXIS2_PLACEMENT_2D('',#7317,#7318);
#7317 = CARTESIAN_POINT('',(-157.5,127.4999999753));
#7318 = DIRECTION('',(1.,0.));
#7319 = ( GEOMETRIC_REPRESENTATION_CONTEXT(2) 
PARAMETRIC_REPRESENTATION_CONTEXT() REPRESENTATION_CONTEXT('2D SPACE',''
  ) );
#7320 = PCURVE('',#100,#7321);
#7321 = DEFINITIONAL_REPRESENTATION('',(#7322),#7326);
#7322 = LINE('',#7323,#7324);
#7323 = CARTESIAN_POINT('',(-0.,0.));
#7324 = VECTOR('',#7325,1.);
#7325 = DIRECTION('',(-1.,0.));
#7326 = ( GEOMETRIC_REPRESENTATION_CONTEXT(2) 
PARAMETRIC_REPRESENTATION_CONTEXT() REPRESENTATION_CONTEXT('2D SPACE',''
  ) );
#7327 = FACE_BOUND('',#7328,.F.);
#7328 = EDGE_LOOP('',(#7329,#7360,#7388,#7417,#7445,#7474,#7502,#7531));
#7329 = ORIENTED_EDGE('',*,*,#7330,.F.);
#7330 = EDGE_CURVE('',#7331,#7333,#7335,.T.);
#7331 = VERTEX_POINT('',#7332);
#7332 = CARTESIAN_POINT('',(-171.3,-127.5,5.));
#7333 = VERTEX_POINT('',#7334);
#7334 = CARTESIAN_POINT('',(-157.5,-141.3,5.));
#7335 = SURFACE_CURVE('',#7336,(#7341,#7348),.PCURVE_S1.);
#7336 = CIRCLE('',#7337,13.8);
#7337 = AXIS2_PLACEMENT_3D('',#7338,#7339,#7340);
#7338 = CARTESIAN_POINT('',(-157.5,-127.5,5.));
#7339 = DIRECTION('',(0.,0.,1.));
#7340 = DIRECTION('',(1.,0.,0.));
#7341 = PCURVE('',#126,#7342);
#7342 = DEFINITIONAL_REPRESENTATION('',(#7343),#7347);
#7343 = CIRCLE('',#7344,13.8);
#7344 = AXIS2_PLACEMENT_2D('',#7345,#7346);
#7345 = CARTESIAN_POINT('',(-157.5,-127.499999992));
#7346 = DIRECTION('',(1.,0.));
#7347 = ( GEOMETRIC_REPRESENTATION_CONTEXT(2) 
PARAMETRIC_REPRESENTATION_CONTEXT() REPRESENTATION_CONTEXT('2D SPACE',''
  ) );
#7348 = PCURVE('',#7349,#7354);
#7349 = CYLINDRICAL_SURFACE('',#7350,13.8);
#7350 = AXIS2_PLACEMENT_3D('',#7351,#7352,#7353);
#7351 = CARTESIAN_POINT('',(-157.5,-127.5,0.));
#7352 = DIRECTION('',(-0.,-0.,-1.));
#7353 = DIRECTION('',(1.,0.,0.));
#7354 = DEFINITIONAL_REPRESENTATION('',(#7355),#7359);
#7355 = LINE('',#7356,#7357);
#7356 = CARTESIAN_POINT('',(-0.,-5.));
#7357 = VECTOR('',#7358,1.);
#7358 = DIRECTION('',(-1.,0.));
#7359 = ( GEOMETRIC_REPRESENTATION_CONTEXT(2) 
PARAMETRIC_REPRESENTATION_CONTEXT() REPRESENTATION_CONTEXT('2D SPACE',''
  ) );
#7360 = ORIENTED_EDGE('',*,*,#7361,.T.);
#7361 = EDGE_CURVE('',#7331,#7362,#7364,.T.);
#7362 = VERTEX_POINT('',#7363);
#7363 = CARTESIAN_POINT('',(-171.3,127.49999996545,5.));
#7364 = SURFACE_CURVE('',#7365,(#7369,#7376),.PCURVE_S1.);
#7365 = LINE('',#7366,#7367);
#7366 = CARTESIAN_POINT('',(-171.3,5.073275133327E-12,5.));
#7367 = VECTOR('',#7368,1.);
#7368 = DIRECTION('',(0.,1.,0.));
#7369 = PCURVE('',#126,#7370);
#7370 = DEFINITIONAL_REPRESENTATION('',(#7371),#7375);
#7371 = LINE('',#7372,#7373);
#7372 = CARTESIAN_POINT('',(-171.3,7.99699024307E-09));
#7373 = VECTOR('',#7374,1.);
#7374 = DIRECTION('',(0.,1.));
#7375 = ( GEOMETRIC_REPRESENTATION_CONTEXT(2) 
PARAMETRIC_REPRESENTATION_CONTEXT() REPRESENTATION_CONTEXT('2D SPACE',''
  ) );
#7376 = PCURVE('',#7377,#7382);
#7377 = PLANE('',#7378);
#7378 = AXIS2_PLACEMENT_3D('',#7379,#7380,#7381);
#7379 = CARTESIAN_POINT('',(-171.3,-127.5,0.));
#7380 = DIRECTION('',(-1.,0.,0.));
#7381 = DIRECTION('',(0.,1.,0.));
#7382 = DEFINITIONAL_REPRESENTATION('',(#7383),#7387);
#7383 = LINE('',#7384,#7385);
#7384 = CARTESIAN_POINT('',(127.50000000001,-5.));
#7385 = VECTOR('',#7386,1.);
#7386 = DIRECTION('',(1.,0.));
#7387 = ( GEOMETRIC_REPRESENTATION_CONTEXT(2) 
PARAMETRIC_REPRESENTATION_CONTEXT() REPRESENTATION_CONTEXT('2D SPACE',''
  ) );
#7388 = ORIENTED_EDGE('',*,*,#7389,.F.);
#7389 = EDGE_CURVE('',#7390,#7362,#7392,.T.);
#7390 = VERTEX_POINT('',#7391);
#7391 = CARTESIAN_POINT('',(-157.5,141.29999998273,5.));
#7392 = SURFACE_CURVE('',#7393,(#7398,#7405),.PCURVE_S1.);
#7393 = CIRCLE('',#7394,13.8);
#7394 = AXIS2_PLACEMENT_3D('',#7395,#7396,#7397);
#7395 = CARTESIAN_POINT('',(-157.5,127.49999996545,5.));
#7396 = DIRECTION('',(0.,0.,1.));
#7397 = DIRECTION('',(1.,0.,0.));
#7398 = PCURVE('',#126,#7399);
#7399 = DEFINITIONAL_REPRESENTATION('',(#7400),#7404);
#7400 = CIRCLE('',#7401,13.8);
#7401 = AXIS2_PLACEMENT_2D('',#7402,#7403);
#7402 = CARTESIAN_POINT('',(-157.5,127.49999997344));
#7403 = DIRECTION('',(1.,0.));
#7404 = ( GEOMETRIC_REPRESENTATION_CONTEXT(2) 
PARAMETRIC_REPRESENTATION_CONTEXT() REPRESENTATION_CONTEXT('2D SPACE',''
  ) );
#7405 = PCURVE('',#7406,#7411);
#7406 = CYLINDRICAL_SURFACE('',#7407,13.8);
#7407 = AXIS2_PLACEMENT_3D('',#7408,#7409,#7410);
#7408 = CARTESIAN_POINT('',(-157.5,127.49999996545,0.));
#7409 = DIRECTION('',(-0.,-0.,-1.));
#7410 = DIRECTION('',(1.,0.,0.));
#7411 = DEFINITIONAL_REPRESENTATION('',(#7412),#7416);
#7412 = LINE('',#7413,#7414);
#7413 = CARTESIAN_POINT('',(-0.,-5.));
#7414 = VECTOR('',#7415,1.);
#7415 = DIRECTION('',(-1.,0.));
#7416 = ( GEOMETRIC_REPRESENTATION_CONTEXT(2) 
PARAMETRIC_REPRESENTATION_CONTEXT() REPRESENTATION_CONTEXT('2D SPACE',''
  ) );
#7417 = ORIENTED_EDGE('',*,*,#7418,.T.);
#7418 = EDGE_CURVE('',#7390,#7419,#7421,.T.);
#7419 = VERTEX_POINT('',#7420);
#7420 = CARTESIAN_POINT('',(157.5,141.29999998273,5.));
#7421 = SURFACE_CURVE('',#7422,(#7426,#7433),.PCURVE_S1.);
#7422 = LINE('',#7423,#7424);
#7423 = CARTESIAN_POINT('',(0.,141.3,5.));
#7424 = VECTOR('',#7425,1.);
#7425 = DIRECTION('',(1.,0.,0.));
#7426 = PCURVE('',#126,#7427);
#7427 = DEFINITIONAL_REPRESENTATION('',(#7428),#7432);
#7428 = LINE('',#7429,#7430);
#7429 = CARTESIAN_POINT('',(7.467419408825E-15,141.30000000799));
#7430 = VECTOR('',#7431,1.);
#7431 = DIRECTION('',(1.,0.));
#7432 = ( GEOMETRIC_REPRESENTATION_CONTEXT(2) 
PARAMETRIC_REPRESENTATION_CONTEXT() REPRESENTATION_CONTEXT('2D SPACE',''
  ) );
#7433 = PCURVE('',#7434,#7439);
#7434 = PLANE('',#7435);
#7435 = AXIS2_PLACEMENT_3D('',#7436,#7437,#7438);
#7436 = CARTESIAN_POINT('',(-157.5,141.3,0.));
#7437 = DIRECTION('',(0.,1.,0.));
#7438 = DIRECTION('',(1.,0.,0.));
#7439 = DEFINITIONAL_REPRESENTATION('',(#7440),#7444);
#7440 = LINE('',#7441,#7442);
#7441 = CARTESIAN_POINT('',(157.5,-5.));
#7442 = VECTOR('',#7443,1.);
#7443 = DIRECTION('',(1.,0.));
#7444 = ( GEOMETRIC_REPRESENTATION_CONTEXT(2) 
PARAMETRIC_REPRESENTATION_CONTEXT() REPRESENTATION_CONTEXT('2D SPACE',''
  ) );
#7445 = ORIENTED_EDGE('',*,*,#7446,.F.);
#7446 = EDGE_CURVE('',#7447,#7419,#7449,.T.);
#7447 = VERTEX_POINT('',#7448);
#7448 = CARTESIAN_POINT('',(171.3,127.49999996545,5.));
#7449 = SURFACE_CURVE('',#7450,(#7455,#7462),.PCURVE_S1.);
#7450 = CIRCLE('',#7451,13.8);
#7451 = AXIS2_PLACEMENT_3D('',#7452,#7453,#7454);
#7452 = CARTESIAN_POINT('',(157.5,127.49999996545,5.));
#7453 = DIRECTION('',(0.,0.,1.));
#7454 = DIRECTION('',(1.,0.,0.));
#7455 = PCURVE('',#126,#7456);
#7456 = DEFINITIONAL_REPRESENTATION('',(#7457),#7461);
#7457 = CIRCLE('',#7458,13.8);
#7458 = AXIS2_PLACEMENT_2D('',#7459,#7460);
#7459 = CARTESIAN_POINT('',(157.5,127.49999997344));
#7460 = DIRECTION('',(1.,0.));
#7461 = ( GEOMETRIC_REPRESENTATION_CONTEXT(2) 
PARAMETRIC_REPRESENTATION_CONTEXT() REPRESENTATION_CONTEXT('2D SPACE',''
  ) );
#7462 = PCURVE('',#7463,#7468);
#7463 = CYLINDRICAL_SURFACE('',#7464,13.8);
#7464 = AXIS2_PLACEMENT_3D('',#7465,#7466,#7467);
#7465 = CARTESIAN_POINT('',(157.5,127.49999996545,0.));
#7466 = DIRECTION('',(-0.,-0.,-1.));
#7467 = DIRECTION('',(1.,0.,0.));
#7468 = DEFINITIONAL_REPRESENTATION('',(#7469),#7473);
#7469 = LINE('',#7470,#7471);
#7470 = CARTESIAN_POINT('',(-0.,-5.));
#7471 = VECTOR('',#7472,1.);
#7472 = DIRECTION('',(-1.,0.));
#7473 = ( GEOMETRIC_REPRESENTATION_CONTEXT(2) 
PARAMETRIC_REPRESENTATION_CONTEXT() REPRESENTATION_CONTEXT('2D SPACE',''
  ) );
#7474 = ORIENTED_EDGE('',*,*,#7475,.F.);
#7475 = EDGE_CURVE('',#7476,#7447,#7478,.T.);
#7476 = VERTEX_POINT('',#7477);
#7477 = CARTESIAN_POINT('',(171.3,-127.5,5.));
#7478 = SURFACE_CURVE('',#7479,(#7483,#7490),.PCURVE_S1.);
#7479 = LINE('',#7480,#7481);
#7480 = CARTESIAN_POINT('',(171.3,5.073275133327E-12,5.));
#7481 = VECTOR('',#7482,1.);
#7482 = DIRECTION('',(0.,1.,0.));
#7483 = PCURVE('',#126,#7484);
#7484 = DEFINITIONAL_REPRESENTATION('',(#7485),#7489);
#7485 = LINE('',#7486,#7487);
#7486 = CARTESIAN_POINT('',(171.3,7.99699024307E-09));
#7487 = VECTOR('',#7488,1.);
#7488 = DIRECTION('',(0.,1.));
#7489 = ( GEOMETRIC_REPRESENTATION_CONTEXT(2) 
PARAMETRIC_REPRESENTATION_CONTEXT() REPRESENTATION_CONTEXT('2D SPACE',''
  ) );
#7490 = PCURVE('',#7491,#7496);
#7491 = PLANE('',#7492);
#7492 = AXIS2_PLACEMENT_3D('',#7493,#7494,#7495);
#7493 = CARTESIAN_POINT('',(171.3,-127.5,0.));
#7494 = DIRECTION('',(-1.,0.,0.));
#7495 = DIRECTION('',(0.,1.,0.));
#7496 = DEFINITIONAL_REPRESENTATION('',(#7497),#7501);
#7497 = LINE('',#7498,#7499);
#7498 = CARTESIAN_POINT('',(127.50000000001,-5.));
#7499 = VECTOR('',#7500,1.);
#7500 = DIRECTION('',(1.,0.));
#7501 = ( GEOMETRIC_REPRESENTATION_CONTEXT(2) 
PARAMETRIC_REPRESENTATION_CONTEXT() REPRESENTATION_CONTEXT('2D SPACE',''
  ) );
#7502 = ORIENTED_EDGE('',*,*,#7503,.F.);
#7503 = EDGE_CURVE('',#7504,#7476,#7506,.T.);
#7504 = VERTEX_POINT('',#7505);
#7505 = CARTESIAN_POINT('',(157.5,-141.3,5.));
#7506 = SURFACE_CURVE('',#7507,(#7512,#7519),.PCURVE_S1.);
#7507 = CIRCLE('',#7508,13.8);
#7508 = AXIS2_PLACEMENT_3D('',#7509,#7510,#7511);
#7509 = CARTESIAN_POINT('',(157.5,-127.5,5.));
#7510 = DIRECTION('',(0.,0.,1.));
#7511 = DIRECTION('',(1.,0.,0.));
#7512 = PCURVE('',#126,#7513);
#7513 = DEFINITIONAL_REPRESENTATION('',(#7514),#7518);
#7514 = CIRCLE('',#7515,13.8);
#7515 = AXIS2_PLACEMENT_2D('',#7516,#7517);
#7516 = CARTESIAN_POINT('',(157.5,-127.499999992));
#7517 = DIRECTION('',(1.,0.));
#7518 = ( GEOMETRIC_REPRESENTATION_CONTEXT(2) 
PARAMETRIC_REPRESENTATION_CONTEXT() REPRESENTATION_CONTEXT('2D SPACE',''
  ) );
#7519 = PCURVE('',#7520,#7525);
#7520 = CYLINDRICAL_SURFACE('',#7521,13.8);
#7521 = AXIS2_PLACEMENT_3D('',#7522,#7523,#7524);
#7522 = CARTESIAN_POINT('',(157.5,-127.5,0.));
#7523 = DIRECTION('',(-0.,-0.,-1.));
#7524 = DIRECTION('',(1.,0.,0.));
#7525 = DEFINITIONAL_REPRESENTATION('',(#7526),#7530);
#7526 = LINE('',#7527,#7528);
#7527 = CARTESIAN_POINT('',(-0.,-5.));
#7528 = VECTOR('',#7529,1.);
#7529 = DIRECTION('',(-1.,0.));
#7530 = ( GEOMETRIC_REPRESENTATION_CONTEXT(2) 
PARAMETRIC_REPRESENTATION_CONTEXT() REPRESENTATION_CONTEXT('2D SPACE',''
  ) );
#7531 = ORIENTED_EDGE('',*,*,#7532,.F.);
#7532 = EDGE_CURVE('',#7333,#7504,#7533,.T.);
#7533 = SURFACE_CURVE('',#7534,(#7538,#7545),.PCURVE_S1.);
#7534 = LINE('',#7535,#7536);
#7535 = CARTESIAN_POINT('',(0.,-141.2999999999,5.));
#7536 = VECTOR('',#7537,1.);
#7537 = DIRECTION('',(1.,0.,0.));
#7538 = PCURVE('',#126,#7539);
#7539 = DEFINITIONAL_REPRESENTATION('',(#7540),#7544);
#7540 = LINE('',#7541,#7542);
#7541 = CARTESIAN_POINT('',(7.467419408825E-15,-141.299999992));
#7542 = VECTOR('',#7543,1.);
#7543 = DIRECTION('',(1.,0.));
#7544 = ( GEOMETRIC_REPRESENTATION_CONTEXT(2) 
PARAMETRIC_REPRESENTATION_CONTEXT() REPRESENTATION_CONTEXT('2D SPACE',''
  ) );
#7545 = PCURVE('',#7546,#7551);
#7546 = PLANE('',#7547);
#7547 = AXIS2_PLACEMENT_3D('',#7548,#7549,#7550);
#7548 = CARTESIAN_POINT('',(-157.5,-141.2999999999,0.));
#7549 = DIRECTION('',(0.,1.,0.));
#7550 = DIRECTION('',(1.,0.,0.));
#7551 = DEFINITIONAL_REPRESENTATION('',(#7552),#7556);
#7552 = LINE('',#7553,#7554);
#7553 = CARTESIAN_POINT('',(157.5,-5.));
#7554 = VECTOR('',#7555,1.);
#7555 = DIRECTION('',(1.,0.));
#7556 = ( GEOMETRIC_REPRESENTATION_CONTEXT(2) 
PARAMETRIC_REPRESENTATION_CONTEXT() REPRESENTATION_CONTEXT('2D SPACE',''
  ) );
#7557 = ADVANCED_FACE('',(#7558),#7377,.T.);
#7558 = FACE_BOUND('',#7559,.T.);
#7559 = EDGE_LOOP('',(#7560,#7583,#7584,#7607));
#7560 = ORIENTED_EDGE('',*,*,#7561,.T.);
#7561 = EDGE_CURVE('',#7562,#7331,#7564,.T.);
#7562 = VERTEX_POINT('',#7563);
#7563 = CARTESIAN_POINT('',(-171.3,-127.5,0.));
#7564 = SURFACE_CURVE('',#7565,(#7569,#7576),.PCURVE_S1.);
#7565 = LINE('',#7566,#7567);
#7566 = CARTESIAN_POINT('',(-171.3,-127.5,0.));
#7567 = VECTOR('',#7568,1.);
#7568 = DIRECTION('',(0.,0.,1.));
#7569 = PCURVE('',#7377,#7570);
#7570 = DEFINITIONAL_REPRESENTATION('',(#7571),#7575);
#7571 = LINE('',#7572,#7573);
#7572 = CARTESIAN_POINT('',(0.,0.));
#7573 = VECTOR('',#7574,1.);
#7574 = DIRECTION('',(0.,-1.));
#7575 = ( GEOMETRIC_REPRESENTATION_CONTEXT(2) 
PARAMETRIC_REPRESENTATION_CONTEXT() REPRESENTATION_CONTEXT('2D SPACE',''
  ) );
#7576 = PCURVE('',#7349,#7577);
#7577 = DEFINITIONAL_REPRESENTATION('',(#7578),#7582);
#7578 = LINE('',#7579,#7580);
#7579 = CARTESIAN_POINT('',(-3.14159265359,0.));
#7580 = VECTOR('',#7581,1.);
#7581 = DIRECTION('',(-0.,-1.));
#7582 = ( GEOMETRIC_REPRESENTATION_CONTEXT(2) 
PARAMETRIC_REPRESENTATION_CONTEXT() REPRESENTATION_CONTEXT('2D SPACE',''
  ) );
#7583 = ORIENTED_EDGE('',*,*,#7361,.T.);
#7584 = ORIENTED_EDGE('',*,*,#7585,.F.);
#7585 = EDGE_CURVE('',#7586,#7362,#7588,.T.);
#7586 = VERTEX_POINT('',#7587);
#7587 = CARTESIAN_POINT('',(-171.3,127.49999996545,0.));
#7588 = SURFACE_CURVE('',#7589,(#7593,#7600),.PCURVE_S1.);
#7589 = LINE('',#7590,#7591);
#7590 = CARTESIAN_POINT('',(-171.3,127.49999996545,0.));
#7591 = VECTOR('',#7592,1.);
#7592 = DIRECTION('',(0.,0.,1.));
#7593 = PCURVE('',#7377,#7594);
#7594 = DEFINITIONAL_REPRESENTATION('',(#7595),#7599);
#7595 = LINE('',#7596,#7597);
#7596 = CARTESIAN_POINT('',(254.99999996546,0.));
#7597 = VECTOR('',#7598,1.);
#7598 = DIRECTION('',(0.,-1.));
#7599 = ( GEOMETRIC_REPRESENTATION_CONTEXT(2) 
PARAMETRIC_REPRESENTATION_CONTEXT() REPRESENTATION_CONTEXT('2D SPACE',''
  ) );
#7600 = PCURVE('',#7406,#7601);
#7601 = DEFINITIONAL_REPRESENTATION('',(#7602),#7606);
#7602 = LINE('',#7603,#7604);
#7603 = CARTESIAN_POINT('',(-3.14159265359,0.));
#7604 = VECTOR('',#7605,1.);
#7605 = DIRECTION('',(-0.,-1.));
#7606 = ( GEOMETRIC_REPRESENTATION_CONTEXT(2) 
PARAMETRIC_REPRESENTATION_CONTEXT() REPRESENTATION_CONTEXT('2D SPACE',''
  ) );
#7607 = ORIENTED_EDGE('',*,*,#7608,.F.);
#7608 = EDGE_CURVE('',#7562,#7586,#7609,.T.);
#7609 = SURFACE_CURVE('',#7610,(#7614,#7621),.PCURVE_S1.);
#7610 = LINE('',#7611,#7612);
#7611 = CARTESIAN_POINT('',(-171.3,5.073275133327E-12,0.));
#7612 = VECTOR('',#7613,1.);
#7613 = DIRECTION('',(0.,1.,0.));
#7614 = PCURVE('',#7377,#7615);
#7615 = DEFINITIONAL_REPRESENTATION('',(#7616),#7620);
#7616 = LINE('',#7617,#7618);
#7617 = CARTESIAN_POINT('',(127.50000000001,0.));
#7618 = VECTOR('',#7619,1.);
#7619 = DIRECTION('',(1.,0.));
#7620 = ( GEOMETRIC_REPRESENTATION_CONTEXT(2) 
PARAMETRIC_REPRESENTATION_CONTEXT() REPRESENTATION_CONTEXT('2D SPACE',''
  ) );
#7621 = PCURVE('',#7622,#7627);
#7622 = PLANE('',#7623);
#7623 = AXIS2_PLACEMENT_3D('',#7624,#7625,#7626);
#7624 = CARTESIAN_POINT('',(-5.194056069649E-15,-8.392858045608E-09,0.)
  );
#7625 = DIRECTION('',(0.,0.,1.));
#7626 = DIRECTION('',(1.,0.,-0.));
#7627 = DEFINITIONAL_REPRESENTATION('',(#7628),#7632);
#7628 = LINE('',#7629,#7630);
#7629 = CARTESIAN_POINT('',(-171.3,8.397931320742E-09));
#7630 = VECTOR('',#7631,1.);
#7631 = DIRECTION('',(0.,1.));
#7632 = ( GEOMETRIC_REPRESENTATION_CONTEXT(2) 
PARAMETRIC_REPRESENTATION_CONTEXT() REPRESENTATION_CONTEXT('2D SPACE',''
  ) );
#7633 = ADVANCED_FACE('',(#7634,#7800),#7622,.F.);
#7634 = FACE_BOUND('',#7635,.F.);
#7635 = EDGE_LOOP('',(#7636,#7637,#7661,#7684,#7708,#7731,#7755,#7778));
#7636 = ORIENTED_EDGE('',*,*,#7608,.F.);
#7637 = ORIENTED_EDGE('',*,*,#7638,.T.);
#7638 = EDGE_CURVE('',#7562,#7639,#7641,.T.);
#7639 = VERTEX_POINT('',#7640);
#7640 = CARTESIAN_POINT('',(-157.5,-141.3,0.));
#7641 = SURFACE_CURVE('',#7642,(#7647,#7654),.PCURVE_S1.);
#7642 = CIRCLE('',#7643,13.8);
#7643 = AXIS2_PLACEMENT_3D('',#7644,#7645,#7646);
#7644 = CARTESIAN_POINT('',(-157.5,-127.5,0.));
#7645 = DIRECTION('',(0.,0.,1.));
#7646 = DIRECTION('',(1.,0.,0.));
#7647 = PCURVE('',#7622,#7648);
#7648 = DEFINITIONAL_REPRESENTATION('',(#7649),#7653);
#7649 = CIRCLE('',#7650,13.8);
#7650 = AXIS2_PLACEMENT_2D('',#7651,#7652);
#7651 = CARTESIAN_POINT('',(-157.5,-127.4999999916));
#7652 = DIRECTION('',(1.,0.));
#7653 = ( GEOMETRIC_REPRESENTATION_CONTEXT(2) 
PARAMETRIC_REPRESENTATION_CONTEXT() REPRESENTATION_CONTEXT('2D SPACE',''
  ) );
#7654 = PCURVE('',#7349,#7655);
#7655 = DEFINITIONAL_REPRESENTATION('',(#7656),#7660);
#7656 = LINE('',#7657,#7658);
#7657 = CARTESIAN_POINT('',(-0.,0.));
#7658 = VECTOR('',#7659,1.);
#7659 = DIRECTION('',(-1.,0.));
#7660 = ( GEOMETRIC_REPRESENTATION_CONTEXT(2) 
PARAMETRIC_REPRESENTATION_CONTEXT() REPRESENTATION_CONTEXT('2D SPACE',''
  ) );
#7661 = ORIENTED_EDGE('',*,*,#7662,.T.);
#7662 = EDGE_CURVE('',#7639,#7663,#7665,.T.);
#7663 = VERTEX_POINT('',#7664);
#7664 = CARTESIAN_POINT('',(157.5,-141.3,0.));
#7665 = SURFACE_CURVE('',#7666,(#7670,#7677),.PCURVE_S1.);
#7666 = LINE('',#7667,#7668);
#7667 = CARTESIAN_POINT('',(0.,-141.2999999999,0.));
#7668 = VECTOR('',#7669,1.);
#7669 = DIRECTION('',(1.,0.,0.));
#7670 = PCURVE('',#7622,#7671);
#7671 = DEFINITIONAL_REPRESENTATION('',(#7672),#7676);
#7672 = LINE('',#7673,#7674);
#7673 = CARTESIAN_POINT('',(5.194056069649E-15,-141.2999999916));
#7674 = VECTOR('',#7675,1.);
#7675 = DIRECTION('',(1.,0.));
#7676 = ( GEOMETRIC_REPRESENTATION_CONTEXT(2) 
PARAMETRIC_REPRESENTATION_CONTEXT() REPRESENTATION_CONTEXT('2D SPACE',''
  ) );
#7677 = PCURVE('',#7546,#7678);
#7678 = DEFINITIONAL_REPRESENTATION('',(#7679),#7683);
#7679 = LINE('',#7680,#7681);
#7680 = CARTESIAN_POINT('',(157.5,0.));
#7681 = VECTOR('',#7682,1.);
#7682 = DIRECTION('',(1.,0.));
#7683 = ( GEOMETRIC_REPRESENTATION_CONTEXT(2) 
PARAMETRIC_REPRESENTATION_CONTEXT() REPRESENTATION_CONTEXT('2D SPACE',''
  ) );
#7684 = ORIENTED_EDGE('',*,*,#7685,.T.);
#7685 = EDGE_CURVE('',#7663,#7686,#7688,.T.);
#7686 = VERTEX_POINT('',#7687);
#7687 = CARTESIAN_POINT('',(171.3,-127.5,0.));
#7688 = SURFACE_CURVE('',#7689,(#7694,#7701),.PCURVE_S1.);
#7689 = CIRCLE('',#7690,13.8);
#7690 = AXIS2_PLACEMENT_3D('',#7691,#7692,#7693);
#7691 = CARTESIAN_POINT('',(157.5,-127.5,0.));
#7692 = DIRECTION('',(0.,0.,1.));
#7693 = DIRECTION('',(1.,0.,0.));
#7694 = PCURVE('',#7622,#7695);
#7695 = DEFINITIONAL_REPRESENTATION('',(#7696),#7700);
#7696 = CIRCLE('',#7697,13.8);
#7697 = AXIS2_PLACEMENT_2D('',#7698,#7699);
#7698 = CARTESIAN_POINT('',(157.5,-127.4999999916));
#7699 = DIRECTION('',(1.,0.));
#7700 = ( GEOMETRIC_REPRESENTATION_CONTEXT(2) 
PARAMETRIC_REPRESENTATION_CONTEXT() REPRESENTATION_CONTEXT('2D SPACE',''
  ) );
#7701 = PCURVE('',#7520,#7702);
#7702 = DEFINITIONAL_REPRESENTATION('',(#7703),#7707);
#7703 = LINE('',#7704,#7705);
#7704 = CARTESIAN_POINT('',(-0.,0.));
#7705 = VECTOR('',#7706,1.);
#7706 = DIRECTION('',(-1.,0.));
#7707 = ( GEOMETRIC_REPRESENTATION_CONTEXT(2) 
PARAMETRIC_REPRESENTATION_CONTEXT() REPRESENTATION_CONTEXT('2D SPACE',''
  ) );
#7708 = ORIENTED_EDGE('',*,*,#7709,.T.);
#7709 = EDGE_CURVE('',#7686,#7710,#7712,.T.);
#7710 = VERTEX_POINT('',#7711);
#7711 = CARTESIAN_POINT('',(171.3,127.49999996545,0.));
#7712 = SURFACE_CURVE('',#7713,(#7717,#7724),.PCURVE_S1.);
#7713 = LINE('',#7714,#7715);
#7714 = CARTESIAN_POINT('',(171.3,5.073275133327E-12,0.));
#7715 = VECTOR('',#7716,1.);
#7716 = DIRECTION('',(0.,1.,0.));
#7717 = PCURVE('',#7622,#7718);
#7718 = DEFINITIONAL_REPRESENTATION('',(#7719),#7723);
#7719 = LINE('',#7720,#7721);
#7720 = CARTESIAN_POINT('',(171.3,8.397931320742E-09));
#7721 = VECTOR('',#7722,1.);
#7722 = DIRECTION('',(0.,1.));
#7723 = ( GEOMETRIC_REPRESENTATION_CONTEXT(2) 
PARAMETRIC_REPRESENTATION_CONTEXT() REPRESENTATION_CONTEXT('2D SPACE',''
  ) );
#7724 = PCURVE('',#7491,#7725);
#7725 = DEFINITIONAL_REPRESENTATION('',(#7726),#7730);
#7726 = LINE('',#7727,#7728);
#7727 = CARTESIAN_POINT('',(127.50000000001,0.));
#7728 = VECTOR('',#7729,1.);
#7729 = DIRECTION('',(1.,0.));
#7730 = ( GEOMETRIC_REPRESENTATION_CONTEXT(2) 
PARAMETRIC_REPRESENTATION_CONTEXT() REPRESENTATION_CONTEXT('2D SPACE',''
  ) );
#7731 = ORIENTED_EDGE('',*,*,#7732,.T.);
#7732 = EDGE_CURVE('',#7710,#7733,#7735,.T.);
#7733 = VERTEX_POINT('',#7734);
#7734 = CARTESIAN_POINT('',(157.5,141.29999998273,0.));
#7735 = SURFACE_CURVE('',#7736,(#7741,#7748),.PCURVE_S1.);
#7736 = CIRCLE('',#7737,13.8);
#7737 = AXIS2_PLACEMENT_3D('',#7738,#7739,#7740);
#7738 = CARTESIAN_POINT('',(157.5,127.49999996545,0.));
#7739 = DIRECTION('',(0.,0.,1.));
#7740 = DIRECTION('',(1.,0.,0.));
#7741 = PCURVE('',#7622,#7742);
#7742 = DEFINITIONAL_REPRESENTATION('',(#7743),#7747);
#7743 = CIRCLE('',#7744,13.8);
#7744 = AXIS2_PLACEMENT_2D('',#7745,#7746);
#7745 = CARTESIAN_POINT('',(157.5,127.49999997385));
#7746 = DIRECTION('',(1.,0.));
#7747 = ( GEOMETRIC_REPRESENTATION_CONTEXT(2) 
PARAMETRIC_REPRESENTATION_CONTEXT() REPRESENTATION_CONTEXT('2D SPACE',''
  ) );
#7748 = PCURVE('',#7463,#7749);
#7749 = DEFINITIONAL_REPRESENTATION('',(#7750),#7754);
#7750 = LINE('',#7751,#7752);
#7751 = CARTESIAN_POINT('',(-0.,0.));
#7752 = VECTOR('',#7753,1.);
#7753 = DIRECTION('',(-1.,0.));
#7754 = ( GEOMETRIC_REPRESENTATION_CONTEXT(2) 
PARAMETRIC_REPRESENTATION_CONTEXT() REPRESENTATION_CONTEXT('2D SPACE',''
  ) );
#7755 = ORIENTED_EDGE('',*,*,#7756,.F.);
#7756 = EDGE_CURVE('',#7757,#7733,#7759,.T.);
#7757 = VERTEX_POINT('',#7758);
#7758 = CARTESIAN_POINT('',(-157.5,141.29999998273,0.));
#7759 = SURFACE_CURVE('',#7760,(#7764,#7771),.PCURVE_S1.);
#7760 = LINE('',#7761,#7762);
#7761 = CARTESIAN_POINT('',(0.,141.3,0.));
#7762 = VECTOR('',#7763,1.);
#7763 = DIRECTION('',(1.,0.,0.));
#7764 = PCURVE('',#7622,#7765);
#7765 = DEFINITIONAL_REPRESENTATION('',(#7766),#7770);
#7766 = LINE('',#7767,#7768);
#7767 = CARTESIAN_POINT('',(5.194056069649E-15,141.30000000839));
#7768 = VECTOR('',#7769,1.);
#7769 = DIRECTION('',(1.,0.));
#7770 = ( GEOMETRIC_REPRESENTATION_CONTEXT(2) 
PARAMETRIC_REPRESENTATION_CONTEXT() REPRESENTATION_CONTEXT('2D SPACE',''
  ) );
#7771 = PCURVE('',#7434,#7772);
#7772 = DEFINITIONAL_REPRESENTATION('',(#7773),#7777);
#7773 = LINE('',#7774,#7775);
#7774 = CARTESIAN_POINT('',(157.5,0.));
#7775 = VECTOR('',#7776,1.);
#7776 = DIRECTION('',(1.,0.));
#7777 = ( GEOMETRIC_REPRESENTATION_CONTEXT(2) 
PARAMETRIC_REPRESENTATION_CONTEXT() REPRESENTATION_CONTEXT('2D SPACE',''
  ) );
#7778 = ORIENTED_EDGE('',*,*,#7779,.T.);
#7779 = EDGE_CURVE('',#7757,#7586,#7780,.T.);
#7780 = SURFACE_CURVE('',#7781,(#7786,#7793),.PCURVE_S1.);
#7781 = CIRCLE('',#7782,13.8);
#7782 = AXIS2_PLACEMENT_3D('',#7783,#7784,#7785);
#7783 = CARTESIAN_POINT('',(-157.5,127.49999996545,0.));
#7784 = DIRECTION('',(0.,0.,1.));
#7785 = DIRECTION('',(1.,0.,0.));
#7786 = PCURVE('',#7622,#7787);
#7787 = DEFINITIONAL_REPRESENTATION('',(#7788),#7792);
#7788 = CIRCLE('',#7789,13.8);
#7789 = AXIS2_PLACEMENT_2D('',#7790,#7791);
#7790 = CARTESIAN_POINT('',(-157.5,127.49999997385));
#7791 = DIRECTION('',(1.,0.));
#7792 = ( GEOMETRIC_REPRESENTATION_CONTEXT(2) 
PARAMETRIC_REPRESENTATION_CONTEXT() REPRESENTATION_CONTEXT('2D SPACE',''
  ) );
#7793 = PCURVE('',#7406,#7794);
#7794 = DEFINITIONAL_REPRESENTATION('',(#7795),#7799);
#7795 = LINE('',#7796,#7797);
#7796 = CARTESIAN_POINT('',(-0.,0.));
#7797 = VECTOR('',#7798,1.);
#7798 = DIRECTION('',(-1.,0.));
#7799 = ( GEOMETRIC_REPRESENTATION_CONTEXT(2) 
PARAMETRIC_REPRESENTATION_CONTEXT() REPRESENTATION_CONTEXT('2D SPACE',''
  ) );
#7800 = FACE_BOUND('',#7801,.F.);
#7801 = EDGE_LOOP('',(#7802,#7833,#7861,#7890,#7918,#7947,#7975,#8004));
#7802 = ORIENTED_EDGE('',*,*,#7803,.F.);
#7803 = EDGE_CURVE('',#7804,#7806,#7808,.T.);
#7804 = VERTEX_POINT('',#7805);
#7805 = CARTESIAN_POINT('',(-170.,-127.5,0.));
#7806 = VERTEX_POINT('',#7807);
#7807 = CARTESIAN_POINT('',(-157.5,-140.,0.));
#7808 = SURFACE_CURVE('',#7809,(#7814,#7821),.PCURVE_S1.);
#7809 = CIRCLE('',#7810,12.5);
#7810 = AXIS2_PLACEMENT_3D('',#7811,#7812,#7813);
#7811 = CARTESIAN_POINT('',(-157.5,-127.5,0.));
#7812 = DIRECTION('',(0.,0.,1.));
#7813 = DIRECTION('',(1.,0.,0.));
#7814 = PCURVE('',#7622,#7815);
#7815 = DEFINITIONAL_REPRESENTATION('',(#7816),#7820);
#7816 = CIRCLE('',#7817,12.5);
#7817 = AXIS2_PLACEMENT_2D('',#7818,#7819);
#7818 = CARTESIAN_POINT('',(-157.5,-127.4999999916));
#7819 = DIRECTION('',(1.,0.));
#7820 = ( GEOMETRIC_REPRESENTATION_CONTEXT(2) 
PARAMETRIC_REPRESENTATION_CONTEXT() REPRESENTATION_CONTEXT('2D SPACE',''
  ) );
#7821 = PCURVE('',#7822,#7827);
#7822 = CYLINDRICAL_SURFACE('',#7823,12.5);
#7823 = AXIS2_PLACEMENT_3D('',#7824,#7825,#7826);
#7824 = CARTESIAN_POINT('',(-157.5,-127.5,0.));
#7825 = DIRECTION('',(-0.,-0.,-1.));
#7826 = DIRECTION('',(1.,0.,0.));
#7827 = DEFINITIONAL_REPRESENTATION('',(#7828),#7832);
#7828 = LINE('',#7829,#7830);
#7829 = CARTESIAN_POINT('',(-0.,0.));
#7830 = VECTOR('',#7831,1.);
#7831 = DIRECTION('',(-1.,0.));
#7832 = ( GEOMETRIC_REPRESENTATION_CONTEXT(2) 
PARAMETRIC_REPRESENTATION_CONTEXT() REPRESENTATION_CONTEXT('2D SPACE',''
  ) );
#7833 = ORIENTED_EDGE('',*,*,#7834,.T.);
#7834 = EDGE_CURVE('',#7804,#7835,#7837,.T.);
#7835 = VERTEX_POINT('',#7836);
#7836 = CARTESIAN_POINT('',(-170.,127.49999996295,0.));
#7837 = SURFACE_CURVE('',#7838,(#7842,#7849),.PCURVE_S1.);
#7838 = LINE('',#7839,#7840);
#7839 = CARTESIAN_POINT('',(-170.,6.110667527537E-12,0.));
#7840 = VECTOR('',#7841,1.);
#7841 = DIRECTION('',(0.,1.,0.));
#7842 = PCURVE('',#7622,#7843);
#7843 = DEFINITIONAL_REPRESENTATION('',(#7844),#7848);
#7844 = LINE('',#7845,#7846);
#7845 = CARTESIAN_POINT('',(-170.,8.398968713136E-09));
#7846 = VECTOR('',#7847,1.);
#7847 = DIRECTION('',(0.,1.));
#7848 = ( GEOMETRIC_REPRESENTATION_CONTEXT(2) 
PARAMETRIC_REPRESENTATION_CONTEXT() REPRESENTATION_CONTEXT('2D SPACE',''
  ) );
#7849 = PCURVE('',#7850,#7855);
#7850 = PLANE('',#7851);
#7851 = AXIS2_PLACEMENT_3D('',#7852,#7853,#7854);
#7852 = CARTESIAN_POINT('',(-170.,-127.5,0.));
#7853 = DIRECTION('',(-1.,0.,0.));
#7854 = DIRECTION('',(0.,1.,0.));
#7855 = DEFINITIONAL_REPRESENTATION('',(#7856),#7860);
#7856 = LINE('',#7857,#7858);
#7857 = CARTESIAN_POINT('',(127.50000000001,0.));
#7858 = VECTOR('',#7859,1.);
#7859 = DIRECTION('',(1.,0.));
#7860 = ( GEOMETRIC_REPRESENTATION_CONTEXT(2) 
PARAMETRIC_REPRESENTATION_CONTEXT() REPRESENTATION_CONTEXT('2D SPACE',''
  ) );
#7861 = ORIENTED_EDGE('',*,*,#7862,.F.);
#7862 = EDGE_CURVE('',#7863,#7835,#7865,.T.);
#7863 = VERTEX_POINT('',#7864);
#7864 = CARTESIAN_POINT('',(-157.5,139.99999998147,0.));
#7865 = SURFACE_CURVE('',#7866,(#7871,#7878),.PCURVE_S1.);
#7866 = CIRCLE('',#7867,12.5);
#7867 = AXIS2_PLACEMENT_3D('',#7868,#7869,#7870);
#7868 = CARTESIAN_POINT('',(-157.5,127.49999996295,0.));
#7869 = DIRECTION('',(0.,0.,1.));
#7870 = DIRECTION('',(1.,0.,0.));
#7871 = PCURVE('',#7622,#7872);
#7872 = DEFINITIONAL_REPRESENTATION('',(#7873),#7877);
#7873 = CIRCLE('',#7874,12.5);
#7874 = AXIS2_PLACEMENT_2D('',#7875,#7876);
#7875 = CARTESIAN_POINT('',(-157.5,127.49999997134));
#7876 = DIRECTION('',(1.,0.));
#7877 = ( GEOMETRIC_REPRESENTATION_CONTEXT(2) 
PARAMETRIC_REPRESENTATION_CONTEXT() REPRESENTATION_CONTEXT('2D SPACE',''
  ) );
#7878 = PCURVE('',#7879,#7884);
#7879 = CYLINDRICAL_SURFACE('',#7880,12.5);
#7880 = AXIS2_PLACEMENT_3D('',#7881,#7882,#7883);
#7881 = CARTESIAN_POINT('',(-157.5,127.49999996295,0.));
#7882 = DIRECTION('',(-0.,-0.,-1.));
#7883 = DIRECTION('',(1.,0.,0.));
#7884 = DEFINITIONAL_REPRESENTATION('',(#7885),#7889);
#7885 = LINE('',#7886,#7887);
#7886 = CARTESIAN_POINT('',(-0.,0.));
#7887 = VECTOR('',#7888,1.);
#7888 = DIRECTION('',(-1.,0.));
#7889 = ( GEOMETRIC_REPRESENTATION_CONTEXT(2) 
PARAMETRIC_REPRESENTATION_CONTEXT() REPRESENTATION_CONTEXT('2D SPACE',''
  ) );
#7890 = ORIENTED_EDGE('',*,*,#7891,.T.);
#7891 = EDGE_CURVE('',#7863,#7892,#7894,.T.);
#7892 = VERTEX_POINT('',#7893);
#7893 = CARTESIAN_POINT('',(157.5,139.99999998147,0.));
#7894 = SURFACE_CURVE('',#7895,(#7899,#7906),.PCURVE_S1.);
#7895 = LINE('',#7896,#7897);
#7896 = CARTESIAN_POINT('',(0.,140.,0.));
#7897 = VECTOR('',#7898,1.);
#7898 = DIRECTION('',(1.,0.,0.));
#7899 = PCURVE('',#7622,#7900);
#7900 = DEFINITIONAL_REPRESENTATION('',(#7901),#7905);
#7901 = LINE('',#7902,#7903);
#7902 = CARTESIAN_POINT('',(5.194056069649E-15,140.00000000839));
#7903 = VECTOR('',#7904,1.);
#7904 = DIRECTION('',(1.,0.));
#7905 = ( GEOMETRIC_REPRESENTATION_CONTEXT(2) 
PARAMETRIC_REPRESENTATION_CONTEXT() REPRESENTATION_CONTEXT('2D SPACE',''
  ) );
#7906 = PCURVE('',#7907,#7912);
#7907 = PLANE('',#7908);
#7908 = AXIS2_PLACEMENT_3D('',#7909,#7910,#7911);
#7909 = CARTESIAN_POINT('',(-157.5,140.,0.));
#7910 = DIRECTION('',(0.,1.,0.));
#7911 = DIRECTION('',(1.,0.,0.));
#7912 = DEFINITIONAL_REPRESENTATION('',(#7913),#7917);
#7913 = LINE('',#7914,#7915);
#7914 = CARTESIAN_POINT('',(157.5,0.));
#7915 = VECTOR('',#7916,1.);
#7916 = DIRECTION('',(1.,0.));
#7917 = ( GEOMETRIC_REPRESENTATION_CONTEXT(2) 
PARAMETRIC_REPRESENTATION_CONTEXT() REPRESENTATION_CONTEXT('2D SPACE',''
  ) );
#7918 = ORIENTED_EDGE('',*,*,#7919,.F.);
#7919 = EDGE_CURVE('',#7920,#7892,#7922,.T.);
#7920 = VERTEX_POINT('',#7921);
#7921 = CARTESIAN_POINT('',(170.,127.49999996295,0.));
#7922 = SURFACE_CURVE('',#7923,(#7928,#7935),.PCURVE_S1.);
#7923 = CIRCLE('',#7924,12.5);
#7924 = AXIS2_PLACEMENT_3D('',#7925,#7926,#7927);
#7925 = CARTESIAN_POINT('',(157.5,127.49999996295,0.));
#7926 = DIRECTION('',(0.,0.,1.));
#7927 = DIRECTION('',(1.,0.,0.));
#7928 = PCURVE('',#7622,#7929);
#7929 = DEFINITIONAL_REPRESENTATION('',(#7930),#7934);
#7930 = CIRCLE('',#7931,12.5);
#7931 = AXIS2_PLACEMENT_2D('',#7932,#7933);
#7932 = CARTESIAN_POINT('',(157.5,127.49999997134));
#7933 = DIRECTION('',(1.,0.));
#7934 = ( GEOMETRIC_REPRESENTATION_CONTEXT(2) 
PARAMETRIC_REPRESENTATION_CONTEXT() REPRESENTATION_CONTEXT('2D SPACE',''
  ) );
#7935 = PCURVE('',#7936,#7941);
#7936 = CYLINDRICAL_SURFACE('',#7937,12.5);
#7937 = AXIS2_PLACEMENT_3D('',#7938,#7939,#7940);
#7938 = CARTESIAN_POINT('',(157.5,127.49999996295,0.));
#7939 = DIRECTION('',(-0.,-0.,-1.));
#7940 = DIRECTION('',(1.,0.,0.));
#7941 = DEFINITIONAL_REPRESENTATION('',(#7942),#7946);
#7942 = LINE('',#7943,#7944);
#7943 = CARTESIAN_POINT('',(-0.,0.));
#7944 = VECTOR('',#7945,1.);
#7945 = DIRECTION('',(-1.,0.));
#7946 = ( GEOMETRIC_REPRESENTATION_CONTEXT(2) 
PARAMETRIC_REPRESENTATION_CONTEXT() REPRESENTATION_CONTEXT('2D SPACE',''
  ) );
#7947 = ORIENTED_EDGE('',*,*,#7948,.F.);
#7948 = EDGE_CURVE('',#7949,#7920,#7951,.T.);
#7949 = VERTEX_POINT('',#7950);
#7950 = CARTESIAN_POINT('',(170.,-127.5,0.));
#7951 = SURFACE_CURVE('',#7952,(#7956,#7963),.PCURVE_S1.);
#7952 = LINE('',#7953,#7954);
#7953 = CARTESIAN_POINT('',(170.,6.110667527537E-12,0.));
#7954 = VECTOR('',#7955,1.);
#7955 = DIRECTION('',(0.,1.,0.));
#7956 = PCURVE('',#7622,#7957);
#7957 = DEFINITIONAL_REPRESENTATION('',(#7958),#7962);
#7958 = LINE('',#7959,#7960);
#7959 = CARTESIAN_POINT('',(170.,8.398968713136E-09));
#7960 = VECTOR('',#7961,1.);
#7961 = DIRECTION('',(0.,1.));
#7962 = ( GEOMETRIC_REPRESENTATION_CONTEXT(2) 
PARAMETRIC_REPRESENTATION_CONTEXT() REPRESENTATION_CONTEXT('2D SPACE',''
  ) );
#7963 = PCURVE('',#7964,#7969);
#7964 = PLANE('',#7965);
#7965 = AXIS2_PLACEMENT_3D('',#7966,#7967,#7968);
#7966 = CARTESIAN_POINT('',(170.,-127.5,0.));
#7967 = DIRECTION('',(-1.,0.,0.));
#7968 = DIRECTION('',(0.,1.,0.));
#7969 = DEFINITIONAL_REPRESENTATION('',(#7970),#7974);
#7970 = LINE('',#7971,#7972);
#7971 = CARTESIAN_POINT('',(127.50000000001,0.));
#7972 = VECTOR('',#7973,1.);
#7973 = DIRECTION('',(1.,0.));
#7974 = ( GEOMETRIC_REPRESENTATION_CONTEXT(2) 
PARAMETRIC_REPRESENTATION_CONTEXT() REPRESENTATION_CONTEXT('2D SPACE',''
  ) );
#7975 = ORIENTED_EDGE('',*,*,#7976,.F.);
#7976 = EDGE_CURVE('',#7977,#7949,#7979,.T.);
#7977 = VERTEX_POINT('',#7978);
#7978 = CARTESIAN_POINT('',(157.5,-140.,0.));
#7979 = SURFACE_CURVE('',#7980,(#7985,#7992),.PCURVE_S1.);
#7980 = CIRCLE('',#7981,12.5);
#7981 = AXIS2_PLACEMENT_3D('',#7982,#7983,#7984);
#7982 = CARTESIAN_POINT('',(157.5,-127.5,0.));
#7983 = DIRECTION('',(0.,0.,1.));
#7984 = DIRECTION('',(1.,0.,0.));
#7985 = PCURVE('',#7622,#7986);
#7986 = DEFINITIONAL_REPRESENTATION('',(#7987),#7991);
#7987 = CIRCLE('',#7988,12.5);
#7988 = AXIS2_PLACEMENT_2D('',#7989,#7990);
#7989 = CARTESIAN_POINT('',(157.5,-127.4999999916));
#7990 = DIRECTION('',(1.,0.));
#7991 = ( GEOMETRIC_REPRESENTATION_CONTEXT(2) 
PARAMETRIC_REPRESENTATION_CONTEXT() REPRESENTATION_CONTEXT('2D SPACE',''
  ) );
#7992 = PCURVE('',#7993,#7998);
#7993 = CYLINDRICAL_SURFACE('',#7994,12.5);
#7994 = AXIS2_PLACEMENT_3D('',#7995,#7996,#7997);
#7995 = CARTESIAN_POINT('',(157.5,-127.5,0.));
#7996 = DIRECTION('',(-0.,-0.,-1.));
#7997 = DIRECTION('',(1.,0.,0.));
#7998 = DEFINITIONAL_REPRESENTATION('',(#7999),#8003);
#7999 = LINE('',#8000,#8001);
#8000 = CARTESIAN_POINT('',(-0.,0.));
#8001 = VECTOR('',#8002,1.);
#8002 = DIRECTION('',(-1.,0.));
#8003 = ( GEOMETRIC_REPRESENTATION_CONTEXT(2) 
PARAMETRIC_REPRESENTATION_CONTEXT() REPRESENTATION_CONTEXT('2D SPACE',''
  ) );
#8004 = ORIENTED_EDGE('',*,*,#8005,.F.);
#8005 = EDGE_CURVE('',#7806,#7977,#8006,.T.);
#8006 = SURFACE_CURVE('',#8007,(#8011,#8018),.PCURVE_S1.);
#8007 = LINE('',#8008,#8009);
#8008 = CARTESIAN_POINT('',(0.,-139.9999999999,0.));
#8009 = VECTOR('',#8010,1.);
#8010 = DIRECTION('',(1.,0.,0.));
#8011 = PCURVE('',#7622,#8012);
#8012 = DEFINITIONAL_REPRESENTATION('',(#8013),#8017);
#8013 = LINE('',#8014,#8015);
#8014 = CARTESIAN_POINT('',(5.194056069649E-15,-139.9999999916));
#8015 = VECTOR('',#8016,1.);
#8016 = DIRECTION('',(1.,0.));
#8017 = ( GEOMETRIC_REPRESENTATION_CONTEXT(2) 
PARAMETRIC_REPRESENTATION_CONTEXT() REPRESENTATION_CONTEXT('2D SPACE',''
  ) );
#8018 = PCURVE('',#8019,#8024);
#8019 = PLANE('',#8020);
#8020 = AXIS2_PLACEMENT_3D('',#8021,#8022,#8023);
#8021 = CARTESIAN_POINT('',(-157.5,-139.9999999999,0.));
#8022 = DIRECTION('',(0.,1.,0.));
#8023 = DIRECTION('',(1.,0.,0.));
#8024 = DEFINITIONAL_REPRESENTATION('',(#8025),#8029);
#8025 = LINE('',#8026,#8027);
#8026 = CARTESIAN_POINT('',(157.5,0.));
#8027 = VECTOR('',#8028,1.);
#8028 = DIRECTION('',(1.,0.));
#8029 = ( GEOMETRIC_REPRESENTATION_CONTEXT(2) 
PARAMETRIC_REPRESENTATION_CONTEXT() REPRESENTATION_CONTEXT('2D SPACE',''
  ) );
#8030 = ADVANCED_FACE('',(#8031),#7850,.F.);
#8031 = FACE_BOUND('',#8032,.F.);
#8032 = EDGE_LOOP('',(#8033,#8056,#8084,#8105));
#8033 = ORIENTED_EDGE('',*,*,#8034,.T.);
#8034 = EDGE_CURVE('',#7804,#8035,#8037,.T.);
#8035 = VERTEX_POINT('',#8036);
#8036 = CARTESIAN_POINT('',(-170.,-127.5,5.));
#8037 = SURFACE_CURVE('',#8038,(#8042,#8049),.PCURVE_S1.);
#8038 = LINE('',#8039,#8040);
#8039 = CARTESIAN_POINT('',(-170.,-127.5,0.));
#8040 = VECTOR('',#8041,1.);
#8041 = DIRECTION('',(0.,0.,1.));
#8042 = PCURVE('',#7850,#8043);
#8043 = DEFINITIONAL_REPRESENTATION('',(#8044),#8048);
#8044 = LINE('',#8045,#8046);
#8045 = CARTESIAN_POINT('',(0.,0.));
#8046 = VECTOR('',#8047,1.);
#8047 = DIRECTION('',(0.,-1.));
#8048 = ( GEOMETRIC_REPRESENTATION_CONTEXT(2) 
PARAMETRIC_REPRESENTATION_CONTEXT() REPRESENTATION_CONTEXT('2D SPACE',''
  ) );
#8049 = PCURVE('',#7822,#8050);
#8050 = DEFINITIONAL_REPRESENTATION('',(#8051),#8055);
#8051 = LINE('',#8052,#8053);
#8052 = CARTESIAN_POINT('',(-3.14159265359,0.));
#8053 = VECTOR('',#8054,1.);
#8054 = DIRECTION('',(-0.,-1.));
#8055 = ( GEOMETRIC_REPRESENTATION_CONTEXT(2) 
PARAMETRIC_REPRESENTATION_CONTEXT() REPRESENTATION_CONTEXT('2D SPACE',''
  ) );
#8056 = ORIENTED_EDGE('',*,*,#8057,.T.);
#8057 = EDGE_CURVE('',#8035,#8058,#8060,.T.);
#8058 = VERTEX_POINT('',#8059);
#8059 = CARTESIAN_POINT('',(-170.,127.49999996295,5.));
#8060 = SURFACE_CURVE('',#8061,(#8065,#8072),.PCURVE_S1.);
#8061 = LINE('',#8062,#8063);
#8062 = CARTESIAN_POINT('',(-170.,6.110667527537E-12,5.));
#8063 = VECTOR('',#8064,1.);
#8064 = DIRECTION('',(0.,1.,0.));
#8065 = PCURVE('',#7850,#8066);
#8066 = DEFINITIONAL_REPRESENTATION('',(#8067),#8071);
#8067 = LINE('',#8068,#8069);
#8068 = CARTESIAN_POINT('',(127.50000000001,-5.));
#8069 = VECTOR('',#8070,1.);
#8070 = DIRECTION('',(1.,0.));
#8071 = ( GEOMETRIC_REPRESENTATION_CONTEXT(2) 
PARAMETRIC_REPRESENTATION_CONTEXT() REPRESENTATION_CONTEXT('2D SPACE',''
  ) );
#8072 = PCURVE('',#8073,#8078);
#8073 = PLANE('',#8074);
#8074 = AXIS2_PLACEMENT_3D('',#8075,#8076,#8077);
#8075 = CARTESIAN_POINT('',(-7.467419408825E-15,-7.991916967937E-09,5.)
  );
#8076 = DIRECTION('',(0.,0.,1.));
#8077 = DIRECTION('',(1.,0.,-0.));
#8078 = DEFINITIONAL_REPRESENTATION('',(#8079),#8083);
#8079 = LINE('',#8080,#8081);
#8080 = CARTESIAN_POINT('',(-170.,7.998027635464E-09));
#8081 = VECTOR('',#8082,1.);
#8082 = DIRECTION('',(0.,1.));
#8083 = ( GEOMETRIC_REPRESENTATION_CONTEXT(2) 
PARAMETRIC_REPRESENTATION_CONTEXT() REPRESENTATION_CONTEXT('2D SPACE',''
  ) );
#8084 = ORIENTED_EDGE('',*,*,#8085,.F.);
#8085 = EDGE_CURVE('',#7835,#8058,#8086,.T.);
#8086 = SURFACE_CURVE('',#8087,(#8091,#8098),.PCURVE_S1.);
#8087 = LINE('',#8088,#8089);
#8088 = CARTESIAN_POINT('',(-170.,127.49999996295,0.));
#8089 = VECTOR('',#8090,1.);
#8090 = DIRECTION('',(0.,0.,1.));
#8091 = PCURVE('',#7850,#8092);
#8092 = DEFINITIONAL_REPRESENTATION('',(#8093),#8097);
#8093 = LINE('',#8094,#8095);
#8094 = CARTESIAN_POINT('',(254.99999996295,0.));
#8095 = VECTOR('',#8096,1.);
#8096 = DIRECTION('',(0.,-1.));
#8097 = ( GEOMETRIC_REPRESENTATION_CONTEXT(2) 
PARAMETRIC_REPRESENTATION_CONTEXT() REPRESENTATION_CONTEXT('2D SPACE',''
  ) );
#8098 = PCURVE('',#7879,#8099);
#8099 = DEFINITIONAL_REPRESENTATION('',(#8100),#8104);
#8100 = LINE('',#8101,#8102);
#8101 = CARTESIAN_POINT('',(-3.14159265359,0.));
#8102 = VECTOR('',#8103,1.);
#8103 = DIRECTION('',(-0.,-1.));
#8104 = ( GEOMETRIC_REPRESENTATION_CONTEXT(2) 
PARAMETRIC_REPRESENTATION_CONTEXT() REPRESENTATION_CONTEXT('2D SPACE',''
  ) );
#8105 = ORIENTED_EDGE('',*,*,#7834,.F.);
#8106 = ADVANCED_FACE('',(#8107),#8073,.F.);
#8107 = FACE_BOUND('',#8108,.F.);
#8108 = EDGE_LOOP('',(#8109,#8110,#8134,#8157,#8181,#8204,#8228,#8251));
#8109 = ORIENTED_EDGE('',*,*,#8057,.F.);
#8110 = ORIENTED_EDGE('',*,*,#8111,.T.);
#8111 = EDGE_CURVE('',#8035,#8112,#8114,.T.);
#8112 = VERTEX_POINT('',#8113);
#8113 = CARTESIAN_POINT('',(-157.5,-140.,5.));
#8114 = SURFACE_CURVE('',#8115,(#8120,#8127),.PCURVE_S1.);
#8115 = CIRCLE('',#8116,12.5);
#8116 = AXIS2_PLACEMENT_3D('',#8117,#8118,#8119);
#8117 = CARTESIAN_POINT('',(-157.5,-127.5,5.));
#8118 = DIRECTION('',(0.,0.,1.));
#8119 = DIRECTION('',(1.,0.,0.));
#8120 = PCURVE('',#8073,#8121);
#8121 = DEFINITIONAL_REPRESENTATION('',(#8122),#8126);
#8122 = CIRCLE('',#8123,12.5);
#8123 = AXIS2_PLACEMENT_2D('',#8124,#8125);
#8124 = CARTESIAN_POINT('',(-157.5,-127.499999992));
#8125 = DIRECTION('',(1.,0.));
#8126 = ( GEOMETRIC_REPRESENTATION_CONTEXT(2) 
PARAMETRIC_REPRESENTATION_CONTEXT() REPRESENTATION_CONTEXT('2D SPACE',''
  ) );
#8127 = PCURVE('',#7822,#8128);
#8128 = DEFINITIONAL_REPRESENTATION('',(#8129),#8133);
#8129 = LINE('',#8130,#8131);
#8130 = CARTESIAN_POINT('',(-0.,-5.));
#8131 = VECTOR('',#8132,1.);
#8132 = DIRECTION('',(-1.,0.));
#8133 = ( GEOMETRIC_REPRESENTATION_CONTEXT(2) 
PARAMETRIC_REPRESENTATION_CONTEXT() REPRESENTATION_CONTEXT('2D SPACE',''
  ) );
#8134 = ORIENTED_EDGE('',*,*,#8135,.T.);
#8135 = EDGE_CURVE('',#8112,#8136,#8138,.T.);
#8136 = VERTEX_POINT('',#8137);
#8137 = CARTESIAN_POINT('',(157.5,-140.,5.));
#8138 = SURFACE_CURVE('',#8139,(#8143,#8150),.PCURVE_S1.);
#8139 = LINE('',#8140,#8141);
#8140 = CARTESIAN_POINT('',(0.,-139.9999999999,5.));
#8141 = VECTOR('',#8142,1.);
#8142 = DIRECTION('',(1.,0.,0.));
#8143 = PCURVE('',#8073,#8144);
#8144 = DEFINITIONAL_REPRESENTATION('',(#8145),#8149);
#8145 = LINE('',#8146,#8147);
#8146 = CARTESIAN_POINT('',(7.467419408825E-15,-139.999999992));
#8147 = VECTOR('',#8148,1.);
#8148 = DIRECTION('',(1.,0.));
#8149 = ( GEOMETRIC_REPRESENTATION_CONTEXT(2) 
PARAMETRIC_REPRESENTATION_CONTEXT() REPRESENTATION_CONTEXT('2D SPACE',''
  ) );
#8150 = PCURVE('',#8019,#8151);
#8151 = DEFINITIONAL_REPRESENTATION('',(#8152),#8156);
#8152 = LINE('',#8153,#8154);
#8153 = CARTESIAN_POINT('',(157.5,-5.));
#8154 = VECTOR('',#8155,1.);
#8155 = DIRECTION('',(1.,0.));
#8156 = ( GEOMETRIC_REPRESENTATION_CONTEXT(2) 
PARAMETRIC_REPRESENTATION_CONTEXT() REPRESENTATION_CONTEXT('2D SPACE',''
  ) );
#8157 = ORIENTED_EDGE('',*,*,#8158,.T.);
#8158 = EDGE_CURVE('',#8136,#8159,#8161,.T.);
#8159 = VERTEX_POINT('',#8160);
#8160 = CARTESIAN_POINT('',(170.,-127.5,5.));
#8161 = SURFACE_CURVE('',#8162,(#8167,#8174),.PCURVE_S1.);
#8162 = CIRCLE('',#8163,12.5);
#8163 = AXIS2_PLACEMENT_3D('',#8164,#8165,#8166);
#8164 = CARTESIAN_POINT('',(157.5,-127.5,5.));
#8165 = DIRECTION('',(0.,0.,1.));
#8166 = DIRECTION('',(1.,0.,0.));
#8167 = PCURVE('',#8073,#8168);
#8168 = DEFINITIONAL_REPRESENTATION('',(#8169),#8173);
#8169 = CIRCLE('',#8170,12.5);
#8170 = AXIS2_PLACEMENT_2D('',#8171,#8172);
#8171 = CARTESIAN_POINT('',(157.5,-127.499999992));
#8172 = DIRECTION('',(1.,0.));
#8173 = ( GEOMETRIC_REPRESENTATION_CONTEXT(2) 
PARAMETRIC_REPRESENTATION_CONTEXT() REPRESENTATION_CONTEXT('2D SPACE',''
  ) );
#8174 = PCURVE('',#7993,#8175);
#8175 = DEFINITIONAL_REPRESENTATION('',(#8176),#8180);
#8176 = LINE('',#8177,#8178);
#8177 = CARTESIAN_POINT('',(-0.,-5.));
#8178 = VECTOR('',#8179,1.);
#8179 = DIRECTION('',(-1.,0.));
#8180 = ( GEOMETRIC_REPRESENTATION_CONTEXT(2) 
PARAMETRIC_REPRESENTATION_CONTEXT() REPRESENTATION_CONTEXT('2D SPACE',''
  ) );
#8181 = ORIENTED_EDGE('',*,*,#8182,.T.);
#8182 = EDGE_CURVE('',#8159,#8183,#8185,.T.);
#8183 = VERTEX_POINT('',#8184);
#8184 = CARTESIAN_POINT('',(170.,127.49999996295,5.));
#8185 = SURFACE_CURVE('',#8186,(#8190,#8197),.PCURVE_S1.);
#8186 = LINE('',#8187,#8188);
#8187 = CARTESIAN_POINT('',(170.,6.110667527537E-12,5.));
#8188 = VECTOR('',#8189,1.);
#8189 = DIRECTION('',(0.,1.,0.));
#8190 = PCURVE('',#8073,#8191);
#8191 = DEFINITIONAL_REPRESENTATION('',(#8192),#8196);
#8192 = LINE('',#8193,#8194);
#8193 = CARTESIAN_POINT('',(170.,7.998027635464E-09));
#8194 = VECTOR('',#8195,1.);
#8195 = DIRECTION('',(0.,1.));
#8196 = ( GEOMETRIC_REPRESENTATION_CONTEXT(2) 
PARAMETRIC_REPRESENTATION_CONTEXT() REPRESENTATION_CONTEXT('2D SPACE',''
  ) );
#8197 = PCURVE('',#7964,#8198);
#8198 = DEFINITIONAL_REPRESENTATION('',(#8199),#8203);
#8199 = LINE('',#8200,#8201);
#8200 = CARTESIAN_POINT('',(127.50000000001,-5.));
#8201 = VECTOR('',#8202,1.);
#8202 = DIRECTION('',(1.,0.));
#8203 = ( GEOMETRIC_REPRESENTATION_CONTEXT(2) 
PARAMETRIC_REPRESENTATION_CONTEXT() REPRESENTATION_CONTEXT('2D SPACE',''
  ) );
#8204 = ORIENTED_EDGE('',*,*,#8205,.T.);
#8205 = EDGE_CURVE('',#8183,#8206,#8208,.T.);
#8206 = VERTEX_POINT('',#8207);
#8207 = CARTESIAN_POINT('',(157.5,139.99999998147,5.));
#8208 = SURFACE_CURVE('',#8209,(#8214,#8221),.PCURVE_S1.);
#8209 = CIRCLE('',#8210,12.5);
#8210 = AXIS2_PLACEMENT_3D('',#8211,#8212,#8213);
#8211 = CARTESIAN_POINT('',(157.5,127.49999996295,5.));
#8212 = DIRECTION('',(0.,0.,1.));
#8213 = DIRECTION('',(1.,0.,0.));
#8214 = PCURVE('',#8073,#8215);
#8215 = DEFINITIONAL_REPRESENTATION('',(#8216),#8220);
#8216 = CIRCLE('',#8217,12.5);
#8217 = AXIS2_PLACEMENT_2D('',#8218,#8219);
#8218 = CARTESIAN_POINT('',(157.5,127.49999997094));
#8219 = DIRECTION('',(1.,0.));
#8220 = ( GEOMETRIC_REPRESENTATION_CONTEXT(2) 
PARAMETRIC_REPRESENTATION_CONTEXT() REPRESENTATION_CONTEXT('2D SPACE',''
  ) );
#8221 = PCURVE('',#7936,#8222);
#8222 = DEFINITIONAL_REPRESENTATION('',(#8223),#8227);
#8223 = LINE('',#8224,#8225);
#8224 = CARTESIAN_POINT('',(-0.,-5.));
#8225 = VECTOR('',#8226,1.);
#8226 = DIRECTION('',(-1.,0.));
#8227 = ( GEOMETRIC_REPRESENTATION_CONTEXT(2) 
PARAMETRIC_REPRESENTATION_CONTEXT() REPRESENTATION_CONTEXT('2D SPACE',''
  ) );
#8228 = ORIENTED_EDGE('',*,*,#8229,.F.);
#8229 = EDGE_CURVE('',#8230,#8206,#8232,.T.);
#8230 = VERTEX_POINT('',#8231);
#8231 = CARTESIAN_POINT('',(-157.5,139.99999998147,5.));
#8232 = SURFACE_CURVE('',#8233,(#8237,#8244),.PCURVE_S1.);
#8233 = LINE('',#8234,#8235);
#8234 = CARTESIAN_POINT('',(0.,140.,5.));
#8235 = VECTOR('',#8236,1.);
#8236 = DIRECTION('',(1.,0.,0.));
#8237 = PCURVE('',#8073,#8238);
#8238 = DEFINITIONAL_REPRESENTATION('',(#8239),#8243);
#8239 = LINE('',#8240,#8241);
#8240 = CARTESIAN_POINT('',(7.467419408825E-15,140.00000000799));
#8241 = VECTOR('',#8242,1.);
#8242 = DIRECTION('',(1.,0.));
#8243 = ( GEOMETRIC_REPRESENTATION_CONTEXT(2) 
PARAMETRIC_REPRESENTATION_CONTEXT() REPRESENTATION_CONTEXT('2D SPACE',''
  ) );
#8244 = PCURVE('',#7907,#8245);
#8245 = DEFINITIONAL_REPRESENTATION('',(#8246),#8250);
#8246 = LINE('',#8247,#8248);
#8247 = CARTESIAN_POINT('',(157.5,-5.));
#8248 = VECTOR('',#8249,1.);
#8249 = DIRECTION('',(1.,0.));
#8250 = ( GEOMETRIC_REPRESENTATION_CONTEXT(2) 
PARAMETRIC_REPRESENTATION_CONTEXT() REPRESENTATION_CONTEXT('2D SPACE',''
  ) );
#8251 = ORIENTED_EDGE('',*,*,#8252,.T.);
#8252 = EDGE_CURVE('',#8230,#8058,#8253,.T.);
#8253 = SURFACE_CURVE('',#8254,(#8259,#8266),.PCURVE_S1.);
#8254 = CIRCLE('',#8255,12.5);
#8255 = AXIS2_PLACEMENT_3D('',#8256,#8257,#8258);
#8256 = CARTESIAN_POINT('',(-157.5,127.49999996295,5.));
#8257 = DIRECTION('',(0.,0.,1.));
#8258 = DIRECTION('',(1.,0.,0.));
#8259 = PCURVE('',#8073,#8260);
#8260 = DEFINITIONAL_REPRESENTATION('',(#8261),#8265);
#8261 = CIRCLE('',#8262,12.5);
#8262 = AXIS2_PLACEMENT_2D('',#8263,#8264);
#8263 = CARTESIAN_POINT('',(-157.5,127.49999997094));
#8264 = DIRECTION('',(1.,0.));
#8265 = ( GEOMETRIC_REPRESENTATION_CONTEXT(2) 
PARAMETRIC_REPRESENTATION_CONTEXT() REPRESENTATION_CONTEXT('2D SPACE',''
  ) );
#8266 = PCURVE('',#7879,#8267);
#8267 = DEFINITIONAL_REPRESENTATION('',(#8268),#8272);
#8268 = LINE('',#8269,#8270);
#8269 = CARTESIAN_POINT('',(-0.,-5.));
#8270 = VECTOR('',#8271,1.);
#8271 = DIRECTION('',(-1.,0.));
#8272 = ( GEOMETRIC_REPRESENTATION_CONTEXT(2) 
PARAMETRIC_REPRESENTATION_CONTEXT() REPRESENTATION_CONTEXT('2D SPACE',''
  ) );
#8273 = ADVANCED_FACE('',(#8274),#7879,.F.);
#8274 = FACE_BOUND('',#8275,.T.);
#8275 = EDGE_LOOP('',(#8276,#8297,#8298,#8299));
#8276 = ORIENTED_EDGE('',*,*,#8277,.T.);
#8277 = EDGE_CURVE('',#7863,#8230,#8278,.T.);
#8278 = SURFACE_CURVE('',#8279,(#8283,#8290),.PCURVE_S1.);
#8279 = LINE('',#8280,#8281);
#8280 = CARTESIAN_POINT('',(-157.5,139.99999998147,0.));
#8281 = VECTOR('',#8282,1.);
#8282 = DIRECTION('',(0.,0.,1.));
#8283 = PCURVE('',#7879,#8284);
#8284 = DEFINITIONAL_REPRESENTATION('',(#8285),#8289);
#8285 = LINE('',#8286,#8287);
#8286 = CARTESIAN_POINT('',(-1.570796326795,0.));
#8287 = VECTOR('',#8288,1.);
#8288 = DIRECTION('',(-0.,-1.));
#8289 = ( GEOMETRIC_REPRESENTATION_CONTEXT(2) 
PARAMETRIC_REPRESENTATION_CONTEXT() REPRESENTATION_CONTEXT('2D SPACE',''
  ) );
#8290 = PCURVE('',#7907,#8291);
#8291 = DEFINITIONAL_REPRESENTATION('',(#8292),#8296);
#8292 = LINE('',#8293,#8294);
#8293 = CARTESIAN_POINT('',(0.,0.));
#8294 = VECTOR('',#8295,1.);
#8295 = DIRECTION('',(0.,-1.));
#8296 = ( GEOMETRIC_REPRESENTATION_CONTEXT(2) 
PARAMETRIC_REPRESENTATION_CONTEXT() REPRESENTATION_CONTEXT('2D SPACE',''
  ) );
#8297 = ORIENTED_EDGE('',*,*,#8252,.T.);
#8298 = ORIENTED_EDGE('',*,*,#8085,.F.);
#8299 = ORIENTED_EDGE('',*,*,#7862,.F.);
#8300 = ADVANCED_FACE('',(#8301),#7907,.F.);
#8301 = FACE_BOUND('',#8302,.F.);
#8302 = EDGE_LOOP('',(#8303,#8304,#8305,#8326));
#8303 = ORIENTED_EDGE('',*,*,#8277,.T.);
#8304 = ORIENTED_EDGE('',*,*,#8229,.T.);
#8305 = ORIENTED_EDGE('',*,*,#8306,.F.);
#8306 = EDGE_CURVE('',#7892,#8206,#8307,.T.);
#8307 = SURFACE_CURVE('',#8308,(#8312,#8319),.PCURVE_S1.);
#8308 = LINE('',#8309,#8310);
#8309 = CARTESIAN_POINT('',(157.5,139.99999998147,0.));
#8310 = VECTOR('',#8311,1.);
#8311 = DIRECTION('',(0.,0.,1.));
#8312 = PCURVE('',#7907,#8313);
#8313 = DEFINITIONAL_REPRESENTATION('',(#8314),#8318);
#8314 = LINE('',#8315,#8316);
#8315 = CARTESIAN_POINT('',(315.,0.));
#8316 = VECTOR('',#8317,1.);
#8317 = DIRECTION('',(0.,-1.));
#8318 = ( GEOMETRIC_REPRESENTATION_CONTEXT(2) 
PARAMETRIC_REPRESENTATION_CONTEXT() REPRESENTATION_CONTEXT('2D SPACE',''
  ) );
#8319 = PCURVE('',#7936,#8320);
#8320 = DEFINITIONAL_REPRESENTATION('',(#8321),#8325);
#8321 = LINE('',#8322,#8323);
#8322 = CARTESIAN_POINT('',(-1.570796326795,0.));
#8323 = VECTOR('',#8324,1.);
#8324 = DIRECTION('',(-0.,-1.));
#8325 = ( GEOMETRIC_REPRESENTATION_CONTEXT(2) 
PARAMETRIC_REPRESENTATION_CONTEXT() REPRESENTATION_CONTEXT('2D SPACE',''
  ) );
#8326 = ORIENTED_EDGE('',*,*,#7891,.F.);
#8327 = ADVANCED_FACE('',(#8328),#7936,.F.);
#8328 = FACE_BOUND('',#8329,.T.);
#8329 = EDGE_LOOP('',(#8330,#8351,#8352,#8353));
#8330 = ORIENTED_EDGE('',*,*,#8331,.T.);
#8331 = EDGE_CURVE('',#7920,#8183,#8332,.T.);
#8332 = SURFACE_CURVE('',#8333,(#8337,#8344),.PCURVE_S1.);
#8333 = LINE('',#8334,#8335);
#8334 = CARTESIAN_POINT('',(170.,127.49999996295,0.));
#8335 = VECTOR('',#8336,1.);
#8336 = DIRECTION('',(0.,0.,1.));
#8337 = PCURVE('',#7936,#8338);
#8338 = DEFINITIONAL_REPRESENTATION('',(#8339),#8343);
#8339 = LINE('',#8340,#8341);
#8340 = CARTESIAN_POINT('',(-0.,0.));
#8341 = VECTOR('',#8342,1.);
#8342 = DIRECTION('',(-0.,-1.));
#8343 = ( GEOMETRIC_REPRESENTATION_CONTEXT(2) 
PARAMETRIC_REPRESENTATION_CONTEXT() REPRESENTATION_CONTEXT('2D SPACE',''
  ) );
#8344 = PCURVE('',#7964,#8345);
#8345 = DEFINITIONAL_REPRESENTATION('',(#8346),#8350);
#8346 = LINE('',#8347,#8348);
#8347 = CARTESIAN_POINT('',(254.99999996295,0.));
#8348 = VECTOR('',#8349,1.);
#8349 = DIRECTION('',(0.,-1.));
#8350 = ( GEOMETRIC_REPRESENTATION_CONTEXT(2) 
PARAMETRIC_REPRESENTATION_CONTEXT() REPRESENTATION_CONTEXT('2D SPACE',''
  ) );
#8351 = ORIENTED_EDGE('',*,*,#8205,.T.);
#8352 = ORIENTED_EDGE('',*,*,#8306,.F.);
#8353 = ORIENTED_EDGE('',*,*,#7919,.F.);
#8354 = ADVANCED_FACE('',(#8355),#7964,.T.);
#8355 = FACE_BOUND('',#8356,.T.);
#8356 = EDGE_LOOP('',(#8357,#8378,#8379,#8380));
#8357 = ORIENTED_EDGE('',*,*,#8358,.T.);
#8358 = EDGE_CURVE('',#7949,#8159,#8359,.T.);
#8359 = SURFACE_CURVE('',#8360,(#8364,#8371),.PCURVE_S1.);
#8360 = LINE('',#8361,#8362);
#8361 = CARTESIAN_POINT('',(170.,-127.5,0.));
#8362 = VECTOR('',#8363,1.);
#8363 = DIRECTION('',(0.,0.,1.));
#8364 = PCURVE('',#7964,#8365);
#8365 = DEFINITIONAL_REPRESENTATION('',(#8366),#8370);
#8366 = LINE('',#8367,#8368);
#8367 = CARTESIAN_POINT('',(0.,0.));
#8368 = VECTOR('',#8369,1.);
#8369 = DIRECTION('',(0.,-1.));
#8370 = ( GEOMETRIC_REPRESENTATION_CONTEXT(2) 
PARAMETRIC_REPRESENTATION_CONTEXT() REPRESENTATION_CONTEXT('2D SPACE',''
  ) );
#8371 = PCURVE('',#7993,#8372);
#8372 = DEFINITIONAL_REPRESENTATION('',(#8373),#8377);
#8373 = LINE('',#8374,#8375);
#8374 = CARTESIAN_POINT('',(-6.28318530718,0.));
#8375 = VECTOR('',#8376,1.);
#8376 = DIRECTION('',(-0.,-1.));
#8377 = ( GEOMETRIC_REPRESENTATION_CONTEXT(2) 
PARAMETRIC_REPRESENTATION_CONTEXT() REPRESENTATION_CONTEXT('2D SPACE',''
  ) );
#8378 = ORIENTED_EDGE('',*,*,#8182,.T.);
#8379 = ORIENTED_EDGE('',*,*,#8331,.F.);
#8380 = ORIENTED_EDGE('',*,*,#7948,.F.);
#8381 = ADVANCED_FACE('',(#8382),#7993,.F.);
#8382 = FACE_BOUND('',#8383,.T.);
#8383 = EDGE_LOOP('',(#8384,#8405,#8406,#8407));
#8384 = ORIENTED_EDGE('',*,*,#8385,.T.);
#8385 = EDGE_CURVE('',#7977,#8136,#8386,.T.);
#8386 = SURFACE_CURVE('',#8387,(#8391,#8398),.PCURVE_S1.);
#8387 = LINE('',#8388,#8389);
#8388 = CARTESIAN_POINT('',(157.5,-140.,0.));
#8389 = VECTOR('',#8390,1.);
#8390 = DIRECTION('',(0.,0.,1.));
#8391 = PCURVE('',#7993,#8392);
#8392 = DEFINITIONAL_REPRESENTATION('',(#8393),#8397);
#8393 = LINE('',#8394,#8395);
#8394 = CARTESIAN_POINT('',(-4.712388980385,0.));
#8395 = VECTOR('',#8396,1.);
#8396 = DIRECTION('',(-0.,-1.));
#8397 = ( GEOMETRIC_REPRESENTATION_CONTEXT(2) 
PARAMETRIC_REPRESENTATION_CONTEXT() REPRESENTATION_CONTEXT('2D SPACE',''
  ) );
#8398 = PCURVE('',#8019,#8399);
#8399 = DEFINITIONAL_REPRESENTATION('',(#8400),#8404);
#8400 = LINE('',#8401,#8402);
#8401 = CARTESIAN_POINT('',(315.,0.));
#8402 = VECTOR('',#8403,1.);
#8403 = DIRECTION('',(0.,-1.));
#8404 = ( GEOMETRIC_REPRESENTATION_CONTEXT(2) 
PARAMETRIC_REPRESENTATION_CONTEXT() REPRESENTATION_CONTEXT('2D SPACE',''
  ) );
#8405 = ORIENTED_EDGE('',*,*,#8158,.T.);
#8406 = ORIENTED_EDGE('',*,*,#8358,.F.);
#8407 = ORIENTED_EDGE('',*,*,#7976,.F.);
#8408 = ADVANCED_FACE('',(#8409),#8019,.T.);
#8409 = FACE_BOUND('',#8410,.T.);
#8410 = EDGE_LOOP('',(#8411,#8432,#8433,#8434));
#8411 = ORIENTED_EDGE('',*,*,#8412,.T.);
#8412 = EDGE_CURVE('',#7806,#8112,#8413,.T.);
#8413 = SURFACE_CURVE('',#8414,(#8418,#8425),.PCURVE_S1.);
#8414 = LINE('',#8415,#8416);
#8415 = CARTESIAN_POINT('',(-157.5,-140.,0.));
#8416 = VECTOR('',#8417,1.);
#8417 = DIRECTION('',(0.,0.,1.));
#8418 = PCURVE('',#8019,#8419);
#8419 = DEFINITIONAL_REPRESENTATION('',(#8420),#8424);
#8420 = LINE('',#8421,#8422);
#8421 = CARTESIAN_POINT('',(0.,0.));
#8422 = VECTOR('',#8423,1.);
#8423 = DIRECTION('',(0.,-1.));
#8424 = ( GEOMETRIC_REPRESENTATION_CONTEXT(2) 
PARAMETRIC_REPRESENTATION_CONTEXT() REPRESENTATION_CONTEXT('2D SPACE',''
  ) );
#8425 = PCURVE('',#7822,#8426);
#8426 = DEFINITIONAL_REPRESENTATION('',(#8427),#8431);
#8427 = LINE('',#8428,#8429);
#8428 = CARTESIAN_POINT('',(-4.712388980385,0.));
#8429 = VECTOR('',#8430,1.);
#8430 = DIRECTION('',(-0.,-1.));
#8431 = ( GEOMETRIC_REPRESENTATION_CONTEXT(2) 
PARAMETRIC_REPRESENTATION_CONTEXT() REPRESENTATION_CONTEXT('2D SPACE',''
  ) );
#8432 = ORIENTED_EDGE('',*,*,#8135,.T.);
#8433 = ORIENTED_EDGE('',*,*,#8385,.F.);
#8434 = ORIENTED_EDGE('',*,*,#8005,.F.);
#8435 = ADVANCED_FACE('',(#8436),#7822,.F.);
#8436 = FACE_BOUND('',#8437,.T.);
#8437 = EDGE_LOOP('',(#8438,#8439,#8440,#8441));
#8438 = ORIENTED_EDGE('',*,*,#8034,.T.);
#8439 = ORIENTED_EDGE('',*,*,#8111,.T.);
#8440 = ORIENTED_EDGE('',*,*,#8412,.F.);
#8441 = ORIENTED_EDGE('',*,*,#7803,.F.);
#8442 = ADVANCED_FACE('',(#8443),#7406,.T.);
#8443 = FACE_BOUND('',#8444,.F.);
#8444 = EDGE_LOOP('',(#8445,#8466,#8467,#8468));
#8445 = ORIENTED_EDGE('',*,*,#8446,.T.);
#8446 = EDGE_CURVE('',#7757,#7390,#8447,.T.);
#8447 = SURFACE_CURVE('',#8448,(#8452,#8459),.PCURVE_S1.);
#8448 = LINE('',#8449,#8450);
#8449 = CARTESIAN_POINT('',(-157.5,141.29999998273,0.));
#8450 = VECTOR('',#8451,1.);
#8451 = DIRECTION('',(0.,0.,1.));
#8452 = PCURVE('',#7406,#8453);
#8453 = DEFINITIONAL_REPRESENTATION('',(#8454),#8458);
#8454 = LINE('',#8455,#8456);
#8455 = CARTESIAN_POINT('',(-1.570796326795,0.));
#8456 = VECTOR('',#8457,1.);
#8457 = DIRECTION('',(-0.,-1.));
#8458 = ( GEOMETRIC_REPRESENTATION_CONTEXT(2) 
PARAMETRIC_REPRESENTATION_CONTEXT() REPRESENTATION_CONTEXT('2D SPACE',''
  ) );
#8459 = PCURVE('',#7434,#8460);
#8460 = DEFINITIONAL_REPRESENTATION('',(#8461),#8465);
#8461 = LINE('',#8462,#8463);
#8462 = CARTESIAN_POINT('',(0.,0.));
#8463 = VECTOR('',#8464,1.);
#8464 = DIRECTION('',(0.,-1.));
#8465 = ( GEOMETRIC_REPRESENTATION_CONTEXT(2) 
PARAMETRIC_REPRESENTATION_CONTEXT() REPRESENTATION_CONTEXT('2D SPACE',''
  ) );
#8466 = ORIENTED_EDGE('',*,*,#7389,.T.);
#8467 = ORIENTED_EDGE('',*,*,#7585,.F.);
#8468 = ORIENTED_EDGE('',*,*,#7779,.F.);
#8469 = ADVANCED_FACE('',(#8470),#7434,.T.);
#8470 = FACE_BOUND('',#8471,.T.);
#8471 = EDGE_LOOP('',(#8472,#8473,#8474,#8495));
#8472 = ORIENTED_EDGE('',*,*,#8446,.T.);
#8473 = ORIENTED_EDGE('',*,*,#7418,.T.);
#8474 = ORIENTED_EDGE('',*,*,#8475,.F.);
#8475 = EDGE_CURVE('',#7733,#7419,#8476,.T.);
#8476 = SURFACE_CURVE('',#8477,(#8481,#8488),.PCURVE_S1.);
#8477 = LINE('',#8478,#8479);
#8478 = CARTESIAN_POINT('',(157.5,141.29999998273,0.));
#8479 = VECTOR('',#8480,1.);
#8480 = DIRECTION('',(0.,0.,1.));
#8481 = PCURVE('',#7434,#8482);
#8482 = DEFINITIONAL_REPRESENTATION('',(#8483),#8487);
#8483 = LINE('',#8484,#8485);
#8484 = CARTESIAN_POINT('',(315.,0.));
#8485 = VECTOR('',#8486,1.);
#8486 = DIRECTION('',(0.,-1.));
#8487 = ( GEOMETRIC_REPRESENTATION_CONTEXT(2) 
PARAMETRIC_REPRESENTATION_CONTEXT() REPRESENTATION_CONTEXT('2D SPACE',''
  ) );
#8488 = PCURVE('',#7463,#8489);
#8489 = DEFINITIONAL_REPRESENTATION('',(#8490),#8494);
#8490 = LINE('',#8491,#8492);
#8491 = CARTESIAN_POINT('',(-1.570796326795,0.));
#8492 = VECTOR('',#8493,1.);
#8493 = DIRECTION('',(-0.,-1.));
#8494 = ( GEOMETRIC_REPRESENTATION_CONTEXT(2) 
PARAMETRIC_REPRESENTATION_CONTEXT() REPRESENTATION_CONTEXT('2D SPACE',''
  ) );
#8495 = ORIENTED_EDGE('',*,*,#7756,.F.);
#8496 = ADVANCED_FACE('',(#8497),#7463,.T.);
#8497 = FACE_BOUND('',#8498,.F.);
#8498 = EDGE_LOOP('',(#8499,#8520,#8521,#8522));
#8499 = ORIENTED_EDGE('',*,*,#8500,.T.);
#8500 = EDGE_CURVE('',#7710,#7447,#8501,.T.);
#8501 = SURFACE_CURVE('',#8502,(#8506,#8513),.PCURVE_S1.);
#8502 = LINE('',#8503,#8504);
#8503 = CARTESIAN_POINT('',(171.3,127.49999996545,0.));
#8504 = VECTOR('',#8505,1.);
#8505 = DIRECTION('',(0.,0.,1.));
#8506 = PCURVE('',#7463,#8507);
#8507 = DEFINITIONAL_REPRESENTATION('',(#8508),#8512);
#8508 = LINE('',#8509,#8510);
#8509 = CARTESIAN_POINT('',(-0.,0.));
#8510 = VECTOR('',#8511,1.);
#8511 = DIRECTION('',(-0.,-1.));
#8512 = ( GEOMETRIC_REPRESENTATION_CONTEXT(2) 
PARAMETRIC_REPRESENTATION_CONTEXT() REPRESENTATION_CONTEXT('2D SPACE',''
  ) );
#8513 = PCURVE('',#7491,#8514);
#8514 = DEFINITIONAL_REPRESENTATION('',(#8515),#8519);
#8515 = LINE('',#8516,#8517);
#8516 = CARTESIAN_POINT('',(254.99999996546,0.));
#8517 = VECTOR('',#8518,1.);
#8518 = DIRECTION('',(0.,-1.));
#8519 = ( GEOMETRIC_REPRESENTATION_CONTEXT(2) 
PARAMETRIC_REPRESENTATION_CONTEXT() REPRESENTATION_CONTEXT('2D SPACE',''
  ) );
#8520 = ORIENTED_EDGE('',*,*,#7446,.T.);
#8521 = ORIENTED_EDGE('',*,*,#8475,.F.);
#8522 = ORIENTED_EDGE('',*,*,#7732,.F.);
#8523 = ADVANCED_FACE('',(#8524),#7491,.F.);
#8524 = FACE_BOUND('',#8525,.F.);
#8525 = EDGE_LOOP('',(#8526,#8547,#8548,#8549));
#8526 = ORIENTED_EDGE('',*,*,#8527,.T.);
#8527 = EDGE_CURVE('',#7686,#7476,#8528,.T.);
#8528 = SURFACE_CURVE('',#8529,(#8533,#8540),.PCURVE_S1.);
#8529 = LINE('',#8530,#8531);
#8530 = CARTESIAN_POINT('',(171.3,-127.5,0.));
#8531 = VECTOR('',#8532,1.);
#8532 = DIRECTION('',(0.,0.,1.));
#8533 = PCURVE('',#7491,#8534);
#8534 = DEFINITIONAL_REPRESENTATION('',(#8535),#8539);
#8535 = LINE('',#8536,#8537);
#8536 = CARTESIAN_POINT('',(0.,0.));
#8537 = VECTOR('',#8538,1.);
#8538 = DIRECTION('',(0.,-1.));
#8539 = ( GEOMETRIC_REPRESENTATION_CONTEXT(2) 
PARAMETRIC_REPRESENTATION_CONTEXT() REPRESENTATION_CONTEXT('2D SPACE',''
  ) );
#8540 = PCURVE('',#7520,#8541);
#8541 = DEFINITIONAL_REPRESENTATION('',(#8542),#8546);
#8542 = LINE('',#8543,#8544);
#8543 = CARTESIAN_POINT('',(-6.28318530718,0.));
#8544 = VECTOR('',#8545,1.);
#8545 = DIRECTION('',(-0.,-1.));
#8546 = ( GEOMETRIC_REPRESENTATION_CONTEXT(2) 
PARAMETRIC_REPRESENTATION_CONTEXT() REPRESENTATION_CONTEXT('2D SPACE',''
  ) );
#8547 = ORIENTED_EDGE('',*,*,#7475,.T.);
#8548 = ORIENTED_EDGE('',*,*,#8500,.F.);
#8549 = ORIENTED_EDGE('',*,*,#7709,.F.);
#8550 = ADVANCED_FACE('',(#8551),#7520,.T.);
#8551 = FACE_BOUND('',#8552,.F.);
#8552 = EDGE_LOOP('',(#8553,#8574,#8575,#8576));
#8553 = ORIENTED_EDGE('',*,*,#8554,.T.);
#8554 = EDGE_CURVE('',#7663,#7504,#8555,.T.);
#8555 = SURFACE_CURVE('',#8556,(#8560,#8567),.PCURVE_S1.);
#8556 = LINE('',#8557,#8558);
#8557 = CARTESIAN_POINT('',(157.5,-141.3,0.));
#8558 = VECTOR('',#8559,1.);
#8559 = DIRECTION('',(0.,0.,1.));
#8560 = PCURVE('',#7520,#8561);
#8561 = DEFINITIONAL_REPRESENTATION('',(#8562),#8566);
#8562 = LINE('',#8563,#8564);
#8563 = CARTESIAN_POINT('',(-4.712388980385,0.));
#8564 = VECTOR('',#8565,1.);
#8565 = DIRECTION('',(-0.,-1.));
#8566 = ( GEOMETRIC_REPRESENTATION_CONTEXT(2) 
PARAMETRIC_REPRESENTATION_CONTEXT() REPRESENTATION_CONTEXT('2D SPACE',''
  ) );
#8567 = PCURVE('',#7546,#8568);
#8568 = DEFINITIONAL_REPRESENTATION('',(#8569),#8573);
#8569 = LINE('',#8570,#8571);
#8570 = CARTESIAN_POINT('',(315.,0.));
#8571 = VECTOR('',#8572,1.);
#8572 = DIRECTION('',(0.,-1.));
#8573 = ( GEOMETRIC_REPRESENTATION_CONTEXT(2) 
PARAMETRIC_REPRESENTATION_CONTEXT() REPRESENTATION_CONTEXT('2D SPACE',''
  ) );
#8574 = ORIENTED_EDGE('',*,*,#7503,.T.);
#8575 = ORIENTED_EDGE('',*,*,#8527,.F.);
#8576 = ORIENTED_EDGE('',*,*,#7685,.F.);
#8577 = ADVANCED_FACE('',(#8578),#7546,.F.);
#8578 = FACE_BOUND('',#8579,.F.);
#8579 = EDGE_LOOP('',(#8580,#8601,#8602,#8603));
#8580 = ORIENTED_EDGE('',*,*,#8581,.T.);
#8581 = EDGE_CURVE('',#7639,#7333,#8582,.T.);
#8582 = SURFACE_CURVE('',#8583,(#8587,#8594),.PCURVE_S1.);
#8583 = LINE('',#8584,#8585);
#8584 = CARTESIAN_POINT('',(-157.5,-141.3,0.));
#8585 = VECTOR('',#8586,1.);
#8586 = DIRECTION('',(0.,0.,1.));
#8587 = PCURVE('',#7546,#8588);
#8588 = DEFINITIONAL_REPRESENTATION('',(#8589),#8593);
#8589 = LINE('',#8590,#8591);
#8590 = CARTESIAN_POINT('',(0.,0.));
#8591 = VECTOR('',#8592,1.);
#8592 = DIRECTION('',(0.,-1.));
#8593 = ( GEOMETRIC_REPRESENTATION_CONTEXT(2) 
PARAMETRIC_REPRESENTATION_CONTEXT() REPRESENTATION_CONTEXT('2D SPACE',''
  ) );
#8594 = PCURVE('',#7349,#8595);
#8595 = DEFINITIONAL_REPRESENTATION('',(#8596),#8600);
#8596 = LINE('',#8597,#8598);
#8597 = CARTESIAN_POINT('',(-4.712388980385,0.));
#8598 = VECTOR('',#8599,1.);
#8599 = DIRECTION('',(-0.,-1.));
#8600 = ( GEOMETRIC_REPRESENTATION_CONTEXT(2) 
PARAMETRIC_REPRESENTATION_CONTEXT() REPRESENTATION_CONTEXT('2D SPACE',''
  ) );
#8601 = ORIENTED_EDGE('',*,*,#7532,.T.);
#8602 = ORIENTED_EDGE('',*,*,#8554,.F.);
#8603 = ORIENTED_EDGE('',*,*,#7662,.F.);
#8604 = ADVANCED_FACE('',(#8605),#7349,.T.);
#8605 = FACE_BOUND('',#8606,.F.);
#8606 = EDGE_LOOP('',(#8607,#8608,#8609,#8610));
#8607 = ORIENTED_EDGE('',*,*,#7561,.T.);
#8608 = ORIENTED_EDGE('',*,*,#7330,.T.);
#8609 = ORIENTED_EDGE('',*,*,#8581,.F.);
#8610 = ORIENTED_EDGE('',*,*,#7638,.F.);
#8611 = ADVANCED_FACE('',(#8612),#100,.T.);
#8612 = FACE_BOUND('',#8613,.F.);
#8613 = EDGE_LOOP('',(#8614,#8615,#8616,#8617));
#8614 = ORIENTED_EDGE('',*,*,#7180,.T.);
#8615 = ORIENTED_EDGE('',*,*,#308,.T.);
#8616 = ORIENTED_EDGE('',*,*,#84,.F.);
#8617 = ORIENTED_EDGE('',*,*,#7306,.F.);
#8618 = ADVANCED_FACE('',(#8619),#44,.T.);
#8619 = FACE_BOUND('',#8620,.F.);
#8620 = EDGE_LOOP('',(#8621,#8622,#8623,#8624));
#8621 = ORIENTED_EDGE('',*,*,#21,.T.);
#8622 = ORIENTED_EDGE('',*,*,#142,.T.);
#8623 = ORIENTED_EDGE('',*,*,#7229,.F.);
#8624 = ORIENTED_EDGE('',*,*,#7279,.F.);
#8625 = MANIFOLD_SOLID_BREP('',#8626);
#8626 = CLOSED_SHELL('',(#8627,#8745,#8821,#8892,#8919,#8946));
#8627 = ADVANCED_FACE('',(#8628),#8642,.F.);
#8628 = FACE_BOUND('',#8629,.F.);
#8629 = EDGE_LOOP('',(#8630,#8665,#8691,#8719));
#8630 = ORIENTED_EDGE('',*,*,#8631,.F.);
#8631 = EDGE_CURVE('',#8632,#8634,#8636,.T.);
#8632 = VERTEX_POINT('',#8633);
#8633 = CARTESIAN_POINT('',(-121.5,-140.,33.30434372436));
#8634 = VERTEX_POINT('',#8635);
#8635 = CARTESIAN_POINT('',(-121.5,-140.,37.));
#8636 = SURFACE_CURVE('',#8637,(#8641,#8653),.PCURVE_S1.);
#8637 = LINE('',#8638,#8639);
#8638 = CARTESIAN_POINT('',(-121.5,-140.,23.));
#8639 = VECTOR('',#8640,1.);
#8640 = DIRECTION('',(0.,0.,1.));
#8641 = PCURVE('',#8642,#8647);
#8642 = PLANE('',#8643);
#8643 = AXIS2_PLACEMENT_3D('',#8644,#8645,#8646);
#8644 = CARTESIAN_POINT('',(-145.5,-140.,23.));
#8645 = DIRECTION('',(-0.,1.,0.));
#8646 = DIRECTION('',(0.,0.,1.));
#8647 = DEFINITIONAL_REPRESENTATION('',(#8648),#8652);
#8648 = LINE('',#8649,#8650);
#8649 = CARTESIAN_POINT('',(0.,24.));
#8650 = VECTOR('',#8651,1.);
#8651 = DIRECTION('',(1.,0.));
#8652 = ( GEOMETRIC_REPRESENTATION_CONTEXT(2) 
PARAMETRIC_REPRESENTATION_CONTEXT() REPRESENTATION_CONTEXT('2D SPACE',''
  ) );
#8653 = PCURVE('',#8654,#8659);
#8654 = PLANE('',#8655);
#8655 = AXIS2_PLACEMENT_3D('',#8656,#8657,#8658);
#8656 = CARTESIAN_POINT('',(-121.5,-140.,23.));
#8657 = DIRECTION('',(1.,0.,-0.));
#8658 = DIRECTION('',(0.,0.,1.));
#8659 = DEFINITIONAL_REPRESENTATION('',(#8660),#8664);
#8660 = LINE('',#8661,#8662);
#8661 = CARTESIAN_POINT('',(0.,0.));
#8662 = VECTOR('',#8663,1.);
#8663 = DIRECTION('',(1.,0.));
#8664 = ( GEOMETRIC_REPRESENTATION_CONTEXT(2) 
PARAMETRIC_REPRESENTATION_CONTEXT() REPRESENTATION_CONTEXT('2D SPACE',''
  ) );
#8665 = ORIENTED_EDGE('',*,*,#8666,.F.);
#8666 = EDGE_CURVE('',#8667,#8632,#8669,.T.);
#8667 = VERTEX_POINT('',#8668);
#8668 = CARTESIAN_POINT('',(-145.5,-140.,33.30434372436));
#8669 = SURFACE_CURVE('',#8670,(#8674,#8680),.PCURVE_S1.);
#8670 = LINE('',#8671,#8672);
#8671 = CARTESIAN_POINT('',(-147.5,-140.,33.304343724361));
#8672 = VECTOR('',#8673,1.);
#8673 = DIRECTION('',(1.,0.,2.22044604925E-16));
#8674 = PCURVE('',#8642,#8675);
#8675 = DEFINITIONAL_REPRESENTATION('',(#8676),#8679);
#8676 = B_SPLINE_CURVE_WITH_KNOTS('',1,(#8677,#8678),.UNSPECIFIED.,.F.,
  .F.,(2,2),(-5.999999928008E-07,28.0000006),.PIECEWISE_BEZIER_KNOTS.);
#8677 = CARTESIAN_POINT('',(10.304343724361,-2.0000006));
#8678 = CARTESIAN_POINT('',(10.304343724361,26.0000006));
#8679 = ( GEOMETRIC_REPRESENTATION_CONTEXT(2) 
PARAMETRIC_REPRESENTATION_CONTEXT() REPRESENTATION_CONTEXT('2D SPACE',''
  ) );
#8680 = PCURVE('',#8681,#8686);
#8681 = CYLINDRICAL_SURFACE('',#8682,3.4);
#8682 = AXIS2_PLACEMENT_3D('',#8683,#8684,#8685);
#8683 = CARTESIAN_POINT('',(-147.5,-137.5,31.));
#8684 = DIRECTION('',(1.,0.,2.22044604925E-16));
#8685 = DIRECTION('',(2.22044604925E-16,0.,-1.));
#8686 = DEFINITIONAL_REPRESENTATION('',(#8687),#8690);
#8687 = B_SPLINE_CURVE_WITH_KNOTS('',1,(#8688,#8689),.UNSPECIFIED.,.F.,
  .F.,(2,2),(-5.999999928008E-07,28.0000006),.PIECEWISE_BEZIER_KNOTS.);
#8688 = CARTESIAN_POINT('',(3.967693195517,-5.999999922891E-07));
#8689 = CARTESIAN_POINT('',(3.967693195517,28.0000006));
#8690 = ( GEOMETRIC_REPRESENTATION_CONTEXT(2) 
PARAMETRIC_REPRESENTATION_CONTEXT() REPRESENTATION_CONTEXT('2D SPACE',''
  ) );
#8691 = ORIENTED_EDGE('',*,*,#8692,.T.);
#8692 = EDGE_CURVE('',#8667,#8693,#8695,.T.);
#8693 = VERTEX_POINT('',#8694);
#8694 = CARTESIAN_POINT('',(-145.5,-140.,37.));
#8695 = SURFACE_CURVE('',#8696,(#8700,#8707),.PCURVE_S1.);
#8696 = LINE('',#8697,#8698);
#8697 = CARTESIAN_POINT('',(-145.5,-140.,23.));
#8698 = VECTOR('',#8699,1.);
#8699 = DIRECTION('',(0.,0.,1.));
#8700 = PCURVE('',#8642,#8701);
#8701 = DEFINITIONAL_REPRESENTATION('',(#8702),#8706);
#8702 = LINE('',#8703,#8704);
#8703 = CARTESIAN_POINT('',(0.,0.));
#8704 = VECTOR('',#8705,1.);
#8705 = DIRECTION('',(1.,0.));
#8706 = ( GEOMETRIC_REPRESENTATION_CONTEXT(2) 
PARAMETRIC_REPRESENTATION_CONTEXT() REPRESENTATION_CONTEXT('2D SPACE',''
  ) );
#8707 = PCURVE('',#8708,#8713);
#8708 = PLANE('',#8709);
#8709 = AXIS2_PLACEMENT_3D('',#8710,#8711,#8712);
#8710 = CARTESIAN_POINT('',(-145.5,-140.,23.));
#8711 = DIRECTION('',(1.,0.,-0.));
#8712 = DIRECTION('',(0.,0.,1.));
#8713 = DEFINITIONAL_REPRESENTATION('',(#8714),#8718);
#8714 = LINE('',#8715,#8716);
#8715 = CARTESIAN_POINT('',(0.,0.));
#8716 = VECTOR('',#8717,1.);
#8717 = DIRECTION('',(1.,0.));
#8718 = ( GEOMETRIC_REPRESENTATION_CONTEXT(2) 
PARAMETRIC_REPRESENTATION_CONTEXT() REPRESENTATION_CONTEXT('2D SPACE',''
  ) );
#8719 = ORIENTED_EDGE('',*,*,#8720,.T.);
#8720 = EDGE_CURVE('',#8693,#8634,#8721,.T.);
#8721 = SURFACE_CURVE('',#8722,(#8726,#8733),.PCURVE_S1.);
#8722 = LINE('',#8723,#8724);
#8723 = CARTESIAN_POINT('',(-145.5,-140.,37.));
#8724 = VECTOR('',#8725,1.);
#8725 = DIRECTION('',(1.,0.,-0.));
#8726 = PCURVE('',#8642,#8727);
#8727 = DEFINITIONAL_REPRESENTATION('',(#8728),#8732);
#8728 = LINE('',#8729,#8730);
#8729 = CARTESIAN_POINT('',(14.,0.));
#8730 = VECTOR('',#8731,1.);
#8731 = DIRECTION('',(0.,1.));
#8732 = ( GEOMETRIC_REPRESENTATION_CONTEXT(2) 
PARAMETRIC_REPRESENTATION_CONTEXT() REPRESENTATION_CONTEXT('2D SPACE',''
  ) );
#8733 = PCURVE('',#8734,#8739);
#8734 = PLANE('',#8735);
#8735 = AXIS2_PLACEMENT_3D('',#8736,#8737,#8738);
#8736 = CARTESIAN_POINT('',(-145.5,-140.,37.));
#8737 = DIRECTION('',(0.,0.,1.));
#8738 = DIRECTION('',(1.,0.,-0.));
#8739 = DEFINITIONAL_REPRESENTATION('',(#8740),#8744);
#8740 = LINE('',#8741,#8742);
#8741 = CARTESIAN_POINT('',(0.,0.));
#8742 = VECTOR('',#8743,1.);
#8743 = DIRECTION('',(1.,0.));
#8744 = ( GEOMETRIC_REPRESENTATION_CONTEXT(2) 
PARAMETRIC_REPRESENTATION_CONTEXT() REPRESENTATION_CONTEXT('2D SPACE',''
  ) );
#8745 = ADVANCED_FACE('',(#8746),#8681,.F.);
#8746 = FACE_BOUND('',#8747,.F.);
#8747 = EDGE_LOOP('',(#8748,#8772,#8773,#8797));
#8748 = ORIENTED_EDGE('',*,*,#8749,.T.);
#8749 = EDGE_CURVE('',#8750,#8667,#8752,.T.);
#8750 = VERTEX_POINT('',#8751);
#8751 = CARTESIAN_POINT('',(-145.5,-135.,33.30434372436));
#8752 = SURFACE_CURVE('',#8753,(#8758,#8765),.PCURVE_S1.);
#8753 = CIRCLE('',#8754,3.4);
#8754 = AXIS2_PLACEMENT_3D('',#8755,#8756,#8757);
#8755 = CARTESIAN_POINT('',(-145.5,-137.5,31.));
#8756 = DIRECTION('',(1.,0.,2.22044604925E-16));
#8757 = DIRECTION('',(2.22044604925E-16,0.,-1.));
#8758 = PCURVE('',#8681,#8759);
#8759 = DEFINITIONAL_REPRESENTATION('',(#8760),#8764);
#8760 = LINE('',#8761,#8762);
#8761 = CARTESIAN_POINT('',(0.,2.));
#8762 = VECTOR('',#8763,1.);
#8763 = DIRECTION('',(1.,0.));
#8764 = ( GEOMETRIC_REPRESENTATION_CONTEXT(2) 
PARAMETRIC_REPRESENTATION_CONTEXT() REPRESENTATION_CONTEXT('2D SPACE',''
  ) );
#8765 = PCURVE('',#8708,#8766);
#8766 = DEFINITIONAL_REPRESENTATION('',(#8767),#8771);
#8767 = CIRCLE('',#8768,3.4);
#8768 = AXIS2_PLACEMENT_2D('',#8769,#8770);
#8769 = CARTESIAN_POINT('',(8.,-2.5));
#8770 = DIRECTION('',(-1.,0.));
#8771 = ( GEOMETRIC_REPRESENTATION_CONTEXT(2) 
PARAMETRIC_REPRESENTATION_CONTEXT() REPRESENTATION_CONTEXT('2D SPACE',''
  ) );
#8772 = ORIENTED_EDGE('',*,*,#8666,.T.);
#8773 = ORIENTED_EDGE('',*,*,#8774,.F.);
#8774 = EDGE_CURVE('',#8775,#8632,#8777,.T.);
#8775 = VERTEX_POINT('',#8776);
#8776 = CARTESIAN_POINT('',(-121.5,-135.,33.30434372436));
#8777 = SURFACE_CURVE('',#8778,(#8783,#8790),.PCURVE_S1.);
#8778 = CIRCLE('',#8779,3.4);
#8779 = AXIS2_PLACEMENT_3D('',#8780,#8781,#8782);
#8780 = CARTESIAN_POINT('',(-121.5,-137.5,31.));
#8781 = DIRECTION('',(1.,0.,2.22044604925E-16));
#8782 = DIRECTION('',(2.22044604925E-16,0.,-1.));
#8783 = PCURVE('',#8681,#8784);
#8784 = DEFINITIONAL_REPRESENTATION('',(#8785),#8789);
#8785 = LINE('',#8786,#8787);
#8786 = CARTESIAN_POINT('',(0.,26.));
#8787 = VECTOR('',#8788,1.);
#8788 = DIRECTION('',(1.,0.));
#8789 = ( GEOMETRIC_REPRESENTATION_CONTEXT(2) 
PARAMETRIC_REPRESENTATION_CONTEXT() REPRESENTATION_CONTEXT('2D SPACE',''
  ) );
#8790 = PCURVE('',#8654,#8791);
#8791 = DEFINITIONAL_REPRESENTATION('',(#8792),#8796);
#8792 = CIRCLE('',#8793,3.4);
#8793 = AXIS2_PLACEMENT_2D('',#8794,#8795);
#8794 = CARTESIAN_POINT('',(8.,-2.5));
#8795 = DIRECTION('',(-1.,0.));
#8796 = ( GEOMETRIC_REPRESENTATION_CONTEXT(2) 
PARAMETRIC_REPRESENTATION_CONTEXT() REPRESENTATION_CONTEXT('2D SPACE',''
  ) );
#8797 = ORIENTED_EDGE('',*,*,#8798,.F.);
#8798 = EDGE_CURVE('',#8750,#8775,#8799,.T.);
#8799 = SURFACE_CURVE('',#8800,(#8804,#8810),.PCURVE_S1.);
#8800 = LINE('',#8801,#8802);
#8801 = CARTESIAN_POINT('',(-147.5,-135.,33.304343724361));
#8802 = VECTOR('',#8803,1.);
#8803 = DIRECTION('',(1.,0.,2.22044604925E-16));
#8804 = PCURVE('',#8681,#8805);
#8805 = DEFINITIONAL_REPRESENTATION('',(#8806),#8809);
#8806 = B_SPLINE_CURVE_WITH_KNOTS('',1,(#8807,#8808),.UNSPECIFIED.,.F.,
  .F.,(2,2),(-5.999999928008E-07,28.0000006),.PIECEWISE_BEZIER_KNOTS.);
#8807 = CARTESIAN_POINT('',(2.315492111663,-5.999999922891E-07));
#8808 = CARTESIAN_POINT('',(2.315492111663,28.0000006));
#8809 = ( GEOMETRIC_REPRESENTATION_CONTEXT(2) 
PARAMETRIC_REPRESENTATION_CONTEXT() REPRESENTATION_CONTEXT('2D SPACE',''
  ) );
#8810 = PCURVE('',#8811,#8816);
#8811 = PLANE('',#8812);
#8812 = AXIS2_PLACEMENT_3D('',#8813,#8814,#8815);
#8813 = CARTESIAN_POINT('',(-145.5,-135.,23.));
#8814 = DIRECTION('',(-0.,1.,0.));
#8815 = DIRECTION('',(0.,0.,1.));
#8816 = DEFINITIONAL_REPRESENTATION('',(#8817),#8820);
#8817 = B_SPLINE_CURVE_WITH_KNOTS('',1,(#8818,#8819),.UNSPECIFIED.,.F.,
  .F.,(2,2),(-5.999999928008E-07,28.0000006),.PIECEWISE_BEZIER_KNOTS.);
#8818 = CARTESIAN_POINT('',(10.304343724361,-2.0000006));
#8819 = CARTESIAN_POINT('',(10.304343724361,26.0000006));
#8820 = ( GEOMETRIC_REPRESENTATION_CONTEXT(2) 
PARAMETRIC_REPRESENTATION_CONTEXT() REPRESENTATION_CONTEXT('2D SPACE',''
  ) );
#8821 = ADVANCED_FACE('',(#8822),#8811,.T.);
#8822 = FACE_BOUND('',#8823,.T.);
#8823 = EDGE_LOOP('',(#8824,#8847,#8848,#8871));
#8824 = ORIENTED_EDGE('',*,*,#8825,.F.);
#8825 = EDGE_CURVE('',#8775,#8826,#8828,.T.);
#8826 = VERTEX_POINT('',#8827);
#8827 = CARTESIAN_POINT('',(-121.5,-135.,37.));
#8828 = SURFACE_CURVE('',#8829,(#8833,#8840),.PCURVE_S1.);
#8829 = LINE('',#8830,#8831);
#8830 = CARTESIAN_POINT('',(-121.5,-135.,23.));
#8831 = VECTOR('',#8832,1.);
#8832 = DIRECTION('',(0.,0.,1.));
#8833 = PCURVE('',#8811,#8834);
#8834 = DEFINITIONAL_REPRESENTATION('',(#8835),#8839);
#8835 = LINE('',#8836,#8837);
#8836 = CARTESIAN_POINT('',(0.,24.));
#8837 = VECTOR('',#8838,1.);
#8838 = DIRECTION('',(1.,0.));
#8839 = ( GEOMETRIC_REPRESENTATION_CONTEXT(2) 
PARAMETRIC_REPRESENTATION_CONTEXT() REPRESENTATION_CONTEXT('2D SPACE',''
  ) );
#8840 = PCURVE('',#8654,#8841);
#8841 = DEFINITIONAL_REPRESENTATION('',(#8842),#8846);
#8842 = LINE('',#8843,#8844);
#8843 = CARTESIAN_POINT('',(0.,-5.));
#8844 = VECTOR('',#8845,1.);
#8845 = DIRECTION('',(1.,0.));
#8846 = ( GEOMETRIC_REPRESENTATION_CONTEXT(2) 
PARAMETRIC_REPRESENTATION_CONTEXT() REPRESENTATION_CONTEXT('2D SPACE',''
  ) );
#8847 = ORIENTED_EDGE('',*,*,#8798,.F.);
#8848 = ORIENTED_EDGE('',*,*,#8849,.T.);
#8849 = EDGE_CURVE('',#8750,#8850,#8852,.T.);
#8850 = VERTEX_POINT('',#8851);
#8851 = CARTESIAN_POINT('',(-145.5,-135.,37.));
#8852 = SURFACE_CURVE('',#8853,(#8857,#8864),.PCURVE_S1.);
#8853 = LINE('',#8854,#8855);
#8854 = CARTESIAN_POINT('',(-145.5,-135.,23.));
#8855 = VECTOR('',#8856,1.);
#8856 = DIRECTION('',(0.,0.,1.));
#8857 = PCURVE('',#8811,#8858);
#8858 = DEFINITIONAL_REPRESENTATION('',(#8859),#8863);
#8859 = LINE('',#8860,#8861);
#8860 = CARTESIAN_POINT('',(0.,0.));
#8861 = VECTOR('',#8862,1.);
#8862 = DIRECTION('',(1.,0.));
#8863 = ( GEOMETRIC_REPRESENTATION_CONTEXT(2) 
PARAMETRIC_REPRESENTATION_CONTEXT() REPRESENTATION_CONTEXT('2D SPACE',''
  ) );
#8864 = PCURVE('',#8708,#8865);
#8865 = DEFINITIONAL_REPRESENTATION('',(#8866),#8870);
#8866 = LINE('',#8867,#8868);
#8867 = CARTESIAN_POINT('',(0.,-5.));
#8868 = VECTOR('',#8869,1.);
#8869 = DIRECTION('',(1.,0.));
#8870 = ( GEOMETRIC_REPRESENTATION_CONTEXT(2) 
PARAMETRIC_REPRESENTATION_CONTEXT() REPRESENTATION_CONTEXT('2D SPACE',''
  ) );
#8871 = ORIENTED_EDGE('',*,*,#8872,.T.);
#8872 = EDGE_CURVE('',#8850,#8826,#8873,.T.);
#8873 = SURFACE_CURVE('',#8874,(#8878,#8885),.PCURVE_S1.);
#8874 = LINE('',#8875,#8876);
#8875 = CARTESIAN_POINT('',(-145.5,-135.,37.));
#8876 = VECTOR('',#8877,1.);
#8877 = DIRECTION('',(1.,0.,-0.));
#8878 = PCURVE('',#8811,#8879);
#8879 = DEFINITIONAL_REPRESENTATION('',(#8880),#8884);
#8880 = LINE('',#8881,#8882);
#8881 = CARTESIAN_POINT('',(14.,0.));
#8882 = VECTOR('',#8883,1.);
#8883 = DIRECTION('',(0.,1.));
#8884 = ( GEOMETRIC_REPRESENTATION_CONTEXT(2) 
PARAMETRIC_REPRESENTATION_CONTEXT() REPRESENTATION_CONTEXT('2D SPACE',''
  ) );
#8885 = PCURVE('',#8734,#8886);
#8886 = DEFINITIONAL_REPRESENTATION('',(#8887),#8891);
#8887 = LINE('',#8888,#8889);
#8888 = CARTESIAN_POINT('',(0.,5.));
#8889 = VECTOR('',#8890,1.);
#8890 = DIRECTION('',(1.,0.));
#8891 = ( GEOMETRIC_REPRESENTATION_CONTEXT(2) 
PARAMETRIC_REPRESENTATION_CONTEXT() REPRESENTATION_CONTEXT('2D SPACE',''
  ) );
#8892 = ADVANCED_FACE('',(#8893),#8708,.F.);
#8893 = FACE_BOUND('',#8894,.F.);
#8894 = EDGE_LOOP('',(#8895,#8896,#8897,#8898));
#8895 = ORIENTED_EDGE('',*,*,#8692,.F.);
#8896 = ORIENTED_EDGE('',*,*,#8749,.F.);
#8897 = ORIENTED_EDGE('',*,*,#8849,.T.);
#8898 = ORIENTED_EDGE('',*,*,#8899,.F.);
#8899 = EDGE_CURVE('',#8693,#8850,#8900,.T.);
#8900 = SURFACE_CURVE('',#8901,(#8905,#8912),.PCURVE_S1.);
#8901 = LINE('',#8902,#8903);
#8902 = CARTESIAN_POINT('',(-145.5,-140.,37.));
#8903 = VECTOR('',#8904,1.);
#8904 = DIRECTION('',(-0.,1.,0.));
#8905 = PCURVE('',#8708,#8906);
#8906 = DEFINITIONAL_REPRESENTATION('',(#8907),#8911);
#8907 = LINE('',#8908,#8909);
#8908 = CARTESIAN_POINT('',(14.,0.));
#8909 = VECTOR('',#8910,1.);
#8910 = DIRECTION('',(0.,-1.));
#8911 = ( GEOMETRIC_REPRESENTATION_CONTEXT(2) 
PARAMETRIC_REPRESENTATION_CONTEXT() REPRESENTATION_CONTEXT('2D SPACE',''
  ) );
#8912 = PCURVE('',#8734,#8913);
#8913 = DEFINITIONAL_REPRESENTATION('',(#8914),#8918);
#8914 = LINE('',#8915,#8916);
#8915 = CARTESIAN_POINT('',(0.,0.));
#8916 = VECTOR('',#8917,1.);
#8917 = DIRECTION('',(0.,1.));
#8918 = ( GEOMETRIC_REPRESENTATION_CONTEXT(2) 
PARAMETRIC_REPRESENTATION_CONTEXT() REPRESENTATION_CONTEXT('2D SPACE',''
  ) );
#8919 = ADVANCED_FACE('',(#8920),#8734,.T.);
#8920 = FACE_BOUND('',#8921,.T.);
#8921 = EDGE_LOOP('',(#8922,#8923,#8924,#8945));
#8922 = ORIENTED_EDGE('',*,*,#8899,.F.);
#8923 = ORIENTED_EDGE('',*,*,#8720,.T.);
#8924 = ORIENTED_EDGE('',*,*,#8925,.T.);
#8925 = EDGE_CURVE('',#8634,#8826,#8926,.T.);
#8926 = SURFACE_CURVE('',#8927,(#8931,#8938),.PCURVE_S1.);
#8927 = LINE('',#8928,#8929);
#8928 = CARTESIAN_POINT('',(-121.5,-140.,37.));
#8929 = VECTOR('',#8930,1.);
#8930 = DIRECTION('',(-0.,1.,0.));
#8931 = PCURVE('',#8734,#8932);
#8932 = DEFINITIONAL_REPRESENTATION('',(#8933),#8937);
#8933 = LINE('',#8934,#8935);
#8934 = CARTESIAN_POINT('',(24.,0.));
#8935 = VECTOR('',#8936,1.);
#8936 = DIRECTION('',(0.,1.));
#8937 = ( GEOMETRIC_REPRESENTATION_CONTEXT(2) 
PARAMETRIC_REPRESENTATION_CONTEXT() REPRESENTATION_CONTEXT('2D SPACE',''
  ) );
#8938 = PCURVE('',#8654,#8939);
#8939 = DEFINITIONAL_REPRESENTATION('',(#8940),#8944);
#8940 = LINE('',#8941,#8942);
#8941 = CARTESIAN_POINT('',(14.,0.));
#8942 = VECTOR('',#8943,1.);
#8943 = DIRECTION('',(0.,-1.));
#8944 = ( GEOMETRIC_REPRESENTATION_CONTEXT(2) 
PARAMETRIC_REPRESENTATION_CONTEXT() REPRESENTATION_CONTEXT('2D SPACE',''
  ) );
#8945 = ORIENTED_EDGE('',*,*,#8872,.F.);
#8946 = ADVANCED_FACE('',(#8947),#8654,.T.);
#8947 = FACE_BOUND('',#8948,.T.);
#8948 = EDGE_LOOP('',(#8949,#8950,#8951,#8952));
#8949 = ORIENTED_EDGE('',*,*,#8631,.F.);
#8950 = ORIENTED_EDGE('',*,*,#8774,.F.);
#8951 = ORIENTED_EDGE('',*,*,#8825,.T.);
#8952 = ORIENTED_EDGE('',*,*,#8925,.F.);
#8953 = MANIFOLD_SOLID_BREP('',#8954);
#8954 = CLOSED_SHELL('',(#8955,#9073,#9149,#9220,#9247,#9274));
#8955 = ADVANCED_FACE('',(#8956),#8970,.F.);
#8956 = FACE_BOUND('',#8957,.F.);
#8957 = EDGE_LOOP('',(#8958,#8993,#9019,#9047));
#8958 = ORIENTED_EDGE('',*,*,#8959,.F.);
#8959 = EDGE_CURVE('',#8960,#8962,#8964,.T.);
#8960 = VERTEX_POINT('',#8961);
#8961 = CARTESIAN_POINT('',(12.,-140.,33.30434372436));
#8962 = VERTEX_POINT('',#8963);
#8963 = CARTESIAN_POINT('',(12.,-140.,37.));
#8964 = SURFACE_CURVE('',#8965,(#8969,#8981),.PCURVE_S1.);
#8965 = LINE('',#8966,#8967);
#8966 = CARTESIAN_POINT('',(12.,-140.,23.));
#8967 = VECTOR('',#8968,1.);
#8968 = DIRECTION('',(0.,0.,1.));
#8969 = PCURVE('',#8970,#8975);
#8970 = PLANE('',#8971);
#8971 = AXIS2_PLACEMENT_3D('',#8972,#8973,#8974);
#8972 = CARTESIAN_POINT('',(-12.,-140.,23.));
#8973 = DIRECTION('',(-0.,1.,0.));
#8974 = DIRECTION('',(0.,0.,1.));
#8975 = DEFINITIONAL_REPRESENTATION('',(#8976),#8980);
#8976 = LINE('',#8977,#8978);
#8977 = CARTESIAN_POINT('',(0.,24.));
#8978 = VECTOR('',#8979,1.);
#8979 = DIRECTION('',(1.,0.));
#8980 = ( GEOMETRIC_REPRESENTATION_CONTEXT(2) 
PARAMETRIC_REPRESENTATION_CONTEXT() REPRESENTATION_CONTEXT('2D SPACE',''
  ) );
#8981 = PCURVE('',#8982,#8987);
#8982 = PLANE('',#8983);
#8983 = AXIS2_PLACEMENT_3D('',#8984,#8985,#8986);
#8984 = CARTESIAN_POINT('',(12.,-140.,23.));
#8985 = DIRECTION('',(1.,0.,-0.));
#8986 = DIRECTION('',(0.,0.,1.));
#8987 = DEFINITIONAL_REPRESENTATION('',(#8988),#8992);
#8988 = LINE('',#8989,#8990);
#8989 = CARTESIAN_POINT('',(0.,0.));
#8990 = VECTOR('',#8991,1.);
#8991 = DIRECTION('',(1.,0.));
#8992 = ( GEOMETRIC_REPRESENTATION_CONTEXT(2) 
PARAMETRIC_REPRESENTATION_CONTEXT() REPRESENTATION_CONTEXT('2D SPACE',''
  ) );
#8993 = ORIENTED_EDGE('',*,*,#8994,.F.);
#8994 = EDGE_CURVE('',#8995,#8960,#8997,.T.);
#8995 = VERTEX_POINT('',#8996);
#8996 = CARTESIAN_POINT('',(-12.,-140.,33.30434372436));
#8997 = SURFACE_CURVE('',#8998,(#9002,#9008),.PCURVE_S1.);
#8998 = LINE('',#8999,#9000);
#8999 = CARTESIAN_POINT('',(-14.,-140.,33.304343724361));
#9000 = VECTOR('',#9001,1.);
#9001 = DIRECTION('',(1.,0.,2.22044604925E-16));
#9002 = PCURVE('',#8970,#9003);
#9003 = DEFINITIONAL_REPRESENTATION('',(#9004),#9007);
#9004 = B_SPLINE_CURVE_WITH_KNOTS('',1,(#9005,#9006),.UNSPECIFIED.,.F.,
  .F.,(2,2),(-5.999999999062E-07,28.0000006),.PIECEWISE_BEZIER_KNOTS.);
#9005 = CARTESIAN_POINT('',(10.304343724361,-2.0000006));
#9006 = CARTESIAN_POINT('',(10.304343724361,26.0000006));
#9007 = ( GEOMETRIC_REPRESENTATION_CONTEXT(2) 
PARAMETRIC_REPRESENTATION_CONTEXT() REPRESENTATION_CONTEXT('2D SPACE',''
  ) );
#9008 = PCURVE('',#9009,#9014);
#9009 = CYLINDRICAL_SURFACE('',#9010,3.4);
#9010 = AXIS2_PLACEMENT_3D('',#9011,#9012,#9013);
#9011 = CARTESIAN_POINT('',(-14.,-137.5,31.));
#9012 = DIRECTION('',(1.,0.,2.22044604925E-16));
#9013 = DIRECTION('',(2.22044604925E-16,0.,-1.));
#9014 = DEFINITIONAL_REPRESENTATION('',(#9015),#9018);
#9015 = B_SPLINE_CURVE_WITH_KNOTS('',1,(#9016,#9017),.UNSPECIFIED.,.F.,
  .F.,(2,2),(-5.999999999062E-07,28.0000006),.PIECEWISE_BEZIER_KNOTS.);
#9016 = CARTESIAN_POINT('',(3.967693195517,-5.999999993946E-07));
#9017 = CARTESIAN_POINT('',(3.967693195517,28.0000006));
#9018 = ( GEOMETRIC_REPRESENTATION_CONTEXT(2) 
PARAMETRIC_REPRESENTATION_CONTEXT() REPRESENTATION_CONTEXT('2D SPACE',''
  ) );
#9019 = ORIENTED_EDGE('',*,*,#9020,.T.);
#9020 = EDGE_CURVE('',#8995,#9021,#9023,.T.);
#9021 = VERTEX_POINT('',#9022);
#9022 = CARTESIAN_POINT('',(-12.,-140.,37.));
#9023 = SURFACE_CURVE('',#9024,(#9028,#9035),.PCURVE_S1.);
#9024 = LINE('',#9025,#9026);
#9025 = CARTESIAN_POINT('',(-12.,-140.,23.));
#9026 = VECTOR('',#9027,1.);
#9027 = DIRECTION('',(0.,0.,1.));
#9028 = PCURVE('',#8970,#9029);
#9029 = DEFINITIONAL_REPRESENTATION('',(#9030),#9034);
#9030 = LINE('',#9031,#9032);
#9031 = CARTESIAN_POINT('',(0.,0.));
#9032 = VECTOR('',#9033,1.);
#9033 = DIRECTION('',(1.,0.));
#9034 = ( GEOMETRIC_REPRESENTATION_CONTEXT(2) 
PARAMETRIC_REPRESENTATION_CONTEXT() REPRESENTATION_CONTEXT('2D SPACE',''
  ) );
#9035 = PCURVE('',#9036,#9041);
#9036 = PLANE('',#9037);
#9037 = AXIS2_PLACEMENT_3D('',#9038,#9039,#9040);
#9038 = CARTESIAN_POINT('',(-12.,-140.,23.));
#9039 = DIRECTION('',(1.,0.,-0.));
#9040 = DIRECTION('',(0.,0.,1.));
#9041 = DEFINITIONAL_REPRESENTATION('',(#9042),#9046);
#9042 = LINE('',#9043,#9044);
#9043 = CARTESIAN_POINT('',(0.,0.));
#9044 = VECTOR('',#9045,1.);
#9045 = DIRECTION('',(1.,0.));
#9046 = ( GEOMETRIC_REPRESENTATION_CONTEXT(2) 
PARAMETRIC_REPRESENTATION_CONTEXT() REPRESENTATION_CONTEXT('2D SPACE',''
  ) );
#9047 = ORIENTED_EDGE('',*,*,#9048,.T.);
#9048 = EDGE_CURVE('',#9021,#8962,#9049,.T.);
#9049 = SURFACE_CURVE('',#9050,(#9054,#9061),.PCURVE_S1.);
#9050 = LINE('',#9051,#9052);
#9051 = CARTESIAN_POINT('',(-12.,-140.,37.));
#9052 = VECTOR('',#9053,1.);
#9053 = DIRECTION('',(1.,0.,-0.));
#9054 = PCURVE('',#8970,#9055);
#9055 = DEFINITIONAL_REPRESENTATION('',(#9056),#9060);
#9056 = LINE('',#9057,#9058);
#9057 = CARTESIAN_POINT('',(14.,0.));
#9058 = VECTOR('',#9059,1.);
#9059 = DIRECTION('',(0.,1.));
#9060 = ( GEOMETRIC_REPRESENTATION_CONTEXT(2) 
PARAMETRIC_REPRESENTATION_CONTEXT() REPRESENTATION_CONTEXT('2D SPACE',''
  ) );
#9061 = PCURVE('',#9062,#9067);
#9062 = PLANE('',#9063);
#9063 = AXIS2_PLACEMENT_3D('',#9064,#9065,#9066);
#9064 = CARTESIAN_POINT('',(-12.,-140.,37.));
#9065 = DIRECTION('',(0.,0.,1.));
#9066 = DIRECTION('',(1.,0.,-0.));
#9067 = DEFINITIONAL_REPRESENTATION('',(#9068),#9072);
#9068 = LINE('',#9069,#9070);
#9069 = CARTESIAN_POINT('',(0.,0.));
#9070 = VECTOR('',#9071,1.);
#9071 = DIRECTION('',(1.,0.));
#9072 = ( GEOMETRIC_REPRESENTATION_CONTEXT(2) 
PARAMETRIC_REPRESENTATION_CONTEXT() REPRESENTATION_CONTEXT('2D SPACE',''
  ) );
#9073 = ADVANCED_FACE('',(#9074),#9009,.F.);
#9074 = FACE_BOUND('',#9075,.F.);
#9075 = EDGE_LOOP('',(#9076,#9100,#9101,#9125));
#9076 = ORIENTED_EDGE('',*,*,#9077,.T.);
#9077 = EDGE_CURVE('',#9078,#8995,#9080,.T.);
#9078 = VERTEX_POINT('',#9079);
#9079 = CARTESIAN_POINT('',(-12.,-135.,33.30434372436));
#9080 = SURFACE_CURVE('',#9081,(#9086,#9093),.PCURVE_S1.);
#9081 = CIRCLE('',#9082,3.4);
#9082 = AXIS2_PLACEMENT_3D('',#9083,#9084,#9085);
#9083 = CARTESIAN_POINT('',(-12.,-137.5,31.));
#9084 = DIRECTION('',(1.,0.,2.22044604925E-16));
#9085 = DIRECTION('',(2.22044604925E-16,0.,-1.));
#9086 = PCURVE('',#9009,#9087);
#9087 = DEFINITIONAL_REPRESENTATION('',(#9088),#9092);
#9088 = LINE('',#9089,#9090);
#9089 = CARTESIAN_POINT('',(0.,2.));
#9090 = VECTOR('',#9091,1.);
#9091 = DIRECTION('',(1.,0.));
#9092 = ( GEOMETRIC_REPRESENTATION_CONTEXT(2) 
PARAMETRIC_REPRESENTATION_CONTEXT() REPRESENTATION_CONTEXT('2D SPACE',''
  ) );
#9093 = PCURVE('',#9036,#9094);
#9094 = DEFINITIONAL_REPRESENTATION('',(#9095),#9099);
#9095 = CIRCLE('',#9096,3.4);
#9096 = AXIS2_PLACEMENT_2D('',#9097,#9098);
#9097 = CARTESIAN_POINT('',(8.,-2.5));
#9098 = DIRECTION('',(-1.,0.));
#9099 = ( GEOMETRIC_REPRESENTATION_CONTEXT(2) 
PARAMETRIC_REPRESENTATION_CONTEXT() REPRESENTATION_CONTEXT('2D SPACE',''
  ) );
#9100 = ORIENTED_EDGE('',*,*,#8994,.T.);
#9101 = ORIENTED_EDGE('',*,*,#9102,.F.);
#9102 = EDGE_CURVE('',#9103,#8960,#9105,.T.);
#9103 = VERTEX_POINT('',#9104);
#9104 = CARTESIAN_POINT('',(12.,-135.,33.30434372436));
#9105 = SURFACE_CURVE('',#9106,(#9111,#9118),.PCURVE_S1.);
#9106 = CIRCLE('',#9107,3.4);
#9107 = AXIS2_PLACEMENT_3D('',#9108,#9109,#9110);
#9108 = CARTESIAN_POINT('',(12.,-137.5,31.));
#9109 = DIRECTION('',(1.,0.,2.22044604925E-16));
#9110 = DIRECTION('',(2.22044604925E-16,0.,-1.));
#9111 = PCURVE('',#9009,#9112);
#9112 = DEFINITIONAL_REPRESENTATION('',(#9113),#9117);
#9113 = LINE('',#9114,#9115);
#9114 = CARTESIAN_POINT('',(0.,26.));
#9115 = VECTOR('',#9116,1.);
#9116 = DIRECTION('',(1.,0.));
#9117 = ( GEOMETRIC_REPRESENTATION_CONTEXT(2) 
PARAMETRIC_REPRESENTATION_CONTEXT() REPRESENTATION_CONTEXT('2D SPACE',''
  ) );
#9118 = PCURVE('',#8982,#9119);
#9119 = DEFINITIONAL_REPRESENTATION('',(#9120),#9124);
#9120 = CIRCLE('',#9121,3.4);
#9121 = AXIS2_PLACEMENT_2D('',#9122,#9123);
#9122 = CARTESIAN_POINT('',(8.,-2.5));
#9123 = DIRECTION('',(-1.,0.));
#9124 = ( GEOMETRIC_REPRESENTATION_CONTEXT(2) 
PARAMETRIC_REPRESENTATION_CONTEXT() REPRESENTATION_CONTEXT('2D SPACE',''
  ) );
#9125 = ORIENTED_EDGE('',*,*,#9126,.F.);
#9126 = EDGE_CURVE('',#9078,#9103,#9127,.T.);
#9127 = SURFACE_CURVE('',#9128,(#9132,#9138),.PCURVE_S1.);
#9128 = LINE('',#9129,#9130);
#9129 = CARTESIAN_POINT('',(-14.,-135.,33.304343724361));
#9130 = VECTOR('',#9131,1.);
#9131 = DIRECTION('',(1.,0.,2.22044604925E-16));
#9132 = PCURVE('',#9009,#9133);
#9133 = DEFINITIONAL_REPRESENTATION('',(#9134),#9137);
#9134 = B_SPLINE_CURVE_WITH_KNOTS('',1,(#9135,#9136),.UNSPECIFIED.,.F.,
  .F.,(2,2),(-5.999999999062E-07,28.0000006),.PIECEWISE_BEZIER_KNOTS.);
#9135 = CARTESIAN_POINT('',(2.315492111663,-5.999999993946E-07));
#9136 = CARTESIAN_POINT('',(2.315492111663,28.0000006));
#9137 = ( GEOMETRIC_REPRESENTATION_CONTEXT(2) 
PARAMETRIC_REPRESENTATION_CONTEXT() REPRESENTATION_CONTEXT('2D SPACE',''
  ) );
#9138 = PCURVE('',#9139,#9144);
#9139 = PLANE('',#9140);
#9140 = AXIS2_PLACEMENT_3D('',#9141,#9142,#9143);
#9141 = CARTESIAN_POINT('',(-12.,-135.,23.));
#9142 = DIRECTION('',(-0.,1.,0.));
#9143 = DIRECTION('',(0.,0.,1.));
#9144 = DEFINITIONAL_REPRESENTATION('',(#9145),#9148);
#9145 = B_SPLINE_CURVE_WITH_KNOTS('',1,(#9146,#9147),.UNSPECIFIED.,.F.,
  .F.,(2,2),(-5.999999999062E-07,28.0000006),.PIECEWISE_BEZIER_KNOTS.);
#9146 = CARTESIAN_POINT('',(10.304343724361,-2.0000006));
#9147 = CARTESIAN_POINT('',(10.304343724361,26.0000006));
#9148 = ( GEOMETRIC_REPRESENTATION_CONTEXT(2) 
PARAMETRIC_REPRESENTATION_CONTEXT() REPRESENTATION_CONTEXT('2D SPACE',''
  ) );
#9149 = ADVANCED_FACE('',(#9150),#9139,.T.);
#9150 = FACE_BOUND('',#9151,.T.);
#9151 = EDGE_LOOP('',(#9152,#9175,#9176,#9199));
#9152 = ORIENTED_EDGE('',*,*,#9153,.F.);
#9153 = EDGE_CURVE('',#9103,#9154,#9156,.T.);
#9154 = VERTEX_POINT('',#9155);
#9155 = CARTESIAN_POINT('',(12.,-135.,37.));
#9156 = SURFACE_CURVE('',#9157,(#9161,#9168),.PCURVE_S1.);
#9157 = LINE('',#9158,#9159);
#9158 = CARTESIAN_POINT('',(12.,-135.,23.));
#9159 = VECTOR('',#9160,1.);
#9160 = DIRECTION('',(0.,0.,1.));
#9161 = PCURVE('',#9139,#9162);
#9162 = DEFINITIONAL_REPRESENTATION('',(#9163),#9167);
#9163 = LINE('',#9164,#9165);
#9164 = CARTESIAN_POINT('',(0.,24.));
#9165 = VECTOR('',#9166,1.);
#9166 = DIRECTION('',(1.,0.));
#9167 = ( GEOMETRIC_REPRESENTATION_CONTEXT(2) 
PARAMETRIC_REPRESENTATION_CONTEXT() REPRESENTATION_CONTEXT('2D SPACE',''
  ) );
#9168 = PCURVE('',#8982,#9169);
#9169 = DEFINITIONAL_REPRESENTATION('',(#9170),#9174);
#9170 = LINE('',#9171,#9172);
#9171 = CARTESIAN_POINT('',(0.,-5.));
#9172 = VECTOR('',#9173,1.);
#9173 = DIRECTION('',(1.,0.));
#9174 = ( GEOMETRIC_REPRESENTATION_CONTEXT(2) 
PARAMETRIC_REPRESENTATION_CONTEXT() REPRESENTATION_CONTEXT('2D SPACE',''
  ) );
#9175 = ORIENTED_EDGE('',*,*,#9126,.F.);
#9176 = ORIENTED_EDGE('',*,*,#9177,.T.);
#9177 = EDGE_CURVE('',#9078,#9178,#9180,.T.);
#9178 = VERTEX_POINT('',#9179);
#9179 = CARTESIAN_POINT('',(-12.,-135.,37.));
#9180 = SURFACE_CURVE('',#9181,(#9185,#9192),.PCURVE_S1.);
#9181 = LINE('',#9182,#9183);
#9182 = CARTESIAN_POINT('',(-12.,-135.,23.));
#9183 = VECTOR('',#9184,1.);
#9184 = DIRECTION('',(0.,0.,1.));
#9185 = PCURVE('',#9139,#9186);
#9186 = DEFINITIONAL_REPRESENTATION('',(#9187),#9191);
#9187 = LINE('',#9188,#9189);
#9188 = CARTESIAN_POINT('',(0.,0.));
#9189 = VECTOR('',#9190,1.);
#9190 = DIRECTION('',(1.,0.));
#9191 = ( GEOMETRIC_REPRESENTATION_CONTEXT(2) 
PARAMETRIC_REPRESENTATION_CONTEXT() REPRESENTATION_CONTEXT('2D SPACE',''
  ) );
#9192 = PCURVE('',#9036,#9193);
#9193 = DEFINITIONAL_REPRESENTATION('',(#9194),#9198);
#9194 = LINE('',#9195,#9196);
#9195 = CARTESIAN_POINT('',(0.,-5.));
#9196 = VECTOR('',#9197,1.);
#9197 = DIRECTION('',(1.,0.));
#9198 = ( GEOMETRIC_REPRESENTATION_CONTEXT(2) 
PARAMETRIC_REPRESENTATION_CONTEXT() REPRESENTATION_CONTEXT('2D SPACE',''
  ) );
#9199 = ORIENTED_EDGE('',*,*,#9200,.T.);
#9200 = EDGE_CURVE('',#9178,#9154,#9201,.T.);
#9201 = SURFACE_CURVE('',#9202,(#9206,#9213),.PCURVE_S1.);
#9202 = LINE('',#9203,#9204);
#9203 = CARTESIAN_POINT('',(-12.,-135.,37.));
#9204 = VECTOR('',#9205,1.);
#9205 = DIRECTION('',(1.,0.,-0.));
#9206 = PCURVE('',#9139,#9207);
#9207 = DEFINITIONAL_REPRESENTATION('',(#9208),#9212);
#9208 = LINE('',#9209,#9210);
#9209 = CARTESIAN_POINT('',(14.,0.));
#9210 = VECTOR('',#9211,1.);
#9211 = DIRECTION('',(0.,1.));
#9212 = ( GEOMETRIC_REPRESENTATION_CONTEXT(2) 
PARAMETRIC_REPRESENTATION_CONTEXT() REPRESENTATION_CONTEXT('2D SPACE',''
  ) );
#9213 = PCURVE('',#9062,#9214);
#9214 = DEFINITIONAL_REPRESENTATION('',(#9215),#9219);
#9215 = LINE('',#9216,#9217);
#9216 = CARTESIAN_POINT('',(0.,5.));
#9217 = VECTOR('',#9218,1.);
#9218 = DIRECTION('',(1.,0.));
#9219 = ( GEOMETRIC_REPRESENTATION_CONTEXT(2) 
PARAMETRIC_REPRESENTATION_CONTEXT() REPRESENTATION_CONTEXT('2D SPACE',''
  ) );
#9220 = ADVANCED_FACE('',(#9221),#9036,.F.);
#9221 = FACE_BOUND('',#9222,.F.);
#9222 = EDGE_LOOP('',(#9223,#9224,#9225,#9226));
#9223 = ORIENTED_EDGE('',*,*,#9020,.F.);
#9224 = ORIENTED_EDGE('',*,*,#9077,.F.);
#9225 = ORIENTED_EDGE('',*,*,#9177,.T.);
#9226 = ORIENTED_EDGE('',*,*,#9227,.F.);
#9227 = EDGE_CURVE('',#9021,#9178,#9228,.T.);
#9228 = SURFACE_CURVE('',#9229,(#9233,#9240),.PCURVE_S1.);
#9229 = LINE('',#9230,#9231);
#9230 = CARTESIAN_POINT('',(-12.,-140.,37.));
#9231 = VECTOR('',#9232,1.);
#9232 = DIRECTION('',(-0.,1.,0.));
#9233 = PCURVE('',#9036,#9234);
#9234 = DEFINITIONAL_REPRESENTATION('',(#9235),#9239);
#9235 = LINE('',#9236,#9237);
#9236 = CARTESIAN_POINT('',(14.,0.));
#9237 = VECTOR('',#9238,1.);
#9238 = DIRECTION('',(0.,-1.));
#9239 = ( GEOMETRIC_REPRESENTATION_CONTEXT(2) 
PARAMETRIC_REPRESENTATION_CONTEXT() REPRESENTATION_CONTEXT('2D SPACE',''
  ) );
#9240 = PCURVE('',#9062,#9241);
#9241 = DEFINITIONAL_REPRESENTATION('',(#9242),#9246);
#9242 = LINE('',#9243,#9244);
#9243 = CARTESIAN_POINT('',(0.,0.));
#9244 = VECTOR('',#9245,1.);
#9245 = DIRECTION('',(0.,1.));
#9246 = ( GEOMETRIC_REPRESENTATION_CONTEXT(2) 
PARAMETRIC_REPRESENTATION_CONTEXT() REPRESENTATION_CONTEXT('2D SPACE',''
  ) );
#9247 = ADVANCED_FACE('',(#9248),#9062,.T.);
#9248 = FACE_BOUND('',#9249,.T.);
#9249 = EDGE_LOOP('',(#9250,#9251,#9252,#9273));
#9250 = ORIENTED_EDGE('',*,*,#9227,.F.);
#9251 = ORIENTED_EDGE('',*,*,#9048,.T.);
#9252 = ORIENTED_EDGE('',*,*,#9253,.T.);
#9253 = EDGE_CURVE('',#8962,#9154,#9254,.T.);
#9254 = SURFACE_CURVE('',#9255,(#9259,#9266),.PCURVE_S1.);
#9255 = LINE('',#9256,#9257);
#9256 = CARTESIAN_POINT('',(12.,-140.,37.));
#9257 = VECTOR('',#9258,1.);
#9258 = DIRECTION('',(-0.,1.,0.));
#9259 = PCURVE('',#9062,#9260);
#9260 = DEFINITIONAL_REPRESENTATION('',(#9261),#9265);
#9261 = LINE('',#9262,#9263);
#9262 = CARTESIAN_POINT('',(24.,0.));
#9263 = VECTOR('',#9264,1.);
#9264 = DIRECTION('',(0.,1.));
#9265 = ( GEOMETRIC_REPRESENTATION_CONTEXT(2) 
PARAMETRIC_REPRESENTATION_CONTEXT() REPRESENTATION_CONTEXT('2D SPACE',''
  ) );
#9266 = PCURVE('',#8982,#9267);
#9267 = DEFINITIONAL_REPRESENTATION('',(#9268),#9272);
#9268 = LINE('',#9269,#9270);
#9269 = CARTESIAN_POINT('',(14.,0.));
#9270 = VECTOR('',#9271,1.);
#9271 = DIRECTION('',(0.,-1.));
#9272 = ( GEOMETRIC_REPRESENTATION_CONTEXT(2) 
PARAMETRIC_REPRESENTATION_CONTEXT() REPRESENTATION_CONTEXT('2D SPACE',''
  ) );
#9273 = ORIENTED_EDGE('',*,*,#9200,.F.);
#9274 = ADVANCED_FACE('',(#9275),#8982,.T.);
#9275 = FACE_BOUND('',#9276,.T.);
#9276 = EDGE_LOOP('',(#9277,#9278,#9279,#9280));
#9277 = ORIENTED_EDGE('',*,*,#8959,.F.);
#9278 = ORIENTED_EDGE('',*,*,#9102,.F.);
#9279 = ORIENTED_EDGE('',*,*,#9153,.T.);
#9280 = ORIENTED_EDGE('',*,*,#9253,.F.);
#9281 = MANIFOLD_SOLID_BREP('',#9282);
#9282 = CLOSED_SHELL('',(#9283,#9401,#9477,#9548,#9575,#9602));
#9283 = ADVANCED_FACE('',(#9284),#9298,.F.);
#9284 = FACE_BOUND('',#9285,.F.);
#9285 = EDGE_LOOP('',(#9286,#9321,#9347,#9375));
#9286 = ORIENTED_EDGE('',*,*,#9287,.F.);
#9287 = EDGE_CURVE('',#9288,#9290,#9292,.T.);
#9288 = VERTEX_POINT('',#9289);
#9289 = CARTESIAN_POINT('',(145.5,-140.,33.30434372436));
#9290 = VERTEX_POINT('',#9291);
#9291 = CARTESIAN_POINT('',(145.5,-140.,37.));
#9292 = SURFACE_CURVE('',#9293,(#9297,#9309),.PCURVE_S1.);
#9293 = LINE('',#9294,#9295);
#9294 = CARTESIAN_POINT('',(145.5,-140.,23.));
#9295 = VECTOR('',#9296,1.);
#9296 = DIRECTION('',(0.,0.,1.));
#9297 = PCURVE('',#9298,#9303);
#9298 = PLANE('',#9299);
#9299 = AXIS2_PLACEMENT_3D('',#9300,#9301,#9302);
#9300 = CARTESIAN_POINT('',(121.5,-140.,23.));
#9301 = DIRECTION('',(-0.,1.,0.));
#9302 = DIRECTION('',(0.,0.,1.));
#9303 = DEFINITIONAL_REPRESENTATION('',(#9304),#9308);
#9304 = LINE('',#9305,#9306);
#9305 = CARTESIAN_POINT('',(0.,24.));
#9306 = VECTOR('',#9307,1.);
#9307 = DIRECTION('',(1.,0.));
#9308 = ( GEOMETRIC_REPRESENTATION_CONTEXT(2) 
PARAMETRIC_REPRESENTATION_CONTEXT() REPRESENTATION_CONTEXT('2D SPACE',''
  ) );
#9309 = PCURVE('',#9310,#9315);
#9310 = PLANE('',#9311);
#9311 = AXIS2_PLACEMENT_3D('',#9312,#9313,#9314);
#9312 = CARTESIAN_POINT('',(145.5,-140.,23.));
#9313 = DIRECTION('',(1.,0.,-0.));
#9314 = DIRECTION('',(0.,0.,1.));
#9315 = DEFINITIONAL_REPRESENTATION('',(#9316),#9320);
#9316 = LINE('',#9317,#9318);
#9317 = CARTESIAN_POINT('',(0.,0.));
#9318 = VECTOR('',#9319,1.);
#9319 = DIRECTION('',(1.,0.));
#9320 = ( GEOMETRIC_REPRESENTATION_CONTEXT(2) 
PARAMETRIC_REPRESENTATION_CONTEXT() REPRESENTATION_CONTEXT('2D SPACE',''
  ) );
#9321 = ORIENTED_EDGE('',*,*,#9322,.F.);
#9322 = EDGE_CURVE('',#9323,#9288,#9325,.T.);
#9323 = VERTEX_POINT('',#9324);
#9324 = CARTESIAN_POINT('',(121.5,-140.,33.30434372436));
#9325 = SURFACE_CURVE('',#9326,(#9330,#9336),.PCURVE_S1.);
#9326 = LINE('',#9327,#9328);
#9327 = CARTESIAN_POINT('',(119.5,-140.,33.304343724361));
#9328 = VECTOR('',#9329,1.);
#9329 = DIRECTION('',(1.,0.,2.22044604925E-16));
#9330 = PCURVE('',#9298,#9331);
#9331 = DEFINITIONAL_REPRESENTATION('',(#9332),#9335);
#9332 = B_SPLINE_CURVE_WITH_KNOTS('',1,(#9333,#9334),.UNSPECIFIED.,.F.,
  .F.,(2,2),(-6.000000070117E-07,28.0000006),.PIECEWISE_BEZIER_KNOTS.);
#9333 = CARTESIAN_POINT('',(10.304343724361,-2.0000006));
#9334 = CARTESIAN_POINT('',(10.304343724361,26.0000006));
#9335 = ( GEOMETRIC_REPRESENTATION_CONTEXT(2) 
PARAMETRIC_REPRESENTATION_CONTEXT() REPRESENTATION_CONTEXT('2D SPACE',''
  ) );
#9336 = PCURVE('',#9337,#9342);
#9337 = CYLINDRICAL_SURFACE('',#9338,3.4);
#9338 = AXIS2_PLACEMENT_3D('',#9339,#9340,#9341);
#9339 = CARTESIAN_POINT('',(119.5,-137.5,31.));
#9340 = DIRECTION('',(1.,0.,2.22044604925E-16));
#9341 = DIRECTION('',(2.22044604925E-16,0.,-1.));
#9342 = DEFINITIONAL_REPRESENTATION('',(#9343),#9346);
#9343 = B_SPLINE_CURVE_WITH_KNOTS('',1,(#9344,#9345),.UNSPECIFIED.,.F.,
  .F.,(2,2),(-6.000000070117E-07,28.0000006),.PIECEWISE_BEZIER_KNOTS.);
#9344 = CARTESIAN_POINT('',(3.967693195517,-6.000000065E-07));
#9345 = CARTESIAN_POINT('',(3.967693195517,28.0000006));
#9346 = ( GEOMETRIC_REPRESENTATION_CONTEXT(2) 
PARAMETRIC_REPRESENTATION_CONTEXT() REPRESENTATION_CONTEXT('2D SPACE',''
  ) );
#9347 = ORIENTED_EDGE('',*,*,#9348,.T.);
#9348 = EDGE_CURVE('',#9323,#9349,#9351,.T.);
#9349 = VERTEX_POINT('',#9350);
#9350 = CARTESIAN_POINT('',(121.5,-140.,37.));
#9351 = SURFACE_CURVE('',#9352,(#9356,#9363),.PCURVE_S1.);
#9352 = LINE('',#9353,#9354);
#9353 = CARTESIAN_POINT('',(121.5,-140.,23.));
#9354 = VECTOR('',#9355,1.);
#9355 = DIRECTION('',(0.,0.,1.));
#9356 = PCURVE('',#9298,#9357);
#9357 = DEFINITIONAL_REPRESENTATION('',(#9358),#9362);
#9358 = LINE('',#9359,#9360);
#9359 = CARTESIAN_POINT('',(0.,0.));
#9360 = VECTOR('',#9361,1.);
#9361 = DIRECTION('',(1.,0.));
#9362 = ( GEOMETRIC_REPRESENTATION_CONTEXT(2) 
PARAMETRIC_REPRESENTATION_CONTEXT() REPRESENTATION_CONTEXT('2D SPACE',''
  ) );
#9363 = PCURVE('',#9364,#9369);
#9364 = PLANE('',#9365);
#9365 = AXIS2_PLACEMENT_3D('',#9366,#9367,#9368);
#9366 = CARTESIAN_POINT('',(121.5,-140.,23.));
#9367 = DIRECTION('',(1.,0.,-0.));
#9368 = DIRECTION('',(0.,0.,1.));
#9369 = DEFINITIONAL_REPRESENTATION('',(#9370),#9374);
#9370 = LINE('',#9371,#9372);
#9371 = CARTESIAN_POINT('',(0.,0.));
#9372 = VECTOR('',#9373,1.);
#9373 = DIRECTION('',(1.,0.));
#9374 = ( GEOMETRIC_REPRESENTATION_CONTEXT(2) 
PARAMETRIC_REPRESENTATION_CONTEXT() REPRESENTATION_CONTEXT('2D SPACE',''
  ) );
#9375 = ORIENTED_EDGE('',*,*,#9376,.T.);
#9376 = EDGE_CURVE('',#9349,#9290,#9377,.T.);
#9377 = SURFACE_CURVE('',#9378,(#9382,#9389),.PCURVE_S1.);
#9378 = LINE('',#9379,#9380);
#9379 = CARTESIAN_POINT('',(121.5,-140.,37.));
#9380 = VECTOR('',#9381,1.);
#9381 = DIRECTION('',(1.,0.,-0.));
#9382 = PCURVE('',#9298,#9383);
#9383 = DEFINITIONAL_REPRESENTATION('',(#9384),#9388);
#9384 = LINE('',#9385,#9386);
#9385 = CARTESIAN_POINT('',(14.,0.));
#9386 = VECTOR('',#9387,1.);
#9387 = DIRECTION('',(0.,1.));
#9388 = ( GEOMETRIC_REPRESENTATION_CONTEXT(2) 
PARAMETRIC_REPRESENTATION_CONTEXT() REPRESENTATION_CONTEXT('2D SPACE',''
  ) );
#9389 = PCURVE('',#9390,#9395);
#9390 = PLANE('',#9391);
#9391 = AXIS2_PLACEMENT_3D('',#9392,#9393,#9394);
#9392 = CARTESIAN_POINT('',(121.5,-140.,37.));
#9393 = DIRECTION('',(0.,0.,1.));
#9394 = DIRECTION('',(1.,0.,-0.));
#9395 = DEFINITIONAL_REPRESENTATION('',(#9396),#9400);
#9396 = LINE('',#9397,#9398);
#9397 = CARTESIAN_POINT('',(0.,0.));
#9398 = VECTOR('',#9399,1.);
#9399 = DIRECTION('',(1.,0.));
#9400 = ( GEOMETRIC_REPRESENTATION_CONTEXT(2) 
PARAMETRIC_REPRESENTATION_CONTEXT() REPRESENTATION_CONTEXT('2D SPACE',''
  ) );
#9401 = ADVANCED_FACE('',(#9402),#9337,.F.);
#9402 = FACE_BOUND('',#9403,.F.);
#9403 = EDGE_LOOP('',(#9404,#9428,#9429,#9453));
#9404 = ORIENTED_EDGE('',*,*,#9405,.T.);
#9405 = EDGE_CURVE('',#9406,#9323,#9408,.T.);
#9406 = VERTEX_POINT('',#9407);
#9407 = CARTESIAN_POINT('',(121.5,-135.,33.30434372436));
#9408 = SURFACE_CURVE('',#9409,(#9414,#9421),.PCURVE_S1.);
#9409 = CIRCLE('',#9410,3.4);
#9410 = AXIS2_PLACEMENT_3D('',#9411,#9412,#9413);
#9411 = CARTESIAN_POINT('',(121.5,-137.5,31.));
#9412 = DIRECTION('',(1.,0.,2.22044604925E-16));
#9413 = DIRECTION('',(2.22044604925E-16,0.,-1.));
#9414 = PCURVE('',#9337,#9415);
#9415 = DEFINITIONAL_REPRESENTATION('',(#9416),#9420);
#9416 = LINE('',#9417,#9418);
#9417 = CARTESIAN_POINT('',(0.,2.));
#9418 = VECTOR('',#9419,1.);
#9419 = DIRECTION('',(1.,0.));
#9420 = ( GEOMETRIC_REPRESENTATION_CONTEXT(2) 
PARAMETRIC_REPRESENTATION_CONTEXT() REPRESENTATION_CONTEXT('2D SPACE',''
  ) );
#9421 = PCURVE('',#9364,#9422);
#9422 = DEFINITIONAL_REPRESENTATION('',(#9423),#9427);
#9423 = CIRCLE('',#9424,3.4);
#9424 = AXIS2_PLACEMENT_2D('',#9425,#9426);
#9425 = CARTESIAN_POINT('',(8.,-2.5));
#9426 = DIRECTION('',(-1.,0.));
#9427 = ( GEOMETRIC_REPRESENTATION_CONTEXT(2) 
PARAMETRIC_REPRESENTATION_CONTEXT() REPRESENTATION_CONTEXT('2D SPACE',''
  ) );
#9428 = ORIENTED_EDGE('',*,*,#9322,.T.);
#9429 = ORIENTED_EDGE('',*,*,#9430,.F.);
#9430 = EDGE_CURVE('',#9431,#9288,#9433,.T.);
#9431 = VERTEX_POINT('',#9432);
#9432 = CARTESIAN_POINT('',(145.5,-135.,33.30434372436));
#9433 = SURFACE_CURVE('',#9434,(#9439,#9446),.PCURVE_S1.);
#9434 = CIRCLE('',#9435,3.4);
#9435 = AXIS2_PLACEMENT_3D('',#9436,#9437,#9438);
#9436 = CARTESIAN_POINT('',(145.5,-137.5,31.));
#9437 = DIRECTION('',(1.,0.,2.22044604925E-16));
#9438 = DIRECTION('',(2.22044604925E-16,0.,-1.));
#9439 = PCURVE('',#9337,#9440);
#9440 = DEFINITIONAL_REPRESENTATION('',(#9441),#9445);
#9441 = LINE('',#9442,#9443);
#9442 = CARTESIAN_POINT('',(0.,26.));
#9443 = VECTOR('',#9444,1.);
#9444 = DIRECTION('',(1.,0.));
#9445 = ( GEOMETRIC_REPRESENTATION_CONTEXT(2) 
PARAMETRIC_REPRESENTATION_CONTEXT() REPRESENTATION_CONTEXT('2D SPACE',''
  ) );
#9446 = PCURVE('',#9310,#9447);
#9447 = DEFINITIONAL_REPRESENTATION('',(#9448),#9452);
#9448 = CIRCLE('',#9449,3.4);
#9449 = AXIS2_PLACEMENT_2D('',#9450,#9451);
#9450 = CARTESIAN_POINT('',(8.,-2.5));
#9451 = DIRECTION('',(-1.,0.));
#9452 = ( GEOMETRIC_REPRESENTATION_CONTEXT(2) 
PARAMETRIC_REPRESENTATION_CONTEXT() REPRESENTATION_CONTEXT('2D SPACE',''
  ) );
#9453 = ORIENTED_EDGE('',*,*,#9454,.F.);
#9454 = EDGE_CURVE('',#9406,#9431,#9455,.T.);
#9455 = SURFACE_CURVE('',#9456,(#9460,#9466),.PCURVE_S1.);
#9456 = LINE('',#9457,#9458);
#9457 = CARTESIAN_POINT('',(119.5,-135.,33.304343724361));
#9458 = VECTOR('',#9459,1.);
#9459 = DIRECTION('',(1.,0.,2.22044604925E-16));
#9460 = PCURVE('',#9337,#9461);
#9461 = DEFINITIONAL_REPRESENTATION('',(#9462),#9465);
#9462 = B_SPLINE_CURVE_WITH_KNOTS('',1,(#9463,#9464),.UNSPECIFIED.,.F.,
  .F.,(2,2),(-6.000000070117E-07,28.0000006),.PIECEWISE_BEZIER_KNOTS.);
#9463 = CARTESIAN_POINT('',(2.315492111663,-6.000000065E-07));
#9464 = CARTESIAN_POINT('',(2.315492111663,28.0000006));
#9465 = ( GEOMETRIC_REPRESENTATION_CONTEXT(2) 
PARAMETRIC_REPRESENTATION_CONTEXT() REPRESENTATION_CONTEXT('2D SPACE',''
  ) );
#9466 = PCURVE('',#9467,#9472);
#9467 = PLANE('',#9468);
#9468 = AXIS2_PLACEMENT_3D('',#9469,#9470,#9471);
#9469 = CARTESIAN_POINT('',(121.5,-135.,23.));
#9470 = DIRECTION('',(-0.,1.,0.));
#9471 = DIRECTION('',(0.,0.,1.));
#9472 = DEFINITIONAL_REPRESENTATION('',(#9473),#9476);
#9473 = B_SPLINE_CURVE_WITH_KNOTS('',1,(#9474,#9475),.UNSPECIFIED.,.F.,
  .F.,(2,2),(-6.000000070117E-07,28.0000006),.PIECEWISE_BEZIER_KNOTS.);
#9474 = CARTESIAN_POINT('',(10.304343724361,-2.0000006));
#9475 = CARTESIAN_POINT('',(10.304343724361,26.0000006));
#9476 = ( GEOMETRIC_REPRESENTATION_CONTEXT(2) 
PARAMETRIC_REPRESENTATION_CONTEXT() REPRESENTATION_CONTEXT('2D SPACE',''
  ) );
#9477 = ADVANCED_FACE('',(#9478),#9467,.T.);
#9478 = FACE_BOUND('',#9479,.T.);
#9479 = EDGE_LOOP('',(#9480,#9503,#9504,#9527));
#9480 = ORIENTED_EDGE('',*,*,#9481,.F.);
#9481 = EDGE_CURVE('',#9431,#9482,#9484,.T.);
#9482 = VERTEX_POINT('',#9483);
#9483 = CARTESIAN_POINT('',(145.5,-135.,37.));
#9484 = SURFACE_CURVE('',#9485,(#9489,#9496),.PCURVE_S1.);
#9485 = LINE('',#9486,#9487);
#9486 = CARTESIAN_POINT('',(145.5,-135.,23.));
#9487 = VECTOR('',#9488,1.);
#9488 = DIRECTION('',(0.,0.,1.));
#9489 = PCURVE('',#9467,#9490);
#9490 = DEFINITIONAL_REPRESENTATION('',(#9491),#9495);
#9491 = LINE('',#9492,#9493);
#9492 = CARTESIAN_POINT('',(0.,24.));
#9493 = VECTOR('',#9494,1.);
#9494 = DIRECTION('',(1.,0.));
#9495 = ( GEOMETRIC_REPRESENTATION_CONTEXT(2) 
PARAMETRIC_REPRESENTATION_CONTEXT() REPRESENTATION_CONTEXT('2D SPACE',''
  ) );
#9496 = PCURVE('',#9310,#9497);
#9497 = DEFINITIONAL_REPRESENTATION('',(#9498),#9502);
#9498 = LINE('',#9499,#9500);
#9499 = CARTESIAN_POINT('',(0.,-5.));
#9500 = VECTOR('',#9501,1.);
#9501 = DIRECTION('',(1.,0.));
#9502 = ( GEOMETRIC_REPRESENTATION_CONTEXT(2) 
PARAMETRIC_REPRESENTATION_CONTEXT() REPRESENTATION_CONTEXT('2D SPACE',''
  ) );
#9503 = ORIENTED_EDGE('',*,*,#9454,.F.);
#9504 = ORIENTED_EDGE('',*,*,#9505,.T.);
#9505 = EDGE_CURVE('',#9406,#9506,#9508,.T.);
#9506 = VERTEX_POINT('',#9507);
#9507 = CARTESIAN_POINT('',(121.5,-135.,37.));
#9508 = SURFACE_CURVE('',#9509,(#9513,#9520),.PCURVE_S1.);
#9509 = LINE('',#9510,#9511);
#9510 = CARTESIAN_POINT('',(121.5,-135.,23.));
#9511 = VECTOR('',#9512,1.);
#9512 = DIRECTION('',(0.,0.,1.));
#9513 = PCURVE('',#9467,#9514);
#9514 = DEFINITIONAL_REPRESENTATION('',(#9515),#9519);
#9515 = LINE('',#9516,#9517);
#9516 = CARTESIAN_POINT('',(0.,0.));
#9517 = VECTOR('',#9518,1.);
#9518 = DIRECTION('',(1.,0.));
#9519 = ( GEOMETRIC_REPRESENTATION_CONTEXT(2) 
PARAMETRIC_REPRESENTATION_CONTEXT() REPRESENTATION_CONTEXT('2D SPACE',''
  ) );
#9520 = PCURVE('',#9364,#9521);
#9521 = DEFINITIONAL_REPRESENTATION('',(#9522),#9526);
#9522 = LINE('',#9523,#9524);
#9523 = CARTESIAN_POINT('',(0.,-5.));
#9524 = VECTOR('',#9525,1.);
#9525 = DIRECTION('',(1.,0.));
#9526 = ( GEOMETRIC_REPRESENTATION_CONTEXT(2) 
PARAMETRIC_REPRESENTATION_CONTEXT() REPRESENTATION_CONTEXT('2D SPACE',''
  ) );
#9527 = ORIENTED_EDGE('',*,*,#9528,.T.);
#9528 = EDGE_CURVE('',#9506,#9482,#9529,.T.);
#9529 = SURFACE_CURVE('',#9530,(#9534,#9541),.PCURVE_S1.);
#9530 = LINE('',#9531,#9532);
#9531 = CARTESIAN_POINT('',(121.5,-135.,37.));
#9532 = VECTOR('',#9533,1.);
#9533 = DIRECTION('',(1.,0.,-0.));
#9534 = PCURVE('',#9467,#9535);
#9535 = DEFINITIONAL_REPRESENTATION('',(#9536),#9540);
#9536 = LINE('',#9537,#9538);
#9537 = CARTESIAN_POINT('',(14.,0.));
#9538 = VECTOR('',#9539,1.);
#9539 = DIRECTION('',(0.,1.));
#9540 = ( GEOMETRIC_REPRESENTATION_CONTEXT(2) 
PARAMETRIC_REPRESENTATION_CONTEXT() REPRESENTATION_CONTEXT('2D SPACE',''
  ) );
#9541 = PCURVE('',#9390,#9542);
#9542 = DEFINITIONAL_REPRESENTATION('',(#9543),#9547);
#9543 = LINE('',#9544,#9545);
#9544 = CARTESIAN_POINT('',(0.,5.));
#9545 = VECTOR('',#9546,1.);
#9546 = DIRECTION('',(1.,0.));
#9547 = ( GEOMETRIC_REPRESENTATION_CONTEXT(2) 
PARAMETRIC_REPRESENTATION_CONTEXT() REPRESENTATION_CONTEXT('2D SPACE',''
  ) );
#9548 = ADVANCED_FACE('',(#9549),#9364,.F.);
#9549 = FACE_BOUND('',#9550,.F.);
#9550 = EDGE_LOOP('',(#9551,#9552,#9553,#9554));
#9551 = ORIENTED_EDGE('',*,*,#9348,.F.);
#9552 = ORIENTED_EDGE('',*,*,#9405,.F.);
#9553 = ORIENTED_EDGE('',*,*,#9505,.T.);
#9554 = ORIENTED_EDGE('',*,*,#9555,.F.);
#9555 = EDGE_CURVE('',#9349,#9506,#9556,.T.);
#9556 = SURFACE_CURVE('',#9557,(#9561,#9568),.PCURVE_S1.);
#9557 = LINE('',#9558,#9559);
#9558 = CARTESIAN_POINT('',(121.5,-140.,37.));
#9559 = VECTOR('',#9560,1.);
#9560 = DIRECTION('',(-0.,1.,0.));
#9561 = PCURVE('',#9364,#9562);
#9562 = DEFINITIONAL_REPRESENTATION('',(#9563),#9567);
#9563 = LINE('',#9564,#9565);
#9564 = CARTESIAN_POINT('',(14.,0.));
#9565 = VECTOR('',#9566,1.);
#9566 = DIRECTION('',(0.,-1.));
#9567 = ( GEOMETRIC_REPRESENTATION_CONTEXT(2) 
PARAMETRIC_REPRESENTATION_CONTEXT() REPRESENTATION_CONTEXT('2D SPACE',''
  ) );
#9568 = PCURVE('',#9390,#9569);
#9569 = DEFINITIONAL_REPRESENTATION('',(#9570),#9574);
#9570 = LINE('',#9571,#9572);
#9571 = CARTESIAN_POINT('',(0.,0.));
#9572 = VECTOR('',#9573,1.);
#9573 = DIRECTION('',(0.,1.));
#9574 = ( GEOMETRIC_REPRESENTATION_CONTEXT(2) 
PARAMETRIC_REPRESENTATION_CONTEXT() REPRESENTATION_CONTEXT('2D SPACE',''
  ) );
#9575 = ADVANCED_FACE('',(#9576),#9390,.T.);
#9576 = FACE_BOUND('',#9577,.T.);
#9577 = EDGE_LOOP('',(#9578,#9579,#9580,#9601));
#9578 = ORIENTED_EDGE('',*,*,#9555,.F.);
#9579 = ORIENTED_EDGE('',*,*,#9376,.T.);
#9580 = ORIENTED_EDGE('',*,*,#9581,.T.);
#9581 = EDGE_CURVE('',#9290,#9482,#9582,.T.);
#9582 = SURFACE_CURVE('',#9583,(#9587,#9594),.PCURVE_S1.);
#9583 = LINE('',#9584,#9585);
#9584 = CARTESIAN_POINT('',(145.5,-140.,37.));
#9585 = VECTOR('',#9586,1.);
#9586 = DIRECTION('',(-0.,1.,0.));
#9587 = PCURVE('',#9390,#9588);
#9588 = DEFINITIONAL_REPRESENTATION('',(#9589),#9593);
#9589 = LINE('',#9590,#9591);
#9590 = CARTESIAN_POINT('',(24.,0.));
#9591 = VECTOR('',#9592,1.);
#9592 = DIRECTION('',(0.,1.));
#9593 = ( GEOMETRIC_REPRESENTATION_CONTEXT(2) 
PARAMETRIC_REPRESENTATION_CONTEXT() REPRESENTATION_CONTEXT('2D SPACE',''
  ) );
#9594 = PCURVE('',#9310,#9595);
#9595 = DEFINITIONAL_REPRESENTATION('',(#9596),#9600);
#9596 = LINE('',#9597,#9598);
#9597 = CARTESIAN_POINT('',(14.,0.));
#9598 = VECTOR('',#9599,1.);
#9599 = DIRECTION('',(0.,-1.));
#9600 = ( GEOMETRIC_REPRESENTATION_CONTEXT(2) 
PARAMETRIC_REPRESENTATION_CONTEXT() REPRESENTATION_CONTEXT('2D SPACE',''
  ) );
#9601 = ORIENTED_EDGE('',*,*,#9528,.F.);
#9602 = ADVANCED_FACE('',(#9603),#9310,.T.);
#9603 = FACE_BOUND('',#9604,.T.);
#9604 = EDGE_LOOP('',(#9605,#9606,#9607,#9608));
#9605 = ORIENTED_EDGE('',*,*,#9287,.F.);
#9606 = ORIENTED_EDGE('',*,*,#9430,.F.);
#9607 = ORIENTED_EDGE('',*,*,#9481,.T.);
#9608 = ORIENTED_EDGE('',*,*,#9581,.F.);
#9609 = MANIFOLD_SOLID_BREP('',#9610);
#9610 = CLOSED_SHELL('',(#9611,#9729,#9813,#9884,#9911,#9938));
#9611 = ADVANCED_FACE('',(#9612),#9626,.T.);
#9612 = FACE_BOUND('',#9613,.T.);
#9613 = EDGE_LOOP('',(#9614,#9649,#9675,#9703));
#9614 = ORIENTED_EDGE('',*,*,#9615,.F.);
#9615 = EDGE_CURVE('',#9616,#9618,#9620,.T.);
#9616 = VERTEX_POINT('',#9617);
#9617 = CARTESIAN_POINT('',(170.,-115.5,33.30434372436));
#9618 = VERTEX_POINT('',#9619);
#9619 = CARTESIAN_POINT('',(170.,-115.5,37.));
#9620 = SURFACE_CURVE('',#9621,(#9625,#9637),.PCURVE_S1.);
#9621 = LINE('',#9622,#9623);
#9622 = CARTESIAN_POINT('',(170.,-115.5,23.));
#9623 = VECTOR('',#9624,1.);
#9624 = DIRECTION('',(0.,0.,1.));
#9625 = PCURVE('',#9626,#9631);
#9626 = PLANE('',#9627);
#9627 = AXIS2_PLACEMENT_3D('',#9628,#9629,#9630);
#9628 = CARTESIAN_POINT('',(170.,-115.5,23.));
#9629 = DIRECTION('',(1.,0.,-0.));
#9630 = DIRECTION('',(0.,0.,1.));
#9631 = DEFINITIONAL_REPRESENTATION('',(#9632),#9636);
#9632 = LINE('',#9633,#9634);
#9633 = CARTESIAN_POINT('',(0.,0.));
#9634 = VECTOR('',#9635,1.);
#9635 = DIRECTION('',(1.,0.));
#9636 = ( GEOMETRIC_REPRESENTATION_CONTEXT(2) 
PARAMETRIC_REPRESENTATION_CONTEXT() REPRESENTATION_CONTEXT('2D SPACE',''
  ) );
#9637 = PCURVE('',#9638,#9643);
#9638 = PLANE('',#9639);
#9639 = AXIS2_PLACEMENT_3D('',#9640,#9641,#9642);
#9640 = CARTESIAN_POINT('',(165.,-115.5,23.));
#9641 = DIRECTION('',(-0.,1.,0.));
#9642 = DIRECTION('',(0.,0.,1.));
#9643 = DEFINITIONAL_REPRESENTATION('',(#9644),#9648);
#9644 = LINE('',#9645,#9646);
#9645 = CARTESIAN_POINT('',(0.,5.));
#9646 = VECTOR('',#9647,1.);
#9647 = DIRECTION('',(1.,0.));
#9648 = ( GEOMETRIC_REPRESENTATION_CONTEXT(2) 
PARAMETRIC_REPRESENTATION_CONTEXT() REPRESENTATION_CONTEXT('2D SPACE',''
  ) );
#9649 = ORIENTED_EDGE('',*,*,#9650,.F.);
#9650 = EDGE_CURVE('',#9651,#9616,#9653,.T.);
#9651 = VERTEX_POINT('',#9652);
#9652 = CARTESIAN_POINT('',(170.,-91.5,33.30434372436));
#9653 = SURFACE_CURVE('',#9654,(#9658,#9664),.PCURVE_S1.);
#9654 = LINE('',#9655,#9656);
#9655 = CARTESIAN_POINT('',(170.,-89.5,33.304343724361));
#9656 = VECTOR('',#9657,1.);
#9657 = DIRECTION('',(0.,-1.,2.22044604925E-16));
#9658 = PCURVE('',#9626,#9659);
#9659 = DEFINITIONAL_REPRESENTATION('',(#9660),#9663);
#9660 = B_SPLINE_CURVE_WITH_KNOTS('',1,(#9661,#9662),.UNSPECIFIED.,.F.,
  .F.,(2,2),(-6.000000070117E-07,28.0000006),.PIECEWISE_BEZIER_KNOTS.);
#9661 = CARTESIAN_POINT('',(10.304343724361,-26.0000006));
#9662 = CARTESIAN_POINT('',(10.304343724361,2.0000006));
#9663 = ( GEOMETRIC_REPRESENTATION_CONTEXT(2) 
PARAMETRIC_REPRESENTATION_CONTEXT() REPRESENTATION_CONTEXT('2D SPACE',''
  ) );
#9664 = PCURVE('',#9665,#9670);
#9665 = CYLINDRICAL_SURFACE('',#9666,3.4);
#9666 = AXIS2_PLACEMENT_3D('',#9667,#9668,#9669);
#9667 = CARTESIAN_POINT('',(167.5,-89.5,31.));
#9668 = DIRECTION('',(0.,-1.,2.22044604925E-16));
#9669 = DIRECTION('',(1.,0.,0.));
#9670 = DEFINITIONAL_REPRESENTATION('',(#9671),#9674);
#9671 = B_SPLINE_CURVE_WITH_KNOTS('',1,(#9672,#9673),.UNSPECIFIED.,.F.,
  .F.,(2,2),(-6.000000070117E-07,28.0000006),.PIECEWISE_BEZIER_KNOTS.);
#9672 = CARTESIAN_POINT('',(0.744695784868,-6.000000065E-07));
#9673 = CARTESIAN_POINT('',(0.744695784868,28.0000006));
#9674 = ( GEOMETRIC_REPRESENTATION_CONTEXT(2) 
PARAMETRIC_REPRESENTATION_CONTEXT() REPRESENTATION_CONTEXT('2D SPACE',''
  ) );
#9675 = ORIENTED_EDGE('',*,*,#9676,.T.);
#9676 = EDGE_CURVE('',#9651,#9677,#9679,.T.);
#9677 = VERTEX_POINT('',#9678);
#9678 = CARTESIAN_POINT('',(170.,-91.5,37.));
#9679 = SURFACE_CURVE('',#9680,(#9684,#9691),.PCURVE_S1.);
#9680 = LINE('',#9681,#9682);
#9681 = CARTESIAN_POINT('',(170.,-91.5,23.));
#9682 = VECTOR('',#9683,1.);
#9683 = DIRECTION('',(0.,0.,1.));
#9684 = PCURVE('',#9626,#9685);
#9685 = DEFINITIONAL_REPRESENTATION('',(#9686),#9690);
#9686 = LINE('',#9687,#9688);
#9687 = CARTESIAN_POINT('',(0.,-24.));
#9688 = VECTOR('',#9689,1.);
#9689 = DIRECTION('',(1.,0.));
#9690 = ( GEOMETRIC_REPRESENTATION_CONTEXT(2) 
PARAMETRIC_REPRESENTATION_CONTEXT() REPRESENTATION_CONTEXT('2D SPACE',''
  ) );
#9691 = PCURVE('',#9692,#9697);
#9692 = PLANE('',#9693);
#9693 = AXIS2_PLACEMENT_3D('',#9694,#9695,#9696);
#9694 = CARTESIAN_POINT('',(165.,-91.5,23.));
#9695 = DIRECTION('',(-0.,1.,0.));
#9696 = DIRECTION('',(0.,0.,1.));
#9697 = DEFINITIONAL_REPRESENTATION('',(#9698),#9702);
#9698 = LINE('',#9699,#9700);
#9699 = CARTESIAN_POINT('',(0.,5.));
#9700 = VECTOR('',#9701,1.);
#9701 = DIRECTION('',(1.,0.));
#9702 = ( GEOMETRIC_REPRESENTATION_CONTEXT(2) 
PARAMETRIC_REPRESENTATION_CONTEXT() REPRESENTATION_CONTEXT('2D SPACE',''
  ) );
#9703 = ORIENTED_EDGE('',*,*,#9704,.F.);
#9704 = EDGE_CURVE('',#9618,#9677,#9705,.T.);
#9705 = SURFACE_CURVE('',#9706,(#9710,#9717),.PCURVE_S1.);
#9706 = LINE('',#9707,#9708);
#9707 = CARTESIAN_POINT('',(170.,-115.5,37.));
#9708 = VECTOR('',#9709,1.);
#9709 = DIRECTION('',(-0.,1.,0.));
#9710 = PCURVE('',#9626,#9711);
#9711 = DEFINITIONAL_REPRESENTATION('',(#9712),#9716);
#9712 = LINE('',#9713,#9714);
#9713 = CARTESIAN_POINT('',(14.,0.));
#9714 = VECTOR('',#9715,1.);
#9715 = DIRECTION('',(0.,-1.));
#9716 = ( GEOMETRIC_REPRESENTATION_CONTEXT(2) 
PARAMETRIC_REPRESENTATION_CONTEXT() REPRESENTATION_CONTEXT('2D SPACE',''
  ) );
#9717 = PCURVE('',#9718,#9723);
#9718 = PLANE('',#9719);
#9719 = AXIS2_PLACEMENT_3D('',#9720,#9721,#9722);
#9720 = CARTESIAN_POINT('',(165.,-115.5,37.));
#9721 = DIRECTION('',(0.,0.,1.));
#9722 = DIRECTION('',(1.,0.,-0.));
#9723 = DEFINITIONAL_REPRESENTATION('',(#9724),#9728);
#9724 = LINE('',#9725,#9726);
#9725 = CARTESIAN_POINT('',(5.,0.));
#9726 = VECTOR('',#9727,1.);
#9727 = DIRECTION('',(0.,1.));
#9728 = ( GEOMETRIC_REPRESENTATION_CONTEXT(2) 
PARAMETRIC_REPRESENTATION_CONTEXT() REPRESENTATION_CONTEXT('2D SPACE',''
  ) );
#9729 = ADVANCED_FACE('',(#9730),#9665,.F.);
#9730 = FACE_BOUND('',#9731,.F.);
#9731 = EDGE_LOOP('',(#9732,#9733,#9761,#9787));
#9732 = ORIENTED_EDGE('',*,*,#9650,.F.);
#9733 = ORIENTED_EDGE('',*,*,#9734,.T.);
#9734 = EDGE_CURVE('',#9651,#9735,#9737,.T.);
#9735 = VERTEX_POINT('',#9736);
#9736 = CARTESIAN_POINT('',(165.,-91.5,33.30434372436));
#9737 = SURFACE_CURVE('',#9738,(#9743,#9750),.PCURVE_S1.);
#9738 = CIRCLE('',#9739,3.4);
#9739 = AXIS2_PLACEMENT_3D('',#9740,#9741,#9742);
#9740 = CARTESIAN_POINT('',(167.5,-91.5,31.));
#9741 = DIRECTION('',(0.,-1.,2.22044604925E-16));
#9742 = DIRECTION('',(1.,0.,0.));
#9743 = PCURVE('',#9665,#9744);
#9744 = DEFINITIONAL_REPRESENTATION('',(#9745),#9749);
#9745 = LINE('',#9746,#9747);
#9746 = CARTESIAN_POINT('',(0.,2.));
#9747 = VECTOR('',#9748,1.);
#9748 = DIRECTION('',(1.,0.));
#9749 = ( GEOMETRIC_REPRESENTATION_CONTEXT(2) 
PARAMETRIC_REPRESENTATION_CONTEXT() REPRESENTATION_CONTEXT('2D SPACE',''
  ) );
#9750 = PCURVE('',#9692,#9751);
#9751 = DEFINITIONAL_REPRESENTATION('',(#9752),#9760);
#9752 = ( BOUNDED_CURVE() B_SPLINE_CURVE(2,(#9753,#9754,#9755,#9756,
#9757,#9758,#9759),.UNSPECIFIED.,.T.,.F.) B_SPLINE_CURVE_WITH_KNOTS((1,2
    ,2,2,2,1),(-2.094395102393,0.,2.094395102393,4.188790204786,
6.28318530718,8.377580409573),.UNSPECIFIED.) CURVE() 
GEOMETRIC_REPRESENTATION_ITEM() RATIONAL_B_SPLINE_CURVE((1.,0.5,1.,0.5,
1.,0.5,1.)) REPRESENTATION_ITEM('') );
#9753 = CARTESIAN_POINT('',(8.,5.9));
#9754 = CARTESIAN_POINT('',(13.888972745734,5.9));
#9755 = CARTESIAN_POINT('',(10.944486372867,0.8));
#9756 = CARTESIAN_POINT('',(8.,-4.3));
#9757 = CARTESIAN_POINT('',(5.055513627133,0.8));
#9758 = CARTESIAN_POINT('',(2.111027254266,5.9));
#9759 = CARTESIAN_POINT('',(8.,5.9));
#9760 = ( GEOMETRIC_REPRESENTATION_CONTEXT(2) 
PARAMETRIC_REPRESENTATION_CONTEXT() REPRESENTATION_CONTEXT('2D SPACE',''
  ) );
#9761 = ORIENTED_EDGE('',*,*,#9762,.T.);
#9762 = EDGE_CURVE('',#9735,#9763,#9765,.T.);
#9763 = VERTEX_POINT('',#9764);
#9764 = CARTESIAN_POINT('',(165.,-115.5,33.30434372436));
#9765 = SURFACE_CURVE('',#9766,(#9770,#9776),.PCURVE_S1.);
#9766 = LINE('',#9767,#9768);
#9767 = CARTESIAN_POINT('',(165.,-89.5,33.304343724361));
#9768 = VECTOR('',#9769,1.);
#9769 = DIRECTION('',(0.,-1.,2.22044604925E-16));
#9770 = PCURVE('',#9665,#9771);
#9771 = DEFINITIONAL_REPRESENTATION('',(#9772),#9775);
#9772 = B_SPLINE_CURVE_WITH_KNOTS('',1,(#9773,#9774),.UNSPECIFIED.,.F.,
  .F.,(2,2),(-6.000000070117E-07,28.0000006),.PIECEWISE_BEZIER_KNOTS.);
#9773 = CARTESIAN_POINT('',(2.396896868722,-6.000000065E-07));
#9774 = CARTESIAN_POINT('',(2.396896868722,28.0000006));
#9775 = ( GEOMETRIC_REPRESENTATION_CONTEXT(2) 
PARAMETRIC_REPRESENTATION_CONTEXT() REPRESENTATION_CONTEXT('2D SPACE',''
  ) );
#9776 = PCURVE('',#9777,#9782);
#9777 = PLANE('',#9778);
#9778 = AXIS2_PLACEMENT_3D('',#9779,#9780,#9781);
#9779 = CARTESIAN_POINT('',(165.,-115.5,23.));
#9780 = DIRECTION('',(1.,0.,-0.));
#9781 = DIRECTION('',(0.,0.,1.));
#9782 = DEFINITIONAL_REPRESENTATION('',(#9783),#9786);
#9783 = B_SPLINE_CURVE_WITH_KNOTS('',1,(#9784,#9785),.UNSPECIFIED.,.F.,
  .F.,(2,2),(-6.000000070117E-07,28.0000006),.PIECEWISE_BEZIER_KNOTS.);
#9784 = CARTESIAN_POINT('',(10.304343724361,-26.0000006));
#9785 = CARTESIAN_POINT('',(10.304343724361,2.0000006));
#9786 = ( GEOMETRIC_REPRESENTATION_CONTEXT(2) 
PARAMETRIC_REPRESENTATION_CONTEXT() REPRESENTATION_CONTEXT('2D SPACE',''
  ) );
#9787 = ORIENTED_EDGE('',*,*,#9788,.F.);
#9788 = EDGE_CURVE('',#9616,#9763,#9789,.T.);
#9789 = SURFACE_CURVE('',#9790,(#9795,#9802),.PCURVE_S1.);
#9790 = CIRCLE('',#9791,3.4);
#9791 = AXIS2_PLACEMENT_3D('',#9792,#9793,#9794);
#9792 = CARTESIAN_POINT('',(167.5,-115.5,31.));
#9793 = DIRECTION('',(0.,-1.,2.22044604925E-16));
#9794 = DIRECTION('',(1.,0.,0.));
#9795 = PCURVE('',#9665,#9796);
#9796 = DEFINITIONAL_REPRESENTATION('',(#9797),#9801);
#9797 = LINE('',#9798,#9799);
#9798 = CARTESIAN_POINT('',(0.,26.));
#9799 = VECTOR('',#9800,1.);
#9800 = DIRECTION('',(1.,0.));
#9801 = ( GEOMETRIC_REPRESENTATION_CONTEXT(2) 
PARAMETRIC_REPRESENTATION_CONTEXT() REPRESENTATION_CONTEXT('2D SPACE',''
  ) );
#9802 = PCURVE('',#9638,#9803);
#9803 = DEFINITIONAL_REPRESENTATION('',(#9804),#9812);
#9804 = ( BOUNDED_CURVE() B_SPLINE_CURVE(2,(#9805,#9806,#9807,#9808,
#9809,#9810,#9811),.UNSPECIFIED.,.T.,.F.) B_SPLINE_CURVE_WITH_KNOTS((1,2
    ,2,2,2,1),(-2.094395102393,0.,2.094395102393,4.188790204786,
6.28318530718,8.377580409573),.UNSPECIFIED.) CURVE() 
GEOMETRIC_REPRESENTATION_ITEM() RATIONAL_B_SPLINE_CURVE((1.,0.5,1.,0.5,
1.,0.5,1.)) REPRESENTATION_ITEM('') );
#9805 = CARTESIAN_POINT('',(8.,5.9));
#9806 = CARTESIAN_POINT('',(13.888972745734,5.9));
#9807 = CARTESIAN_POINT('',(10.944486372867,0.8));
#9808 = CARTESIAN_POINT('',(8.,-4.3));
#9809 = CARTESIAN_POINT('',(5.055513627133,0.8));
#9810 = CARTESIAN_POINT('',(2.111027254266,5.9));
#9811 = CARTESIAN_POINT('',(8.,5.9));
#9812 = ( GEOMETRIC_REPRESENTATION_CONTEXT(2) 
PARAMETRIC_REPRESENTATION_CONTEXT() REPRESENTATION_CONTEXT('2D SPACE',''
  ) );
#9813 = ADVANCED_FACE('',(#9814),#9777,.F.);
#9814 = FACE_BOUND('',#9815,.F.);
#9815 = EDGE_LOOP('',(#9816,#9839,#9840,#9863));
#9816 = ORIENTED_EDGE('',*,*,#9817,.F.);
#9817 = EDGE_CURVE('',#9763,#9818,#9820,.T.);
#9818 = VERTEX_POINT('',#9819);
#9819 = CARTESIAN_POINT('',(165.,-115.5,37.));
#9820 = SURFACE_CURVE('',#9821,(#9825,#9832),.PCURVE_S1.);
#9821 = LINE('',#9822,#9823);
#9822 = CARTESIAN_POINT('',(165.,-115.5,23.));
#9823 = VECTOR('',#9824,1.);
#9824 = DIRECTION('',(0.,0.,1.));
#9825 = PCURVE('',#9777,#9826);
#9826 = DEFINITIONAL_REPRESENTATION('',(#9827),#9831);
#9827 = LINE('',#9828,#9829);
#9828 = CARTESIAN_POINT('',(0.,0.));
#9829 = VECTOR('',#9830,1.);
#9830 = DIRECTION('',(1.,0.));
#9831 = ( GEOMETRIC_REPRESENTATION_CONTEXT(2) 
PARAMETRIC_REPRESENTATION_CONTEXT() REPRESENTATION_CONTEXT('2D SPACE',''
  ) );
#9832 = PCURVE('',#9638,#9833);
#9833 = DEFINITIONAL_REPRESENTATION('',(#9834),#9838);
#9834 = LINE('',#9835,#9836);
#9835 = CARTESIAN_POINT('',(0.,0.));
#9836 = VECTOR('',#9837,1.);
#9837 = DIRECTION('',(1.,0.));
#9838 = ( GEOMETRIC_REPRESENTATION_CONTEXT(2) 
PARAMETRIC_REPRESENTATION_CONTEXT() REPRESENTATION_CONTEXT('2D SPACE',''
  ) );
#9839 = ORIENTED_EDGE('',*,*,#9762,.F.);
#9840 = ORIENTED_EDGE('',*,*,#9841,.T.);
#9841 = EDGE_CURVE('',#9735,#9842,#9844,.T.);
#9842 = VERTEX_POINT('',#9843);
#9843 = CARTESIAN_POINT('',(165.,-91.5,37.));
#9844 = SURFACE_CURVE('',#9845,(#9849,#9856),.PCURVE_S1.);
#9845 = LINE('',#9846,#9847);
#9846 = CARTESIAN_POINT('',(165.,-91.5,23.));
#9847 = VECTOR('',#9848,1.);
#9848 = DIRECTION('',(0.,0.,1.));
#9849 = PCURVE('',#9777,#9850);
#9850 = DEFINITIONAL_REPRESENTATION('',(#9851),#9855);
#9851 = LINE('',#9852,#9853);
#9852 = CARTESIAN_POINT('',(0.,-24.));
#9853 = VECTOR('',#9854,1.);
#9854 = DIRECTION('',(1.,0.));
#9855 = ( GEOMETRIC_REPRESENTATION_CONTEXT(2) 
PARAMETRIC_REPRESENTATION_CONTEXT() REPRESENTATION_CONTEXT('2D SPACE',''
  ) );
#9856 = PCURVE('',#9692,#9857);
#9857 = DEFINITIONAL_REPRESENTATION('',(#9858),#9862);
#9858 = LINE('',#9859,#9860);
#9859 = CARTESIAN_POINT('',(0.,0.));
#9860 = VECTOR('',#9861,1.);
#9861 = DIRECTION('',(1.,0.));
#9862 = ( GEOMETRIC_REPRESENTATION_CONTEXT(2) 
PARAMETRIC_REPRESENTATION_CONTEXT() REPRESENTATION_CONTEXT('2D SPACE',''
  ) );
#9863 = ORIENTED_EDGE('',*,*,#9864,.F.);
#9864 = EDGE_CURVE('',#9818,#9842,#9865,.T.);
#9865 = SURFACE_CURVE('',#9866,(#9870,#9877),.PCURVE_S1.);
#9866 = LINE('',#9867,#9868);
#9867 = CARTESIAN_POINT('',(165.,-115.5,37.));
#9868 = VECTOR('',#9869,1.);
#9869 = DIRECTION('',(-0.,1.,0.));
#9870 = PCURVE('',#9777,#9871);
#9871 = DEFINITIONAL_REPRESENTATION('',(#9872),#9876);
#9872 = LINE('',#9873,#9874);
#9873 = CARTESIAN_POINT('',(14.,0.));
#9874 = VECTOR('',#9875,1.);
#9875 = DIRECTION('',(0.,-1.));
#9876 = ( GEOMETRIC_REPRESENTATION_CONTEXT(2) 
PARAMETRIC_REPRESENTATION_CONTEXT() REPRESENTATION_CONTEXT('2D SPACE',''
  ) );
#9877 = PCURVE('',#9718,#9878);
#9878 = DEFINITIONAL_REPRESENTATION('',(#9879),#9883);
#9879 = LINE('',#9880,#9881);
#9880 = CARTESIAN_POINT('',(0.,0.));
#9881 = VECTOR('',#9882,1.);
#9882 = DIRECTION('',(0.,1.));
#9883 = ( GEOMETRIC_REPRESENTATION_CONTEXT(2) 
PARAMETRIC_REPRESENTATION_CONTEXT() REPRESENTATION_CONTEXT('2D SPACE',''
  ) );
#9884 = ADVANCED_FACE('',(#9885),#9692,.T.);
#9885 = FACE_BOUND('',#9886,.T.);
#9886 = EDGE_LOOP('',(#9887,#9888,#9889,#9910));
#9887 = ORIENTED_EDGE('',*,*,#9734,.T.);
#9888 = ORIENTED_EDGE('',*,*,#9841,.T.);
#9889 = ORIENTED_EDGE('',*,*,#9890,.T.);
#9890 = EDGE_CURVE('',#9842,#9677,#9891,.T.);
#9891 = SURFACE_CURVE('',#9892,(#9896,#9903),.PCURVE_S1.);
#9892 = LINE('',#9893,#9894);
#9893 = CARTESIAN_POINT('',(165.,-91.5,37.));
#9894 = VECTOR('',#9895,1.);
#9895 = DIRECTION('',(1.,0.,-0.));
#9896 = PCURVE('',#9692,#9897);
#9897 = DEFINITIONAL_REPRESENTATION('',(#9898),#9902);
#9898 = LINE('',#9899,#9900);
#9899 = CARTESIAN_POINT('',(14.,0.));
#9900 = VECTOR('',#9901,1.);
#9901 = DIRECTION('',(0.,1.));
#9902 = ( GEOMETRIC_REPRESENTATION_CONTEXT(2) 
PARAMETRIC_REPRESENTATION_CONTEXT() REPRESENTATION_CONTEXT('2D SPACE',''
  ) );
#9903 = PCURVE('',#9718,#9904);
#9904 = DEFINITIONAL_REPRESENTATION('',(#9905),#9909);
#9905 = LINE('',#9906,#9907);
#9906 = CARTESIAN_POINT('',(0.,24.));
#9907 = VECTOR('',#9908,1.);
#9908 = DIRECTION('',(1.,0.));
#9909 = ( GEOMETRIC_REPRESENTATION_CONTEXT(2) 
PARAMETRIC_REPRESENTATION_CONTEXT() REPRESENTATION_CONTEXT('2D SPACE',''
  ) );
#9910 = ORIENTED_EDGE('',*,*,#9676,.F.);
#9911 = ADVANCED_FACE('',(#9912),#9718,.T.);
#9912 = FACE_BOUND('',#9913,.T.);
#9913 = EDGE_LOOP('',(#9914,#9915,#9936,#9937));
#9914 = ORIENTED_EDGE('',*,*,#9864,.F.);
#9915 = ORIENTED_EDGE('',*,*,#9916,.T.);
#9916 = EDGE_CURVE('',#9818,#9618,#9917,.T.);
#9917 = SURFACE_CURVE('',#9918,(#9922,#9929),.PCURVE_S1.);
#9918 = LINE('',#9919,#9920);
#9919 = CARTESIAN_POINT('',(165.,-115.5,37.));
#9920 = VECTOR('',#9921,1.);
#9921 = DIRECTION('',(1.,0.,-0.));
#9922 = PCURVE('',#9718,#9923);
#9923 = DEFINITIONAL_REPRESENTATION('',(#9924),#9928);
#9924 = LINE('',#9925,#9926);
#9925 = CARTESIAN_POINT('',(0.,0.));
#9926 = VECTOR('',#9927,1.);
#9927 = DIRECTION('',(1.,0.));
#9928 = ( GEOMETRIC_REPRESENTATION_CONTEXT(2) 
PARAMETRIC_REPRESENTATION_CONTEXT() REPRESENTATION_CONTEXT('2D SPACE',''
  ) );
#9929 = PCURVE('',#9638,#9930);
#9930 = DEFINITIONAL_REPRESENTATION('',(#9931),#9935);
#9931 = LINE('',#9932,#9933);
#9932 = CARTESIAN_POINT('',(14.,0.));
#9933 = VECTOR('',#9934,1.);
#9934 = DIRECTION('',(0.,1.));
#9935 = ( GEOMETRIC_REPRESENTATION_CONTEXT(2) 
PARAMETRIC_REPRESENTATION_CONTEXT() REPRESENTATION_CONTEXT('2D SPACE',''
  ) );
#9936 = ORIENTED_EDGE('',*,*,#9704,.T.);
#9937 = ORIENTED_EDGE('',*,*,#9890,.F.);
#9938 = ADVANCED_FACE('',(#9939),#9638,.F.);
#9939 = FACE_BOUND('',#9940,.F.);
#9940 = EDGE_LOOP('',(#9941,#9942,#9943,#9944));
#9941 = ORIENTED_EDGE('',*,*,#9788,.T.);
#9942 = ORIENTED_EDGE('',*,*,#9817,.T.);
#9943 = ORIENTED_EDGE('',*,*,#9916,.T.);
#9944 = ORIENTED_EDGE('',*,*,#9615,.F.);
#9945 = MANIFOLD_SOLID_BREP('',#9946);
#9946 = CLOSED_SHELL('',(#9947,#10065,#10149,#10220,#10247,#10274));
#9947 = ADVANCED_FACE('',(#9948),#9962,.T.);
#9948 = FACE_BOUND('',#9949,.T.);
#9949 = EDGE_LOOP('',(#9950,#9985,#10011,#10039));
#9950 = ORIENTED_EDGE('',*,*,#9951,.F.);
#9951 = EDGE_CURVE('',#9952,#9954,#9956,.T.);
#9952 = VERTEX_POINT('',#9953);
#9953 = CARTESIAN_POINT('',(170.,91.5,33.30434372436));
#9954 = VERTEX_POINT('',#9955);
#9955 = CARTESIAN_POINT('',(170.,91.5,37.));
#9956 = SURFACE_CURVE('',#9957,(#9961,#9973),.PCURVE_S1.);
#9957 = LINE('',#9958,#9959);
#9958 = CARTESIAN_POINT('',(170.,91.5,23.));
#9959 = VECTOR('',#9960,1.);
#9960 = DIRECTION('',(0.,0.,1.));
#9961 = PCURVE('',#9962,#9967);
#9962 = PLANE('',#9963);
#9963 = AXIS2_PLACEMENT_3D('',#9964,#9965,#9966);
#9964 = CARTESIAN_POINT('',(170.,91.5,23.));
#9965 = DIRECTION('',(1.,0.,-0.));
#9966 = DIRECTION('',(0.,0.,1.));
#9967 = DEFINITIONAL_REPRESENTATION('',(#9968),#9972);
#9968 = LINE('',#9969,#9970);
#9969 = CARTESIAN_POINT('',(0.,0.));
#9970 = VECTOR('',#9971,1.);
#9971 = DIRECTION('',(1.,0.));
#9972 = ( GEOMETRIC_REPRESENTATION_CONTEXT(2) 
PARAMETRIC_REPRESENTATION_CONTEXT() REPRESENTATION_CONTEXT('2D SPACE',''
  ) );
#9973 = PCURVE('',#9974,#9979);
#9974 = PLANE('',#9975);
#9975 = AXIS2_PLACEMENT_3D('',#9976,#9977,#9978);
#9976 = CARTESIAN_POINT('',(165.,91.5,23.));
#9977 = DIRECTION('',(-0.,1.,0.));
#9978 = DIRECTION('',(0.,0.,1.));
#9979 = DEFINITIONAL_REPRESENTATION('',(#9980),#9984);
#9980 = LINE('',#9981,#9982);
#9981 = CARTESIAN_POINT('',(0.,5.));
#9982 = VECTOR('',#9983,1.);
#9983 = DIRECTION('',(1.,0.));
#9984 = ( GEOMETRIC_REPRESENTATION_CONTEXT(2) 
PARAMETRIC_REPRESENTATION_CONTEXT() REPRESENTATION_CONTEXT('2D SPACE',''
  ) );
#9985 = ORIENTED_EDGE('',*,*,#9986,.F.);
#9986 = EDGE_CURVE('',#9987,#9952,#9989,.T.);
#9987 = VERTEX_POINT('',#9988);
#9988 = CARTESIAN_POINT('',(170.,115.5,33.30434372436));
#9989 = SURFACE_CURVE('',#9990,(#9994,#10000),.PCURVE_S1.);
#9990 = LINE('',#9991,#9992);
#9991 = CARTESIAN_POINT('',(170.,117.5,33.304343724361));
#9992 = VECTOR('',#9993,1.);
#9993 = DIRECTION('',(0.,-1.,2.22044604925E-16));
#9994 = PCURVE('',#9962,#9995);
#9995 = DEFINITIONAL_REPRESENTATION('',(#9996),#9999);
#9996 = B_SPLINE_CURVE_WITH_KNOTS('',1,(#9997,#9998),.UNSPECIFIED.,.F.,
  .F.,(2,2),(-6.000000070117E-07,28.0000006),.PIECEWISE_BEZIER_KNOTS.);
#9997 = CARTESIAN_POINT('',(10.304343724361,-26.0000006));
#9998 = CARTESIAN_POINT('',(10.304343724361,2.0000006));
#9999 = ( GEOMETRIC_REPRESENTATION_CONTEXT(2) 
PARAMETRIC_REPRESENTATION_CONTEXT() REPRESENTATION_CONTEXT('2D SPACE',''
  ) );
#10000 = PCURVE('',#10001,#10006);
#10001 = CYLINDRICAL_SURFACE('',#10002,3.4);
#10002 = AXIS2_PLACEMENT_3D('',#10003,#10004,#10005);
#10003 = CARTESIAN_POINT('',(167.5,117.5,31.));
#10004 = DIRECTION('',(0.,-1.,2.22044604925E-16));
#10005 = DIRECTION('',(1.,0.,0.));
#10006 = DEFINITIONAL_REPRESENTATION('',(#10007),#10010);
#10007 = B_SPLINE_CURVE_WITH_KNOTS('',1,(#10008,#10009),.UNSPECIFIED.,
  .F.,.F.,(2,2),(-6.000000070117E-07,28.0000006),
  .PIECEWISE_BEZIER_KNOTS.);
#10008 = CARTESIAN_POINT('',(0.744695784868,-6.000000065E-07));
#10009 = CARTESIAN_POINT('',(0.744695784868,28.0000006));
#10010 = ( GEOMETRIC_REPRESENTATION_CONTEXT(2) 
PARAMETRIC_REPRESENTATION_CONTEXT() REPRESENTATION_CONTEXT('2D SPACE',''
  ) );
#10011 = ORIENTED_EDGE('',*,*,#10012,.T.);
#10012 = EDGE_CURVE('',#9987,#10013,#10015,.T.);
#10013 = VERTEX_POINT('',#10014);
#10014 = CARTESIAN_POINT('',(170.,115.5,37.));
#10015 = SURFACE_CURVE('',#10016,(#10020,#10027),.PCURVE_S1.);
#10016 = LINE('',#10017,#10018);
#10017 = CARTESIAN_POINT('',(170.,115.5,23.));
#10018 = VECTOR('',#10019,1.);
#10019 = DIRECTION('',(0.,0.,1.));
#10020 = PCURVE('',#9962,#10021);
#10021 = DEFINITIONAL_REPRESENTATION('',(#10022),#10026);
#10022 = LINE('',#10023,#10024);
#10023 = CARTESIAN_POINT('',(0.,-24.));
#10024 = VECTOR('',#10025,1.);
#10025 = DIRECTION('',(1.,0.));
#10026 = ( GEOMETRIC_REPRESENTATION_CONTEXT(2) 
PARAMETRIC_REPRESENTATION_CONTEXT() REPRESENTATION_CONTEXT('2D SPACE',''
  ) );
#10027 = PCURVE('',#10028,#10033);
#10028 = PLANE('',#10029);
#10029 = AXIS2_PLACEMENT_3D('',#10030,#10031,#10032);
#10030 = CARTESIAN_POINT('',(165.,115.5,23.));
#10031 = DIRECTION('',(-0.,1.,0.));
#10032 = DIRECTION('',(0.,0.,1.));
#10033 = DEFINITIONAL_REPRESENTATION('',(#10034),#10038);
#10034 = LINE('',#10035,#10036);
#10035 = CARTESIAN_POINT('',(0.,5.));
#10036 = VECTOR('',#10037,1.);
#10037 = DIRECTION('',(1.,0.));
#10038 = ( GEOMETRIC_REPRESENTATION_CONTEXT(2) 
PARAMETRIC_REPRESENTATION_CONTEXT() REPRESENTATION_CONTEXT('2D SPACE',''
  ) );
#10039 = ORIENTED_EDGE('',*,*,#10040,.F.);
#10040 = EDGE_CURVE('',#9954,#10013,#10041,.T.);
#10041 = SURFACE_CURVE('',#10042,(#10046,#10053),.PCURVE_S1.);
#10042 = LINE('',#10043,#10044);
#10043 = CARTESIAN_POINT('',(170.,91.5,37.));
#10044 = VECTOR('',#10045,1.);
#10045 = DIRECTION('',(-0.,1.,0.));
#10046 = PCURVE('',#9962,#10047);
#10047 = DEFINITIONAL_REPRESENTATION('',(#10048),#10052);
#10048 = LINE('',#10049,#10050);
#10049 = CARTESIAN_POINT('',(14.,0.));
#10050 = VECTOR('',#10051,1.);
#10051 = DIRECTION('',(0.,-1.));
#10052 = ( GEOMETRIC_REPRESENTATION_CONTEXT(2) 
PARAMETRIC_REPRESENTATION_CONTEXT() REPRESENTATION_CONTEXT('2D SPACE',''
  ) );
#10053 = PCURVE('',#10054,#10059);
#10054 = PLANE('',#10055);
#10055 = AXIS2_PLACEMENT_3D('',#10056,#10057,#10058);
#10056 = CARTESIAN_POINT('',(165.,91.5,37.));
#10057 = DIRECTION('',(0.,0.,1.));
#10058 = DIRECTION('',(1.,0.,-0.));
#10059 = DEFINITIONAL_REPRESENTATION('',(#10060),#10064);
#10060 = LINE('',#10061,#10062);
#10061 = CARTESIAN_POINT('',(5.,0.));
#10062 = VECTOR('',#10063,1.);
#10063 = DIRECTION('',(0.,1.));
#10064 = ( GEOMETRIC_REPRESENTATION_CONTEXT(2) 
PARAMETRIC_REPRESENTATION_CONTEXT() REPRESENTATION_CONTEXT('2D SPACE',''
  ) );
#10065 = ADVANCED_FACE('',(#10066),#10001,.F.);
#10066 = FACE_BOUND('',#10067,.F.);
#10067 = EDGE_LOOP('',(#10068,#10069,#10097,#10123));
#10068 = ORIENTED_EDGE('',*,*,#9986,.F.);
#10069 = ORIENTED_EDGE('',*,*,#10070,.T.);
#10070 = EDGE_CURVE('',#9987,#10071,#10073,.T.);
#10071 = VERTEX_POINT('',#10072);
#10072 = CARTESIAN_POINT('',(165.,115.5,33.30434372436));
#10073 = SURFACE_CURVE('',#10074,(#10079,#10086),.PCURVE_S1.);
#10074 = CIRCLE('',#10075,3.4);
#10075 = AXIS2_PLACEMENT_3D('',#10076,#10077,#10078);
#10076 = CARTESIAN_POINT('',(167.5,115.5,31.));
#10077 = DIRECTION('',(0.,-1.,2.22044604925E-16));
#10078 = DIRECTION('',(1.,0.,0.));
#10079 = PCURVE('',#10001,#10080);
#10080 = DEFINITIONAL_REPRESENTATION('',(#10081),#10085);
#10081 = LINE('',#10082,#10083);
#10082 = CARTESIAN_POINT('',(0.,2.));
#10083 = VECTOR('',#10084,1.);
#10084 = DIRECTION('',(1.,0.));
#10085 = ( GEOMETRIC_REPRESENTATION_CONTEXT(2) 
PARAMETRIC_REPRESENTATION_CONTEXT() REPRESENTATION_CONTEXT('2D SPACE',''
  ) );
#10086 = PCURVE('',#10028,#10087);
#10087 = DEFINITIONAL_REPRESENTATION('',(#10088),#10096);
#10088 = ( BOUNDED_CURVE() B_SPLINE_CURVE(2,(#10089,#10090,#10091,#10092
    ,#10093,#10094,#10095),.UNSPECIFIED.,.T.,.F.) 
B_SPLINE_CURVE_WITH_KNOTS((1,2,2,2,2,1),(-2.094395102393,0.,
    2.094395102393,4.188790204786,6.28318530718,8.377580409573),
.UNSPECIFIED.) CURVE() GEOMETRIC_REPRESENTATION_ITEM() 
RATIONAL_B_SPLINE_CURVE((1.,0.5,1.,0.5,1.,0.5,1.)) REPRESENTATION_ITEM(
  '') );
#10089 = CARTESIAN_POINT('',(8.,5.9));
#10090 = CARTESIAN_POINT('',(13.888972745734,5.9));
#10091 = CARTESIAN_POINT('',(10.944486372867,0.8));
#10092 = CARTESIAN_POINT('',(8.,-4.3));
#10093 = CARTESIAN_POINT('',(5.055513627133,0.8));
#10094 = CARTESIAN_POINT('',(2.111027254266,5.9));
#10095 = CARTESIAN_POINT('',(8.,5.9));
#10096 = ( GEOMETRIC_REPRESENTATION_CONTEXT(2) 
PARAMETRIC_REPRESENTATION_CONTEXT() REPRESENTATION_CONTEXT('2D SPACE',''
  ) );
#10097 = ORIENTED_EDGE('',*,*,#10098,.T.);
#10098 = EDGE_CURVE('',#10071,#10099,#10101,.T.);
#10099 = VERTEX_POINT('',#10100);
#10100 = CARTESIAN_POINT('',(165.,91.5,33.30434372436));
#10101 = SURFACE_CURVE('',#10102,(#10106,#10112),.PCURVE_S1.);
#10102 = LINE('',#10103,#10104);
#10103 = CARTESIAN_POINT('',(165.,117.5,33.304343724361));
#10104 = VECTOR('',#10105,1.);
#10105 = DIRECTION('',(0.,-1.,2.22044604925E-16));
#10106 = PCURVE('',#10001,#10107);
#10107 = DEFINITIONAL_REPRESENTATION('',(#10108),#10111);
#10108 = B_SPLINE_CURVE_WITH_KNOTS('',1,(#10109,#10110),.UNSPECIFIED.,
  .F.,.F.,(2,2),(-6.000000070117E-07,28.0000006),
  .PIECEWISE_BEZIER_KNOTS.);
#10109 = CARTESIAN_POINT('',(2.396896868722,-6.000000065E-07));
#10110 = CARTESIAN_POINT('',(2.396896868722,28.0000006));
#10111 = ( GEOMETRIC_REPRESENTATION_CONTEXT(2) 
PARAMETRIC_REPRESENTATION_CONTEXT() REPRESENTATION_CONTEXT('2D SPACE',''
  ) );
#10112 = PCURVE('',#10113,#10118);
#10113 = PLANE('',#10114);
#10114 = AXIS2_PLACEMENT_3D('',#10115,#10116,#10117);
#10115 = CARTESIAN_POINT('',(165.,91.5,23.));
#10116 = DIRECTION('',(1.,0.,-0.));
#10117 = DIRECTION('',(0.,0.,1.));
#10118 = DEFINITIONAL_REPRESENTATION('',(#10119),#10122);
#10119 = B_SPLINE_CURVE_WITH_KNOTS('',1,(#10120,#10121),.UNSPECIFIED.,
  .F.,.F.,(2,2),(-6.000000070117E-07,28.0000006),
  .PIECEWISE_BEZIER_KNOTS.);
#10120 = CARTESIAN_POINT('',(10.304343724361,-26.0000006));
#10121 = CARTESIAN_POINT('',(10.304343724361,2.0000006));
#10122 = ( GEOMETRIC_REPRESENTATION_CONTEXT(2) 
PARAMETRIC_REPRESENTATION_CONTEXT() REPRESENTATION_CONTEXT('2D SPACE',''
  ) );
#10123 = ORIENTED_EDGE('',*,*,#10124,.F.);
#10124 = EDGE_CURVE('',#9952,#10099,#10125,.T.);
#10125 = SURFACE_CURVE('',#10126,(#10131,#10138),.PCURVE_S1.);
#10126 = CIRCLE('',#10127,3.4);
#10127 = AXIS2_PLACEMENT_3D('',#10128,#10129,#10130);
#10128 = CARTESIAN_POINT('',(167.5,91.5,31.));
#10129 = DIRECTION('',(0.,-1.,2.22044604925E-16));
#10130 = DIRECTION('',(1.,0.,0.));
#10131 = PCURVE('',#10001,#10132);
#10132 = DEFINITIONAL_REPRESENTATION('',(#10133),#10137);
#10133 = LINE('',#10134,#10135);
#10134 = CARTESIAN_POINT('',(0.,26.));
#10135 = VECTOR('',#10136,1.);
#10136 = DIRECTION('',(1.,0.));
#10137 = ( GEOMETRIC_REPRESENTATION_CONTEXT(2) 
PARAMETRIC_REPRESENTATION_CONTEXT() REPRESENTATION_CONTEXT('2D SPACE',''
  ) );
#10138 = PCURVE('',#9974,#10139);
#10139 = DEFINITIONAL_REPRESENTATION('',(#10140),#10148);
#10140 = ( BOUNDED_CURVE() B_SPLINE_CURVE(2,(#10141,#10142,#10143,#10144
    ,#10145,#10146,#10147),.UNSPECIFIED.,.T.,.F.) 
B_SPLINE_CURVE_WITH_KNOTS((1,2,2,2,2,1),(-2.094395102393,0.,
    2.094395102393,4.188790204786,6.28318530718,8.377580409573),
.UNSPECIFIED.) CURVE() GEOMETRIC_REPRESENTATION_ITEM() 
RATIONAL_B_SPLINE_CURVE((1.,0.5,1.,0.5,1.,0.5,1.)) REPRESENTATION_ITEM(
  '') );
#10141 = CARTESIAN_POINT('',(8.,5.9));
#10142 = CARTESIAN_POINT('',(13.888972745734,5.9));
#10143 = CARTESIAN_POINT('',(10.944486372867,0.8));
#10144 = CARTESIAN_POINT('',(8.,-4.3));
#10145 = CARTESIAN_POINT('',(5.055513627133,0.8));
#10146 = CARTESIAN_POINT('',(2.111027254266,5.9));
#10147 = CARTESIAN_POINT('',(8.,5.9));
#10148 = ( GEOMETRIC_REPRESENTATION_CONTEXT(2) 
PARAMETRIC_REPRESENTATION_CONTEXT() REPRESENTATION_CONTEXT('2D SPACE',''
  ) );
#10149 = ADVANCED_FACE('',(#10150),#10113,.F.);
#10150 = FACE_BOUND('',#10151,.F.);
#10151 = EDGE_LOOP('',(#10152,#10175,#10176,#10199));
#10152 = ORIENTED_EDGE('',*,*,#10153,.F.);
#10153 = EDGE_CURVE('',#10099,#10154,#10156,.T.);
#10154 = VERTEX_POINT('',#10155);
#10155 = CARTESIAN_POINT('',(165.,91.5,37.));
#10156 = SURFACE_CURVE('',#10157,(#10161,#10168),.PCURVE_S1.);
#10157 = LINE('',#10158,#10159);
#10158 = CARTESIAN_POINT('',(165.,91.5,23.));
#10159 = VECTOR('',#10160,1.);
#10160 = DIRECTION('',(0.,0.,1.));
#10161 = PCURVE('',#10113,#10162);
#10162 = DEFINITIONAL_REPRESENTATION('',(#10163),#10167);
#10163 = LINE('',#10164,#10165);
#10164 = CARTESIAN_POINT('',(0.,0.));
#10165 = VECTOR('',#10166,1.);
#10166 = DIRECTION('',(1.,0.));
#10167 = ( GEOMETRIC_REPRESENTATION_CONTEXT(2) 
PARAMETRIC_REPRESENTATION_CONTEXT() REPRESENTATION_CONTEXT('2D SPACE',''
  ) );
#10168 = PCURVE('',#9974,#10169);
#10169 = DEFINITIONAL_REPRESENTATION('',(#10170),#10174);
#10170 = LINE('',#10171,#10172);
#10171 = CARTESIAN_POINT('',(0.,0.));
#10172 = VECTOR('',#10173,1.);
#10173 = DIRECTION('',(1.,0.));
#10174 = ( GEOMETRIC_REPRESENTATION_CONTEXT(2) 
PARAMETRIC_REPRESENTATION_CONTEXT() REPRESENTATION_CONTEXT('2D SPACE',''
  ) );
#10175 = ORIENTED_EDGE('',*,*,#10098,.F.);
#10176 = ORIENTED_EDGE('',*,*,#10177,.T.);
#10177 = EDGE_CURVE('',#10071,#10178,#10180,.T.);
#10178 = VERTEX_POINT('',#10179);
#10179 = CARTESIAN_POINT('',(165.,115.5,37.));
#10180 = SURFACE_CURVE('',#10181,(#10185,#10192),.PCURVE_S1.);
#10181 = LINE('',#10182,#10183);
#10182 = CARTESIAN_POINT('',(165.,115.5,23.));
#10183 = VECTOR('',#10184,1.);
#10184 = DIRECTION('',(0.,0.,1.));
#10185 = PCURVE('',#10113,#10186);
#10186 = DEFINITIONAL_REPRESENTATION('',(#10187),#10191);
#10187 = LINE('',#10188,#10189);
#10188 = CARTESIAN_POINT('',(0.,-24.));
#10189 = VECTOR('',#10190,1.);
#10190 = DIRECTION('',(1.,0.));
#10191 = ( GEOMETRIC_REPRESENTATION_CONTEXT(2) 
PARAMETRIC_REPRESENTATION_CONTEXT() REPRESENTATION_CONTEXT('2D SPACE',''
  ) );
#10192 = PCURVE('',#10028,#10193);
#10193 = DEFINITIONAL_REPRESENTATION('',(#10194),#10198);
#10194 = LINE('',#10195,#10196);
#10195 = CARTESIAN_POINT('',(0.,0.));
#10196 = VECTOR('',#10197,1.);
#10197 = DIRECTION('',(1.,0.));
#10198 = ( GEOMETRIC_REPRESENTATION_CONTEXT(2) 
PARAMETRIC_REPRESENTATION_CONTEXT() REPRESENTATION_CONTEXT('2D SPACE',''
  ) );
#10199 = ORIENTED_EDGE('',*,*,#10200,.F.);
#10200 = EDGE_CURVE('',#10154,#10178,#10201,.T.);
#10201 = SURFACE_CURVE('',#10202,(#10206,#10213),.PCURVE_S1.);
#10202 = LINE('',#10203,#10204);
#10203 = CARTESIAN_POINT('',(165.,91.5,37.));
#10204 = VECTOR('',#10205,1.);
#10205 = DIRECTION('',(-0.,1.,0.));
#10206 = PCURVE('',#10113,#10207);
#10207 = DEFINITIONAL_REPRESENTATION('',(#10208),#10212);
#10208 = LINE('',#10209,#10210);
#10209 = CARTESIAN_POINT('',(14.,0.));
#10210 = VECTOR('',#10211,1.);
#10211 = DIRECTION('',(0.,-1.));
#10212 = ( GEOMETRIC_REPRESENTATION_CONTEXT(2) 
PARAMETRIC_REPRESENTATION_CONTEXT() REPRESENTATION_CONTEXT('2D SPACE',''
  ) );
#10213 = PCURVE('',#10054,#10214);
#10214 = DEFINITIONAL_REPRESENTATION('',(#10215),#10219);
#10215 = LINE('',#10216,#10217);
#10216 = CARTESIAN_POINT('',(0.,0.));
#10217 = VECTOR('',#10218,1.);
#10218 = DIRECTION('',(0.,1.));
#10219 = ( GEOMETRIC_REPRESENTATION_CONTEXT(2) 
PARAMETRIC_REPRESENTATION_CONTEXT() REPRESENTATION_CONTEXT('2D SPACE',''
  ) );
#10220 = ADVANCED_FACE('',(#10221),#10028,.T.);
#10221 = FACE_BOUND('',#10222,.T.);
#10222 = EDGE_LOOP('',(#10223,#10224,#10225,#10246));
#10223 = ORIENTED_EDGE('',*,*,#10070,.T.);
#10224 = ORIENTED_EDGE('',*,*,#10177,.T.);
#10225 = ORIENTED_EDGE('',*,*,#10226,.T.);
#10226 = EDGE_CURVE('',#10178,#10013,#10227,.T.);
#10227 = SURFACE_CURVE('',#10228,(#10232,#10239),.PCURVE_S1.);
#10228 = LINE('',#10229,#10230);
#10229 = CARTESIAN_POINT('',(165.,115.5,37.));
#10230 = VECTOR('',#10231,1.);
#10231 = DIRECTION('',(1.,0.,-0.));
#10232 = PCURVE('',#10028,#10233);
#10233 = DEFINITIONAL_REPRESENTATION('',(#10234),#10238);
#10234 = LINE('',#10235,#10236);
#10235 = CARTESIAN_POINT('',(14.,0.));
#10236 = VECTOR('',#10237,1.);
#10237 = DIRECTION('',(0.,1.));
#10238 = ( GEOMETRIC_REPRESENTATION_CONTEXT(2) 
PARAMETRIC_REPRESENTATION_CONTEXT() REPRESENTATION_CONTEXT('2D SPACE',''
  ) );
#10239 = PCURVE('',#10054,#10240);
#10240 = DEFINITIONAL_REPRESENTATION('',(#10241),#10245);
#10241 = LINE('',#10242,#10243);
#10242 = CARTESIAN_POINT('',(0.,24.));
#10243 = VECTOR('',#10244,1.);
#10244 = DIRECTION('',(1.,0.));
#10245 = ( GEOMETRIC_REPRESENTATION_CONTEXT(2) 
PARAMETRIC_REPRESENTATION_CONTEXT() REPRESENTATION_CONTEXT('2D SPACE',''
  ) );
#10246 = ORIENTED_EDGE('',*,*,#10012,.F.);
#10247 = ADVANCED_FACE('',(#10248),#10054,.T.);
#10248 = FACE_BOUND('',#10249,.T.);
#10249 = EDGE_LOOP('',(#10250,#10251,#10272,#10273));
#10250 = ORIENTED_EDGE('',*,*,#10200,.F.);
#10251 = ORIENTED_EDGE('',*,*,#10252,.T.);
#10252 = EDGE_CURVE('',#10154,#9954,#10253,.T.);
#10253 = SURFACE_CURVE('',#10254,(#10258,#10265),.PCURVE_S1.);
#10254 = LINE('',#10255,#10256);
#10255 = CARTESIAN_POINT('',(165.,91.5,37.));
#10256 = VECTOR('',#10257,1.);
#10257 = DIRECTION('',(1.,0.,-0.));
#10258 = PCURVE('',#10054,#10259);
#10259 = DEFINITIONAL_REPRESENTATION('',(#10260),#10264);
#10260 = LINE('',#10261,#10262);
#10261 = CARTESIAN_POINT('',(0.,0.));
#10262 = VECTOR('',#10263,1.);
#10263 = DIRECTION('',(1.,0.));
#10264 = ( GEOMETRIC_REPRESENTATION_CONTEXT(2) 
PARAMETRIC_REPRESENTATION_CONTEXT() REPRESENTATION_CONTEXT('2D SPACE',''
  ) );
#10265 = PCURVE('',#9974,#10266);
#10266 = DEFINITIONAL_REPRESENTATION('',(#10267),#10271);
#10267 = LINE('',#10268,#10269);
#10268 = CARTESIAN_POINT('',(14.,0.));
#10269 = VECTOR('',#10270,1.);
#10270 = DIRECTION('',(0.,1.));
#10271 = ( GEOMETRIC_REPRESENTATION_CONTEXT(2) 
PARAMETRIC_REPRESENTATION_CONTEXT() REPRESENTATION_CONTEXT('2D SPACE',''
  ) );
#10272 = ORIENTED_EDGE('',*,*,#10040,.T.);
#10273 = ORIENTED_EDGE('',*,*,#10226,.F.);
#10274 = ADVANCED_FACE('',(#10275),#9974,.F.);
#10275 = FACE_BOUND('',#10276,.F.);
#10276 = EDGE_LOOP('',(#10277,#10278,#10279,#10280));
#10277 = ORIENTED_EDGE('',*,*,#10124,.T.);
#10278 = ORIENTED_EDGE('',*,*,#10153,.T.);
#10279 = ORIENTED_EDGE('',*,*,#10252,.T.);
#10280 = ORIENTED_EDGE('',*,*,#9951,.F.);
#10281 = MANIFOLD_SOLID_BREP('',#10282);
#10282 = CLOSED_SHELL('',(#10283,#10401,#10477,#10548,#10575,#10602));
#10283 = ADVANCED_FACE('',(#10284),#10298,.T.);
#10284 = FACE_BOUND('',#10285,.T.);
#10285 = EDGE_LOOP('',(#10286,#10321,#10347,#10375));
#10286 = ORIENTED_EDGE('',*,*,#10287,.F.);
#10287 = EDGE_CURVE('',#10288,#10290,#10292,.T.);
#10288 = VERTEX_POINT('',#10289);
#10289 = CARTESIAN_POINT('',(145.5,140.,33.30434372436));
#10290 = VERTEX_POINT('',#10291);
#10291 = CARTESIAN_POINT('',(145.5,140.,37.));
#10292 = SURFACE_CURVE('',#10293,(#10297,#10309),.PCURVE_S1.);
#10293 = LINE('',#10294,#10295);
#10294 = CARTESIAN_POINT('',(145.5,140.,23.));
#10295 = VECTOR('',#10296,1.);
#10296 = DIRECTION('',(0.,0.,1.));
#10297 = PCURVE('',#10298,#10303);
#10298 = PLANE('',#10299);
#10299 = AXIS2_PLACEMENT_3D('',#10300,#10301,#10302);
#10300 = CARTESIAN_POINT('',(121.5,140.,23.));
#10301 = DIRECTION('',(-0.,1.,0.));
#10302 = DIRECTION('',(0.,0.,1.));
#10303 = DEFINITIONAL_REPRESENTATION('',(#10304),#10308);
#10304 = LINE('',#10305,#10306);
#10305 = CARTESIAN_POINT('',(0.,24.));
#10306 = VECTOR('',#10307,1.);
#10307 = DIRECTION('',(1.,0.));
#10308 = ( GEOMETRIC_REPRESENTATION_CONTEXT(2) 
PARAMETRIC_REPRESENTATION_CONTEXT() REPRESENTATION_CONTEXT('2D SPACE',''
  ) );
#10309 = PCURVE('',#10310,#10315);
#10310 = PLANE('',#10311);
#10311 = AXIS2_PLACEMENT_3D('',#10312,#10313,#10314);
#10312 = CARTESIAN_POINT('',(145.5,135.,23.));
#10313 = DIRECTION('',(1.,0.,-0.));
#10314 = DIRECTION('',(0.,0.,1.));
#10315 = DEFINITIONAL_REPRESENTATION('',(#10316),#10320);
#10316 = LINE('',#10317,#10318);
#10317 = CARTESIAN_POINT('',(0.,-5.));
#10318 = VECTOR('',#10319,1.);
#10319 = DIRECTION('',(1.,0.));
#10320 = ( GEOMETRIC_REPRESENTATION_CONTEXT(2) 
PARAMETRIC_REPRESENTATION_CONTEXT() REPRESENTATION_CONTEXT('2D SPACE',''
  ) );
#10321 = ORIENTED_EDGE('',*,*,#10322,.F.);
#10322 = EDGE_CURVE('',#10323,#10288,#10325,.T.);
#10323 = VERTEX_POINT('',#10324);
#10324 = CARTESIAN_POINT('',(121.5,140.,33.30434372436));
#10325 = SURFACE_CURVE('',#10326,(#10330,#10336),.PCURVE_S1.);
#10326 = LINE('',#10327,#10328);
#10327 = CARTESIAN_POINT('',(119.5,140.,33.304343724361));
#10328 = VECTOR('',#10329,1.);
#10329 = DIRECTION('',(1.,0.,2.22044604925E-16));
#10330 = PCURVE('',#10298,#10331);
#10331 = DEFINITIONAL_REPRESENTATION('',(#10332),#10335);
#10332 = B_SPLINE_CURVE_WITH_KNOTS('',1,(#10333,#10334),.UNSPECIFIED.,
  .F.,.F.,(2,2),(-6.000000070117E-07,28.0000006),
  .PIECEWISE_BEZIER_KNOTS.);
#10333 = CARTESIAN_POINT('',(10.304343724361,-2.0000006));
#10334 = CARTESIAN_POINT('',(10.304343724361,26.0000006));
#10335 = ( GEOMETRIC_REPRESENTATION_CONTEXT(2) 
PARAMETRIC_REPRESENTATION_CONTEXT() REPRESENTATION_CONTEXT('2D SPACE',''
  ) );
#10336 = PCURVE('',#10337,#10342);
#10337 = CYLINDRICAL_SURFACE('',#10338,3.4);
#10338 = AXIS2_PLACEMENT_3D('',#10339,#10340,#10341);
#10339 = CARTESIAN_POINT('',(119.5,137.5,31.));
#10340 = DIRECTION('',(1.,0.,2.22044604925E-16));
#10341 = DIRECTION('',(2.22044604925E-16,0.,-1.));
#10342 = DEFINITIONAL_REPRESENTATION('',(#10343),#10346);
#10343 = B_SPLINE_CURVE_WITH_KNOTS('',1,(#10344,#10345),.UNSPECIFIED.,
  .F.,.F.,(2,2),(-6.000000070117E-07,28.0000006),
  .PIECEWISE_BEZIER_KNOTS.);
#10344 = CARTESIAN_POINT('',(2.315492111663,-6.000000065E-07));
#10345 = CARTESIAN_POINT('',(2.315492111663,28.0000006));
#10346 = ( GEOMETRIC_REPRESENTATION_CONTEXT(2) 
PARAMETRIC_REPRESENTATION_CONTEXT() REPRESENTATION_CONTEXT('2D SPACE',''
  ) );
#10347 = ORIENTED_EDGE('',*,*,#10348,.T.);
#10348 = EDGE_CURVE('',#10323,#10349,#10351,.T.);
#10349 = VERTEX_POINT('',#10350);
#10350 = CARTESIAN_POINT('',(121.5,140.,37.));
#10351 = SURFACE_CURVE('',#10352,(#10356,#10363),.PCURVE_S1.);
#10352 = LINE('',#10353,#10354);
#10353 = CARTESIAN_POINT('',(121.5,140.,23.));
#10354 = VECTOR('',#10355,1.);
#10355 = DIRECTION('',(0.,0.,1.));
#10356 = PCURVE('',#10298,#10357);
#10357 = DEFINITIONAL_REPRESENTATION('',(#10358),#10362);
#10358 = LINE('',#10359,#10360);
#10359 = CARTESIAN_POINT('',(0.,0.));
#10360 = VECTOR('',#10361,1.);
#10361 = DIRECTION('',(1.,0.));
#10362 = ( GEOMETRIC_REPRESENTATION_CONTEXT(2) 
PARAMETRIC_REPRESENTATION_CONTEXT() REPRESENTATION_CONTEXT('2D SPACE',''
  ) );
#10363 = PCURVE('',#10364,#10369);
#10364 = PLANE('',#10365);
#10365 = AXIS2_PLACEMENT_3D('',#10366,#10367,#10368);
#10366 = CARTESIAN_POINT('',(121.5,135.,23.));
#10367 = DIRECTION('',(1.,0.,-0.));
#10368 = DIRECTION('',(0.,0.,1.));
#10369 = DEFINITIONAL_REPRESENTATION('',(#10370),#10374);
#10370 = LINE('',#10371,#10372);
#10371 = CARTESIAN_POINT('',(0.,-5.));
#10372 = VECTOR('',#10373,1.);
#10373 = DIRECTION('',(1.,0.));
#10374 = ( GEOMETRIC_REPRESENTATION_CONTEXT(2) 
PARAMETRIC_REPRESENTATION_CONTEXT() REPRESENTATION_CONTEXT('2D SPACE',''
  ) );
#10375 = ORIENTED_EDGE('',*,*,#10376,.T.);
#10376 = EDGE_CURVE('',#10349,#10290,#10377,.T.);
#10377 = SURFACE_CURVE('',#10378,(#10382,#10389),.PCURVE_S1.);
#10378 = LINE('',#10379,#10380);
#10379 = CARTESIAN_POINT('',(121.5,140.,37.));
#10380 = VECTOR('',#10381,1.);
#10381 = DIRECTION('',(1.,0.,-0.));
#10382 = PCURVE('',#10298,#10383);
#10383 = DEFINITIONAL_REPRESENTATION('',(#10384),#10388);
#10384 = LINE('',#10385,#10386);
#10385 = CARTESIAN_POINT('',(14.,0.));
#10386 = VECTOR('',#10387,1.);
#10387 = DIRECTION('',(0.,1.));
#10388 = ( GEOMETRIC_REPRESENTATION_CONTEXT(2) 
PARAMETRIC_REPRESENTATION_CONTEXT() REPRESENTATION_CONTEXT('2D SPACE',''
  ) );
#10389 = PCURVE('',#10390,#10395);
#10390 = PLANE('',#10391);
#10391 = AXIS2_PLACEMENT_3D('',#10392,#10393,#10394);
#10392 = CARTESIAN_POINT('',(121.5,135.,37.));
#10393 = DIRECTION('',(0.,0.,1.));
#10394 = DIRECTION('',(1.,0.,-0.));
#10395 = DEFINITIONAL_REPRESENTATION('',(#10396),#10400);
#10396 = LINE('',#10397,#10398);
#10397 = CARTESIAN_POINT('',(0.,5.));
#10398 = VECTOR('',#10399,1.);
#10399 = DIRECTION('',(1.,0.));
#10400 = ( GEOMETRIC_REPRESENTATION_CONTEXT(2) 
PARAMETRIC_REPRESENTATION_CONTEXT() REPRESENTATION_CONTEXT('2D SPACE',''
  ) );
#10401 = ADVANCED_FACE('',(#10402),#10337,.F.);
#10402 = FACE_BOUND('',#10403,.F.);
#10403 = EDGE_LOOP('',(#10404,#10405,#10429,#10455));
#10404 = ORIENTED_EDGE('',*,*,#10322,.F.);
#10405 = ORIENTED_EDGE('',*,*,#10406,.T.);
#10406 = EDGE_CURVE('',#10323,#10407,#10409,.T.);
#10407 = VERTEX_POINT('',#10408);
#10408 = CARTESIAN_POINT('',(121.5,135.,33.30434372436));
#10409 = SURFACE_CURVE('',#10410,(#10415,#10422),.PCURVE_S1.);
#10410 = CIRCLE('',#10411,3.4);
#10411 = AXIS2_PLACEMENT_3D('',#10412,#10413,#10414);
#10412 = CARTESIAN_POINT('',(121.5,137.5,31.));
#10413 = DIRECTION('',(1.,0.,2.22044604925E-16));
#10414 = DIRECTION('',(2.22044604925E-16,0.,-1.));
#10415 = PCURVE('',#10337,#10416);
#10416 = DEFINITIONAL_REPRESENTATION('',(#10417),#10421);
#10417 = LINE('',#10418,#10419);
#10418 = CARTESIAN_POINT('',(0.,2.));
#10419 = VECTOR('',#10420,1.);
#10420 = DIRECTION('',(1.,0.));
#10421 = ( GEOMETRIC_REPRESENTATION_CONTEXT(2) 
PARAMETRIC_REPRESENTATION_CONTEXT() REPRESENTATION_CONTEXT('2D SPACE',''
  ) );
#10422 = PCURVE('',#10364,#10423);
#10423 = DEFINITIONAL_REPRESENTATION('',(#10424),#10428);
#10424 = CIRCLE('',#10425,3.4);
#10425 = AXIS2_PLACEMENT_2D('',#10426,#10427);
#10426 = CARTESIAN_POINT('',(8.,-2.5));
#10427 = DIRECTION('',(-1.,0.));
#10428 = ( GEOMETRIC_REPRESENTATION_CONTEXT(2) 
PARAMETRIC_REPRESENTATION_CONTEXT() REPRESENTATION_CONTEXT('2D SPACE',''
  ) );
#10429 = ORIENTED_EDGE('',*,*,#10430,.T.);
#10430 = EDGE_CURVE('',#10407,#10431,#10433,.T.);
#10431 = VERTEX_POINT('',#10432);
#10432 = CARTESIAN_POINT('',(145.5,135.,33.30434372436));
#10433 = SURFACE_CURVE('',#10434,(#10438,#10444),.PCURVE_S1.);
#10434 = LINE('',#10435,#10436);
#10435 = CARTESIAN_POINT('',(119.5,135.,33.304343724361));
#10436 = VECTOR('',#10437,1.);
#10437 = DIRECTION('',(1.,0.,2.22044604925E-16));
#10438 = PCURVE('',#10337,#10439);
#10439 = DEFINITIONAL_REPRESENTATION('',(#10440),#10443);
#10440 = B_SPLINE_CURVE_WITH_KNOTS('',1,(#10441,#10442),.UNSPECIFIED.,
  .F.,.F.,(2,2),(-6.000000070117E-07,28.0000006),
  .PIECEWISE_BEZIER_KNOTS.);
#10441 = CARTESIAN_POINT('',(3.967693195517,-6.000000065E-07));
#10442 = CARTESIAN_POINT('',(3.967693195517,28.0000006));
#10443 = ( GEOMETRIC_REPRESENTATION_CONTEXT(2) 
PARAMETRIC_REPRESENTATION_CONTEXT() REPRESENTATION_CONTEXT('2D SPACE',''
  ) );
#10444 = PCURVE('',#10445,#10450);
#10445 = PLANE('',#10446);
#10446 = AXIS2_PLACEMENT_3D('',#10447,#10448,#10449);
#10447 = CARTESIAN_POINT('',(121.5,135.,23.));
#10448 = DIRECTION('',(-0.,1.,0.));
#10449 = DIRECTION('',(0.,0.,1.));
#10450 = DEFINITIONAL_REPRESENTATION('',(#10451),#10454);
#10451 = B_SPLINE_CURVE_WITH_KNOTS('',1,(#10452,#10453),.UNSPECIFIED.,
  .F.,.F.,(2,2),(-6.000000070117E-07,28.0000006),
  .PIECEWISE_BEZIER_KNOTS.);
#10452 = CARTESIAN_POINT('',(10.304343724361,-2.0000006));
#10453 = CARTESIAN_POINT('',(10.304343724361,26.0000006));
#10454 = ( GEOMETRIC_REPRESENTATION_CONTEXT(2) 
PARAMETRIC_REPRESENTATION_CONTEXT() REPRESENTATION_CONTEXT('2D SPACE',''
  ) );
#10455 = ORIENTED_EDGE('',*,*,#10456,.F.);
#10456 = EDGE_CURVE('',#10288,#10431,#10457,.T.);
#10457 = SURFACE_CURVE('',#10458,(#10463,#10470),.PCURVE_S1.);
#10458 = CIRCLE('',#10459,3.4);
#10459 = AXIS2_PLACEMENT_3D('',#10460,#10461,#10462);
#10460 = CARTESIAN_POINT('',(145.5,137.5,31.));
#10461 = DIRECTION('',(1.,0.,2.22044604925E-16));
#10462 = DIRECTION('',(2.22044604925E-16,0.,-1.));
#10463 = PCURVE('',#10337,#10464);
#10464 = DEFINITIONAL_REPRESENTATION('',(#10465),#10469);
#10465 = LINE('',#10466,#10467);
#10466 = CARTESIAN_POINT('',(0.,26.));
#10467 = VECTOR('',#10468,1.);
#10468 = DIRECTION('',(1.,0.));
#10469 = ( GEOMETRIC_REPRESENTATION_CONTEXT(2) 
PARAMETRIC_REPRESENTATION_CONTEXT() REPRESENTATION_CONTEXT('2D SPACE',''
  ) );
#10470 = PCURVE('',#10310,#10471);
#10471 = DEFINITIONAL_REPRESENTATION('',(#10472),#10476);
#10472 = CIRCLE('',#10473,3.4);
#10473 = AXIS2_PLACEMENT_2D('',#10474,#10475);
#10474 = CARTESIAN_POINT('',(8.,-2.5));
#10475 = DIRECTION('',(-1.,0.));
#10476 = ( GEOMETRIC_REPRESENTATION_CONTEXT(2) 
PARAMETRIC_REPRESENTATION_CONTEXT() REPRESENTATION_CONTEXT('2D SPACE',''
  ) );
#10477 = ADVANCED_FACE('',(#10478),#10445,.F.);
#10478 = FACE_BOUND('',#10479,.F.);
#10479 = EDGE_LOOP('',(#10480,#10503,#10504,#10527));
#10480 = ORIENTED_EDGE('',*,*,#10481,.F.);
#10481 = EDGE_CURVE('',#10431,#10482,#10484,.T.);
#10482 = VERTEX_POINT('',#10483);
#10483 = CARTESIAN_POINT('',(145.5,135.,37.));
#10484 = SURFACE_CURVE('',#10485,(#10489,#10496),.PCURVE_S1.);
#10485 = LINE('',#10486,#10487);
#10486 = CARTESIAN_POINT('',(145.5,135.,23.));
#10487 = VECTOR('',#10488,1.);
#10488 = DIRECTION('',(0.,0.,1.));
#10489 = PCURVE('',#10445,#10490);
#10490 = DEFINITIONAL_REPRESENTATION('',(#10491),#10495);
#10491 = LINE('',#10492,#10493);
#10492 = CARTESIAN_POINT('',(0.,24.));
#10493 = VECTOR('',#10494,1.);
#10494 = DIRECTION('',(1.,0.));
#10495 = ( GEOMETRIC_REPRESENTATION_CONTEXT(2) 
PARAMETRIC_REPRESENTATION_CONTEXT() REPRESENTATION_CONTEXT('2D SPACE',''
  ) );
#10496 = PCURVE('',#10310,#10497);
#10497 = DEFINITIONAL_REPRESENTATION('',(#10498),#10502);
#10498 = LINE('',#10499,#10500);
#10499 = CARTESIAN_POINT('',(0.,0.));
#10500 = VECTOR('',#10501,1.);
#10501 = DIRECTION('',(1.,0.));
#10502 = ( GEOMETRIC_REPRESENTATION_CONTEXT(2) 
PARAMETRIC_REPRESENTATION_CONTEXT() REPRESENTATION_CONTEXT('2D SPACE',''
  ) );
#10503 = ORIENTED_EDGE('',*,*,#10430,.F.);
#10504 = ORIENTED_EDGE('',*,*,#10505,.T.);
#10505 = EDGE_CURVE('',#10407,#10506,#10508,.T.);
#10506 = VERTEX_POINT('',#10507);
#10507 = CARTESIAN_POINT('',(121.5,135.,37.));
#10508 = SURFACE_CURVE('',#10509,(#10513,#10520),.PCURVE_S1.);
#10509 = LINE('',#10510,#10511);
#10510 = CARTESIAN_POINT('',(121.5,135.,23.));
#10511 = VECTOR('',#10512,1.);
#10512 = DIRECTION('',(0.,0.,1.));
#10513 = PCURVE('',#10445,#10514);
#10514 = DEFINITIONAL_REPRESENTATION('',(#10515),#10519);
#10515 = LINE('',#10516,#10517);
#10516 = CARTESIAN_POINT('',(0.,0.));
#10517 = VECTOR('',#10518,1.);
#10518 = DIRECTION('',(1.,0.));
#10519 = ( GEOMETRIC_REPRESENTATION_CONTEXT(2) 
PARAMETRIC_REPRESENTATION_CONTEXT() REPRESENTATION_CONTEXT('2D SPACE',''
  ) );
#10520 = PCURVE('',#10364,#10521);
#10521 = DEFINITIONAL_REPRESENTATION('',(#10522),#10526);
#10522 = LINE('',#10523,#10524);
#10523 = CARTESIAN_POINT('',(0.,0.));
#10524 = VECTOR('',#10525,1.);
#10525 = DIRECTION('',(1.,0.));
#10526 = ( GEOMETRIC_REPRESENTATION_CONTEXT(2) 
PARAMETRIC_REPRESENTATION_CONTEXT() REPRESENTATION_CONTEXT('2D SPACE',''
  ) );
#10527 = ORIENTED_EDGE('',*,*,#10528,.T.);
#10528 = EDGE_CURVE('',#10506,#10482,#10529,.T.);
#10529 = SURFACE_CURVE('',#10530,(#10534,#10541),.PCURVE_S1.);
#10530 = LINE('',#10531,#10532);
#10531 = CARTESIAN_POINT('',(121.5,135.,37.));
#10532 = VECTOR('',#10533,1.);
#10533 = DIRECTION('',(1.,0.,-0.));
#10534 = PCURVE('',#10445,#10535);
#10535 = DEFINITIONAL_REPRESENTATION('',(#10536),#10540);
#10536 = LINE('',#10537,#10538);
#10537 = CARTESIAN_POINT('',(14.,0.));
#10538 = VECTOR('',#10539,1.);
#10539 = DIRECTION('',(0.,1.));
#10540 = ( GEOMETRIC_REPRESENTATION_CONTEXT(2) 
PARAMETRIC_REPRESENTATION_CONTEXT() REPRESENTATION_CONTEXT('2D SPACE',''
  ) );
#10541 = PCURVE('',#10390,#10542);
#10542 = DEFINITIONAL_REPRESENTATION('',(#10543),#10547);
#10543 = LINE('',#10544,#10545);
#10544 = CARTESIAN_POINT('',(0.,0.));
#10545 = VECTOR('',#10546,1.);
#10546 = DIRECTION('',(1.,0.));
#10547 = ( GEOMETRIC_REPRESENTATION_CONTEXT(2) 
PARAMETRIC_REPRESENTATION_CONTEXT() REPRESENTATION_CONTEXT('2D SPACE',''
  ) );
#10548 = ADVANCED_FACE('',(#10549),#10364,.F.);
#10549 = FACE_BOUND('',#10550,.F.);
#10550 = EDGE_LOOP('',(#10551,#10552,#10553,#10554));
#10551 = ORIENTED_EDGE('',*,*,#10505,.F.);
#10552 = ORIENTED_EDGE('',*,*,#10406,.F.);
#10553 = ORIENTED_EDGE('',*,*,#10348,.T.);
#10554 = ORIENTED_EDGE('',*,*,#10555,.F.);
#10555 = EDGE_CURVE('',#10506,#10349,#10556,.T.);
#10556 = SURFACE_CURVE('',#10557,(#10561,#10568),.PCURVE_S1.);
#10557 = LINE('',#10558,#10559);
#10558 = CARTESIAN_POINT('',(121.5,135.,37.));
#10559 = VECTOR('',#10560,1.);
#10560 = DIRECTION('',(-0.,1.,0.));
#10561 = PCURVE('',#10364,#10562);
#10562 = DEFINITIONAL_REPRESENTATION('',(#10563),#10567);
#10563 = LINE('',#10564,#10565);
#10564 = CARTESIAN_POINT('',(14.,0.));
#10565 = VECTOR('',#10566,1.);
#10566 = DIRECTION('',(0.,-1.));
#10567 = ( GEOMETRIC_REPRESENTATION_CONTEXT(2) 
PARAMETRIC_REPRESENTATION_CONTEXT() REPRESENTATION_CONTEXT('2D SPACE',''
  ) );
#10568 = PCURVE('',#10390,#10569);
#10569 = DEFINITIONAL_REPRESENTATION('',(#10570),#10574);
#10570 = LINE('',#10571,#10572);
#10571 = CARTESIAN_POINT('',(0.,0.));
#10572 = VECTOR('',#10573,1.);
#10573 = DIRECTION('',(0.,1.));
#10574 = ( GEOMETRIC_REPRESENTATION_CONTEXT(2) 
PARAMETRIC_REPRESENTATION_CONTEXT() REPRESENTATION_CONTEXT('2D SPACE',''
  ) );
#10575 = ADVANCED_FACE('',(#10576),#10390,.T.);
#10576 = FACE_BOUND('',#10577,.T.);
#10577 = EDGE_LOOP('',(#10578,#10579,#10580,#10601));
#10578 = ORIENTED_EDGE('',*,*,#10555,.F.);
#10579 = ORIENTED_EDGE('',*,*,#10528,.T.);
#10580 = ORIENTED_EDGE('',*,*,#10581,.T.);
#10581 = EDGE_CURVE('',#10482,#10290,#10582,.T.);
#10582 = SURFACE_CURVE('',#10583,(#10587,#10594),.PCURVE_S1.);
#10583 = LINE('',#10584,#10585);
#10584 = CARTESIAN_POINT('',(145.5,135.,37.));
#10585 = VECTOR('',#10586,1.);
#10586 = DIRECTION('',(-0.,1.,0.));
#10587 = PCURVE('',#10390,#10588);
#10588 = DEFINITIONAL_REPRESENTATION('',(#10589),#10593);
#10589 = LINE('',#10590,#10591);
#10590 = CARTESIAN_POINT('',(24.,0.));
#10591 = VECTOR('',#10592,1.);
#10592 = DIRECTION('',(0.,1.));
#10593 = ( GEOMETRIC_REPRESENTATION_CONTEXT(2) 
PARAMETRIC_REPRESENTATION_CONTEXT() REPRESENTATION_CONTEXT('2D SPACE',''
  ) );
#10594 = PCURVE('',#10310,#10595);
#10595 = DEFINITIONAL_REPRESENTATION('',(#10596),#10600);
#10596 = LINE('',#10597,#10598);
#10597 = CARTESIAN_POINT('',(14.,0.));
#10598 = VECTOR('',#10599,1.);
#10599 = DIRECTION('',(0.,-1.));
#10600 = ( GEOMETRIC_REPRESENTATION_CONTEXT(2) 
PARAMETRIC_REPRESENTATION_CONTEXT() REPRESENTATION_CONTEXT('2D SPACE',''
  ) );
#10601 = ORIENTED_EDGE('',*,*,#10376,.F.);
#10602 = ADVANCED_FACE('',(#10603),#10310,.T.);
#10603 = FACE_BOUND('',#10604,.T.);
#10604 = EDGE_LOOP('',(#10605,#10606,#10607,#10608));
#10605 = ORIENTED_EDGE('',*,*,#10481,.F.);
#10606 = ORIENTED_EDGE('',*,*,#10456,.F.);
#10607 = ORIENTED_EDGE('',*,*,#10287,.T.);
#10608 = ORIENTED_EDGE('',*,*,#10581,.F.);
#10609 = MANIFOLD_SOLID_BREP('',#10610);
#10610 = CLOSED_SHELL('',(#10611,#10729,#10805,#10876,#10903,#10930));
#10611 = ADVANCED_FACE('',(#10612),#10626,.T.);
#10612 = FACE_BOUND('',#10613,.T.);
#10613 = EDGE_LOOP('',(#10614,#10649,#10675,#10703));
#10614 = ORIENTED_EDGE('',*,*,#10615,.F.);
#10615 = EDGE_CURVE('',#10616,#10618,#10620,.T.);
#10616 = VERTEX_POINT('',#10617);
#10617 = CARTESIAN_POINT('',(12.,140.,33.30434372436));
#10618 = VERTEX_POINT('',#10619);
#10619 = CARTESIAN_POINT('',(12.,140.,37.));
#10620 = SURFACE_CURVE('',#10621,(#10625,#10637),.PCURVE_S1.);
#10621 = LINE('',#10622,#10623);
#10622 = CARTESIAN_POINT('',(12.,140.,23.));
#10623 = VECTOR('',#10624,1.);
#10624 = DIRECTION('',(0.,0.,1.));
#10625 = PCURVE('',#10626,#10631);
#10626 = PLANE('',#10627);
#10627 = AXIS2_PLACEMENT_3D('',#10628,#10629,#10630);
#10628 = CARTESIAN_POINT('',(-12.,140.,23.));
#10629 = DIRECTION('',(-0.,1.,0.));
#10630 = DIRECTION('',(0.,0.,1.));
#10631 = DEFINITIONAL_REPRESENTATION('',(#10632),#10636);
#10632 = LINE('',#10633,#10634);
#10633 = CARTESIAN_POINT('',(0.,24.));
#10634 = VECTOR('',#10635,1.);
#10635 = DIRECTION('',(1.,0.));
#10636 = ( GEOMETRIC_REPRESENTATION_CONTEXT(2) 
PARAMETRIC_REPRESENTATION_CONTEXT() REPRESENTATION_CONTEXT('2D SPACE',''
  ) );
#10637 = PCURVE('',#10638,#10643);
#10638 = PLANE('',#10639);
#10639 = AXIS2_PLACEMENT_3D('',#10640,#10641,#10642);
#10640 = CARTESIAN_POINT('',(12.,135.,23.));
#10641 = DIRECTION('',(1.,0.,-0.));
#10642 = DIRECTION('',(0.,0.,1.));
#10643 = DEFINITIONAL_REPRESENTATION('',(#10644),#10648);
#10644 = LINE('',#10645,#10646);
#10645 = CARTESIAN_POINT('',(0.,-5.));
#10646 = VECTOR('',#10647,1.);
#10647 = DIRECTION('',(1.,0.));
#10648 = ( GEOMETRIC_REPRESENTATION_CONTEXT(2) 
PARAMETRIC_REPRESENTATION_CONTEXT() REPRESENTATION_CONTEXT('2D SPACE',''
  ) );
#10649 = ORIENTED_EDGE('',*,*,#10650,.F.);
#10650 = EDGE_CURVE('',#10651,#10616,#10653,.T.);
#10651 = VERTEX_POINT('',#10652);
#10652 = CARTESIAN_POINT('',(-12.,140.,33.30434372436));
#10653 = SURFACE_CURVE('',#10654,(#10658,#10664),.PCURVE_S1.);
#10654 = LINE('',#10655,#10656);
#10655 = CARTESIAN_POINT('',(-14.,140.,33.304343724361));
#10656 = VECTOR('',#10657,1.);
#10657 = DIRECTION('',(1.,0.,2.22044604925E-16));
#10658 = PCURVE('',#10626,#10659);
#10659 = DEFINITIONAL_REPRESENTATION('',(#10660),#10663);
#10660 = B_SPLINE_CURVE_WITH_KNOTS('',1,(#10661,#10662),.UNSPECIFIED.,
  .F.,.F.,(2,2),(-5.999999999062E-07,28.0000006),
  .PIECEWISE_BEZIER_KNOTS.);
#10661 = CARTESIAN_POINT('',(10.304343724361,-2.0000006));
#10662 = CARTESIAN_POINT('',(10.304343724361,26.0000006));
#10663 = ( GEOMETRIC_REPRESENTATION_CONTEXT(2) 
PARAMETRIC_REPRESENTATION_CONTEXT() REPRESENTATION_CONTEXT('2D SPACE',''
  ) );
#10664 = PCURVE('',#10665,#10670);
#10665 = CYLINDRICAL_SURFACE('',#10666,3.4);
#10666 = AXIS2_PLACEMENT_3D('',#10667,#10668,#10669);
#10667 = CARTESIAN_POINT('',(-14.,137.5,31.));
#10668 = DIRECTION('',(1.,0.,2.22044604925E-16));
#10669 = DIRECTION('',(2.22044604925E-16,0.,-1.));
#10670 = DEFINITIONAL_REPRESENTATION('',(#10671),#10674);
#10671 = B_SPLINE_CURVE_WITH_KNOTS('',1,(#10672,#10673),.UNSPECIFIED.,
  .F.,.F.,(2,2),(-5.999999999062E-07,28.0000006),
  .PIECEWISE_BEZIER_KNOTS.);
#10672 = CARTESIAN_POINT('',(2.315492111663,-5.999999993946E-07));
#10673 = CARTESIAN_POINT('',(2.315492111663,28.0000006));
#10674 = ( GEOMETRIC_REPRESENTATION_CONTEXT(2) 
PARAMETRIC_REPRESENTATION_CONTEXT() REPRESENTATION_CONTEXT('2D SPACE',''
  ) );
#10675 = ORIENTED_EDGE('',*,*,#10676,.T.);
#10676 = EDGE_CURVE('',#10651,#10677,#10679,.T.);
#10677 = VERTEX_POINT('',#10678);
#10678 = CARTESIAN_POINT('',(-12.,140.,37.));
#10679 = SURFACE_CURVE('',#10680,(#10684,#10691),.PCURVE_S1.);
#10680 = LINE('',#10681,#10682);
#10681 = CARTESIAN_POINT('',(-12.,140.,23.));
#10682 = VECTOR('',#10683,1.);
#10683 = DIRECTION('',(0.,0.,1.));
#10684 = PCURVE('',#10626,#10685);
#10685 = DEFINITIONAL_REPRESENTATION('',(#10686),#10690);
#10686 = LINE('',#10687,#10688);
#10687 = CARTESIAN_POINT('',(0.,0.));
#10688 = VECTOR('',#10689,1.);
#10689 = DIRECTION('',(1.,0.));
#10690 = ( GEOMETRIC_REPRESENTATION_CONTEXT(2) 
PARAMETRIC_REPRESENTATION_CONTEXT() REPRESENTATION_CONTEXT('2D SPACE',''
  ) );
#10691 = PCURVE('',#10692,#10697);
#10692 = PLANE('',#10693);
#10693 = AXIS2_PLACEMENT_3D('',#10694,#10695,#10696);
#10694 = CARTESIAN_POINT('',(-12.,135.,23.));
#10695 = DIRECTION('',(1.,0.,-0.));
#10696 = DIRECTION('',(0.,0.,1.));
#10697 = DEFINITIONAL_REPRESENTATION('',(#10698),#10702);
#10698 = LINE('',#10699,#10700);
#10699 = CARTESIAN_POINT('',(0.,-5.));
#10700 = VECTOR('',#10701,1.);
#10701 = DIRECTION('',(1.,0.));
#10702 = ( GEOMETRIC_REPRESENTATION_CONTEXT(2) 
PARAMETRIC_REPRESENTATION_CONTEXT() REPRESENTATION_CONTEXT('2D SPACE',''
  ) );
#10703 = ORIENTED_EDGE('',*,*,#10704,.T.);
#10704 = EDGE_CURVE('',#10677,#10618,#10705,.T.);
#10705 = SURFACE_CURVE('',#10706,(#10710,#10717),.PCURVE_S1.);
#10706 = LINE('',#10707,#10708);
#10707 = CARTESIAN_POINT('',(-12.,140.,37.));
#10708 = VECTOR('',#10709,1.);
#10709 = DIRECTION('',(1.,0.,-0.));
#10710 = PCURVE('',#10626,#10711);
#10711 = DEFINITIONAL_REPRESENTATION('',(#10712),#10716);
#10712 = LINE('',#10713,#10714);
#10713 = CARTESIAN_POINT('',(14.,0.));
#10714 = VECTOR('',#10715,1.);
#10715 = DIRECTION('',(0.,1.));
#10716 = ( GEOMETRIC_REPRESENTATION_CONTEXT(2) 
PARAMETRIC_REPRESENTATION_CONTEXT() REPRESENTATION_CONTEXT('2D SPACE',''
  ) );
#10717 = PCURVE('',#10718,#10723);
#10718 = PLANE('',#10719);
#10719 = AXIS2_PLACEMENT_3D('',#10720,#10721,#10722);
#10720 = CARTESIAN_POINT('',(-12.,135.,37.));
#10721 = DIRECTION('',(0.,0.,1.));
#10722 = DIRECTION('',(1.,0.,-0.));
#10723 = DEFINITIONAL_REPRESENTATION('',(#10724),#10728);
#10724 = LINE('',#10725,#10726);
#10725 = CARTESIAN_POINT('',(0.,5.));
#10726 = VECTOR('',#10727,1.);
#10727 = DIRECTION('',(1.,0.));
#10728 = ( GEOMETRIC_REPRESENTATION_CONTEXT(2) 
PARAMETRIC_REPRESENTATION_CONTEXT() REPRESENTATION_CONTEXT('2D SPACE',''
  ) );
#10729 = ADVANCED_FACE('',(#10730),#10665,.F.);
#10730 = FACE_BOUND('',#10731,.F.);
#10731 = EDGE_LOOP('',(#10732,#10733,#10757,#10783));
#10732 = ORIENTED_EDGE('',*,*,#10650,.F.);
#10733 = ORIENTED_EDGE('',*,*,#10734,.T.);
#10734 = EDGE_CURVE('',#10651,#10735,#10737,.T.);
#10735 = VERTEX_POINT('',#10736);
#10736 = CARTESIAN_POINT('',(-12.,135.,33.30434372436));
#10737 = SURFACE_CURVE('',#10738,(#10743,#10750),.PCURVE_S1.);
#10738 = CIRCLE('',#10739,3.4);
#10739 = AXIS2_PLACEMENT_3D('',#10740,#10741,#10742);
#10740 = CARTESIAN_POINT('',(-12.,137.5,31.));
#10741 = DIRECTION('',(1.,0.,2.22044604925E-16));
#10742 = DIRECTION('',(2.22044604925E-16,0.,-1.));
#10743 = PCURVE('',#10665,#10744);
#10744 = DEFINITIONAL_REPRESENTATION('',(#10745),#10749);
#10745 = LINE('',#10746,#10747);
#10746 = CARTESIAN_POINT('',(0.,2.));
#10747 = VECTOR('',#10748,1.);
#10748 = DIRECTION('',(1.,0.));
#10749 = ( GEOMETRIC_REPRESENTATION_CONTEXT(2) 
PARAMETRIC_REPRESENTATION_CONTEXT() REPRESENTATION_CONTEXT('2D SPACE',''
  ) );
#10750 = PCURVE('',#10692,#10751);
#10751 = DEFINITIONAL_REPRESENTATION('',(#10752),#10756);
#10752 = CIRCLE('',#10753,3.4);
#10753 = AXIS2_PLACEMENT_2D('',#10754,#10755);
#10754 = CARTESIAN_POINT('',(8.,-2.5));
#10755 = DIRECTION('',(-1.,0.));
#10756 = ( GEOMETRIC_REPRESENTATION_CONTEXT(2) 
PARAMETRIC_REPRESENTATION_CONTEXT() REPRESENTATION_CONTEXT('2D SPACE',''
  ) );
#10757 = ORIENTED_EDGE('',*,*,#10758,.T.);
#10758 = EDGE_CURVE('',#10735,#10759,#10761,.T.);
#10759 = VERTEX_POINT('',#10760);
#10760 = CARTESIAN_POINT('',(12.,135.,33.30434372436));
#10761 = SURFACE_CURVE('',#10762,(#10766,#10772),.PCURVE_S1.);
#10762 = LINE('',#10763,#10764);
#10763 = CARTESIAN_POINT('',(-14.,135.,33.304343724361));
#10764 = VECTOR('',#10765,1.);
#10765 = DIRECTION('',(1.,0.,2.22044604925E-16));
#10766 = PCURVE('',#10665,#10767);
#10767 = DEFINITIONAL_REPRESENTATION('',(#10768),#10771);
#10768 = B_SPLINE_CURVE_WITH_KNOTS('',1,(#10769,#10770),.UNSPECIFIED.,
  .F.,.F.,(2,2),(-5.999999999062E-07,28.0000006),
  .PIECEWISE_BEZIER_KNOTS.);
#10769 = CARTESIAN_POINT('',(3.967693195517,-5.999999993946E-07));
#10770 = CARTESIAN_POINT('',(3.967693195517,28.0000006));
#10771 = ( GEOMETRIC_REPRESENTATION_CONTEXT(2) 
PARAMETRIC_REPRESENTATION_CONTEXT() REPRESENTATION_CONTEXT('2D SPACE',''
  ) );
#10772 = PCURVE('',#10773,#10778);
#10773 = PLANE('',#10774);
#10774 = AXIS2_PLACEMENT_3D('',#10775,#10776,#10777);
#10775 = CARTESIAN_POINT('',(-12.,135.,23.));
#10776 = DIRECTION('',(-0.,1.,0.));
#10777 = DIRECTION('',(0.,0.,1.));
#10778 = DEFINITIONAL_REPRESENTATION('',(#10779),#10782);
#10779 = B_SPLINE_CURVE_WITH_KNOTS('',1,(#10780,#10781),.UNSPECIFIED.,
  .F.,.F.,(2,2),(-5.999999999062E-07,28.0000006),
  .PIECEWISE_BEZIER_KNOTS.);
#10780 = CARTESIAN_POINT('',(10.304343724361,-2.0000006));
#10781 = CARTESIAN_POINT('',(10.304343724361,26.0000006));
#10782 = ( GEOMETRIC_REPRESENTATION_CONTEXT(2) 
PARAMETRIC_REPRESENTATION_CONTEXT() REPRESENTATION_CONTEXT('2D SPACE',''
  ) );
#10783 = ORIENTED_EDGE('',*,*,#10784,.F.);
#10784 = EDGE_CURVE('',#10616,#10759,#10785,.T.);
#10785 = SURFACE_CURVE('',#10786,(#10791,#10798),.PCURVE_S1.);
#10786 = CIRCLE('',#10787,3.4);
#10787 = AXIS2_PLACEMENT_3D('',#10788,#10789,#10790);
#10788 = CARTESIAN_POINT('',(12.,137.5,31.));
#10789 = DIRECTION('',(1.,0.,2.22044604925E-16));
#10790 = DIRECTION('',(2.22044604925E-16,0.,-1.));
#10791 = PCURVE('',#10665,#10792);
#10792 = DEFINITIONAL_REPRESENTATION('',(#10793),#10797);
#10793 = LINE('',#10794,#10795);
#10794 = CARTESIAN_POINT('',(0.,26.));
#10795 = VECTOR('',#10796,1.);
#10796 = DIRECTION('',(1.,0.));
#10797 = ( GEOMETRIC_REPRESENTATION_CONTEXT(2) 
PARAMETRIC_REPRESENTATION_CONTEXT() REPRESENTATION_CONTEXT('2D SPACE',''
  ) );
#10798 = PCURVE('',#10638,#10799);
#10799 = DEFINITIONAL_REPRESENTATION('',(#10800),#10804);
#10800 = CIRCLE('',#10801,3.4);
#10801 = AXIS2_PLACEMENT_2D('',#10802,#10803);
#10802 = CARTESIAN_POINT('',(8.,-2.5));
#10803 = DIRECTION('',(-1.,0.));
#10804 = ( GEOMETRIC_REPRESENTATION_CONTEXT(2) 
PARAMETRIC_REPRESENTATION_CONTEXT() REPRESENTATION_CONTEXT('2D SPACE',''
  ) );
#10805 = ADVANCED_FACE('',(#10806),#10773,.F.);
#10806 = FACE_BOUND('',#10807,.F.);
#10807 = EDGE_LOOP('',(#10808,#10831,#10832,#10855));
#10808 = ORIENTED_EDGE('',*,*,#10809,.F.);
#10809 = EDGE_CURVE('',#10759,#10810,#10812,.T.);
#10810 = VERTEX_POINT('',#10811);
#10811 = CARTESIAN_POINT('',(12.,135.,37.));
#10812 = SURFACE_CURVE('',#10813,(#10817,#10824),.PCURVE_S1.);
#10813 = LINE('',#10814,#10815);
#10814 = CARTESIAN_POINT('',(12.,135.,23.));
#10815 = VECTOR('',#10816,1.);
#10816 = DIRECTION('',(0.,0.,1.));
#10817 = PCURVE('',#10773,#10818);
#10818 = DEFINITIONAL_REPRESENTATION('',(#10819),#10823);
#10819 = LINE('',#10820,#10821);
#10820 = CARTESIAN_POINT('',(0.,24.));
#10821 = VECTOR('',#10822,1.);
#10822 = DIRECTION('',(1.,0.));
#10823 = ( GEOMETRIC_REPRESENTATION_CONTEXT(2) 
PARAMETRIC_REPRESENTATION_CONTEXT() REPRESENTATION_CONTEXT('2D SPACE',''
  ) );
#10824 = PCURVE('',#10638,#10825);
#10825 = DEFINITIONAL_REPRESENTATION('',(#10826),#10830);
#10826 = LINE('',#10827,#10828);
#10827 = CARTESIAN_POINT('',(0.,0.));
#10828 = VECTOR('',#10829,1.);
#10829 = DIRECTION('',(1.,0.));
#10830 = ( GEOMETRIC_REPRESENTATION_CONTEXT(2) 
PARAMETRIC_REPRESENTATION_CONTEXT() REPRESENTATION_CONTEXT('2D SPACE',''
  ) );
#10831 = ORIENTED_EDGE('',*,*,#10758,.F.);
#10832 = ORIENTED_EDGE('',*,*,#10833,.T.);
#10833 = EDGE_CURVE('',#10735,#10834,#10836,.T.);
#10834 = VERTEX_POINT('',#10835);
#10835 = CARTESIAN_POINT('',(-12.,135.,37.));
#10836 = SURFACE_CURVE('',#10837,(#10841,#10848),.PCURVE_S1.);
#10837 = LINE('',#10838,#10839);
#10838 = CARTESIAN_POINT('',(-12.,135.,23.));
#10839 = VECTOR('',#10840,1.);
#10840 = DIRECTION('',(0.,0.,1.));
#10841 = PCURVE('',#10773,#10842);
#10842 = DEFINITIONAL_REPRESENTATION('',(#10843),#10847);
#10843 = LINE('',#10844,#10845);
#10844 = CARTESIAN_POINT('',(0.,0.));
#10845 = VECTOR('',#10846,1.);
#10846 = DIRECTION('',(1.,0.));
#10847 = ( GEOMETRIC_REPRESENTATION_CONTEXT(2) 
PARAMETRIC_REPRESENTATION_CONTEXT() REPRESENTATION_CONTEXT('2D SPACE',''
  ) );
#10848 = PCURVE('',#10692,#10849);
#10849 = DEFINITIONAL_REPRESENTATION('',(#10850),#10854);
#10850 = LINE('',#10851,#10852);
#10851 = CARTESIAN_POINT('',(0.,0.));
#10852 = VECTOR('',#10853,1.);
#10853 = DIRECTION('',(1.,0.));
#10854 = ( GEOMETRIC_REPRESENTATION_CONTEXT(2) 
PARAMETRIC_REPRESENTATION_CONTEXT() REPRESENTATION_CONTEXT('2D SPACE',''
  ) );
#10855 = ORIENTED_EDGE('',*,*,#10856,.T.);
#10856 = EDGE_CURVE('',#10834,#10810,#10857,.T.);
#10857 = SURFACE_CURVE('',#10858,(#10862,#10869),.PCURVE_S1.);
#10858 = LINE('',#10859,#10860);
#10859 = CARTESIAN_POINT('',(-12.,135.,37.));
#10860 = VECTOR('',#10861,1.);
#10861 = DIRECTION('',(1.,0.,-0.));
#10862 = PCURVE('',#10773,#10863);
#10863 = DEFINITIONAL_REPRESENTATION('',(#10864),#10868);
#10864 = LINE('',#10865,#10866);
#10865 = CARTESIAN_POINT('',(14.,0.));
#10866 = VECTOR('',#10867,1.);
#10867 = DIRECTION('',(0.,1.));
#10868 = ( GEOMETRIC_REPRESENTATION_CONTEXT(2) 
PARAMETRIC_REPRESENTATION_CONTEXT() REPRESENTATION_CONTEXT('2D SPACE',''
  ) );
#10869 = PCURVE('',#10718,#10870);
#10870 = DEFINITIONAL_REPRESENTATION('',(#10871),#10875);
#10871 = LINE('',#10872,#10873);
#10872 = CARTESIAN_POINT('',(0.,0.));
#10873 = VECTOR('',#10874,1.);
#10874 = DIRECTION('',(1.,0.));
#10875 = ( GEOMETRIC_REPRESENTATION_CONTEXT(2) 
PARAMETRIC_REPRESENTATION_CONTEXT() REPRESENTATION_CONTEXT('2D SPACE',''
  ) );
#10876 = ADVANCED_FACE('',(#10877),#10692,.F.);
#10877 = FACE_BOUND('',#10878,.F.);
#10878 = EDGE_LOOP('',(#10879,#10880,#10881,#10882));
#10879 = ORIENTED_EDGE('',*,*,#10833,.F.);
#10880 = ORIENTED_EDGE('',*,*,#10734,.F.);
#10881 = ORIENTED_EDGE('',*,*,#10676,.T.);
#10882 = ORIENTED_EDGE('',*,*,#10883,.F.);
#10883 = EDGE_CURVE('',#10834,#10677,#10884,.T.);
#10884 = SURFACE_CURVE('',#10885,(#10889,#10896),.PCURVE_S1.);
#10885 = LINE('',#10886,#10887);
#10886 = CARTESIAN_POINT('',(-12.,135.,37.));
#10887 = VECTOR('',#10888,1.);
#10888 = DIRECTION('',(-0.,1.,0.));
#10889 = PCURVE('',#10692,#10890);
#10890 = DEFINITIONAL_REPRESENTATION('',(#10891),#10895);
#10891 = LINE('',#10892,#10893);
#10892 = CARTESIAN_POINT('',(14.,0.));
#10893 = VECTOR('',#10894,1.);
#10894 = DIRECTION('',(0.,-1.));
#10895 = ( GEOMETRIC_REPRESENTATION_CONTEXT(2) 
PARAMETRIC_REPRESENTATION_CONTEXT() REPRESENTATION_CONTEXT('2D SPACE',''
  ) );
#10896 = PCURVE('',#10718,#10897);
#10897 = DEFINITIONAL_REPRESENTATION('',(#10898),#10902);
#10898 = LINE('',#10899,#10900);
#10899 = CARTESIAN_POINT('',(0.,0.));
#10900 = VECTOR('',#10901,1.);
#10901 = DIRECTION('',(0.,1.));
#10902 = ( GEOMETRIC_REPRESENTATION_CONTEXT(2) 
PARAMETRIC_REPRESENTATION_CONTEXT() REPRESENTATION_CONTEXT('2D SPACE',''
  ) );
#10903 = ADVANCED_FACE('',(#10904),#10718,.T.);
#10904 = FACE_BOUND('',#10905,.T.);
#10905 = EDGE_LOOP('',(#10906,#10907,#10908,#10929));
#10906 = ORIENTED_EDGE('',*,*,#10883,.F.);
#10907 = ORIENTED_EDGE('',*,*,#10856,.T.);
#10908 = ORIENTED_EDGE('',*,*,#10909,.T.);
#10909 = EDGE_CURVE('',#10810,#10618,#10910,.T.);
#10910 = SURFACE_CURVE('',#10911,(#10915,#10922),.PCURVE_S1.);
#10911 = LINE('',#10912,#10913);
#10912 = CARTESIAN_POINT('',(12.,135.,37.));
#10913 = VECTOR('',#10914,1.);
#10914 = DIRECTION('',(-0.,1.,0.));
#10915 = PCURVE('',#10718,#10916);
#10916 = DEFINITIONAL_REPRESENTATION('',(#10917),#10921);
#10917 = LINE('',#10918,#10919);
#10918 = CARTESIAN_POINT('',(24.,0.));
#10919 = VECTOR('',#10920,1.);
#10920 = DIRECTION('',(0.,1.));
#10921 = ( GEOMETRIC_REPRESENTATION_CONTEXT(2) 
PARAMETRIC_REPRESENTATION_CONTEXT() REPRESENTATION_CONTEXT('2D SPACE',''
  ) );
#10922 = PCURVE('',#10638,#10923);
#10923 = DEFINITIONAL_REPRESENTATION('',(#10924),#10928);
#10924 = LINE('',#10925,#10926);
#10925 = CARTESIAN_POINT('',(14.,0.));
#10926 = VECTOR('',#10927,1.);
#10927 = DIRECTION('',(0.,-1.));
#10928 = ( GEOMETRIC_REPRESENTATION_CONTEXT(2) 
PARAMETRIC_REPRESENTATION_CONTEXT() REPRESENTATION_CONTEXT('2D SPACE',''
  ) );
#10929 = ORIENTED_EDGE('',*,*,#10704,.F.);
#10930 = ADVANCED_FACE('',(#10931),#10638,.T.);
#10931 = FACE_BOUND('',#10932,.T.);
#10932 = EDGE_LOOP('',(#10933,#10934,#10935,#10936));
#10933 = ORIENTED_EDGE('',*,*,#10809,.F.);
#10934 = ORIENTED_EDGE('',*,*,#10784,.F.);
#10935 = ORIENTED_EDGE('',*,*,#10615,.T.);
#10936 = ORIENTED_EDGE('',*,*,#10909,.F.);
#10937 = MANIFOLD_SOLID_BREP('',#10938);
#10938 = CLOSED_SHELL('',(#10939,#11057,#11133,#11204,#11231,#11258));
#10939 = ADVANCED_FACE('',(#10940),#10954,.T.);
#10940 = FACE_BOUND('',#10941,.T.);
#10941 = EDGE_LOOP('',(#10942,#10977,#11003,#11031));
#10942 = ORIENTED_EDGE('',*,*,#10943,.F.);
#10943 = EDGE_CURVE('',#10944,#10946,#10948,.T.);
#10944 = VERTEX_POINT('',#10945);
#10945 = CARTESIAN_POINT('',(-121.5,140.,33.30434372436));
#10946 = VERTEX_POINT('',#10947);
#10947 = CARTESIAN_POINT('',(-121.5,140.,37.));
#10948 = SURFACE_CURVE('',#10949,(#10953,#10965),.PCURVE_S1.);
#10949 = LINE('',#10950,#10951);
#10950 = CARTESIAN_POINT('',(-121.5,140.,23.));
#10951 = VECTOR('',#10952,1.);
#10952 = DIRECTION('',(0.,0.,1.));
#10953 = PCURVE('',#10954,#10959);
#10954 = PLANE('',#10955);
#10955 = AXIS2_PLACEMENT_3D('',#10956,#10957,#10958);
#10956 = CARTESIAN_POINT('',(-145.5,140.,23.));
#10957 = DIRECTION('',(-0.,1.,0.));
#10958 = DIRECTION('',(0.,0.,1.));
#10959 = DEFINITIONAL_REPRESENTATION('',(#10960),#10964);
#10960 = LINE('',#10961,#10962);
#10961 = CARTESIAN_POINT('',(0.,24.));
#10962 = VECTOR('',#10963,1.);
#10963 = DIRECTION('',(1.,0.));
#10964 = ( GEOMETRIC_REPRESENTATION_CONTEXT(2) 
PARAMETRIC_REPRESENTATION_CONTEXT() REPRESENTATION_CONTEXT('2D SPACE',''
  ) );
#10965 = PCURVE('',#10966,#10971);
#10966 = PLANE('',#10967);
#10967 = AXIS2_PLACEMENT_3D('',#10968,#10969,#10970);
#10968 = CARTESIAN_POINT('',(-121.5,135.,23.));
#10969 = DIRECTION('',(1.,0.,-0.));
#10970 = DIRECTION('',(0.,0.,1.));
#10971 = DEFINITIONAL_REPRESENTATION('',(#10972),#10976);
#10972 = LINE('',#10973,#10974);
#10973 = CARTESIAN_POINT('',(0.,-5.));
#10974 = VECTOR('',#10975,1.);
#10975 = DIRECTION('',(1.,0.));
#10976 = ( GEOMETRIC_REPRESENTATION_CONTEXT(2) 
PARAMETRIC_REPRESENTATION_CONTEXT() REPRESENTATION_CONTEXT('2D SPACE',''
  ) );
#10977 = ORIENTED_EDGE('',*,*,#10978,.F.);
#10978 = EDGE_CURVE('',#10979,#10944,#10981,.T.);
#10979 = VERTEX_POINT('',#10980);
#10980 = CARTESIAN_POINT('',(-145.5,140.,33.30434372436));
#10981 = SURFACE_CURVE('',#10982,(#10986,#10992),.PCURVE_S1.);
#10982 = LINE('',#10983,#10984);
#10983 = CARTESIAN_POINT('',(-147.5,140.,33.304343724361));
#10984 = VECTOR('',#10985,1.);
#10985 = DIRECTION('',(1.,0.,2.22044604925E-16));
#10986 = PCURVE('',#10954,#10987);
#10987 = DEFINITIONAL_REPRESENTATION('',(#10988),#10991);
#10988 = B_SPLINE_CURVE_WITH_KNOTS('',1,(#10989,#10990),.UNSPECIFIED.,
  .F.,.F.,(2,2),(-5.999999928008E-07,28.0000006),
  .PIECEWISE_BEZIER_KNOTS.);
#10989 = CARTESIAN_POINT('',(10.304343724361,-2.0000006));
#10990 = CARTESIAN_POINT('',(10.304343724361,26.0000006));
#10991 = ( GEOMETRIC_REPRESENTATION_CONTEXT(2) 
PARAMETRIC_REPRESENTATION_CONTEXT() REPRESENTATION_CONTEXT('2D SPACE',''
  ) );
#10992 = PCURVE('',#10993,#10998);
#10993 = CYLINDRICAL_SURFACE('',#10994,3.4);
#10994 = AXIS2_PLACEMENT_3D('',#10995,#10996,#10997);
#10995 = CARTESIAN_POINT('',(-147.5,137.5,31.));
#10996 = DIRECTION('',(1.,0.,2.22044604925E-16));
#10997 = DIRECTION('',(2.22044604925E-16,0.,-1.));
#10998 = DEFINITIONAL_REPRESENTATION('',(#10999),#11002);
#10999 = B_SPLINE_CURVE_WITH_KNOTS('',1,(#11000,#11001),.UNSPECIFIED.,
  .F.,.F.,(2,2),(-5.999999928008E-07,28.0000006),
  .PIECEWISE_BEZIER_KNOTS.);
#11000 = CARTESIAN_POINT('',(2.315492111663,-5.999999922891E-07));
#11001 = CARTESIAN_POINT('',(2.315492111663,28.0000006));
#11002 = ( GEOMETRIC_REPRESENTATION_CONTEXT(2) 
PARAMETRIC_REPRESENTATION_CONTEXT() REPRESENTATION_CONTEXT('2D SPACE',''
  ) );
#11003 = ORIENTED_EDGE('',*,*,#11004,.T.);
#11004 = EDGE_CURVE('',#10979,#11005,#11007,.T.);
#11005 = VERTEX_POINT('',#11006);
#11006 = CARTESIAN_POINT('',(-145.5,140.,37.));
#11007 = SURFACE_CURVE('',#11008,(#11012,#11019),.PCURVE_S1.);
#11008 = LINE('',#11009,#11010);
#11009 = CARTESIAN_POINT('',(-145.5,140.,23.));
#11010 = VECTOR('',#11011,1.);
#11011 = DIRECTION('',(0.,0.,1.));
#11012 = PCURVE('',#10954,#11013);
#11013 = DEFINITIONAL_REPRESENTATION('',(#11014),#11018);
#11014 = LINE('',#11015,#11016);
#11015 = CARTESIAN_POINT('',(0.,0.));
#11016 = VECTOR('',#11017,1.);
#11017 = DIRECTION('',(1.,0.));
#11018 = ( GEOMETRIC_REPRESENTATION_CONTEXT(2) 
PARAMETRIC_REPRESENTATION_CONTEXT() REPRESENTATION_CONTEXT('2D SPACE',''
  ) );
#11019 = PCURVE('',#11020,#11025);
#11020 = PLANE('',#11021);
#11021 = AXIS2_PLACEMENT_3D('',#11022,#11023,#11024);
#11022 = CARTESIAN_POINT('',(-145.5,135.,23.));
#11023 = DIRECTION('',(1.,0.,-0.));
#11024 = DIRECTION('',(0.,0.,1.));
#11025 = DEFINITIONAL_REPRESENTATION('',(#11026),#11030);
#11026 = LINE('',#11027,#11028);
#11027 = CARTESIAN_POINT('',(0.,-5.));
#11028 = VECTOR('',#11029,1.);
#11029 = DIRECTION('',(1.,0.));
#11030 = ( GEOMETRIC_REPRESENTATION_CONTEXT(2) 
PARAMETRIC_REPRESENTATION_CONTEXT() REPRESENTATION_CONTEXT('2D SPACE',''
  ) );
#11031 = ORIENTED_EDGE('',*,*,#11032,.T.);
#11032 = EDGE_CURVE('',#11005,#10946,#11033,.T.);
#11033 = SURFACE_CURVE('',#11034,(#11038,#11045),.PCURVE_S1.);
#11034 = LINE('',#11035,#11036);
#11035 = CARTESIAN_POINT('',(-145.5,140.,37.));
#11036 = VECTOR('',#11037,1.);
#11037 = DIRECTION('',(1.,0.,-0.));
#11038 = PCURVE('',#10954,#11039);
#11039 = DEFINITIONAL_REPRESENTATION('',(#11040),#11044);
#11040 = LINE('',#11041,#11042);
#11041 = CARTESIAN_POINT('',(14.,0.));
#11042 = VECTOR('',#11043,1.);
#11043 = DIRECTION('',(0.,1.));
#11044 = ( GEOMETRIC_REPRESENTATION_CONTEXT(2) 
PARAMETRIC_REPRESENTATION_CONTEXT() REPRESENTATION_CONTEXT('2D SPACE',''
  ) );
#11045 = PCURVE('',#11046,#11051);
#11046 = PLANE('',#11047);
#11047 = AXIS2_PLACEMENT_3D('',#11048,#11049,#11050);
#11048 = CARTESIAN_POINT('',(-145.5,135.,37.));
#11049 = DIRECTION('',(0.,0.,1.));
#11050 = DIRECTION('',(1.,0.,-0.));
#11051 = DEFINITIONAL_REPRESENTATION('',(#11052),#11056);
#11052 = LINE('',#11053,#11054);
#11053 = CARTESIAN_POINT('',(0.,5.));
#11054 = VECTOR('',#11055,1.);
#11055 = DIRECTION('',(1.,0.));
#11056 = ( GEOMETRIC_REPRESENTATION_CONTEXT(2) 
PARAMETRIC_REPRESENTATION_CONTEXT() REPRESENTATION_CONTEXT('2D SPACE',''
  ) );
#11057 = ADVANCED_FACE('',(#11058),#10993,.F.);
#11058 = FACE_BOUND('',#11059,.F.);
#11059 = EDGE_LOOP('',(#11060,#11061,#11085,#11111));
#11060 = ORIENTED_EDGE('',*,*,#10978,.F.);
#11061 = ORIENTED_EDGE('',*,*,#11062,.T.);
#11062 = EDGE_CURVE('',#10979,#11063,#11065,.T.);
#11063 = VERTEX_POINT('',#11064);
#11064 = CARTESIAN_POINT('',(-145.5,135.,33.30434372436));
#11065 = SURFACE_CURVE('',#11066,(#11071,#11078),.PCURVE_S1.);
#11066 = CIRCLE('',#11067,3.4);
#11067 = AXIS2_PLACEMENT_3D('',#11068,#11069,#11070);
#11068 = CARTESIAN_POINT('',(-145.5,137.5,31.));
#11069 = DIRECTION('',(1.,0.,2.22044604925E-16));
#11070 = DIRECTION('',(2.22044604925E-16,0.,-1.));
#11071 = PCURVE('',#10993,#11072);
#11072 = DEFINITIONAL_REPRESENTATION('',(#11073),#11077);
#11073 = LINE('',#11074,#11075);
#11074 = CARTESIAN_POINT('',(0.,2.));
#11075 = VECTOR('',#11076,1.);
#11076 = DIRECTION('',(1.,0.));
#11077 = ( GEOMETRIC_REPRESENTATION_CONTEXT(2) 
PARAMETRIC_REPRESENTATION_CONTEXT() REPRESENTATION_CONTEXT('2D SPACE',''
  ) );
#11078 = PCURVE('',#11020,#11079);
#11079 = DEFINITIONAL_REPRESENTATION('',(#11080),#11084);
#11080 = CIRCLE('',#11081,3.4);
#11081 = AXIS2_PLACEMENT_2D('',#11082,#11083);
#11082 = CARTESIAN_POINT('',(8.,-2.5));
#11083 = DIRECTION('',(-1.,0.));
#11084 = ( GEOMETRIC_REPRESENTATION_CONTEXT(2) 
PARAMETRIC_REPRESENTATION_CONTEXT() REPRESENTATION_CONTEXT('2D SPACE',''
  ) );
#11085 = ORIENTED_EDGE('',*,*,#11086,.T.);
#11086 = EDGE_CURVE('',#11063,#11087,#11089,.T.);
#11087 = VERTEX_POINT('',#11088);
#11088 = CARTESIAN_POINT('',(-121.5,135.,33.30434372436));
#11089 = SURFACE_CURVE('',#11090,(#11094,#11100),.PCURVE_S1.);
#11090 = LINE('',#11091,#11092);
#11091 = CARTESIAN_POINT('',(-147.5,135.,33.304343724361));
#11092 = VECTOR('',#11093,1.);
#11093 = DIRECTION('',(1.,0.,2.22044604925E-16));
#11094 = PCURVE('',#10993,#11095);
#11095 = DEFINITIONAL_REPRESENTATION('',(#11096),#11099);
#11096 = B_SPLINE_CURVE_WITH_KNOTS('',1,(#11097,#11098),.UNSPECIFIED.,
  .F.,.F.,(2,2),(-5.999999928008E-07,28.0000006),
  .PIECEWISE_BEZIER_KNOTS.);
#11097 = CARTESIAN_POINT('',(3.967693195517,-5.999999922891E-07));
#11098 = CARTESIAN_POINT('',(3.967693195517,28.0000006));
#11099 = ( GEOMETRIC_REPRESENTATION_CONTEXT(2) 
PARAMETRIC_REPRESENTATION_CONTEXT() REPRESENTATION_CONTEXT('2D SPACE',''
  ) );
#11100 = PCURVE('',#11101,#11106);
#11101 = PLANE('',#11102);
#11102 = AXIS2_PLACEMENT_3D('',#11103,#11104,#11105);
#11103 = CARTESIAN_POINT('',(-145.5,135.,23.));
#11104 = DIRECTION('',(-0.,1.,0.));
#11105 = DIRECTION('',(0.,0.,1.));
#11106 = DEFINITIONAL_REPRESENTATION('',(#11107),#11110);
#11107 = B_SPLINE_CURVE_WITH_KNOTS('',1,(#11108,#11109),.UNSPECIFIED.,
  .F.,.F.,(2,2),(-5.999999928008E-07,28.0000006),
  .PIECEWISE_BEZIER_KNOTS.);
#11108 = CARTESIAN_POINT('',(10.304343724361,-2.0000006));
#11109 = CARTESIAN_POINT('',(10.304343724361,26.0000006));
#11110 = ( GEOMETRIC_REPRESENTATION_CONTEXT(2) 
PARAMETRIC_REPRESENTATION_CONTEXT() REPRESENTATION_CONTEXT('2D SPACE',''
  ) );
#11111 = ORIENTED_EDGE('',*,*,#11112,.F.);
#11112 = EDGE_CURVE('',#10944,#11087,#11113,.T.);
#11113 = SURFACE_CURVE('',#11114,(#11119,#11126),.PCURVE_S1.);
#11114 = CIRCLE('',#11115,3.4);
#11115 = AXIS2_PLACEMENT_3D('',#11116,#11117,#11118);
#11116 = CARTESIAN_POINT('',(-121.5,137.5,31.));
#11117 = DIRECTION('',(1.,0.,2.22044604925E-16));
#11118 = DIRECTION('',(2.22044604925E-16,0.,-1.));
#11119 = PCURVE('',#10993,#11120);
#11120 = DEFINITIONAL_REPRESENTATION('',(#11121),#11125);
#11121 = LINE('',#11122,#11123);
#11122 = CARTESIAN_POINT('',(0.,26.));
#11123 = VECTOR('',#11124,1.);
#11124 = DIRECTION('',(1.,0.));
#11125 = ( GEOMETRIC_REPRESENTATION_CONTEXT(2) 
PARAMETRIC_REPRESENTATION_CONTEXT() REPRESENTATION_CONTEXT('2D SPACE',''
  ) );
#11126 = PCURVE('',#10966,#11127);
#11127 = DEFINITIONAL_REPRESENTATION('',(#11128),#11132);
#11128 = CIRCLE('',#11129,3.4);
#11129 = AXIS2_PLACEMENT_2D('',#11130,#11131);
#11130 = CARTESIAN_POINT('',(8.,-2.5));
#11131 = DIRECTION('',(-1.,0.));
#11132 = ( GEOMETRIC_REPRESENTATION_CONTEXT(2) 
PARAMETRIC_REPRESENTATION_CONTEXT() REPRESENTATION_CONTEXT('2D SPACE',''
  ) );
#11133 = ADVANCED_FACE('',(#11134),#11101,.F.);
#11134 = FACE_BOUND('',#11135,.F.);
#11135 = EDGE_LOOP('',(#11136,#11159,#11160,#11183));
#11136 = ORIENTED_EDGE('',*,*,#11137,.F.);
#11137 = EDGE_CURVE('',#11087,#11138,#11140,.T.);
#11138 = VERTEX_POINT('',#11139);
#11139 = CARTESIAN_POINT('',(-121.5,135.,37.));
#11140 = SURFACE_CURVE('',#11141,(#11145,#11152),.PCURVE_S1.);
#11141 = LINE('',#11142,#11143);
#11142 = CARTESIAN_POINT('',(-121.5,135.,23.));
#11143 = VECTOR('',#11144,1.);
#11144 = DIRECTION('',(0.,0.,1.));
#11145 = PCURVE('',#11101,#11146);
#11146 = DEFINITIONAL_REPRESENTATION('',(#11147),#11151);
#11147 = LINE('',#11148,#11149);
#11148 = CARTESIAN_POINT('',(0.,24.));
#11149 = VECTOR('',#11150,1.);
#11150 = DIRECTION('',(1.,0.));
#11151 = ( GEOMETRIC_REPRESENTATION_CONTEXT(2) 
PARAMETRIC_REPRESENTATION_CONTEXT() REPRESENTATION_CONTEXT('2D SPACE',''
  ) );
#11152 = PCURVE('',#10966,#11153);
#11153 = DEFINITIONAL_REPRESENTATION('',(#11154),#11158);
#11154 = LINE('',#11155,#11156);
#11155 = CARTESIAN_POINT('',(0.,0.));
#11156 = VECTOR('',#11157,1.);
#11157 = DIRECTION('',(1.,0.));
#11158 = ( GEOMETRIC_REPRESENTATION_CONTEXT(2) 
PARAMETRIC_REPRESENTATION_CONTEXT() REPRESENTATION_CONTEXT('2D SPACE',''
  ) );
#11159 = ORIENTED_EDGE('',*,*,#11086,.F.);
#11160 = ORIENTED_EDGE('',*,*,#11161,.T.);
#11161 = EDGE_CURVE('',#11063,#11162,#11164,.T.);
#11162 = VERTEX_POINT('',#11163);
#11163 = CARTESIAN_POINT('',(-145.5,135.,37.));
#11164 = SURFACE_CURVE('',#11165,(#11169,#11176),.PCURVE_S1.);
#11165 = LINE('',#11166,#11167);
#11166 = CARTESIAN_POINT('',(-145.5,135.,23.));
#11167 = VECTOR('',#11168,1.);
#11168 = DIRECTION('',(0.,0.,1.));
#11169 = PCURVE('',#11101,#11170);
#11170 = DEFINITIONAL_REPRESENTATION('',(#11171),#11175);
#11171 = LINE('',#11172,#11173);
#11172 = CARTESIAN_POINT('',(0.,0.));
#11173 = VECTOR('',#11174,1.);
#11174 = DIRECTION('',(1.,0.));
#11175 = ( GEOMETRIC_REPRESENTATION_CONTEXT(2) 
PARAMETRIC_REPRESENTATION_CONTEXT() REPRESENTATION_CONTEXT('2D SPACE',''
  ) );
#11176 = PCURVE('',#11020,#11177);
#11177 = DEFINITIONAL_REPRESENTATION('',(#11178),#11182);
#11178 = LINE('',#11179,#11180);
#11179 = CARTESIAN_POINT('',(0.,0.));
#11180 = VECTOR('',#11181,1.);
#11181 = DIRECTION('',(1.,0.));
#11182 = ( GEOMETRIC_REPRESENTATION_CONTEXT(2) 
PARAMETRIC_REPRESENTATION_CONTEXT() REPRESENTATION_CONTEXT('2D SPACE',''
  ) );
#11183 = ORIENTED_EDGE('',*,*,#11184,.T.);
#11184 = EDGE_CURVE('',#11162,#11138,#11185,.T.);
#11185 = SURFACE_CURVE('',#11186,(#11190,#11197),.PCURVE_S1.);
#11186 = LINE('',#11187,#11188);
#11187 = CARTESIAN_POINT('',(-145.5,135.,37.));
#11188 = VECTOR('',#11189,1.);
#11189 = DIRECTION('',(1.,0.,-0.));
#11190 = PCURVE('',#11101,#11191);
#11191 = DEFINITIONAL_REPRESENTATION('',(#11192),#11196);
#11192 = LINE('',#11193,#11194);
#11193 = CARTESIAN_POINT('',(14.,0.));
#11194 = VECTOR('',#11195,1.);
#11195 = DIRECTION('',(0.,1.));
#11196 = ( GEOMETRIC_REPRESENTATION_CONTEXT(2) 
PARAMETRIC_REPRESENTATION_CONTEXT() REPRESENTATION_CONTEXT('2D SPACE',''
  ) );
#11197 = PCURVE('',#11046,#11198);
#11198 = DEFINITIONAL_REPRESENTATION('',(#11199),#11203);
#11199 = LINE('',#11200,#11201);
#11200 = CARTESIAN_POINT('',(0.,0.));
#11201 = VECTOR('',#11202,1.);
#11202 = DIRECTION('',(1.,0.));
#11203 = ( GEOMETRIC_REPRESENTATION_CONTEXT(2) 
PARAMETRIC_REPRESENTATION_CONTEXT() REPRESENTATION_CONTEXT('2D SPACE',''
  ) );
#11204 = ADVANCED_FACE('',(#11205),#11020,.F.);
#11205 = FACE_BOUND('',#11206,.F.);
#11206 = EDGE_LOOP('',(#11207,#11208,#11209,#11210));
#11207 = ORIENTED_EDGE('',*,*,#11161,.F.);
#11208 = ORIENTED_EDGE('',*,*,#11062,.F.);
#11209 = ORIENTED_EDGE('',*,*,#11004,.T.);
#11210 = ORIENTED_EDGE('',*,*,#11211,.F.);
#11211 = EDGE_CURVE('',#11162,#11005,#11212,.T.);
#11212 = SURFACE_CURVE('',#11213,(#11217,#11224),.PCURVE_S1.);
#11213 = LINE('',#11214,#11215);
#11214 = CARTESIAN_POINT('',(-145.5,135.,37.));
#11215 = VECTOR('',#11216,1.);
#11216 = DIRECTION('',(-0.,1.,0.));
#11217 = PCURVE('',#11020,#11218);
#11218 = DEFINITIONAL_REPRESENTATION('',(#11219),#11223);
#11219 = LINE('',#11220,#11221);
#11220 = CARTESIAN_POINT('',(14.,0.));
#11221 = VECTOR('',#11222,1.);
#11222 = DIRECTION('',(0.,-1.));
#11223 = ( GEOMETRIC_REPRESENTATION_CONTEXT(2) 
PARAMETRIC_REPRESENTATION_CONTEXT() REPRESENTATION_CONTEXT('2D SPACE',''
  ) );
#11224 = PCURVE('',#11046,#11225);
#11225 = DEFINITIONAL_REPRESENTATION('',(#11226),#11230);
#11226 = LINE('',#11227,#11228);
#11227 = CARTESIAN_POINT('',(0.,0.));
#11228 = VECTOR('',#11229,1.);
#11229 = DIRECTION('',(0.,1.));
#11230 = ( GEOMETRIC_REPRESENTATION_CONTEXT(2) 
PARAMETRIC_REPRESENTATION_CONTEXT() REPRESENTATION_CONTEXT('2D SPACE',''
  ) );
#11231 = ADVANCED_FACE('',(#11232),#11046,.T.);
#11232 = FACE_BOUND('',#11233,.T.);
#11233 = EDGE_LOOP('',(#11234,#11235,#11236,#11257));
#11234 = ORIENTED_EDGE('',*,*,#11211,.F.);
#11235 = ORIENTED_EDGE('',*,*,#11184,.T.);
#11236 = ORIENTED_EDGE('',*,*,#11237,.T.);
#11237 = EDGE_CURVE('',#11138,#10946,#11238,.T.);
#11238 = SURFACE_CURVE('',#11239,(#11243,#11250),.PCURVE_S1.);
#11239 = LINE('',#11240,#11241);
#11240 = CARTESIAN_POINT('',(-121.5,135.,37.));
#11241 = VECTOR('',#11242,1.);
#11242 = DIRECTION('',(-0.,1.,0.));
#11243 = PCURVE('',#11046,#11244);
#11244 = DEFINITIONAL_REPRESENTATION('',(#11245),#11249);
#11245 = LINE('',#11246,#11247);
#11246 = CARTESIAN_POINT('',(24.,0.));
#11247 = VECTOR('',#11248,1.);
#11248 = DIRECTION('',(0.,1.));
#11249 = ( GEOMETRIC_REPRESENTATION_CONTEXT(2) 
PARAMETRIC_REPRESENTATION_CONTEXT() REPRESENTATION_CONTEXT('2D SPACE',''
  ) );
#11250 = PCURVE('',#10966,#11251);
#11251 = DEFINITIONAL_REPRESENTATION('',(#11252),#11256);
#11252 = LINE('',#11253,#11254);
#11253 = CARTESIAN_POINT('',(14.,0.));
#11254 = VECTOR('',#11255,1.);
#11255 = DIRECTION('',(0.,-1.));
#11256 = ( GEOMETRIC_REPRESENTATION_CONTEXT(2) 
PARAMETRIC_REPRESENTATION_CONTEXT() REPRESENTATION_CONTEXT('2D SPACE',''
  ) );
#11257 = ORIENTED_EDGE('',*,*,#11032,.F.);
#11258 = ADVANCED_FACE('',(#11259),#10966,.T.);
#11259 = FACE_BOUND('',#11260,.T.);
#11260 = EDGE_LOOP('',(#11261,#11262,#11263,#11264));
#11261 = ORIENTED_EDGE('',*,*,#11137,.F.);
#11262 = ORIENTED_EDGE('',*,*,#11112,.F.);
#11263 = ORIENTED_EDGE('',*,*,#10943,.T.);
#11264 = ORIENTED_EDGE('',*,*,#11237,.F.);
#11265 = MANIFOLD_SOLID_BREP('',#11266);
#11266 = CLOSED_SHELL('',(#11267,#11385,#11469,#11540,#11567,#11594));
#11267 = ADVANCED_FACE('',(#11268),#11282,.F.);
#11268 = FACE_BOUND('',#11269,.F.);
#11269 = EDGE_LOOP('',(#11270,#11305,#11331,#11359));
#11270 = ORIENTED_EDGE('',*,*,#11271,.F.);
#11271 = EDGE_CURVE('',#11272,#11274,#11276,.T.);
#11272 = VERTEX_POINT('',#11273);
#11273 = CARTESIAN_POINT('',(-170.,91.5,33.30434372436));
#11274 = VERTEX_POINT('',#11275);
#11275 = CARTESIAN_POINT('',(-170.,91.5,37.));
#11276 = SURFACE_CURVE('',#11277,(#11281,#11293),.PCURVE_S1.);
#11277 = LINE('',#11278,#11279);
#11278 = CARTESIAN_POINT('',(-170.,91.5,23.));
#11279 = VECTOR('',#11280,1.);
#11280 = DIRECTION('',(0.,0.,1.));
#11281 = PCURVE('',#11282,#11287);
#11282 = PLANE('',#11283);
#11283 = AXIS2_PLACEMENT_3D('',#11284,#11285,#11286);
#11284 = CARTESIAN_POINT('',(-170.,91.5,23.));
#11285 = DIRECTION('',(1.,0.,-0.));
#11286 = DIRECTION('',(0.,0.,1.));
#11287 = DEFINITIONAL_REPRESENTATION('',(#11288),#11292);
#11288 = LINE('',#11289,#11290);
#11289 = CARTESIAN_POINT('',(0.,0.));
#11290 = VECTOR('',#11291,1.);
#11291 = DIRECTION('',(1.,0.));
#11292 = ( GEOMETRIC_REPRESENTATION_CONTEXT(2) 
PARAMETRIC_REPRESENTATION_CONTEXT() REPRESENTATION_CONTEXT('2D SPACE',''
  ) );
#11293 = PCURVE('',#11294,#11299);
#11294 = PLANE('',#11295);
#11295 = AXIS2_PLACEMENT_3D('',#11296,#11297,#11298);
#11296 = CARTESIAN_POINT('',(-170.,91.5,23.));
#11297 = DIRECTION('',(-0.,1.,0.));
#11298 = DIRECTION('',(0.,0.,1.));
#11299 = DEFINITIONAL_REPRESENTATION('',(#11300),#11304);
#11300 = LINE('',#11301,#11302);
#11301 = CARTESIAN_POINT('',(0.,0.));
#11302 = VECTOR('',#11303,1.);
#11303 = DIRECTION('',(1.,0.));
#11304 = ( GEOMETRIC_REPRESENTATION_CONTEXT(2) 
PARAMETRIC_REPRESENTATION_CONTEXT() REPRESENTATION_CONTEXT('2D SPACE',''
  ) );
#11305 = ORIENTED_EDGE('',*,*,#11306,.F.);
#11306 = EDGE_CURVE('',#11307,#11272,#11309,.T.);
#11307 = VERTEX_POINT('',#11308);
#11308 = CARTESIAN_POINT('',(-170.,115.5,33.30434372436));
#11309 = SURFACE_CURVE('',#11310,(#11314,#11320),.PCURVE_S1.);
#11310 = LINE('',#11311,#11312);
#11311 = CARTESIAN_POINT('',(-170.,117.5,33.304343724361));
#11312 = VECTOR('',#11313,1.);
#11313 = DIRECTION('',(0.,-1.,2.22044604925E-16));
#11314 = PCURVE('',#11282,#11315);
#11315 = DEFINITIONAL_REPRESENTATION('',(#11316),#11319);
#11316 = B_SPLINE_CURVE_WITH_KNOTS('',1,(#11317,#11318),.UNSPECIFIED.,
  .F.,.F.,(2,2),(-6.000000070117E-07,28.0000006),
  .PIECEWISE_BEZIER_KNOTS.);
#11317 = CARTESIAN_POINT('',(10.304343724361,-26.0000006));
#11318 = CARTESIAN_POINT('',(10.304343724361,2.0000006));
#11319 = ( GEOMETRIC_REPRESENTATION_CONTEXT(2) 
PARAMETRIC_REPRESENTATION_CONTEXT() REPRESENTATION_CONTEXT('2D SPACE',''
  ) );
#11320 = PCURVE('',#11321,#11326);
#11321 = CYLINDRICAL_SURFACE('',#11322,3.4);
#11322 = AXIS2_PLACEMENT_3D('',#11323,#11324,#11325);
#11323 = CARTESIAN_POINT('',(-167.5,117.5,31.));
#11324 = DIRECTION('',(0.,-1.,2.22044604925E-16));
#11325 = DIRECTION('',(1.,0.,0.));
#11326 = DEFINITIONAL_REPRESENTATION('',(#11327),#11330);
#11327 = B_SPLINE_CURVE_WITH_KNOTS('',1,(#11328,#11329),.UNSPECIFIED.,
  .F.,.F.,(2,2),(-6.000000070117E-07,28.0000006),
  .PIECEWISE_BEZIER_KNOTS.);
#11328 = CARTESIAN_POINT('',(2.396896868722,-6.000000065E-07));
#11329 = CARTESIAN_POINT('',(2.396896868722,28.0000006));
#11330 = ( GEOMETRIC_REPRESENTATION_CONTEXT(2) 
PARAMETRIC_REPRESENTATION_CONTEXT() REPRESENTATION_CONTEXT('2D SPACE',''
  ) );
#11331 = ORIENTED_EDGE('',*,*,#11332,.T.);
#11332 = EDGE_CURVE('',#11307,#11333,#11335,.T.);
#11333 = VERTEX_POINT('',#11334);
#11334 = CARTESIAN_POINT('',(-170.,115.5,37.));
#11335 = SURFACE_CURVE('',#11336,(#11340,#11347),.PCURVE_S1.);
#11336 = LINE('',#11337,#11338);
#11337 = CARTESIAN_POINT('',(-170.,115.5,23.));
#11338 = VECTOR('',#11339,1.);
#11339 = DIRECTION('',(0.,0.,1.));
#11340 = PCURVE('',#11282,#11341);
#11341 = DEFINITIONAL_REPRESENTATION('',(#11342),#11346);
#11342 = LINE('',#11343,#11344);
#11343 = CARTESIAN_POINT('',(0.,-24.));
#11344 = VECTOR('',#11345,1.);
#11345 = DIRECTION('',(1.,0.));
#11346 = ( GEOMETRIC_REPRESENTATION_CONTEXT(2) 
PARAMETRIC_REPRESENTATION_CONTEXT() REPRESENTATION_CONTEXT('2D SPACE',''
  ) );
#11347 = PCURVE('',#11348,#11353);
#11348 = PLANE('',#11349);
#11349 = AXIS2_PLACEMENT_3D('',#11350,#11351,#11352);
#11350 = CARTESIAN_POINT('',(-170.,115.5,23.));
#11351 = DIRECTION('',(-0.,1.,0.));
#11352 = DIRECTION('',(0.,0.,1.));
#11353 = DEFINITIONAL_REPRESENTATION('',(#11354),#11358);
#11354 = LINE('',#11355,#11356);
#11355 = CARTESIAN_POINT('',(0.,0.));
#11356 = VECTOR('',#11357,1.);
#11357 = DIRECTION('',(1.,0.));
#11358 = ( GEOMETRIC_REPRESENTATION_CONTEXT(2) 
PARAMETRIC_REPRESENTATION_CONTEXT() REPRESENTATION_CONTEXT('2D SPACE',''
  ) );
#11359 = ORIENTED_EDGE('',*,*,#11360,.F.);
#11360 = EDGE_CURVE('',#11274,#11333,#11361,.T.);
#11361 = SURFACE_CURVE('',#11362,(#11366,#11373),.PCURVE_S1.);
#11362 = LINE('',#11363,#11364);
#11363 = CARTESIAN_POINT('',(-170.,91.5,37.));
#11364 = VECTOR('',#11365,1.);
#11365 = DIRECTION('',(-0.,1.,0.));
#11366 = PCURVE('',#11282,#11367);
#11367 = DEFINITIONAL_REPRESENTATION('',(#11368),#11372);
#11368 = LINE('',#11369,#11370);
#11369 = CARTESIAN_POINT('',(14.,0.));
#11370 = VECTOR('',#11371,1.);
#11371 = DIRECTION('',(0.,-1.));
#11372 = ( GEOMETRIC_REPRESENTATION_CONTEXT(2) 
PARAMETRIC_REPRESENTATION_CONTEXT() REPRESENTATION_CONTEXT('2D SPACE',''
  ) );
#11373 = PCURVE('',#11374,#11379);
#11374 = PLANE('',#11375);
#11375 = AXIS2_PLACEMENT_3D('',#11376,#11377,#11378);
#11376 = CARTESIAN_POINT('',(-170.,91.5,37.));
#11377 = DIRECTION('',(0.,0.,1.));
#11378 = DIRECTION('',(1.,0.,-0.));
#11379 = DEFINITIONAL_REPRESENTATION('',(#11380),#11384);
#11380 = LINE('',#11381,#11382);
#11381 = CARTESIAN_POINT('',(0.,0.));
#11382 = VECTOR('',#11383,1.);
#11383 = DIRECTION('',(0.,1.));
#11384 = ( GEOMETRIC_REPRESENTATION_CONTEXT(2) 
PARAMETRIC_REPRESENTATION_CONTEXT() REPRESENTATION_CONTEXT('2D SPACE',''
  ) );
#11385 = ADVANCED_FACE('',(#11386),#11321,.F.);
#11386 = FACE_BOUND('',#11387,.F.);
#11387 = EDGE_LOOP('',(#11388,#11416,#11417,#11445));
#11388 = ORIENTED_EDGE('',*,*,#11389,.T.);
#11389 = EDGE_CURVE('',#11390,#11307,#11392,.T.);
#11390 = VERTEX_POINT('',#11391);
#11391 = CARTESIAN_POINT('',(-165.,115.5,33.30434372436));
#11392 = SURFACE_CURVE('',#11393,(#11398,#11405),.PCURVE_S1.);
#11393 = CIRCLE('',#11394,3.4);
#11394 = AXIS2_PLACEMENT_3D('',#11395,#11396,#11397);
#11395 = CARTESIAN_POINT('',(-167.5,115.5,31.));
#11396 = DIRECTION('',(0.,-1.,2.22044604925E-16));
#11397 = DIRECTION('',(1.,0.,0.));
#11398 = PCURVE('',#11321,#11399);
#11399 = DEFINITIONAL_REPRESENTATION('',(#11400),#11404);
#11400 = LINE('',#11401,#11402);
#11401 = CARTESIAN_POINT('',(0.,2.));
#11402 = VECTOR('',#11403,1.);
#11403 = DIRECTION('',(1.,0.));
#11404 = ( GEOMETRIC_REPRESENTATION_CONTEXT(2) 
PARAMETRIC_REPRESENTATION_CONTEXT() REPRESENTATION_CONTEXT('2D SPACE',''
  ) );
#11405 = PCURVE('',#11348,#11406);
#11406 = DEFINITIONAL_REPRESENTATION('',(#11407),#11415);
#11407 = ( BOUNDED_CURVE() B_SPLINE_CURVE(2,(#11408,#11409,#11410,#11411
    ,#11412,#11413,#11414),.UNSPECIFIED.,.T.,.F.) 
B_SPLINE_CURVE_WITH_KNOTS((1,2,2,2,2,1),(-2.094395102393,0.,
    2.094395102393,4.188790204786,6.28318530718,8.377580409573),
.UNSPECIFIED.) CURVE() GEOMETRIC_REPRESENTATION_ITEM() 
RATIONAL_B_SPLINE_CURVE((1.,0.5,1.,0.5,1.,0.5,1.)) REPRESENTATION_ITEM(
  '') );
#11408 = CARTESIAN_POINT('',(8.,5.9));
#11409 = CARTESIAN_POINT('',(13.888972745734,5.9));
#11410 = CARTESIAN_POINT('',(10.944486372867,0.8));
#11411 = CARTESIAN_POINT('',(8.,-4.3));
#11412 = CARTESIAN_POINT('',(5.055513627133,0.8));
#11413 = CARTESIAN_POINT('',(2.111027254266,5.9));
#11414 = CARTESIAN_POINT('',(8.,5.9));
#11415 = ( GEOMETRIC_REPRESENTATION_CONTEXT(2) 
PARAMETRIC_REPRESENTATION_CONTEXT() REPRESENTATION_CONTEXT('2D SPACE',''
  ) );
#11416 = ORIENTED_EDGE('',*,*,#11306,.T.);
#11417 = ORIENTED_EDGE('',*,*,#11418,.F.);
#11418 = EDGE_CURVE('',#11419,#11272,#11421,.T.);
#11419 = VERTEX_POINT('',#11420);
#11420 = CARTESIAN_POINT('',(-165.,91.5,33.30434372436));
#11421 = SURFACE_CURVE('',#11422,(#11427,#11434),.PCURVE_S1.);
#11422 = CIRCLE('',#11423,3.4);
#11423 = AXIS2_PLACEMENT_3D('',#11424,#11425,#11426);
#11424 = CARTESIAN_POINT('',(-167.5,91.5,31.));
#11425 = DIRECTION('',(0.,-1.,2.22044604925E-16));
#11426 = DIRECTION('',(1.,0.,0.));
#11427 = PCURVE('',#11321,#11428);
#11428 = DEFINITIONAL_REPRESENTATION('',(#11429),#11433);
#11429 = LINE('',#11430,#11431);
#11430 = CARTESIAN_POINT('',(0.,26.));
#11431 = VECTOR('',#11432,1.);
#11432 = DIRECTION('',(1.,0.));
#11433 = ( GEOMETRIC_REPRESENTATION_CONTEXT(2) 
PARAMETRIC_REPRESENTATION_CONTEXT() REPRESENTATION_CONTEXT('2D SPACE',''
  ) );
#11434 = PCURVE('',#11294,#11435);
#11435 = DEFINITIONAL_REPRESENTATION('',(#11436),#11444);
#11436 = ( BOUNDED_CURVE() B_SPLINE_CURVE(2,(#11437,#11438,#11439,#11440
    ,#11441,#11442,#11443),.UNSPECIFIED.,.T.,.F.) 
B_SPLINE_CURVE_WITH_KNOTS((1,2,2,2,2,1),(-2.094395102393,0.,
    2.094395102393,4.188790204786,6.28318530718,8.377580409573),
.UNSPECIFIED.) CURVE() GEOMETRIC_REPRESENTATION_ITEM() 
RATIONAL_B_SPLINE_CURVE((1.,0.5,1.,0.5,1.,0.5,1.)) REPRESENTATION_ITEM(
  '') );
#11437 = CARTESIAN_POINT('',(8.,5.9));
#11438 = CARTESIAN_POINT('',(13.888972745734,5.9));
#11439 = CARTESIAN_POINT('',(10.944486372867,0.8));
#11440 = CARTESIAN_POINT('',(8.,-4.3));
#11441 = CARTESIAN_POINT('',(5.055513627133,0.8));
#11442 = CARTESIAN_POINT('',(2.111027254266,5.9));
#11443 = CARTESIAN_POINT('',(8.,5.9));
#11444 = ( GEOMETRIC_REPRESENTATION_CONTEXT(2) 
PARAMETRIC_REPRESENTATION_CONTEXT() REPRESENTATION_CONTEXT('2D SPACE',''
  ) );
#11445 = ORIENTED_EDGE('',*,*,#11446,.F.);
#11446 = EDGE_CURVE('',#11390,#11419,#11447,.T.);
#11447 = SURFACE_CURVE('',#11448,(#11452,#11458),.PCURVE_S1.);
#11448 = LINE('',#11449,#11450);
#11449 = CARTESIAN_POINT('',(-165.,117.5,33.304343724361));
#11450 = VECTOR('',#11451,1.);
#11451 = DIRECTION('',(0.,-1.,2.22044604925E-16));
#11452 = PCURVE('',#11321,#11453);
#11453 = DEFINITIONAL_REPRESENTATION('',(#11454),#11457);
#11454 = B_SPLINE_CURVE_WITH_KNOTS('',1,(#11455,#11456),.UNSPECIFIED.,
  .F.,.F.,(2,2),(-6.000000070117E-07,28.0000006),
  .PIECEWISE_BEZIER_KNOTS.);
#11455 = CARTESIAN_POINT('',(0.744695784868,-6.000000065E-07));
#11456 = CARTESIAN_POINT('',(0.744695784868,28.0000006));
#11457 = ( GEOMETRIC_REPRESENTATION_CONTEXT(2) 
PARAMETRIC_REPRESENTATION_CONTEXT() REPRESENTATION_CONTEXT('2D SPACE',''
  ) );
#11458 = PCURVE('',#11459,#11464);
#11459 = PLANE('',#11460);
#11460 = AXIS2_PLACEMENT_3D('',#11461,#11462,#11463);
#11461 = CARTESIAN_POINT('',(-165.,91.5,23.));
#11462 = DIRECTION('',(1.,0.,-0.));
#11463 = DIRECTION('',(0.,0.,1.));
#11464 = DEFINITIONAL_REPRESENTATION('',(#11465),#11468);
#11465 = B_SPLINE_CURVE_WITH_KNOTS('',1,(#11466,#11467),.UNSPECIFIED.,
  .F.,.F.,(2,2),(-6.000000070117E-07,28.0000006),
  .PIECEWISE_BEZIER_KNOTS.);
#11466 = CARTESIAN_POINT('',(10.304343724361,-26.0000006));
#11467 = CARTESIAN_POINT('',(10.304343724361,2.0000006));
#11468 = ( GEOMETRIC_REPRESENTATION_CONTEXT(2) 
PARAMETRIC_REPRESENTATION_CONTEXT() REPRESENTATION_CONTEXT('2D SPACE',''
  ) );
#11469 = ADVANCED_FACE('',(#11470),#11459,.T.);
#11470 = FACE_BOUND('',#11471,.T.);
#11471 = EDGE_LOOP('',(#11472,#11495,#11496,#11519));
#11472 = ORIENTED_EDGE('',*,*,#11473,.F.);
#11473 = EDGE_CURVE('',#11419,#11474,#11476,.T.);
#11474 = VERTEX_POINT('',#11475);
#11475 = CARTESIAN_POINT('',(-165.,91.5,37.));
#11476 = SURFACE_CURVE('',#11477,(#11481,#11488),.PCURVE_S1.);
#11477 = LINE('',#11478,#11479);
#11478 = CARTESIAN_POINT('',(-165.,91.5,23.));
#11479 = VECTOR('',#11480,1.);
#11480 = DIRECTION('',(0.,0.,1.));
#11481 = PCURVE('',#11459,#11482);
#11482 = DEFINITIONAL_REPRESENTATION('',(#11483),#11487);
#11483 = LINE('',#11484,#11485);
#11484 = CARTESIAN_POINT('',(0.,0.));
#11485 = VECTOR('',#11486,1.);
#11486 = DIRECTION('',(1.,0.));
#11487 = ( GEOMETRIC_REPRESENTATION_CONTEXT(2) 
PARAMETRIC_REPRESENTATION_CONTEXT() REPRESENTATION_CONTEXT('2D SPACE',''
  ) );
#11488 = PCURVE('',#11294,#11489);
#11489 = DEFINITIONAL_REPRESENTATION('',(#11490),#11494);
#11490 = LINE('',#11491,#11492);
#11491 = CARTESIAN_POINT('',(0.,5.));
#11492 = VECTOR('',#11493,1.);
#11493 = DIRECTION('',(1.,0.));
#11494 = ( GEOMETRIC_REPRESENTATION_CONTEXT(2) 
PARAMETRIC_REPRESENTATION_CONTEXT() REPRESENTATION_CONTEXT('2D SPACE',''
  ) );
#11495 = ORIENTED_EDGE('',*,*,#11446,.F.);
#11496 = ORIENTED_EDGE('',*,*,#11497,.T.);
#11497 = EDGE_CURVE('',#11390,#11498,#11500,.T.);
#11498 = VERTEX_POINT('',#11499);
#11499 = CARTESIAN_POINT('',(-165.,115.5,37.));
#11500 = SURFACE_CURVE('',#11501,(#11505,#11512),.PCURVE_S1.);
#11501 = LINE('',#11502,#11503);
#11502 = CARTESIAN_POINT('',(-165.,115.5,23.));
#11503 = VECTOR('',#11504,1.);
#11504 = DIRECTION('',(0.,0.,1.));
#11505 = PCURVE('',#11459,#11506);
#11506 = DEFINITIONAL_REPRESENTATION('',(#11507),#11511);
#11507 = LINE('',#11508,#11509);
#11508 = CARTESIAN_POINT('',(0.,-24.));
#11509 = VECTOR('',#11510,1.);
#11510 = DIRECTION('',(1.,0.));
#11511 = ( GEOMETRIC_REPRESENTATION_CONTEXT(2) 
PARAMETRIC_REPRESENTATION_CONTEXT() REPRESENTATION_CONTEXT('2D SPACE',''
  ) );
#11512 = PCURVE('',#11348,#11513);
#11513 = DEFINITIONAL_REPRESENTATION('',(#11514),#11518);
#11514 = LINE('',#11515,#11516);
#11515 = CARTESIAN_POINT('',(0.,5.));
#11516 = VECTOR('',#11517,1.);
#11517 = DIRECTION('',(1.,0.));
#11518 = ( GEOMETRIC_REPRESENTATION_CONTEXT(2) 
PARAMETRIC_REPRESENTATION_CONTEXT() REPRESENTATION_CONTEXT('2D SPACE',''
  ) );
#11519 = ORIENTED_EDGE('',*,*,#11520,.F.);
#11520 = EDGE_CURVE('',#11474,#11498,#11521,.T.);
#11521 = SURFACE_CURVE('',#11522,(#11526,#11533),.PCURVE_S1.);
#11522 = LINE('',#11523,#11524);
#11523 = CARTESIAN_POINT('',(-165.,91.5,37.));
#11524 = VECTOR('',#11525,1.);
#11525 = DIRECTION('',(-0.,1.,0.));
#11526 = PCURVE('',#11459,#11527);
#11527 = DEFINITIONAL_REPRESENTATION('',(#11528),#11532);
#11528 = LINE('',#11529,#11530);
#11529 = CARTESIAN_POINT('',(14.,0.));
#11530 = VECTOR('',#11531,1.);
#11531 = DIRECTION('',(0.,-1.));
#11532 = ( GEOMETRIC_REPRESENTATION_CONTEXT(2) 
PARAMETRIC_REPRESENTATION_CONTEXT() REPRESENTATION_CONTEXT('2D SPACE',''
  ) );
#11533 = PCURVE('',#11374,#11534);
#11534 = DEFINITIONAL_REPRESENTATION('',(#11535),#11539);
#11535 = LINE('',#11536,#11537);
#11536 = CARTESIAN_POINT('',(5.,0.));
#11537 = VECTOR('',#11538,1.);
#11538 = DIRECTION('',(0.,1.));
#11539 = ( GEOMETRIC_REPRESENTATION_CONTEXT(2) 
PARAMETRIC_REPRESENTATION_CONTEXT() REPRESENTATION_CONTEXT('2D SPACE',''
  ) );
#11540 = ADVANCED_FACE('',(#11541),#11348,.T.);
#11541 = FACE_BOUND('',#11542,.T.);
#11542 = EDGE_LOOP('',(#11543,#11544,#11545,#11546));
#11543 = ORIENTED_EDGE('',*,*,#11497,.F.);
#11544 = ORIENTED_EDGE('',*,*,#11389,.T.);
#11545 = ORIENTED_EDGE('',*,*,#11332,.T.);
#11546 = ORIENTED_EDGE('',*,*,#11547,.T.);
#11547 = EDGE_CURVE('',#11333,#11498,#11548,.T.);
#11548 = SURFACE_CURVE('',#11549,(#11553,#11560),.PCURVE_S1.);
#11549 = LINE('',#11550,#11551);
#11550 = CARTESIAN_POINT('',(-170.,115.5,37.));
#11551 = VECTOR('',#11552,1.);
#11552 = DIRECTION('',(1.,0.,-0.));
#11553 = PCURVE('',#11348,#11554);
#11554 = DEFINITIONAL_REPRESENTATION('',(#11555),#11559);
#11555 = LINE('',#11556,#11557);
#11556 = CARTESIAN_POINT('',(14.,0.));
#11557 = VECTOR('',#11558,1.);
#11558 = DIRECTION('',(0.,1.));
#11559 = ( GEOMETRIC_REPRESENTATION_CONTEXT(2) 
PARAMETRIC_REPRESENTATION_CONTEXT() REPRESENTATION_CONTEXT('2D SPACE',''
  ) );
#11560 = PCURVE('',#11374,#11561);
#11561 = DEFINITIONAL_REPRESENTATION('',(#11562),#11566);
#11562 = LINE('',#11563,#11564);
#11563 = CARTESIAN_POINT('',(0.,24.));
#11564 = VECTOR('',#11565,1.);
#11565 = DIRECTION('',(1.,0.));
#11566 = ( GEOMETRIC_REPRESENTATION_CONTEXT(2) 
PARAMETRIC_REPRESENTATION_CONTEXT() REPRESENTATION_CONTEXT('2D SPACE',''
  ) );
#11567 = ADVANCED_FACE('',(#11568),#11374,.T.);
#11568 = FACE_BOUND('',#11569,.T.);
#11569 = EDGE_LOOP('',(#11570,#11571,#11592,#11593));
#11570 = ORIENTED_EDGE('',*,*,#11360,.F.);
#11571 = ORIENTED_EDGE('',*,*,#11572,.T.);
#11572 = EDGE_CURVE('',#11274,#11474,#11573,.T.);
#11573 = SURFACE_CURVE('',#11574,(#11578,#11585),.PCURVE_S1.);
#11574 = LINE('',#11575,#11576);
#11575 = CARTESIAN_POINT('',(-170.,91.5,37.));
#11576 = VECTOR('',#11577,1.);
#11577 = DIRECTION('',(1.,0.,-0.));
#11578 = PCURVE('',#11374,#11579);
#11579 = DEFINITIONAL_REPRESENTATION('',(#11580),#11584);
#11580 = LINE('',#11581,#11582);
#11581 = CARTESIAN_POINT('',(0.,0.));
#11582 = VECTOR('',#11583,1.);
#11583 = DIRECTION('',(1.,0.));
#11584 = ( GEOMETRIC_REPRESENTATION_CONTEXT(2) 
PARAMETRIC_REPRESENTATION_CONTEXT() REPRESENTATION_CONTEXT('2D SPACE',''
  ) );
#11585 = PCURVE('',#11294,#11586);
#11586 = DEFINITIONAL_REPRESENTATION('',(#11587),#11591);
#11587 = LINE('',#11588,#11589);
#11588 = CARTESIAN_POINT('',(14.,0.));
#11589 = VECTOR('',#11590,1.);
#11590 = DIRECTION('',(0.,1.));
#11591 = ( GEOMETRIC_REPRESENTATION_CONTEXT(2) 
PARAMETRIC_REPRESENTATION_CONTEXT() REPRESENTATION_CONTEXT('2D SPACE',''
  ) );
#11592 = ORIENTED_EDGE('',*,*,#11520,.T.);
#11593 = ORIENTED_EDGE('',*,*,#11547,.F.);
#11594 = ADVANCED_FACE('',(#11595),#11294,.F.);
#11595 = FACE_BOUND('',#11596,.F.);
#11596 = EDGE_LOOP('',(#11597,#11598,#11599,#11600));
#11597 = ORIENTED_EDGE('',*,*,#11473,.F.);
#11598 = ORIENTED_EDGE('',*,*,#11418,.T.);
#11599 = ORIENTED_EDGE('',*,*,#11271,.T.);
#11600 = ORIENTED_EDGE('',*,*,#11572,.T.);
#11601 = MANIFOLD_SOLID_BREP('',#11602);
#11602 = CLOSED_SHELL('',(#11603,#11721,#11805,#11876,#11903,#11930));
#11603 = ADVANCED_FACE('',(#11604),#11618,.F.);
#11604 = FACE_BOUND('',#11605,.F.);
#11605 = EDGE_LOOP('',(#11606,#11641,#11667,#11695));
#11606 = ORIENTED_EDGE('',*,*,#11607,.F.);
#11607 = EDGE_CURVE('',#11608,#11610,#11612,.T.);
#11608 = VERTEX_POINT('',#11609);
#11609 = CARTESIAN_POINT('',(-170.,-115.5,33.30434372436));
#11610 = VERTEX_POINT('',#11611);
#11611 = CARTESIAN_POINT('',(-170.,-115.5,37.));
#11612 = SURFACE_CURVE('',#11613,(#11617,#11629),.PCURVE_S1.);
#11613 = LINE('',#11614,#11615);
#11614 = CARTESIAN_POINT('',(-170.,-115.5,23.));
#11615 = VECTOR('',#11616,1.);
#11616 = DIRECTION('',(0.,0.,1.));
#11617 = PCURVE('',#11618,#11623);
#11618 = PLANE('',#11619);
#11619 = AXIS2_PLACEMENT_3D('',#11620,#11621,#11622);
#11620 = CARTESIAN_POINT('',(-170.,-115.5,23.));
#11621 = DIRECTION('',(1.,0.,-0.));
#11622 = DIRECTION('',(0.,0.,1.));
#11623 = DEFINITIONAL_REPRESENTATION('',(#11624),#11628);
#11624 = LINE('',#11625,#11626);
#11625 = CARTESIAN_POINT('',(0.,0.));
#11626 = VECTOR('',#11627,1.);
#11627 = DIRECTION('',(1.,0.));
#11628 = ( GEOMETRIC_REPRESENTATION_CONTEXT(2) 
PARAMETRIC_REPRESENTATION_CONTEXT() REPRESENTATION_CONTEXT('2D SPACE',''
  ) );
#11629 = PCURVE('',#11630,#11635);
#11630 = PLANE('',#11631);
#11631 = AXIS2_PLACEMENT_3D('',#11632,#11633,#11634);
#11632 = CARTESIAN_POINT('',(-170.,-115.5,23.));
#11633 = DIRECTION('',(-0.,1.,0.));
#11634 = DIRECTION('',(0.,0.,1.));
#11635 = DEFINITIONAL_REPRESENTATION('',(#11636),#11640);
#11636 = LINE('',#11637,#11638);
#11637 = CARTESIAN_POINT('',(0.,0.));
#11638 = VECTOR('',#11639,1.);
#11639 = DIRECTION('',(1.,0.));
#11640 = ( GEOMETRIC_REPRESENTATION_CONTEXT(2) 
PARAMETRIC_REPRESENTATION_CONTEXT() REPRESENTATION_CONTEXT('2D SPACE',''
  ) );
#11641 = ORIENTED_EDGE('',*,*,#11642,.F.);
#11642 = EDGE_CURVE('',#11643,#11608,#11645,.T.);
#11643 = VERTEX_POINT('',#11644);
#11644 = CARTESIAN_POINT('',(-170.,-91.5,33.30434372436));
#11645 = SURFACE_CURVE('',#11646,(#11650,#11656),.PCURVE_S1.);
#11646 = LINE('',#11647,#11648);
#11647 = CARTESIAN_POINT('',(-170.,-89.5,33.304343724361));
#11648 = VECTOR('',#11649,1.);
#11649 = DIRECTION('',(0.,-1.,2.22044604925E-16));
#11650 = PCURVE('',#11618,#11651);
#11651 = DEFINITIONAL_REPRESENTATION('',(#11652),#11655);
#11652 = B_SPLINE_CURVE_WITH_KNOTS('',1,(#11653,#11654),.UNSPECIFIED.,
  .F.,.F.,(2,2),(-6.000000070117E-07,28.0000006),
  .PIECEWISE_BEZIER_KNOTS.);
#11653 = CARTESIAN_POINT('',(10.304343724361,-26.0000006));
#11654 = CARTESIAN_POINT('',(10.304343724361,2.0000006));
#11655 = ( GEOMETRIC_REPRESENTATION_CONTEXT(2) 
PARAMETRIC_REPRESENTATION_CONTEXT() REPRESENTATION_CONTEXT('2D SPACE',''
  ) );
#11656 = PCURVE('',#11657,#11662);
#11657 = CYLINDRICAL_SURFACE('',#11658,3.4);
#11658 = AXIS2_PLACEMENT_3D('',#11659,#11660,#11661);
#11659 = CARTESIAN_POINT('',(-167.5,-89.5,31.));
#11660 = DIRECTION('',(0.,-1.,2.22044604925E-16));
#11661 = DIRECTION('',(1.,0.,0.));
#11662 = DEFINITIONAL_REPRESENTATION('',(#11663),#11666);
#11663 = B_SPLINE_CURVE_WITH_KNOTS('',1,(#11664,#11665),.UNSPECIFIED.,
  .F.,.F.,(2,2),(-6.000000070117E-07,28.0000006),
  .PIECEWISE_BEZIER_KNOTS.);
#11664 = CARTESIAN_POINT('',(2.396896868722,-6.000000065E-07));
#11665 = CARTESIAN_POINT('',(2.396896868722,28.0000006));
#11666 = ( GEOMETRIC_REPRESENTATION_CONTEXT(2) 
PARAMETRIC_REPRESENTATION_CONTEXT() REPRESENTATION_CONTEXT('2D SPACE',''
  ) );
#11667 = ORIENTED_EDGE('',*,*,#11668,.T.);
#11668 = EDGE_CURVE('',#11643,#11669,#11671,.T.);
#11669 = VERTEX_POINT('',#11670);
#11670 = CARTESIAN_POINT('',(-170.,-91.5,37.));
#11671 = SURFACE_CURVE('',#11672,(#11676,#11683),.PCURVE_S1.);
#11672 = LINE('',#11673,#11674);
#11673 = CARTESIAN_POINT('',(-170.,-91.5,23.));
#11674 = VECTOR('',#11675,1.);
#11675 = DIRECTION('',(0.,0.,1.));
#11676 = PCURVE('',#11618,#11677);
#11677 = DEFINITIONAL_REPRESENTATION('',(#11678),#11682);
#11678 = LINE('',#11679,#11680);
#11679 = CARTESIAN_POINT('',(0.,-24.));
#11680 = VECTOR('',#11681,1.);
#11681 = DIRECTION('',(1.,0.));
#11682 = ( GEOMETRIC_REPRESENTATION_CONTEXT(2) 
PARAMETRIC_REPRESENTATION_CONTEXT() REPRESENTATION_CONTEXT('2D SPACE',''
  ) );
#11683 = PCURVE('',#11684,#11689);
#11684 = PLANE('',#11685);
#11685 = AXIS2_PLACEMENT_3D('',#11686,#11687,#11688);
#11686 = CARTESIAN_POINT('',(-170.,-91.5,23.));
#11687 = DIRECTION('',(-0.,1.,0.));
#11688 = DIRECTION('',(0.,0.,1.));
#11689 = DEFINITIONAL_REPRESENTATION('',(#11690),#11694);
#11690 = LINE('',#11691,#11692);
#11691 = CARTESIAN_POINT('',(0.,0.));
#11692 = VECTOR('',#11693,1.);
#11693 = DIRECTION('',(1.,0.));
#11694 = ( GEOMETRIC_REPRESENTATION_CONTEXT(2) 
PARAMETRIC_REPRESENTATION_CONTEXT() REPRESENTATION_CONTEXT('2D SPACE',''
  ) );
#11695 = ORIENTED_EDGE('',*,*,#11696,.F.);
#11696 = EDGE_CURVE('',#11610,#11669,#11697,.T.);
#11697 = SURFACE_CURVE('',#11698,(#11702,#11709),.PCURVE_S1.);
#11698 = LINE('',#11699,#11700);
#11699 = CARTESIAN_POINT('',(-170.,-115.5,37.));
#11700 = VECTOR('',#11701,1.);
#11701 = DIRECTION('',(-0.,1.,0.));
#11702 = PCURVE('',#11618,#11703);
#11703 = DEFINITIONAL_REPRESENTATION('',(#11704),#11708);
#11704 = LINE('',#11705,#11706);
#11705 = CARTESIAN_POINT('',(14.,0.));
#11706 = VECTOR('',#11707,1.);
#11707 = DIRECTION('',(0.,-1.));
#11708 = ( GEOMETRIC_REPRESENTATION_CONTEXT(2) 
PARAMETRIC_REPRESENTATION_CONTEXT() REPRESENTATION_CONTEXT('2D SPACE',''
  ) );
#11709 = PCURVE('',#11710,#11715);
#11710 = PLANE('',#11711);
#11711 = AXIS2_PLACEMENT_3D('',#11712,#11713,#11714);
#11712 = CARTESIAN_POINT('',(-170.,-115.5,37.));
#11713 = DIRECTION('',(0.,0.,1.));
#11714 = DIRECTION('',(1.,0.,-0.));
#11715 = DEFINITIONAL_REPRESENTATION('',(#11716),#11720);
#11716 = LINE('',#11717,#11718);
#11717 = CARTESIAN_POINT('',(0.,0.));
#11718 = VECTOR('',#11719,1.);
#11719 = DIRECTION('',(0.,1.));
#11720 = ( GEOMETRIC_REPRESENTATION_CONTEXT(2) 
PARAMETRIC_REPRESENTATION_CONTEXT() REPRESENTATION_CONTEXT('2D SPACE',''
  ) );
#11721 = ADVANCED_FACE('',(#11722),#11657,.F.);
#11722 = FACE_BOUND('',#11723,.F.);
#11723 = EDGE_LOOP('',(#11724,#11752,#11753,#11781));
#11724 = ORIENTED_EDGE('',*,*,#11725,.T.);
#11725 = EDGE_CURVE('',#11726,#11643,#11728,.T.);
#11726 = VERTEX_POINT('',#11727);
#11727 = CARTESIAN_POINT('',(-165.,-91.5,33.30434372436));
#11728 = SURFACE_CURVE('',#11729,(#11734,#11741),.PCURVE_S1.);
#11729 = CIRCLE('',#11730,3.4);
#11730 = AXIS2_PLACEMENT_3D('',#11731,#11732,#11733);
#11731 = CARTESIAN_POINT('',(-167.5,-91.5,31.));
#11732 = DIRECTION('',(0.,-1.,2.22044604925E-16));
#11733 = DIRECTION('',(1.,0.,0.));
#11734 = PCURVE('',#11657,#11735);
#11735 = DEFINITIONAL_REPRESENTATION('',(#11736),#11740);
#11736 = LINE('',#11737,#11738);
#11737 = CARTESIAN_POINT('',(0.,2.));
#11738 = VECTOR('',#11739,1.);
#11739 = DIRECTION('',(1.,0.));
#11740 = ( GEOMETRIC_REPRESENTATION_CONTEXT(2) 
PARAMETRIC_REPRESENTATION_CONTEXT() REPRESENTATION_CONTEXT('2D SPACE',''
  ) );
#11741 = PCURVE('',#11684,#11742);
#11742 = DEFINITIONAL_REPRESENTATION('',(#11743),#11751);
#11743 = ( BOUNDED_CURVE() B_SPLINE_CURVE(2,(#11744,#11745,#11746,#11747
    ,#11748,#11749,#11750),.UNSPECIFIED.,.T.,.F.) 
B_SPLINE_CURVE_WITH_KNOTS((1,2,2,2,2,1),(-2.094395102393,0.,
    2.094395102393,4.188790204786,6.28318530718,8.377580409573),
.UNSPECIFIED.) CURVE() GEOMETRIC_REPRESENTATION_ITEM() 
RATIONAL_B_SPLINE_CURVE((1.,0.5,1.,0.5,1.,0.5,1.)) REPRESENTATION_ITEM(
  '') );
#11744 = CARTESIAN_POINT('',(8.,5.9));
#11745 = CARTESIAN_POINT('',(13.888972745734,5.9));
#11746 = CARTESIAN_POINT('',(10.944486372867,0.8));
#11747 = CARTESIAN_POINT('',(8.,-4.3));
#11748 = CARTESIAN_POINT('',(5.055513627133,0.8));
#11749 = CARTESIAN_POINT('',(2.111027254266,5.9));
#11750 = CARTESIAN_POINT('',(8.,5.9));
#11751 = ( GEOMETRIC_REPRESENTATION_CONTEXT(2) 
PARAMETRIC_REPRESENTATION_CONTEXT() REPRESENTATION_CONTEXT('2D SPACE',''
  ) );
#11752 = ORIENTED_EDGE('',*,*,#11642,.T.);
#11753 = ORIENTED_EDGE('',*,*,#11754,.F.);
#11754 = EDGE_CURVE('',#11755,#11608,#11757,.T.);
#11755 = VERTEX_POINT('',#11756);
#11756 = CARTESIAN_POINT('',(-165.,-115.5,33.30434372436));
#11757 = SURFACE_CURVE('',#11758,(#11763,#11770),.PCURVE_S1.);
#11758 = CIRCLE('',#11759,3.4);
#11759 = AXIS2_PLACEMENT_3D('',#11760,#11761,#11762);
#11760 = CARTESIAN_POINT('',(-167.5,-115.5,31.));
#11761 = DIRECTION('',(0.,-1.,2.22044604925E-16));
#11762 = DIRECTION('',(1.,0.,0.));
#11763 = PCURVE('',#11657,#11764);
#11764 = DEFINITIONAL_REPRESENTATION('',(#11765),#11769);
#11765 = LINE('',#11766,#11767);
#11766 = CARTESIAN_POINT('',(0.,26.));
#11767 = VECTOR('',#11768,1.);
#11768 = DIRECTION('',(1.,0.));
#11769 = ( GEOMETRIC_REPRESENTATION_CONTEXT(2) 
PARAMETRIC_REPRESENTATION_CONTEXT() REPRESENTATION_CONTEXT('2D SPACE',''
  ) );
#11770 = PCURVE('',#11630,#11771);
#11771 = DEFINITIONAL_REPRESENTATION('',(#11772),#11780);
#11772 = ( BOUNDED_CURVE() B_SPLINE_CURVE(2,(#11773,#11774,#11775,#11776
    ,#11777,#11778,#11779),.UNSPECIFIED.,.T.,.F.) 
B_SPLINE_CURVE_WITH_KNOTS((1,2,2,2,2,1),(-2.094395102393,0.,
    2.094395102393,4.188790204786,6.28318530718,8.377580409573),
.UNSPECIFIED.) CURVE() GEOMETRIC_REPRESENTATION_ITEM() 
RATIONAL_B_SPLINE_CURVE((1.,0.5,1.,0.5,1.,0.5,1.)) REPRESENTATION_ITEM(
  '') );
#11773 = CARTESIAN_POINT('',(8.,5.9));
#11774 = CARTESIAN_POINT('',(13.888972745734,5.9));
#11775 = CARTESIAN_POINT('',(10.944486372867,0.8));
#11776 = CARTESIAN_POINT('',(8.,-4.3));
#11777 = CARTESIAN_POINT('',(5.055513627133,0.8));
#11778 = CARTESIAN_POINT('',(2.111027254266,5.9));
#11779 = CARTESIAN_POINT('',(8.,5.9));
#11780 = ( GEOMETRIC_REPRESENTATION_CONTEXT(2) 
PARAMETRIC_REPRESENTATION_CONTEXT() REPRESENTATION_CONTEXT('2D SPACE',''
  ) );
#11781 = ORIENTED_EDGE('',*,*,#11782,.F.);
#11782 = EDGE_CURVE('',#11726,#11755,#11783,.T.);
#11783 = SURFACE_CURVE('',#11784,(#11788,#11794),.PCURVE_S1.);
#11784 = LINE('',#11785,#11786);
#11785 = CARTESIAN_POINT('',(-165.,-89.5,33.304343724361));
#11786 = VECTOR('',#11787,1.);
#11787 = DIRECTION('',(0.,-1.,2.22044604925E-16));
#11788 = PCURVE('',#11657,#11789);
#11789 = DEFINITIONAL_REPRESENTATION('',(#11790),#11793);
#11790 = B_SPLINE_CURVE_WITH_KNOTS('',1,(#11791,#11792),.UNSPECIFIED.,
  .F.,.F.,(2,2),(-6.000000070117E-07,28.0000006),
  .PIECEWISE_BEZIER_KNOTS.);
#11791 = CARTESIAN_POINT('',(0.744695784868,-6.000000065E-07));
#11792 = CARTESIAN_POINT('',(0.744695784868,28.0000006));
#11793 = ( GEOMETRIC_REPRESENTATION_CONTEXT(2) 
PARAMETRIC_REPRESENTATION_CONTEXT() REPRESENTATION_CONTEXT('2D SPACE',''
  ) );
#11794 = PCURVE('',#11795,#11800);
#11795 = PLANE('',#11796);
#11796 = AXIS2_PLACEMENT_3D('',#11797,#11798,#11799);
#11797 = CARTESIAN_POINT('',(-165.,-115.5,23.));
#11798 = DIRECTION('',(1.,0.,-0.));
#11799 = DIRECTION('',(0.,0.,1.));
#11800 = DEFINITIONAL_REPRESENTATION('',(#11801),#11804);
#11801 = B_SPLINE_CURVE_WITH_KNOTS('',1,(#11802,#11803),.UNSPECIFIED.,
  .F.,.F.,(2,2),(-6.000000070117E-07,28.0000006),
  .PIECEWISE_BEZIER_KNOTS.);
#11802 = CARTESIAN_POINT('',(10.304343724361,-26.0000006));
#11803 = CARTESIAN_POINT('',(10.304343724361,2.0000006));
#11804 = ( GEOMETRIC_REPRESENTATION_CONTEXT(2) 
PARAMETRIC_REPRESENTATION_CONTEXT() REPRESENTATION_CONTEXT('2D SPACE',''
  ) );
#11805 = ADVANCED_FACE('',(#11806),#11795,.T.);
#11806 = FACE_BOUND('',#11807,.T.);
#11807 = EDGE_LOOP('',(#11808,#11831,#11832,#11855));
#11808 = ORIENTED_EDGE('',*,*,#11809,.F.);
#11809 = EDGE_CURVE('',#11755,#11810,#11812,.T.);
#11810 = VERTEX_POINT('',#11811);
#11811 = CARTESIAN_POINT('',(-165.,-115.5,37.));
#11812 = SURFACE_CURVE('',#11813,(#11817,#11824),.PCURVE_S1.);
#11813 = LINE('',#11814,#11815);
#11814 = CARTESIAN_POINT('',(-165.,-115.5,23.));
#11815 = VECTOR('',#11816,1.);
#11816 = DIRECTION('',(0.,0.,1.));
#11817 = PCURVE('',#11795,#11818);
#11818 = DEFINITIONAL_REPRESENTATION('',(#11819),#11823);
#11819 = LINE('',#11820,#11821);
#11820 = CARTESIAN_POINT('',(0.,0.));
#11821 = VECTOR('',#11822,1.);
#11822 = DIRECTION('',(1.,0.));
#11823 = ( GEOMETRIC_REPRESENTATION_CONTEXT(2) 
PARAMETRIC_REPRESENTATION_CONTEXT() REPRESENTATION_CONTEXT('2D SPACE',''
  ) );
#11824 = PCURVE('',#11630,#11825);
#11825 = DEFINITIONAL_REPRESENTATION('',(#11826),#11830);
#11826 = LINE('',#11827,#11828);
#11827 = CARTESIAN_POINT('',(0.,5.));
#11828 = VECTOR('',#11829,1.);
#11829 = DIRECTION('',(1.,0.));
#11830 = ( GEOMETRIC_REPRESENTATION_CONTEXT(2) 
PARAMETRIC_REPRESENTATION_CONTEXT() REPRESENTATION_CONTEXT('2D SPACE',''
  ) );
#11831 = ORIENTED_EDGE('',*,*,#11782,.F.);
#11832 = ORIENTED_EDGE('',*,*,#11833,.T.);
#11833 = EDGE_CURVE('',#11726,#11834,#11836,.T.);
#11834 = VERTEX_POINT('',#11835);
#11835 = CARTESIAN_POINT('',(-165.,-91.5,37.));
#11836 = SURFACE_CURVE('',#11837,(#11841,#11848),.PCURVE_S1.);
#11837 = LINE('',#11838,#11839);
#11838 = CARTESIAN_POINT('',(-165.,-91.5,23.));
#11839 = VECTOR('',#11840,1.);
#11840 = DIRECTION('',(0.,0.,1.));
#11841 = PCURVE('',#11795,#11842);
#11842 = DEFINITIONAL_REPRESENTATION('',(#11843),#11847);
#11843 = LINE('',#11844,#11845);
#11844 = CARTESIAN_POINT('',(0.,-24.));
#11845 = VECTOR('',#11846,1.);
#11846 = DIRECTION('',(1.,0.));
#11847 = ( GEOMETRIC_REPRESENTATION_CONTEXT(2) 
PARAMETRIC_REPRESENTATION_CONTEXT() REPRESENTATION_CONTEXT('2D SPACE',''
  ) );
#11848 = PCURVE('',#11684,#11849);
#11849 = DEFINITIONAL_REPRESENTATION('',(#11850),#11854);
#11850 = LINE('',#11851,#11852);
#11851 = CARTESIAN_POINT('',(0.,5.));
#11852 = VECTOR('',#11853,1.);
#11853 = DIRECTION('',(1.,0.));
#11854 = ( GEOMETRIC_REPRESENTATION_CONTEXT(2) 
PARAMETRIC_REPRESENTATION_CONTEXT() REPRESENTATION_CONTEXT('2D SPACE',''
  ) );
#11855 = ORIENTED_EDGE('',*,*,#11856,.F.);
#11856 = EDGE_CURVE('',#11810,#11834,#11857,.T.);
#11857 = SURFACE_CURVE('',#11858,(#11862,#11869),.PCURVE_S1.);
#11858 = LINE('',#11859,#11860);
#11859 = CARTESIAN_POINT('',(-165.,-115.5,37.));
#11860 = VECTOR('',#11861,1.);
#11861 = DIRECTION('',(-0.,1.,0.));
#11862 = PCURVE('',#11795,#11863);
#11863 = DEFINITIONAL_REPRESENTATION('',(#11864),#11868);
#11864 = LINE('',#11865,#11866);
#11865 = CARTESIAN_POINT('',(14.,0.));
#11866 = VECTOR('',#11867,1.);
#11867 = DIRECTION('',(0.,-1.));
#11868 = ( GEOMETRIC_REPRESENTATION_CONTEXT(2) 
PARAMETRIC_REPRESENTATION_CONTEXT() REPRESENTATION_CONTEXT('2D SPACE',''
  ) );
#11869 = PCURVE('',#11710,#11870);
#11870 = DEFINITIONAL_REPRESENTATION('',(#11871),#11875);
#11871 = LINE('',#11872,#11873);
#11872 = CARTESIAN_POINT('',(5.,0.));
#11873 = VECTOR('',#11874,1.);
#11874 = DIRECTION('',(0.,1.));
#11875 = ( GEOMETRIC_REPRESENTATION_CONTEXT(2) 
PARAMETRIC_REPRESENTATION_CONTEXT() REPRESENTATION_CONTEXT('2D SPACE',''
  ) );
#11876 = ADVANCED_FACE('',(#11877),#11684,.T.);
#11877 = FACE_BOUND('',#11878,.T.);
#11878 = EDGE_LOOP('',(#11879,#11880,#11881,#11882));
#11879 = ORIENTED_EDGE('',*,*,#11833,.F.);
#11880 = ORIENTED_EDGE('',*,*,#11725,.T.);
#11881 = ORIENTED_EDGE('',*,*,#11668,.T.);
#11882 = ORIENTED_EDGE('',*,*,#11883,.T.);
#11883 = EDGE_CURVE('',#11669,#11834,#11884,.T.);
#11884 = SURFACE_CURVE('',#11885,(#11889,#11896),.PCURVE_S1.);
#11885 = LINE('',#11886,#11887);
#11886 = CARTESIAN_POINT('',(-170.,-91.5,37.));
#11887 = VECTOR('',#11888,1.);
#11888 = DIRECTION('',(1.,0.,-0.));
#11889 = PCURVE('',#11684,#11890);
#11890 = DEFINITIONAL_REPRESENTATION('',(#11891),#11895);
#11891 = LINE('',#11892,#11893);
#11892 = CARTESIAN_POINT('',(14.,0.));
#11893 = VECTOR('',#11894,1.);
#11894 = DIRECTION('',(0.,1.));
#11895 = ( GEOMETRIC_REPRESENTATION_CONTEXT(2) 
PARAMETRIC_REPRESENTATION_CONTEXT() REPRESENTATION_CONTEXT('2D SPACE',''
  ) );
#11896 = PCURVE('',#11710,#11897);
#11897 = DEFINITIONAL_REPRESENTATION('',(#11898),#11902);
#11898 = LINE('',#11899,#11900);
#11899 = CARTESIAN_POINT('',(0.,24.));
#11900 = VECTOR('',#11901,1.);
#11901 = DIRECTION('',(1.,0.));
#11902 = ( GEOMETRIC_REPRESENTATION_CONTEXT(2) 
PARAMETRIC_REPRESENTATION_CONTEXT() REPRESENTATION_CONTEXT('2D SPACE',''
  ) );
#11903 = ADVANCED_FACE('',(#11904),#11710,.T.);
#11904 = FACE_BOUND('',#11905,.T.);
#11905 = EDGE_LOOP('',(#11906,#11907,#11928,#11929));
#11906 = ORIENTED_EDGE('',*,*,#11696,.F.);
#11907 = ORIENTED_EDGE('',*,*,#11908,.T.);
#11908 = EDGE_CURVE('',#11610,#11810,#11909,.T.);
#11909 = SURFACE_CURVE('',#11910,(#11914,#11921),.PCURVE_S1.);
#11910 = LINE('',#11911,#11912);
#11911 = CARTESIAN_POINT('',(-170.,-115.5,37.));
#11912 = VECTOR('',#11913,1.);
#11913 = DIRECTION('',(1.,0.,-0.));
#11914 = PCURVE('',#11710,#11915);
#11915 = DEFINITIONAL_REPRESENTATION('',(#11916),#11920);
#11916 = LINE('',#11917,#11918);
#11917 = CARTESIAN_POINT('',(0.,0.));
#11918 = VECTOR('',#11919,1.);
#11919 = DIRECTION('',(1.,0.));
#11920 = ( GEOMETRIC_REPRESENTATION_CONTEXT(2) 
PARAMETRIC_REPRESENTATION_CONTEXT() REPRESENTATION_CONTEXT('2D SPACE',''
  ) );
#11921 = PCURVE('',#11630,#11922);
#11922 = DEFINITIONAL_REPRESENTATION('',(#11923),#11927);
#11923 = LINE('',#11924,#11925);
#11924 = CARTESIAN_POINT('',(14.,0.));
#11925 = VECTOR('',#11926,1.);
#11926 = DIRECTION('',(0.,1.));
#11927 = ( GEOMETRIC_REPRESENTATION_CONTEXT(2) 
PARAMETRIC_REPRESENTATION_CONTEXT() REPRESENTATION_CONTEXT('2D SPACE',''
  ) );
#11928 = ORIENTED_EDGE('',*,*,#11856,.T.);
#11929 = ORIENTED_EDGE('',*,*,#11883,.F.);
#11930 = ADVANCED_FACE('',(#11931),#11630,.F.);
#11931 = FACE_BOUND('',#11932,.F.);
#11932 = EDGE_LOOP('',(#11933,#11934,#11935,#11936));
#11933 = ORIENTED_EDGE('',*,*,#11809,.F.);
#11934 = ORIENTED_EDGE('',*,*,#11754,.T.);
#11935 = ORIENTED_EDGE('',*,*,#11607,.T.);
#11936 = ORIENTED_EDGE('',*,*,#11908,.T.);
#11937 = ( GEOMETRIC_REPRESENTATION_CONTEXT(3) 
GLOBAL_UNCERTAINTY_ASSIGNED_CONTEXT((#11941)) 
GLOBAL_UNIT_ASSIGNED_CONTEXT((#11938,#11939,#11940)) 
REPRESENTATION_CONTEXT('Context #1',
  '3D Context with UNIT and UNCERTAINTY') );
#11938 = ( LENGTH_UNIT() NAMED_UNIT(*) SI_UNIT(.MILLI.,.METRE.) );
#11939 = ( NAMED_UNIT(*) PLANE_ANGLE_UNIT() SI_UNIT($,.RADIAN.) );
#11940 = ( NAMED_UNIT(*) SI_UNIT($,.STERADIAN.) SOLID_ANGLE_UNIT() );
#11941 = UNCERTAINTY_MEASURE_WITH_UNIT(LENGTH_MEASURE(1.E-07),#11938,
  'distance_accuracy_value','confusion accuracy');
#11942 = PRODUCT_RELATED_PRODUCT_CATEGORY('part',$,(#7));
ENDSEC;
END-ISO-10303-21;
