ISO-10303-21;
HEADER;
FILE_DESCRIPTION(('Open CASCADE Model'),'2;1');
FILE_NAME('Open CASCADE Shape Model','2026-09-16T21:43:07',('Author'),(
    'Open CASCADE'),'Open CASCADE STEP processor 7.9','build123d',
  'Unknown');
FILE_SCHEMA(('AUTOMOTIVE_DESIGN { 1 0 10303 214 1 1 1 1 }'));
ENDSEC;
DATA;
#1 = APPLICATION_PROTOCOL_DEFINITION('international standard',
  'automotive_design',2000,#2);
#2 = APPLICATION_CONTEXT(
  'core data for automotive mechanical design processes');
#3 = SHAPE_DEFINITION_REPRESENTATION(#4,#10);
#4 = PRODUCT_DEFINITION_SHAPE('','',#5);
#5 = PRODUCT_DEFINITION('design','',#6,#9);
#6 = PRODUCT_DEFINITION_FORMATION('','',#7);
#7 = PRODUCT('COMPOUND','COMPOUND','',(#8));
#8 = PRODUCT_CONTEXT('',#2,'mechanical');
#9 = PRODUCT_DEFINITION_CONTEXT('part definition',#2,'design');
#10 = ADVANCED_BREP_SHAPE_REPRESENTATION('',(#11,#15),#16989);
#11 = AXIS2_PLACEMENT_3D('',#12,#13,#14);
#12 = CARTESIAN_POINT('',(0.,0.,0.));
#13 = DIRECTION('',(0.,0.,1.));
#14 = DIRECTION('',(1.,0.,-0.));
#15 = MANIFOLD_SOLID_BREP('',#16);
#16 = CLOSED_SHELL('',(#17,#1021,#1095,#1144,#2453,#2522,#2571,#2598,
    #2647,#2868,#2917,#2943,#2990,#3066,#4443,#4492,#4541,#4588,#4637,
    #5872,#5921,#5948,#6024,#6073,#6122,#6149,#6225,#6274,#6323,#6350,
    #6426,#6475,#6524,#6551,#6627,#6676,#6725,#6752,#6759,#6790,#6818,
    #7027,#7081,#7421,#7550,#7682,#7752,#7822,#7892,#7962,#8032,#8102,
    #8172,#8242,#8312,#8382,#8452,#8522,#8592,#8662,#8732,#8802,#8872,
    #8942,#9012,#9082,#9464,#10587,#10728,#10971,#10978,#11009,#11016,
    #11079,#11142,#11205,#11268,#11331,#11394,#11457,#11520,#11583,
    #11646,#11709,#11772,#11835,#11898,#11961,#12024,#12087,#12150,
    #12213,#12276,#12339,#12402,#12465,#12528,#12591,#12654,#12717,
    #12780,#12875,#12907,#12934,#12961,#12988,#13015,#13042,#13069,
    #13096,#13123,#13150,#13177,#13204,#13231,#13258,#13285,#13312,
    #13339,#13366,#13393,#13420,#13447,#13454,#13461,#13468,#13475,
    #13520,#13567,#13611,#13658,#13684,#13763,#13787,#14768,#14775,
    #14800,#15674,#15710,#15759,#15808,#15835,#15884,#15931,#16120,
    #16169,#16196,#16245,#16294,#16321,#16349,#16357,#16364,#16400,
    #16407,#16436,#16443,#16477,#16513,#16547,#16583,#16617,#16653,
    #16687,#16723,#16757,#16793,#16800,#16827,#16854,#16881,#16908,
    #16935,#16962));
#17 = ADVANCED_FACE('',(#18,#585,#695,#805,#915),#32,.F.);
#18 = FACE_BOUND('',#19,.F.);
#19 = EDGE_LOOP('',(#20,#55,#83,#111,#139,#167,#195,#223,#251,#279,#307,
    #335,#363,#391,#419,#447,#475,#503,#531,#559));
#20 = ORIENTED_EDGE('',*,*,#21,.F.);
#21 = EDGE_CURVE('',#22,#24,#26,.T.);
#22 = VERTEX_POINT('',#23);
#23 = CARTESIAN_POINT('',(-107.5,-16.,0.));
#24 = VERTEX_POINT('',#25);
#25 = CARTESIAN_POINT('',(-99.54885938043,-16.,0.));
#26 = SURFACE_CURVE('',#27,(#31,#43),.PCURVE_S1.);
#27 = LINE('',#28,#29);
#28 = CARTESIAN_POINT('',(-107.5,-16.,0.));
#29 = VECTOR('',#30,1.);
#30 = DIRECTION('',(1.,0.,-0.));
#31 = PCURVE('',#32,#37);
#32 = PLANE('',#33);
#33 = AXIS2_PLACEMENT_3D('',#34,#35,#36);
#34 = CARTESIAN_POINT('',(-85.54885938043,-78.04885938043,0.));
#35 = DIRECTION('',(0.,0.,1.));
#36 = DIRECTION('',(1.,0.,0.));
#37 = DEFINITIONAL_REPRESENTATION('',(#38),#42);
#38 = LINE('',#39,#40);
#39 = CARTESIAN_POINT('',(-21.95114061956,62.048859380438));
#40 = VECTOR('',#41,1.);
#41 = DIRECTION('',(1.,0.));
#42 = ( GEOMETRIC_REPRESENTATION_CONTEXT(2) 
PARAMETRIC_REPRESENTATION_CONTEXT() REPRESENTATION_CONTEXT('2D SPACE',''
  ) );
#43 = PCURVE('',#44,#49);
#44 = PLANE('',#45);
#45 = AXIS2_PLACEMENT_3D('',#46,#47,#48);
#46 = CARTESIAN_POINT('',(-107.5,-16.,0.));
#47 = DIRECTION('',(-0.,1.,0.));
#48 = DIRECTION('',(0.,0.,1.));
#49 = DEFINITIONAL_REPRESENTATION('',(#50),#54);
#50 = LINE('',#51,#52);
#51 = CARTESIAN_POINT('',(0.,0.));
#52 = VECTOR('',#53,1.);
#53 = DIRECTION('',(0.,1.));
#54 = ( GEOMETRIC_REPRESENTATION_CONTEXT(2) 
PARAMETRIC_REPRESENTATION_CONTEXT() REPRESENTATION_CONTEXT('2D SPACE',''
  ) );
#55 = ORIENTED_EDGE('',*,*,#56,.F.);
#56 = EDGE_CURVE('',#57,#22,#59,.T.);
#57 = VERTEX_POINT('',#58);
#58 = CARTESIAN_POINT('',(-107.5,-48.,0.));
#59 = SURFACE_CURVE('',#60,(#64,#71),.PCURVE_S1.);
#60 = LINE('',#61,#62);
#61 = CARTESIAN_POINT('',(-107.5,-48.,0.));
#62 = VECTOR('',#63,1.);
#63 = DIRECTION('',(-0.,1.,0.));
#64 = PCURVE('',#32,#65);
#65 = DEFINITIONAL_REPRESENTATION('',(#66),#70);
#66 = LINE('',#67,#68);
#67 = CARTESIAN_POINT('',(-21.95114061956,30.048859380438));
#68 = VECTOR('',#69,1.);
#69 = DIRECTION('',(0.,1.));
#70 = ( GEOMETRIC_REPRESENTATION_CONTEXT(2) 
PARAMETRIC_REPRESENTATION_CONTEXT() REPRESENTATION_CONTEXT('2D SPACE',''
  ) );
#71 = PCURVE('',#72,#77);
#72 = PLANE('',#73);
#73 = AXIS2_PLACEMENT_3D('',#74,#75,#76);
#74 = CARTESIAN_POINT('',(-107.5,-48.,0.));
#75 = DIRECTION('',(1.,0.,-0.));
#76 = DIRECTION('',(0.,0.,1.));
#77 = DEFINITIONAL_REPRESENTATION('',(#78),#82);
#78 = LINE('',#79,#80);
#79 = CARTESIAN_POINT('',(0.,0.));
#80 = VECTOR('',#81,1.);
#81 = DIRECTION('',(0.,-1.));
#82 = ( GEOMETRIC_REPRESENTATION_CONTEXT(2) 
PARAMETRIC_REPRESENTATION_CONTEXT() REPRESENTATION_CONTEXT('2D SPACE',''
  ) );
#83 = ORIENTED_EDGE('',*,*,#84,.T.);
#84 = EDGE_CURVE('',#57,#85,#87,.T.);
#85 = VERTEX_POINT('',#86);
#86 = CARTESIAN_POINT('',(-75.5,-48.,0.));
#87 = SURFACE_CURVE('',#88,(#92,#99),.PCURVE_S1.);
#88 = LINE('',#89,#90);
#89 = CARTESIAN_POINT('',(-107.5,-48.,0.));
#90 = VECTOR('',#91,1.);
#91 = DIRECTION('',(1.,0.,-0.));
#92 = PCURVE('',#32,#93);
#93 = DEFINITIONAL_REPRESENTATION('',(#94),#98);
#94 = LINE('',#95,#96);
#95 = CARTESIAN_POINT('',(-21.95114061956,30.048859380438));
#96 = VECTOR('',#97,1.);
#97 = DIRECTION('',(1.,0.));
#98 = ( GEOMETRIC_REPRESENTATION_CONTEXT(2) 
PARAMETRIC_REPRESENTATION_CONTEXT() REPRESENTATION_CONTEXT('2D SPACE',''
  ) );
#99 = PCURVE('',#100,#105);
#100 = PLANE('',#101);
#101 = AXIS2_PLACEMENT_3D('',#102,#103,#104);
#102 = CARTESIAN_POINT('',(-107.5,-48.,0.));
#103 = DIRECTION('',(-0.,1.,0.));
#104 = DIRECTION('',(0.,0.,1.));
#105 = DEFINITIONAL_REPRESENTATION('',(#106),#110);
#106 = LINE('',#107,#108);
#107 = CARTESIAN_POINT('',(0.,0.));
#108 = VECTOR('',#109,1.);
#109 = DIRECTION('',(0.,1.));
#110 = ( GEOMETRIC_REPRESENTATION_CONTEXT(2) 
PARAMETRIC_REPRESENTATION_CONTEXT() REPRESENTATION_CONTEXT('2D SPACE',''
  ) );
#111 = ORIENTED_EDGE('',*,*,#112,.T.);
#112 = EDGE_CURVE('',#85,#113,#115,.T.);
#113 = VERTEX_POINT('',#114);
#114 = CARTESIAN_POINT('',(-75.5,-39.71572875375,3.04225977743E-10));
#115 = SURFACE_CURVE('',#116,(#120,#127),.PCURVE_S1.);
#116 = LINE('',#117,#118);
#117 = CARTESIAN_POINT('',(-75.5,-48.,0.));
#118 = VECTOR('',#119,1.);
#119 = DIRECTION('',(-0.,1.,0.));
#120 = PCURVE('',#32,#121);
#121 = DEFINITIONAL_REPRESENTATION('',(#122),#126);
#122 = LINE('',#123,#124);
#123 = CARTESIAN_POINT('',(10.048859380437,30.048859380438));
#124 = VECTOR('',#125,1.);
#125 = DIRECTION('',(0.,1.));
#126 = ( GEOMETRIC_REPRESENTATION_CONTEXT(2) 
PARAMETRIC_REPRESENTATION_CONTEXT() REPRESENTATION_CONTEXT('2D SPACE',''
  ) );
#127 = PCURVE('',#128,#133);
#128 = PLANE('',#129);
#129 = AXIS2_PLACEMENT_3D('',#130,#131,#132);
#130 = CARTESIAN_POINT('',(-75.5,-48.,0.));
#131 = DIRECTION('',(1.,0.,-0.));
#132 = DIRECTION('',(0.,0.,1.));
#133 = DEFINITIONAL_REPRESENTATION('',(#134),#138);
#134 = LINE('',#135,#136);
#135 = CARTESIAN_POINT('',(0.,0.));
#136 = VECTOR('',#137,1.);
#137 = DIRECTION('',(0.,-1.));
#138 = ( GEOMETRIC_REPRESENTATION_CONTEXT(2) 
PARAMETRIC_REPRESENTATION_CONTEXT() REPRESENTATION_CONTEXT('2D SPACE',''
  ) );
#139 = ORIENTED_EDGE('',*,*,#140,.F.);
#140 = EDGE_CURVE('',#141,#113,#143,.T.);
#141 = VERTEX_POINT('',#142);
#142 = CARTESIAN_POINT('',(75.5,-39.71572875375,3.04225977743E-10));
#143 = SURFACE_CURVE('',#144,(#148,#155),.PCURVE_S1.);
#144 = LINE('',#145,#146);
#145 = CARTESIAN_POINT('',(137.5,-39.71572875375,6.084519554861E-10));
#146 = VECTOR('',#147,1.);
#147 = DIRECTION('',(-1.,0.,0.));
#148 = PCURVE('',#32,#149);
#149 = DEFINITIONAL_REPRESENTATION('',(#150),#154);
#150 = LINE('',#151,#152);
#151 = CARTESIAN_POINT('',(223.04885938043,38.333130626683));
#152 = VECTOR('',#153,1.);
#153 = DIRECTION('',(-1.,0.));
#154 = ( GEOMETRIC_REPRESENTATION_CONTEXT(2) 
PARAMETRIC_REPRESENTATION_CONTEXT() REPRESENTATION_CONTEXT('2D SPACE',''
  ) );
#155 = PCURVE('',#156,#161);
#156 = CYLINDRICAL_SURFACE('',#157,20.);
#157 = AXIS2_PLACEMENT_3D('',#158,#159,#160);
#158 = CARTESIAN_POINT('',(0.,-39.71572875375,20.000000001217));
#159 = DIRECTION('',(1.,0.,0.));
#160 = DIRECTION('',(0.,1.,0.));
#161 = DEFINITIONAL_REPRESENTATION('',(#162),#166);
#162 = LINE('',#163,#164);
#163 = CARTESIAN_POINT('',(4.712388980385,137.5));
#164 = VECTOR('',#165,1.);
#165 = DIRECTION('',(0.,-1.));
#166 = ( GEOMETRIC_REPRESENTATION_CONTEXT(2) 
PARAMETRIC_REPRESENTATION_CONTEXT() REPRESENTATION_CONTEXT('2D SPACE',''
  ) );
#167 = ORIENTED_EDGE('',*,*,#168,.F.);
#168 = EDGE_CURVE('',#169,#141,#171,.T.);
#169 = VERTEX_POINT('',#170);
#170 = CARTESIAN_POINT('',(75.5,-48.,0.));
#171 = SURFACE_CURVE('',#172,(#176,#183),.PCURVE_S1.);
#172 = LINE('',#173,#174);
#173 = CARTESIAN_POINT('',(75.5,-48.,0.));
#174 = VECTOR('',#175,1.);
#175 = DIRECTION('',(-0.,1.,0.));
#176 = PCURVE('',#32,#177);
#177 = DEFINITIONAL_REPRESENTATION('',(#178),#182);
#178 = LINE('',#179,#180);
#179 = CARTESIAN_POINT('',(161.04885938043,30.048859380438));
#180 = VECTOR('',#181,1.);
#181 = DIRECTION('',(0.,1.));
#182 = ( GEOMETRIC_REPRESENTATION_CONTEXT(2) 
PARAMETRIC_REPRESENTATION_CONTEXT() REPRESENTATION_CONTEXT('2D SPACE',''
  ) );
#183 = PCURVE('',#184,#189);
#184 = PLANE('',#185);
#185 = AXIS2_PLACEMENT_3D('',#186,#187,#188);
#186 = CARTESIAN_POINT('',(75.5,-48.,0.));
#187 = DIRECTION('',(1.,0.,-0.));
#188 = DIRECTION('',(0.,0.,1.));
#189 = DEFINITIONAL_REPRESENTATION('',(#190),#194);
#190 = LINE('',#191,#192);
#191 = CARTESIAN_POINT('',(0.,0.));
#192 = VECTOR('',#193,1.);
#193 = DIRECTION('',(0.,-1.));
#194 = ( GEOMETRIC_REPRESENTATION_CONTEXT(2) 
PARAMETRIC_REPRESENTATION_CONTEXT() REPRESENTATION_CONTEXT('2D SPACE',''
  ) );
#195 = ORIENTED_EDGE('',*,*,#196,.T.);
#196 = EDGE_CURVE('',#169,#197,#199,.T.);
#197 = VERTEX_POINT('',#198);
#198 = CARTESIAN_POINT('',(107.5,-48.,0.));
#199 = SURFACE_CURVE('',#200,(#204,#211),.PCURVE_S1.);
#200 = LINE('',#201,#202);
#201 = CARTESIAN_POINT('',(75.5,-48.,0.));
#202 = VECTOR('',#203,1.);
#203 = DIRECTION('',(1.,0.,-0.));
#204 = PCURVE('',#32,#205);
#205 = DEFINITIONAL_REPRESENTATION('',(#206),#210);
#206 = LINE('',#207,#208);
#207 = CARTESIAN_POINT('',(161.04885938043,30.048859380438));
#208 = VECTOR('',#209,1.);
#209 = DIRECTION('',(1.,0.));
#210 = ( GEOMETRIC_REPRESENTATION_CONTEXT(2) 
PARAMETRIC_REPRESENTATION_CONTEXT() REPRESENTATION_CONTEXT('2D SPACE',''
  ) );
#211 = PCURVE('',#212,#217);
#212 = PLANE('',#213);
#213 = AXIS2_PLACEMENT_3D('',#214,#215,#216);
#214 = CARTESIAN_POINT('',(75.5,-48.,0.));
#215 = DIRECTION('',(-0.,1.,0.));
#216 = DIRECTION('',(0.,0.,1.));
#217 = DEFINITIONAL_REPRESENTATION('',(#218),#222);
#218 = LINE('',#219,#220);
#219 = CARTESIAN_POINT('',(0.,0.));
#220 = VECTOR('',#221,1.);
#221 = DIRECTION('',(0.,1.));
#222 = ( GEOMETRIC_REPRESENTATION_CONTEXT(2) 
PARAMETRIC_REPRESENTATION_CONTEXT() REPRESENTATION_CONTEXT('2D SPACE',''
  ) );
#223 = ORIENTED_EDGE('',*,*,#224,.T.);
#224 = EDGE_CURVE('',#197,#225,#227,.T.);
#225 = VERTEX_POINT('',#226);
#226 = CARTESIAN_POINT('',(107.5,-16.,0.));
#227 = SURFACE_CURVE('',#228,(#232,#239),.PCURVE_S1.);
#228 = LINE('',#229,#230);
#229 = CARTESIAN_POINT('',(107.5,-48.,0.));
#230 = VECTOR('',#231,1.);
#231 = DIRECTION('',(-0.,1.,0.));
#232 = PCURVE('',#32,#233);
#233 = DEFINITIONAL_REPRESENTATION('',(#234),#238);
#234 = LINE('',#235,#236);
#235 = CARTESIAN_POINT('',(193.04885938043,30.048859380438));
#236 = VECTOR('',#237,1.);
#237 = DIRECTION('',(0.,1.));
#238 = ( GEOMETRIC_REPRESENTATION_CONTEXT(2) 
PARAMETRIC_REPRESENTATION_CONTEXT() REPRESENTATION_CONTEXT('2D SPACE',''
  ) );
#239 = PCURVE('',#240,#245);
#240 = PLANE('',#241);
#241 = AXIS2_PLACEMENT_3D('',#242,#243,#244);
#242 = CARTESIAN_POINT('',(107.5,-48.,0.));
#243 = DIRECTION('',(1.,0.,-0.));
#244 = DIRECTION('',(0.,0.,1.));
#245 = DEFINITIONAL_REPRESENTATION('',(#246),#250);
#246 = LINE('',#247,#248);
#247 = CARTESIAN_POINT('',(0.,0.));
#248 = VECTOR('',#249,1.);
#249 = DIRECTION('',(0.,-1.));
#250 = ( GEOMETRIC_REPRESENTATION_CONTEXT(2) 
PARAMETRIC_REPRESENTATION_CONTEXT() REPRESENTATION_CONTEXT('2D SPACE',''
  ) );
#251 = ORIENTED_EDGE('',*,*,#252,.F.);
#252 = EDGE_CURVE('',#253,#225,#255,.T.);
#253 = VERTEX_POINT('',#254);
#254 = CARTESIAN_POINT('',(99.548859380437,-16.,0.));
#255 = SURFACE_CURVE('',#256,(#260,#267),.PCURVE_S1.);
#256 = LINE('',#257,#258);
#257 = CARTESIAN_POINT('',(75.5,-16.,0.));
#258 = VECTOR('',#259,1.);
#259 = DIRECTION('',(1.,0.,-0.));
#260 = PCURVE('',#32,#261);
#261 = DEFINITIONAL_REPRESENTATION('',(#262),#266);
#262 = LINE('',#263,#264);
#263 = CARTESIAN_POINT('',(161.04885938043,62.048859380438));
#264 = VECTOR('',#265,1.);
#265 = DIRECTION('',(1.,0.));
#266 = ( GEOMETRIC_REPRESENTATION_CONTEXT(2) 
PARAMETRIC_REPRESENTATION_CONTEXT() REPRESENTATION_CONTEXT('2D SPACE',''
  ) );
#267 = PCURVE('',#268,#273);
#268 = PLANE('',#269);
#269 = AXIS2_PLACEMENT_3D('',#270,#271,#272);
#270 = CARTESIAN_POINT('',(75.5,-16.,0.));
#271 = DIRECTION('',(-0.,1.,0.));
#272 = DIRECTION('',(0.,0.,1.));
#273 = DEFINITIONAL_REPRESENTATION('',(#274),#278);
#274 = LINE('',#275,#276);
#275 = CARTESIAN_POINT('',(0.,0.));
#276 = VECTOR('',#277,1.);
#277 = DIRECTION('',(0.,1.));
#278 = ( GEOMETRIC_REPRESENTATION_CONTEXT(2) 
PARAMETRIC_REPRESENTATION_CONTEXT() REPRESENTATION_CONTEXT('2D SPACE',''
  ) );
#279 = ORIENTED_EDGE('',*,*,#280,.T.);
#280 = EDGE_CURVE('',#253,#281,#283,.T.);
#281 = VERTEX_POINT('',#282);
#282 = CARTESIAN_POINT('',(99.548859380437,68.,0.));
#283 = SURFACE_CURVE('',#284,(#288,#295),.PCURVE_S1.);
#284 = LINE('',#285,#286);
#285 = CARTESIAN_POINT('',(99.548859380437,1.278976924368E-12,0.));
#286 = VECTOR('',#287,1.);
#287 = DIRECTION('',(0.,1.,0.));
#288 = PCURVE('',#32,#289);
#289 = DEFINITIONAL_REPRESENTATION('',(#290),#294);
#290 = LINE('',#291,#292);
#291 = CARTESIAN_POINT('',(185.09771876087,78.04885938044));
#292 = VECTOR('',#293,1.);
#293 = DIRECTION('',(0.,1.));
#294 = ( GEOMETRIC_REPRESENTATION_CONTEXT(2) 
PARAMETRIC_REPRESENTATION_CONTEXT() REPRESENTATION_CONTEXT('2D SPACE',''
  ) );
#295 = PCURVE('',#296,#301);
#296 = PLANE('',#297);
#297 = AXIS2_PLACEMENT_3D('',#298,#299,#300);
#298 = CARTESIAN_POINT('',(107.5,1.278976924368E-12,130.));
#299 = DIRECTION('',(0.998134798422,0.,-6.104853953486E-02));
#300 = DIRECTION('',(0.,1.,0.));
#301 = DEFINITIONAL_REPRESENTATION('',(#302),#306);
#302 = LINE('',#303,#304);
#303 = CARTESIAN_POINT('',(0.,-130.2429293173));
#304 = VECTOR('',#305,1.);
#305 = DIRECTION('',(1.,0.));
#306 = ( GEOMETRIC_REPRESENTATION_CONTEXT(2) 
PARAMETRIC_REPRESENTATION_CONTEXT() REPRESENTATION_CONTEXT('2D SPACE',''
  ) );
#307 = ORIENTED_EDGE('',*,*,#308,.T.);
#308 = EDGE_CURVE('',#281,#309,#311,.T.);
#309 = VERTEX_POINT('',#310);
#310 = CARTESIAN_POINT('',(107.5,68.,0.));
#311 = SURFACE_CURVE('',#312,(#316,#323),.PCURVE_S1.);
#312 = LINE('',#313,#314);
#313 = CARTESIAN_POINT('',(75.5,68.,0.));
#314 = VECTOR('',#315,1.);
#315 = DIRECTION('',(1.,0.,-0.));
#316 = PCURVE('',#32,#317);
#317 = DEFINITIONAL_REPRESENTATION('',(#318),#322);
#318 = LINE('',#319,#320);
#319 = CARTESIAN_POINT('',(161.04885938043,146.04885938043));
#320 = VECTOR('',#321,1.);
#321 = DIRECTION('',(1.,0.));
#322 = ( GEOMETRIC_REPRESENTATION_CONTEXT(2) 
PARAMETRIC_REPRESENTATION_CONTEXT() REPRESENTATION_CONTEXT('2D SPACE',''
  ) );
#323 = PCURVE('',#324,#329);
#324 = PLANE('',#325);
#325 = AXIS2_PLACEMENT_3D('',#326,#327,#328);
#326 = CARTESIAN_POINT('',(75.5,68.,0.));
#327 = DIRECTION('',(-0.,1.,0.));
#328 = DIRECTION('',(0.,0.,1.));
#329 = DEFINITIONAL_REPRESENTATION('',(#330),#334);
#330 = LINE('',#331,#332);
#331 = CARTESIAN_POINT('',(0.,0.));
#332 = VECTOR('',#333,1.);
#333 = DIRECTION('',(0.,1.));
#334 = ( GEOMETRIC_REPRESENTATION_CONTEXT(2) 
PARAMETRIC_REPRESENTATION_CONTEXT() REPRESENTATION_CONTEXT('2D SPACE',''
  ) );
#335 = ORIENTED_EDGE('',*,*,#336,.T.);
#336 = EDGE_CURVE('',#309,#337,#339,.T.);
#337 = VERTEX_POINT('',#338);
#338 = CARTESIAN_POINT('',(107.5,100.,0.));
#339 = SURFACE_CURVE('',#340,(#344,#351),.PCURVE_S1.);
#340 = LINE('',#341,#342);
#341 = CARTESIAN_POINT('',(107.5,68.,0.));
#342 = VECTOR('',#343,1.);
#343 = DIRECTION('',(-0.,1.,0.));
#344 = PCURVE('',#32,#345);
#345 = DEFINITIONAL_REPRESENTATION('',(#346),#350);
#346 = LINE('',#347,#348);
#347 = CARTESIAN_POINT('',(193.04885938043,146.04885938043));
#348 = VECTOR('',#349,1.);
#349 = DIRECTION('',(0.,1.));
#350 = ( GEOMETRIC_REPRESENTATION_CONTEXT(2) 
PARAMETRIC_REPRESENTATION_CONTEXT() REPRESENTATION_CONTEXT('2D SPACE',''
  ) );
#351 = PCURVE('',#352,#357);
#352 = PLANE('',#353);
#353 = AXIS2_PLACEMENT_3D('',#354,#355,#356);
#354 = CARTESIAN_POINT('',(107.5,68.,0.));
#355 = DIRECTION('',(1.,0.,-0.));
#356 = DIRECTION('',(0.,0.,1.));
#357 = DEFINITIONAL_REPRESENTATION('',(#358),#362);
#358 = LINE('',#359,#360);
#359 = CARTESIAN_POINT('',(0.,0.));
#360 = VECTOR('',#361,1.);
#361 = DIRECTION('',(0.,-1.));
#362 = ( GEOMETRIC_REPRESENTATION_CONTEXT(2) 
PARAMETRIC_REPRESENTATION_CONTEXT() REPRESENTATION_CONTEXT('2D SPACE',''
  ) );
#363 = ORIENTED_EDGE('',*,*,#364,.F.);
#364 = EDGE_CURVE('',#365,#337,#367,.T.);
#365 = VERTEX_POINT('',#366);
#366 = CARTESIAN_POINT('',(75.5,100.,0.));
#367 = SURFACE_CURVE('',#368,(#372,#379),.PCURVE_S1.);
#368 = LINE('',#369,#370);
#369 = CARTESIAN_POINT('',(75.5,100.,0.));
#370 = VECTOR('',#371,1.);
#371 = DIRECTION('',(1.,0.,-0.));
#372 = PCURVE('',#32,#373);
#373 = DEFINITIONAL_REPRESENTATION('',(#374),#378);
#374 = LINE('',#375,#376);
#375 = CARTESIAN_POINT('',(161.04885938043,178.04885938043));
#376 = VECTOR('',#377,1.);
#377 = DIRECTION('',(1.,0.));
#378 = ( GEOMETRIC_REPRESENTATION_CONTEXT(2) 
PARAMETRIC_REPRESENTATION_CONTEXT() REPRESENTATION_CONTEXT('2D SPACE',''
  ) );
#379 = PCURVE('',#380,#385);
#380 = PLANE('',#381);
#381 = AXIS2_PLACEMENT_3D('',#382,#383,#384);
#382 = CARTESIAN_POINT('',(75.5,100.,0.));
#383 = DIRECTION('',(-0.,1.,0.));
#384 = DIRECTION('',(0.,0.,1.));
#385 = DEFINITIONAL_REPRESENTATION('',(#386),#390);
#386 = LINE('',#387,#388);
#387 = CARTESIAN_POINT('',(0.,0.));
#388 = VECTOR('',#389,1.);
#389 = DIRECTION('',(0.,1.));
#390 = ( GEOMETRIC_REPRESENTATION_CONTEXT(2) 
PARAMETRIC_REPRESENTATION_CONTEXT() REPRESENTATION_CONTEXT('2D SPACE',''
  ) );
#391 = ORIENTED_EDGE('',*,*,#392,.F.);
#392 = EDGE_CURVE('',#393,#365,#395,.T.);
#393 = VERTEX_POINT('',#394);
#394 = CARTESIAN_POINT('',(75.5,92.048859380438,0.));
#395 = SURFACE_CURVE('',#396,(#400,#407),.PCURVE_S1.);
#396 = LINE('',#397,#398);
#397 = CARTESIAN_POINT('',(75.5,68.,0.));
#398 = VECTOR('',#399,1.);
#399 = DIRECTION('',(-0.,1.,0.));
#400 = PCURVE('',#32,#401);
#401 = DEFINITIONAL_REPRESENTATION('',(#402),#406);
#402 = LINE('',#403,#404);
#403 = CARTESIAN_POINT('',(161.04885938043,146.04885938043));
#404 = VECTOR('',#405,1.);
#405 = DIRECTION('',(0.,1.));
#406 = ( GEOMETRIC_REPRESENTATION_CONTEXT(2) 
PARAMETRIC_REPRESENTATION_CONTEXT() REPRESENTATION_CONTEXT('2D SPACE',''
  ) );
#407 = PCURVE('',#408,#413);
#408 = PLANE('',#409);
#409 = AXIS2_PLACEMENT_3D('',#410,#411,#412);
#410 = CARTESIAN_POINT('',(75.5,68.,0.));
#411 = DIRECTION('',(1.,0.,-0.));
#412 = DIRECTION('',(0.,0.,1.));
#413 = DEFINITIONAL_REPRESENTATION('',(#414),#418);
#414 = LINE('',#415,#416);
#415 = CARTESIAN_POINT('',(0.,0.));
#416 = VECTOR('',#417,1.);
#417 = DIRECTION('',(0.,-1.));
#418 = ( GEOMETRIC_REPRESENTATION_CONTEXT(2) 
PARAMETRIC_REPRESENTATION_CONTEXT() REPRESENTATION_CONTEXT('2D SPACE',''
  ) );
#419 = ORIENTED_EDGE('',*,*,#420,.F.);
#420 = EDGE_CURVE('',#421,#393,#423,.T.);
#421 = VERTEX_POINT('',#422);
#422 = CARTESIAN_POINT('',(-75.5,92.048859380438,0.));
#423 = SURFACE_CURVE('',#424,(#428,#435),.PCURVE_S1.);
#424 = LINE('',#425,#426);
#425 = CARTESIAN_POINT('',(0.,92.048859380438,0.));
#426 = VECTOR('',#427,1.);
#427 = DIRECTION('',(1.,0.,0.));
#428 = PCURVE('',#32,#429);
#429 = DEFINITIONAL_REPRESENTATION('',(#430),#434);
#430 = LINE('',#431,#432);
#431 = CARTESIAN_POINT('',(85.548859380437,170.09771876087));
#432 = VECTOR('',#433,1.);
#433 = DIRECTION('',(1.,0.));
#434 = ( GEOMETRIC_REPRESENTATION_CONTEXT(2) 
PARAMETRIC_REPRESENTATION_CONTEXT() REPRESENTATION_CONTEXT('2D SPACE',''
  ) );
#435 = PCURVE('',#436,#441);
#436 = PLANE('',#437);
#437 = AXIS2_PLACEMENT_3D('',#438,#439,#440);
#438 = CARTESIAN_POINT('',(-85.54885938043,99.99999998488,130.));
#439 = DIRECTION('',(0.,0.998134798429,-6.104853941919E-02));
#440 = DIRECTION('',(-1.,0.,-0.));
#441 = DEFINITIONAL_REPRESENTATION('',(#442),#446);
#442 = LINE('',#443,#444);
#443 = CARTESIAN_POINT('',(-85.54885938043,-130.2429293163));
#444 = VECTOR('',#445,1.);
#445 = DIRECTION('',(-1.,0.));
#446 = ( GEOMETRIC_REPRESENTATION_CONTEXT(2) 
PARAMETRIC_REPRESENTATION_CONTEXT() REPRESENTATION_CONTEXT('2D SPACE',''
  ) );
#447 = ORIENTED_EDGE('',*,*,#448,.T.);
#448 = EDGE_CURVE('',#421,#449,#451,.T.);
#449 = VERTEX_POINT('',#450);
#450 = CARTESIAN_POINT('',(-75.5,100.,0.));
#451 = SURFACE_CURVE('',#452,(#456,#463),.PCURVE_S1.);
#452 = LINE('',#453,#454);
#453 = CARTESIAN_POINT('',(-75.5,68.,0.));
#454 = VECTOR('',#455,1.);
#455 = DIRECTION('',(-0.,1.,0.));
#456 = PCURVE('',#32,#457);
#457 = DEFINITIONAL_REPRESENTATION('',(#458),#462);
#458 = LINE('',#459,#460);
#459 = CARTESIAN_POINT('',(10.048859380437,146.04885938043));
#460 = VECTOR('',#461,1.);
#461 = DIRECTION('',(0.,1.));
#462 = ( GEOMETRIC_REPRESENTATION_CONTEXT(2) 
PARAMETRIC_REPRESENTATION_CONTEXT() REPRESENTATION_CONTEXT('2D SPACE',''
  ) );
#463 = PCURVE('',#464,#469);
#464 = PLANE('',#465);
#465 = AXIS2_PLACEMENT_3D('',#466,#467,#468);
#466 = CARTESIAN_POINT('',(-75.5,68.,0.));
#467 = DIRECTION('',(1.,0.,-0.));
#468 = DIRECTION('',(0.,0.,1.));
#469 = DEFINITIONAL_REPRESENTATION('',(#470),#474);
#470 = LINE('',#471,#472);
#471 = CARTESIAN_POINT('',(0.,0.));
#472 = VECTOR('',#473,1.);
#473 = DIRECTION('',(0.,-1.));
#474 = ( GEOMETRIC_REPRESENTATION_CONTEXT(2) 
PARAMETRIC_REPRESENTATION_CONTEXT() REPRESENTATION_CONTEXT('2D SPACE',''
  ) );
#475 = ORIENTED_EDGE('',*,*,#476,.F.);
#476 = EDGE_CURVE('',#477,#449,#479,.T.);
#477 = VERTEX_POINT('',#478);
#478 = CARTESIAN_POINT('',(-107.5,100.,0.));
#479 = SURFACE_CURVE('',#480,(#484,#491),.PCURVE_S1.);
#480 = LINE('',#481,#482);
#481 = CARTESIAN_POINT('',(-107.5,100.,0.));
#482 = VECTOR('',#483,1.);
#483 = DIRECTION('',(1.,0.,-0.));
#484 = PCURVE('',#32,#485);
#485 = DEFINITIONAL_REPRESENTATION('',(#486),#490);
#486 = LINE('',#487,#488);
#487 = CARTESIAN_POINT('',(-21.95114061956,178.04885938043));
#488 = VECTOR('',#489,1.);
#489 = DIRECTION('',(1.,0.));
#490 = ( GEOMETRIC_REPRESENTATION_CONTEXT(2) 
PARAMETRIC_REPRESENTATION_CONTEXT() REPRESENTATION_CONTEXT('2D SPACE',''
  ) );
#491 = PCURVE('',#492,#497);
#492 = PLANE('',#493);
#493 = AXIS2_PLACEMENT_3D('',#494,#495,#496);
#494 = CARTESIAN_POINT('',(-107.5,100.,0.));
#495 = DIRECTION('',(-0.,1.,0.));
#496 = DIRECTION('',(0.,0.,1.));
#497 = DEFINITIONAL_REPRESENTATION('',(#498),#502);
#498 = LINE('',#499,#500);
#499 = CARTESIAN_POINT('',(0.,0.));
#500 = VECTOR('',#501,1.);
#501 = DIRECTION('',(0.,1.));
#502 = ( GEOMETRIC_REPRESENTATION_CONTEXT(2) 
PARAMETRIC_REPRESENTATION_CONTEXT() REPRESENTATION_CONTEXT('2D SPACE',''
  ) );
#503 = ORIENTED_EDGE('',*,*,#504,.F.);
#504 = EDGE_CURVE('',#505,#477,#507,.T.);
#505 = VERTEX_POINT('',#506);
#506 = CARTESIAN_POINT('',(-107.5,68.,0.));
#507 = SURFACE_CURVE('',#508,(#512,#519),.PCURVE_S1.);
#508 = LINE('',#509,#510);
#509 = CARTESIAN_POINT('',(-107.5,68.,0.));
#510 = VECTOR('',#511,1.);
#511 = DIRECTION('',(-0.,1.,0.));
#512 = PCURVE('',#32,#513);
#513 = DEFINITIONAL_REPRESENTATION('',(#514),#518);
#514 = LINE('',#515,#516);
#515 = CARTESIAN_POINT('',(-21.95114061956,146.04885938043));
#516 = VECTOR('',#517,1.);
#517 = DIRECTION('',(0.,1.));
#518 = ( GEOMETRIC_REPRESENTATION_CONTEXT(2) 
PARAMETRIC_REPRESENTATION_CONTEXT() REPRESENTATION_CONTEXT('2D SPACE',''
  ) );
#519 = PCURVE('',#520,#525);
#520 = PLANE('',#521);
#521 = AXIS2_PLACEMENT_3D('',#522,#523,#524);
#522 = CARTESIAN_POINT('',(-107.5,68.,0.));
#523 = DIRECTION('',(1.,0.,-0.));
#524 = DIRECTION('',(0.,0.,1.));
#525 = DEFINITIONAL_REPRESENTATION('',(#526),#530);
#526 = LINE('',#527,#528);
#527 = CARTESIAN_POINT('',(0.,0.));
#528 = VECTOR('',#529,1.);
#529 = DIRECTION('',(0.,-1.));
#530 = ( GEOMETRIC_REPRESENTATION_CONTEXT(2) 
PARAMETRIC_REPRESENTATION_CONTEXT() REPRESENTATION_CONTEXT('2D SPACE',''
  ) );
#531 = ORIENTED_EDGE('',*,*,#532,.T.);
#532 = EDGE_CURVE('',#505,#533,#535,.T.);
#533 = VERTEX_POINT('',#534);
#534 = CARTESIAN_POINT('',(-99.54885938043,68.,0.));
#535 = SURFACE_CURVE('',#536,(#540,#547),.PCURVE_S1.);
#536 = LINE('',#537,#538);
#537 = CARTESIAN_POINT('',(-107.5,68.,0.));
#538 = VECTOR('',#539,1.);
#539 = DIRECTION('',(1.,0.,-0.));
#540 = PCURVE('',#32,#541);
#541 = DEFINITIONAL_REPRESENTATION('',(#542),#546);
#542 = LINE('',#543,#544);
#543 = CARTESIAN_POINT('',(-21.95114061956,146.04885938043));
#544 = VECTOR('',#545,1.);
#545 = DIRECTION('',(1.,0.));
#546 = ( GEOMETRIC_REPRESENTATION_CONTEXT(2) 
PARAMETRIC_REPRESENTATION_CONTEXT() REPRESENTATION_CONTEXT('2D SPACE',''
  ) );
#547 = PCURVE('',#548,#553);
#548 = PLANE('',#549);
#549 = AXIS2_PLACEMENT_3D('',#550,#551,#552);
#550 = CARTESIAN_POINT('',(-107.5,68.,0.));
#551 = DIRECTION('',(-0.,1.,0.));
#552 = DIRECTION('',(0.,0.,1.));
#553 = DEFINITIONAL_REPRESENTATION('',(#554),#558);
#554 = LINE('',#555,#556);
#555 = CARTESIAN_POINT('',(0.,0.));
#556 = VECTOR('',#557,1.);
#557 = DIRECTION('',(0.,1.));
#558 = ( GEOMETRIC_REPRESENTATION_CONTEXT(2) 
PARAMETRIC_REPRESENTATION_CONTEXT() REPRESENTATION_CONTEXT('2D SPACE',''
  ) );
#559 = ORIENTED_EDGE('',*,*,#560,.F.);
#560 = EDGE_CURVE('',#24,#533,#561,.T.);
#561 = SURFACE_CURVE('',#562,(#566,#573),.PCURVE_S1.);
#562 = LINE('',#563,#564);
#563 = CARTESIAN_POINT('',(-99.54885938043,1.278976924368E-12,0.));
#564 = VECTOR('',#565,1.);
#565 = DIRECTION('',(0.,1.,0.));
#566 = PCURVE('',#32,#567);
#567 = DEFINITIONAL_REPRESENTATION('',(#568),#572);
#568 = LINE('',#569,#570);
#569 = CARTESIAN_POINT('',(-14.,78.04885938044));
#570 = VECTOR('',#571,1.);
#571 = DIRECTION('',(0.,1.));
#572 = ( GEOMETRIC_REPRESENTATION_CONTEXT(2) 
PARAMETRIC_REPRESENTATION_CONTEXT() REPRESENTATION_CONTEXT('2D SPACE',''
  ) );
#573 = PCURVE('',#574,#579);
#574 = PLANE('',#575);
#575 = AXIS2_PLACEMENT_3D('',#576,#577,#578);
#576 = CARTESIAN_POINT('',(-107.5,1.278976924368E-12,130.));
#577 = DIRECTION('',(-0.998134798422,0.,-6.104853953486E-02));
#578 = DIRECTION('',(0.,-1.,-0.));
#579 = DEFINITIONAL_REPRESENTATION('',(#580),#584);
#580 = LINE('',#581,#582);
#581 = CARTESIAN_POINT('',(0.,-130.2429293173));
#582 = VECTOR('',#583,1.);
#583 = DIRECTION('',(-1.,0.));
#584 = ( GEOMETRIC_REPRESENTATION_CONTEXT(2) 
PARAMETRIC_REPRESENTATION_CONTEXT() REPRESENTATION_CONTEXT('2D SPACE',''
  ) );
#585 = FACE_BOUND('',#586,.F.);
#586 = EDGE_LOOP('',(#587,#616,#643,#670));
#587 = ORIENTED_EDGE('',*,*,#588,.T.);
#588 = EDGE_CURVE('',#589,#591,#593,.T.);
#589 = VERTEX_POINT('',#590);
#590 = CARTESIAN_POINT('',(-77.5,-46.,0.));
#591 = VERTEX_POINT('',#592);
#592 = CARTESIAN_POINT('',(-105.5,-46.,0.));
#593 = SURFACE_CURVE('',#594,(#598,#605),.PCURVE_S1.);
#594 = LINE('',#595,#596);
#595 = CARTESIAN_POINT('',(-95.52442969021,-46.,0.));
#596 = VECTOR('',#597,1.);
#597 = DIRECTION('',(-1.,-0.,0.));
#598 = PCURVE('',#32,#599);
#599 = DEFINITIONAL_REPRESENTATION('',(#600),#604);
#600 = LINE('',#601,#602);
#601 = CARTESIAN_POINT('',(-9.975570309781,32.048859380438));
#602 = VECTOR('',#603,1.);
#603 = DIRECTION('',(-1.,0.));
#604 = ( GEOMETRIC_REPRESENTATION_CONTEXT(2) 
PARAMETRIC_REPRESENTATION_CONTEXT() REPRESENTATION_CONTEXT('2D SPACE',''
  ) );
#605 = PCURVE('',#606,#611);
#606 = PLANE('',#607);
#607 = AXIS2_PLACEMENT_3D('',#608,#609,#610);
#608 = CARTESIAN_POINT('',(-105.5,-46.,-1.6));
#609 = DIRECTION('',(-0.,1.,0.));
#610 = DIRECTION('',(0.,0.,1.));
#611 = DEFINITIONAL_REPRESENTATION('',(#612),#615);
#612 = B_SPLINE_CURVE_WITH_KNOTS('',1,(#613,#614),.UNSPECIFIED.,.F.,.F.,
  (2,2),(-18.02442969021,9.975570309781),.PIECEWISE_BEZIER_KNOTS.);
#613 = CARTESIAN_POINT('',(1.6,28.));
#614 = CARTESIAN_POINT('',(1.6,0.));
#615 = ( GEOMETRIC_REPRESENTATION_CONTEXT(2) 
PARAMETRIC_REPRESENTATION_CONTEXT() REPRESENTATION_CONTEXT('2D SPACE',''
  ) );
#616 = ORIENTED_EDGE('',*,*,#617,.T.);
#617 = EDGE_CURVE('',#591,#618,#620,.T.);
#618 = VERTEX_POINT('',#619);
#619 = CARTESIAN_POINT('',(-105.5,-18.,0.));
#620 = SURFACE_CURVE('',#621,(#625,#632),.PCURVE_S1.);
#621 = LINE('',#622,#623);
#622 = CARTESIAN_POINT('',(-105.5,-62.02442969021,0.));
#623 = VECTOR('',#624,1.);
#624 = DIRECTION('',(-0.,1.,0.));
#625 = PCURVE('',#32,#626);
#626 = DEFINITIONAL_REPRESENTATION('',(#627),#631);
#627 = LINE('',#628,#629);
#628 = CARTESIAN_POINT('',(-19.95114061956,16.024429690219));
#629 = VECTOR('',#630,1.);
#630 = DIRECTION('',(0.,1.));
#631 = ( GEOMETRIC_REPRESENTATION_CONTEXT(2) 
PARAMETRIC_REPRESENTATION_CONTEXT() REPRESENTATION_CONTEXT('2D SPACE',''
  ) );
#632 = PCURVE('',#633,#638);
#633 = PLANE('',#634);
#634 = AXIS2_PLACEMENT_3D('',#635,#636,#637);
#635 = CARTESIAN_POINT('',(-105.5,-46.,-1.6));
#636 = DIRECTION('',(1.,0.,-0.));
#637 = DIRECTION('',(0.,0.,1.));
#638 = DEFINITIONAL_REPRESENTATION('',(#639),#642);
#639 = B_SPLINE_CURVE_WITH_KNOTS('',1,(#640,#641),.UNSPECIFIED.,.F.,.F.,
  (2,2),(16.024429690219,44.024429690219),.PIECEWISE_BEZIER_KNOTS.);
#640 = CARTESIAN_POINT('',(1.6,0.));
#641 = CARTESIAN_POINT('',(1.6,-28.));
#642 = ( GEOMETRIC_REPRESENTATION_CONTEXT(2) 
PARAMETRIC_REPRESENTATION_CONTEXT() REPRESENTATION_CONTEXT('2D SPACE',''
  ) );
#643 = ORIENTED_EDGE('',*,*,#644,.F.);
#644 = EDGE_CURVE('',#645,#618,#647,.T.);
#645 = VERTEX_POINT('',#646);
#646 = CARTESIAN_POINT('',(-77.5,-18.,0.));
#647 = SURFACE_CURVE('',#648,(#652,#659),.PCURVE_S1.);
#648 = LINE('',#649,#650);
#649 = CARTESIAN_POINT('',(-95.52442969021,-18.,0.));
#650 = VECTOR('',#651,1.);
#651 = DIRECTION('',(-1.,-0.,0.));
#652 = PCURVE('',#32,#653);
#653 = DEFINITIONAL_REPRESENTATION('',(#654),#658);
#654 = LINE('',#655,#656);
#655 = CARTESIAN_POINT('',(-9.975570309781,60.048859380438));
#656 = VECTOR('',#657,1.);
#657 = DIRECTION('',(-1.,0.));
#658 = ( GEOMETRIC_REPRESENTATION_CONTEXT(2) 
PARAMETRIC_REPRESENTATION_CONTEXT() REPRESENTATION_CONTEXT('2D SPACE',''
  ) );
#659 = PCURVE('',#660,#665);
#660 = PLANE('',#661);
#661 = AXIS2_PLACEMENT_3D('',#662,#663,#664);
#662 = CARTESIAN_POINT('',(-105.5,-18.,-1.6));
#663 = DIRECTION('',(-0.,1.,0.));
#664 = DIRECTION('',(0.,0.,1.));
#665 = DEFINITIONAL_REPRESENTATION('',(#666),#669);
#666 = B_SPLINE_CURVE_WITH_KNOTS('',1,(#667,#668),.UNSPECIFIED.,.F.,.F.,
  (2,2),(-18.02442969021,9.975570309781),.PIECEWISE_BEZIER_KNOTS.);
#667 = CARTESIAN_POINT('',(1.6,28.));
#668 = CARTESIAN_POINT('',(1.6,0.));
#669 = ( GEOMETRIC_REPRESENTATION_CONTEXT(2) 
PARAMETRIC_REPRESENTATION_CONTEXT() REPRESENTATION_CONTEXT('2D SPACE',''
  ) );
#670 = ORIENTED_EDGE('',*,*,#671,.F.);
#671 = EDGE_CURVE('',#589,#645,#672,.T.);
#672 = SURFACE_CURVE('',#673,(#677,#684),.PCURVE_S1.);
#673 = LINE('',#674,#675);
#674 = CARTESIAN_POINT('',(-77.5,-62.02442969021,0.));
#675 = VECTOR('',#676,1.);
#676 = DIRECTION('',(-0.,1.,0.));
#677 = PCURVE('',#32,#678);
#678 = DEFINITIONAL_REPRESENTATION('',(#679),#683);
#679 = LINE('',#680,#681);
#680 = CARTESIAN_POINT('',(8.048859380437,16.024429690219));
#681 = VECTOR('',#682,1.);
#682 = DIRECTION('',(0.,1.));
#683 = ( GEOMETRIC_REPRESENTATION_CONTEXT(2) 
PARAMETRIC_REPRESENTATION_CONTEXT() REPRESENTATION_CONTEXT('2D SPACE',''
  ) );
#684 = PCURVE('',#685,#690);
#685 = PLANE('',#686);
#686 = AXIS2_PLACEMENT_3D('',#687,#688,#689);
#687 = CARTESIAN_POINT('',(-77.5,-46.,-1.6));
#688 = DIRECTION('',(1.,0.,-0.));
#689 = DIRECTION('',(0.,0.,1.));
#690 = DEFINITIONAL_REPRESENTATION('',(#691),#694);
#691 = B_SPLINE_CURVE_WITH_KNOTS('',1,(#692,#693),.UNSPECIFIED.,.F.,.F.,
  (2,2),(16.024429690219,44.024429690219),.PIECEWISE_BEZIER_KNOTS.);
#692 = CARTESIAN_POINT('',(1.6,0.));
#693 = CARTESIAN_POINT('',(1.6,-28.));
#694 = ( GEOMETRIC_REPRESENTATION_CONTEXT(2) 
PARAMETRIC_REPRESENTATION_CONTEXT() REPRESENTATION_CONTEXT('2D SPACE',''
  ) );
#695 = FACE_BOUND('',#696,.F.);
#696 = EDGE_LOOP('',(#697,#726,#753,#780));
#697 = ORIENTED_EDGE('',*,*,#698,.T.);
#698 = EDGE_CURVE('',#699,#701,#703,.T.);
#699 = VERTEX_POINT('',#700);
#700 = CARTESIAN_POINT('',(105.5,-46.,0.));
#701 = VERTEX_POINT('',#702);
#702 = CARTESIAN_POINT('',(77.5,-46.,0.));
#703 = SURFACE_CURVE('',#704,(#708,#715),.PCURVE_S1.);
#704 = LINE('',#705,#706);
#705 = CARTESIAN_POINT('',(-4.024429690219,-46.,0.));
#706 = VECTOR('',#707,1.);
#707 = DIRECTION('',(-1.,-0.,0.));
#708 = PCURVE('',#32,#709);
#709 = DEFINITIONAL_REPRESENTATION('',(#710),#714);
#710 = LINE('',#711,#712);
#711 = CARTESIAN_POINT('',(81.524429690219,32.048859380438));
#712 = VECTOR('',#713,1.);
#713 = DIRECTION('',(-1.,0.));
#714 = ( GEOMETRIC_REPRESENTATION_CONTEXT(2) 
PARAMETRIC_REPRESENTATION_CONTEXT() REPRESENTATION_CONTEXT('2D SPACE',''
  ) );
#715 = PCURVE('',#716,#721);
#716 = PLANE('',#717);
#717 = AXIS2_PLACEMENT_3D('',#718,#719,#720);
#718 = CARTESIAN_POINT('',(77.5,-46.,-1.6));
#719 = DIRECTION('',(-0.,1.,0.));
#720 = DIRECTION('',(0.,0.,1.));
#721 = DEFINITIONAL_REPRESENTATION('',(#722),#725);
#722 = B_SPLINE_CURVE_WITH_KNOTS('',1,(#723,#724),.UNSPECIFIED.,.F.,.F.,
  (2,2),(-109.5244296902,-81.52442969021),.PIECEWISE_BEZIER_KNOTS.);
#723 = CARTESIAN_POINT('',(1.6,28.));
#724 = CARTESIAN_POINT('',(1.6,0.));
#725 = ( GEOMETRIC_REPRESENTATION_CONTEXT(2) 
PARAMETRIC_REPRESENTATION_CONTEXT() REPRESENTATION_CONTEXT('2D SPACE',''
  ) );
#726 = ORIENTED_EDGE('',*,*,#727,.T.);
#727 = EDGE_CURVE('',#701,#728,#730,.T.);
#728 = VERTEX_POINT('',#729);
#729 = CARTESIAN_POINT('',(77.5,-18.,0.));
#730 = SURFACE_CURVE('',#731,(#735,#742),.PCURVE_S1.);
#731 = LINE('',#732,#733);
#732 = CARTESIAN_POINT('',(77.5,-62.02442969021,0.));
#733 = VECTOR('',#734,1.);
#734 = DIRECTION('',(-0.,1.,0.));
#735 = PCURVE('',#32,#736);
#736 = DEFINITIONAL_REPRESENTATION('',(#737),#741);
#737 = LINE('',#738,#739);
#738 = CARTESIAN_POINT('',(163.04885938043,16.024429690219));
#739 = VECTOR('',#740,1.);
#740 = DIRECTION('',(0.,1.));
#741 = ( GEOMETRIC_REPRESENTATION_CONTEXT(2) 
PARAMETRIC_REPRESENTATION_CONTEXT() REPRESENTATION_CONTEXT('2D SPACE',''
  ) );
#742 = PCURVE('',#743,#748);
#743 = PLANE('',#744);
#744 = AXIS2_PLACEMENT_3D('',#745,#746,#747);
#745 = CARTESIAN_POINT('',(77.5,-46.,-1.6));
#746 = DIRECTION('',(1.,0.,-0.));
#747 = DIRECTION('',(0.,0.,1.));
#748 = DEFINITIONAL_REPRESENTATION('',(#749),#752);
#749 = B_SPLINE_CURVE_WITH_KNOTS('',1,(#750,#751),.UNSPECIFIED.,.F.,.F.,
  (2,2),(16.024429690219,44.024429690219),.PIECEWISE_BEZIER_KNOTS.);
#750 = CARTESIAN_POINT('',(1.6,0.));
#751 = CARTESIAN_POINT('',(1.6,-28.));
#752 = ( GEOMETRIC_REPRESENTATION_CONTEXT(2) 
PARAMETRIC_REPRESENTATION_CONTEXT() REPRESENTATION_CONTEXT('2D SPACE',''
  ) );
#753 = ORIENTED_EDGE('',*,*,#754,.F.);
#754 = EDGE_CURVE('',#755,#728,#757,.T.);
#755 = VERTEX_POINT('',#756);
#756 = CARTESIAN_POINT('',(105.5,-18.,0.));
#757 = SURFACE_CURVE('',#758,(#762,#769),.PCURVE_S1.);
#758 = LINE('',#759,#760);
#759 = CARTESIAN_POINT('',(-4.024429690219,-18.,0.));
#760 = VECTOR('',#761,1.);
#761 = DIRECTION('',(-1.,-0.,0.));
#762 = PCURVE('',#32,#763);
#763 = DEFINITIONAL_REPRESENTATION('',(#764),#768);
#764 = LINE('',#765,#766);
#765 = CARTESIAN_POINT('',(81.524429690219,60.048859380438));
#766 = VECTOR('',#767,1.);
#767 = DIRECTION('',(-1.,0.));
#768 = ( GEOMETRIC_REPRESENTATION_CONTEXT(2) 
PARAMETRIC_REPRESENTATION_CONTEXT() REPRESENTATION_CONTEXT('2D SPACE',''
  ) );
#769 = PCURVE('',#770,#775);
#770 = PLANE('',#771);
#771 = AXIS2_PLACEMENT_3D('',#772,#773,#774);
#772 = CARTESIAN_POINT('',(77.5,-18.,-1.6));
#773 = DIRECTION('',(-0.,1.,0.));
#774 = DIRECTION('',(0.,0.,1.));
#775 = DEFINITIONAL_REPRESENTATION('',(#776),#779);
#776 = B_SPLINE_CURVE_WITH_KNOTS('',1,(#777,#778),.UNSPECIFIED.,.F.,.F.,
  (2,2),(-109.5244296902,-81.52442969021),.PIECEWISE_BEZIER_KNOTS.);
#777 = CARTESIAN_POINT('',(1.6,28.));
#778 = CARTESIAN_POINT('',(1.6,0.));
#779 = ( GEOMETRIC_REPRESENTATION_CONTEXT(2) 
PARAMETRIC_REPRESENTATION_CONTEXT() REPRESENTATION_CONTEXT('2D SPACE',''
  ) );
#780 = ORIENTED_EDGE('',*,*,#781,.F.);
#781 = EDGE_CURVE('',#699,#755,#782,.T.);
#782 = SURFACE_CURVE('',#783,(#787,#794),.PCURVE_S1.);
#783 = LINE('',#784,#785);
#784 = CARTESIAN_POINT('',(105.5,-62.02442969021,0.));
#785 = VECTOR('',#786,1.);
#786 = DIRECTION('',(-0.,1.,0.));
#787 = PCURVE('',#32,#788);
#788 = DEFINITIONAL_REPRESENTATION('',(#789),#793);
#789 = LINE('',#790,#791);
#790 = CARTESIAN_POINT('',(191.04885938043,16.024429690219));
#791 = VECTOR('',#792,1.);
#792 = DIRECTION('',(0.,1.));
#793 = ( GEOMETRIC_REPRESENTATION_CONTEXT(2) 
PARAMETRIC_REPRESENTATION_CONTEXT() REPRESENTATION_CONTEXT('2D SPACE',''
  ) );
#794 = PCURVE('',#795,#800);
#795 = PLANE('',#796);
#796 = AXIS2_PLACEMENT_3D('',#797,#798,#799);
#797 = CARTESIAN_POINT('',(105.5,-46.,-1.6));
#798 = DIRECTION('',(1.,0.,-0.));
#799 = DIRECTION('',(0.,0.,1.));
#800 = DEFINITIONAL_REPRESENTATION('',(#801),#804);
#801 = B_SPLINE_CURVE_WITH_KNOTS('',1,(#802,#803),.UNSPECIFIED.,.F.,.F.,
  (2,2),(16.024429690219,44.024429690219),.PIECEWISE_BEZIER_KNOTS.);
#802 = CARTESIAN_POINT('',(1.6,0.));
#803 = CARTESIAN_POINT('',(1.6,-28.));
#804 = ( GEOMETRIC_REPRESENTATION_CONTEXT(2) 
PARAMETRIC_REPRESENTATION_CONTEXT() REPRESENTATION_CONTEXT('2D SPACE',''
  ) );
#805 = FACE_BOUND('',#806,.F.);
#806 = EDGE_LOOP('',(#807,#836,#863,#890));
#807 = ORIENTED_EDGE('',*,*,#808,.T.);
#808 = EDGE_CURVE('',#809,#811,#813,.T.);
#809 = VERTEX_POINT('',#810);
#810 = CARTESIAN_POINT('',(-77.5,70.,0.));
#811 = VERTEX_POINT('',#812);
#812 = CARTESIAN_POINT('',(-105.5,70.,0.));
#813 = SURFACE_CURVE('',#814,(#818,#825),.PCURVE_S1.);
#814 = LINE('',#815,#816);
#815 = CARTESIAN_POINT('',(-95.52442969021,70.,0.));
#816 = VECTOR('',#817,1.);
#817 = DIRECTION('',(-1.,-0.,0.));
#818 = PCURVE('',#32,#819);
#819 = DEFINITIONAL_REPRESENTATION('',(#820),#824);
#820 = LINE('',#821,#822);
#821 = CARTESIAN_POINT('',(-9.975570309781,148.04885938043));
#822 = VECTOR('',#823,1.);
#823 = DIRECTION('',(-1.,0.));
#824 = ( GEOMETRIC_REPRESENTATION_CONTEXT(2) 
PARAMETRIC_REPRESENTATION_CONTEXT() REPRESENTATION_CONTEXT('2D SPACE',''
  ) );
#825 = PCURVE('',#826,#831);
#826 = PLANE('',#827);
#827 = AXIS2_PLACEMENT_3D('',#828,#829,#830);
#828 = CARTESIAN_POINT('',(-105.5,70.,-1.6));
#829 = DIRECTION('',(-0.,1.,0.));
#830 = DIRECTION('',(0.,0.,1.));
#831 = DEFINITIONAL_REPRESENTATION('',(#832),#835);
#832 = B_SPLINE_CURVE_WITH_KNOTS('',1,(#833,#834),.UNSPECIFIED.,.F.,.F.,
  (2,2),(-18.02442969021,9.975570309781),.PIECEWISE_BEZIER_KNOTS.);
#833 = CARTESIAN_POINT('',(1.6,28.));
#834 = CARTESIAN_POINT('',(1.6,0.));
#835 = ( GEOMETRIC_REPRESENTATION_CONTEXT(2) 
PARAMETRIC_REPRESENTATION_CONTEXT() REPRESENTATION_CONTEXT('2D SPACE',''
  ) );
#836 = ORIENTED_EDGE('',*,*,#837,.T.);
#837 = EDGE_CURVE('',#811,#838,#840,.T.);
#838 = VERTEX_POINT('',#839);
#839 = CARTESIAN_POINT('',(-105.5,98.,0.));
#840 = SURFACE_CURVE('',#841,(#845,#852),.PCURVE_S1.);
#841 = LINE('',#842,#843);
#842 = CARTESIAN_POINT('',(-105.5,-4.024429690219,0.));
#843 = VECTOR('',#844,1.);
#844 = DIRECTION('',(-0.,1.,0.));
#845 = PCURVE('',#32,#846);
#846 = DEFINITIONAL_REPRESENTATION('',(#847),#851);
#847 = LINE('',#848,#849);
#848 = CARTESIAN_POINT('',(-19.95114061956,74.024429690219));
#849 = VECTOR('',#850,1.);
#850 = DIRECTION('',(0.,1.));
#851 = ( GEOMETRIC_REPRESENTATION_CONTEXT(2) 
PARAMETRIC_REPRESENTATION_CONTEXT() REPRESENTATION_CONTEXT('2D SPACE',''
  ) );
#852 = PCURVE('',#853,#858);
#853 = PLANE('',#854);
#854 = AXIS2_PLACEMENT_3D('',#855,#856,#857);
#855 = CARTESIAN_POINT('',(-105.5,70.,-1.6));
#856 = DIRECTION('',(1.,0.,-0.));
#857 = DIRECTION('',(0.,0.,1.));
#858 = DEFINITIONAL_REPRESENTATION('',(#859),#862);
#859 = B_SPLINE_CURVE_WITH_KNOTS('',1,(#860,#861),.UNSPECIFIED.,.F.,.F.,
  (2,2),(74.024429690219,102.02442969021),.PIECEWISE_BEZIER_KNOTS.);
#860 = CARTESIAN_POINT('',(1.6,0.));
#861 = CARTESIAN_POINT('',(1.6,-28.));
#862 = ( GEOMETRIC_REPRESENTATION_CONTEXT(2) 
PARAMETRIC_REPRESENTATION_CONTEXT() REPRESENTATION_CONTEXT('2D SPACE',''
  ) );
#863 = ORIENTED_EDGE('',*,*,#864,.F.);
#864 = EDGE_CURVE('',#865,#838,#867,.T.);
#865 = VERTEX_POINT('',#866);
#866 = CARTESIAN_POINT('',(-77.5,98.,0.));
#867 = SURFACE_CURVE('',#868,(#872,#879),.PCURVE_S1.);
#868 = LINE('',#869,#870);
#869 = CARTESIAN_POINT('',(-95.52442969021,98.,0.));
#870 = VECTOR('',#871,1.);
#871 = DIRECTION('',(-1.,-0.,0.));
#872 = PCURVE('',#32,#873);
#873 = DEFINITIONAL_REPRESENTATION('',(#874),#878);
#874 = LINE('',#875,#876);
#875 = CARTESIAN_POINT('',(-9.975570309781,176.04885938043));
#876 = VECTOR('',#877,1.);
#877 = DIRECTION('',(-1.,0.));
#878 = ( GEOMETRIC_REPRESENTATION_CONTEXT(2) 
PARAMETRIC_REPRESENTATION_CONTEXT() REPRESENTATION_CONTEXT('2D SPACE',''
  ) );
#879 = PCURVE('',#880,#885);
#880 = PLANE('',#881);
#881 = AXIS2_PLACEMENT_3D('',#882,#883,#884);
#882 = CARTESIAN_POINT('',(-105.5,98.,-1.6));
#883 = DIRECTION('',(-0.,1.,0.));
#884 = DIRECTION('',(0.,0.,1.));
#885 = DEFINITIONAL_REPRESENTATION('',(#886),#889);
#886 = B_SPLINE_CURVE_WITH_KNOTS('',1,(#887,#888),.UNSPECIFIED.,.F.,.F.,
  (2,2),(-18.02442969021,9.975570309781),.PIECEWISE_BEZIER_KNOTS.);
#887 = CARTESIAN_POINT('',(1.6,28.));
#888 = CARTESIAN_POINT('',(1.6,0.));
#889 = ( GEOMETRIC_REPRESENTATION_CONTEXT(2) 
PARAMETRIC_REPRESENTATION_CONTEXT() REPRESENTATION_CONTEXT('2D SPACE',''
  ) );
#890 = ORIENTED_EDGE('',*,*,#891,.F.);
#891 = EDGE_CURVE('',#809,#865,#892,.T.);
#892 = SURFACE_CURVE('',#893,(#897,#904),.PCURVE_S1.);
#893 = LINE('',#894,#895);
#894 = CARTESIAN_POINT('',(-77.5,-4.024429690219,0.));
#895 = VECTOR('',#896,1.);
#896 = DIRECTION('',(-0.,1.,0.));
#897 = PCURVE('',#32,#898);
#898 = DEFINITIONAL_REPRESENTATION('',(#899),#903);
#899 = LINE('',#900,#901);
#900 = CARTESIAN_POINT('',(8.048859380437,74.024429690219));
#901 = VECTOR('',#902,1.);
#902 = DIRECTION('',(0.,1.));
#903 = ( GEOMETRIC_REPRESENTATION_CONTEXT(2) 
PARAMETRIC_REPRESENTATION_CONTEXT() REPRESENTATION_CONTEXT('2D SPACE',''
  ) );
#904 = PCURVE('',#905,#910);
#905 = PLANE('',#906);
#906 = AXIS2_PLACEMENT_3D('',#907,#908,#909);
#907 = CARTESIAN_POINT('',(-77.5,70.,-1.6));
#908 = DIRECTION('',(1.,0.,-0.));
#909 = DIRECTION('',(0.,0.,1.));
#910 = DEFINITIONAL_REPRESENTATION('',(#911),#914);
#911 = B_SPLINE_CURVE_WITH_KNOTS('',1,(#912,#913),.UNSPECIFIED.,.F.,.F.,
  (2,2),(74.024429690219,102.02442969021),.PIECEWISE_BEZIER_KNOTS.);
#912 = CARTESIAN_POINT('',(1.6,0.));
#913 = CARTESIAN_POINT('',(1.6,-28.));
#914 = ( GEOMETRIC_REPRESENTATION_CONTEXT(2) 
PARAMETRIC_REPRESENTATION_CONTEXT() REPRESENTATION_CONTEXT('2D SPACE',''
  ) );
#915 = FACE_BOUND('',#916,.F.);
#916 = EDGE_LOOP('',(#917,#945,#971,#997));
#917 = ORIENTED_EDGE('',*,*,#918,.T.);
#918 = EDGE_CURVE('',#919,#921,#923,.T.);
#919 = VERTEX_POINT('',#920);
#920 = CARTESIAN_POINT('',(105.5,70.,0.));
#921 = VERTEX_POINT('',#922);
#922 = CARTESIAN_POINT('',(77.5,70.,0.));
#923 = SURFACE_CURVE('',#924,(#928,#934),.PCURVE_S1.);
#924 = LINE('',#925,#926);
#925 = CARTESIAN_POINT('',(-4.024429690219,70.,0.));
#926 = VECTOR('',#927,1.);
#927 = DIRECTION('',(-1.,-0.,0.));
#928 = PCURVE('',#32,#929);
#929 = DEFINITIONAL_REPRESENTATION('',(#930),#933);
#930 = B_SPLINE_CURVE_WITH_KNOTS('',1,(#931,#932),.UNSPECIFIED.,.F.,.F.,
  (2,2),(-109.5244296902,-81.52442969021),.PIECEWISE_BEZIER_KNOTS.);
#931 = CARTESIAN_POINT('',(191.04885938043,148.04885938043));
#932 = CARTESIAN_POINT('',(163.04885938043,148.04885938043));
#933 = ( GEOMETRIC_REPRESENTATION_CONTEXT(2) 
PARAMETRIC_REPRESENTATION_CONTEXT() REPRESENTATION_CONTEXT('2D SPACE',''
  ) );
#934 = PCURVE('',#935,#940);
#935 = PLANE('',#936);
#936 = AXIS2_PLACEMENT_3D('',#937,#938,#939);
#937 = CARTESIAN_POINT('',(77.5,70.,-1.6));
#938 = DIRECTION('',(-0.,1.,0.));
#939 = DIRECTION('',(0.,0.,1.));
#940 = DEFINITIONAL_REPRESENTATION('',(#941),#944);
#941 = B_SPLINE_CURVE_WITH_KNOTS('',1,(#942,#943),.UNSPECIFIED.,.F.,.F.,
  (2,2),(-109.5244296902,-81.52442969021),.PIECEWISE_BEZIER_KNOTS.);
#942 = CARTESIAN_POINT('',(1.6,28.));
#943 = CARTESIAN_POINT('',(1.6,0.));
#944 = ( GEOMETRIC_REPRESENTATION_CONTEXT(2) 
PARAMETRIC_REPRESENTATION_CONTEXT() REPRESENTATION_CONTEXT('2D SPACE',''
  ) );
#945 = ORIENTED_EDGE('',*,*,#946,.T.);
#946 = EDGE_CURVE('',#921,#947,#949,.T.);
#947 = VERTEX_POINT('',#948);
#948 = CARTESIAN_POINT('',(77.5,98.,0.));
#949 = SURFACE_CURVE('',#950,(#954,#960),.PCURVE_S1.);
#950 = LINE('',#951,#952);
#951 = CARTESIAN_POINT('',(77.5,-4.024429690219,0.));
#952 = VECTOR('',#953,1.);
#953 = DIRECTION('',(-0.,1.,0.));
#954 = PCURVE('',#32,#955);
#955 = DEFINITIONAL_REPRESENTATION('',(#956),#959);
#956 = B_SPLINE_CURVE_WITH_KNOTS('',1,(#957,#958),.UNSPECIFIED.,.F.,.F.,
  (2,2),(74.024429690219,102.02442969021),.PIECEWISE_BEZIER_KNOTS.);
#957 = CARTESIAN_POINT('',(163.04885938043,148.04885938043));
#958 = CARTESIAN_POINT('',(163.04885938043,176.04885938043));
#959 = ( GEOMETRIC_REPRESENTATION_CONTEXT(2) 
PARAMETRIC_REPRESENTATION_CONTEXT() REPRESENTATION_CONTEXT('2D SPACE',''
  ) );
#960 = PCURVE('',#961,#966);
#961 = PLANE('',#962);
#962 = AXIS2_PLACEMENT_3D('',#963,#964,#965);
#963 = CARTESIAN_POINT('',(77.5,70.,-1.6));
#964 = DIRECTION('',(1.,0.,-0.));
#965 = DIRECTION('',(0.,0.,1.));
#966 = DEFINITIONAL_REPRESENTATION('',(#967),#970);
#967 = B_SPLINE_CURVE_WITH_KNOTS('',1,(#968,#969),.UNSPECIFIED.,.F.,.F.,
  (2,2),(74.024429690219,102.02442969021),.PIECEWISE_BEZIER_KNOTS.);
#968 = CARTESIAN_POINT('',(1.6,0.));
#969 = CARTESIAN_POINT('',(1.6,-28.));
#970 = ( GEOMETRIC_REPRESENTATION_CONTEXT(2) 
PARAMETRIC_REPRESENTATION_CONTEXT() REPRESENTATION_CONTEXT('2D SPACE',''
  ) );
#971 = ORIENTED_EDGE('',*,*,#972,.F.);
#972 = EDGE_CURVE('',#973,#947,#975,.T.);
#973 = VERTEX_POINT('',#974);
#974 = CARTESIAN_POINT('',(105.5,98.,0.));
#975 = SURFACE_CURVE('',#976,(#980,#986),.PCURVE_S1.);
#976 = LINE('',#977,#978);
#977 = CARTESIAN_POINT('',(-4.024429690219,98.,0.));
#978 = VECTOR('',#979,1.);
#979 = DIRECTION('',(-1.,-0.,0.));
#980 = PCURVE('',#32,#981);
#981 = DEFINITIONAL_REPRESENTATION('',(#982),#985);
#982 = B_SPLINE_CURVE_WITH_KNOTS('',1,(#983,#984),.UNSPECIFIED.,.F.,.F.,
  (2,2),(-109.5244296902,-81.52442969021),.PIECEWISE_BEZIER_KNOTS.);
#983 = CARTESIAN_POINT('',(191.04885938043,176.04885938043));
#984 = CARTESIAN_POINT('',(163.04885938043,176.04885938043));
#985 = ( GEOMETRIC_REPRESENTATION_CONTEXT(2) 
PARAMETRIC_REPRESENTATION_CONTEXT() REPRESENTATION_CONTEXT('2D SPACE',''
  ) );
#986 = PCURVE('',#987,#992);
#987 = PLANE('',#988);
#988 = AXIS2_PLACEMENT_3D('',#989,#990,#991);
#989 = CARTESIAN_POINT('',(77.5,98.,-1.6));
#990 = DIRECTION('',(-0.,1.,0.));
#991 = DIRECTION('',(0.,0.,1.));
#992 = DEFINITIONAL_REPRESENTATION('',(#993),#996);
#993 = B_SPLINE_CURVE_WITH_KNOTS('',1,(#994,#995),.UNSPECIFIED.,.F.,.F.,
  (2,2),(-109.5244296902,-81.52442969021),.PIECEWISE_BEZIER_KNOTS.);
#994 = CARTESIAN_POINT('',(1.6,28.));
#995 = CARTESIAN_POINT('',(1.6,0.));
#996 = ( GEOMETRIC_REPRESENTATION_CONTEXT(2) 
PARAMETRIC_REPRESENTATION_CONTEXT() REPRESENTATION_CONTEXT('2D SPACE',''
  ) );
#997 = ORIENTED_EDGE('',*,*,#998,.F.);
#998 = EDGE_CURVE('',#919,#973,#999,.T.);
#999 = SURFACE_CURVE('',#1000,(#1004,#1010),.PCURVE_S1.);
#1000 = LINE('',#1001,#1002);
#1001 = CARTESIAN_POINT('',(105.5,-4.024429690219,0.));
#1002 = VECTOR('',#1003,1.);
#1003 = DIRECTION('',(-0.,1.,0.));
#1004 = PCURVE('',#32,#1005);
#1005 = DEFINITIONAL_REPRESENTATION('',(#1006),#1009);
#1006 = B_SPLINE_CURVE_WITH_KNOTS('',1,(#1007,#1008),.UNSPECIFIED.,.F.,
  .F.,(2,2),(74.024429690219,102.02442969021),.PIECEWISE_BEZIER_KNOTS.);
#1007 = CARTESIAN_POINT('',(191.04885938043,148.04885938043));
#1008 = CARTESIAN_POINT('',(191.04885938043,176.04885938043));
#1009 = ( GEOMETRIC_REPRESENTATION_CONTEXT(2) 
PARAMETRIC_REPRESENTATION_CONTEXT() REPRESENTATION_CONTEXT('2D SPACE',''
  ) );
#1010 = PCURVE('',#1011,#1016);
#1011 = PLANE('',#1012);
#1012 = AXIS2_PLACEMENT_3D('',#1013,#1014,#1015);
#1013 = CARTESIAN_POINT('',(105.5,70.,-1.6));
#1014 = DIRECTION('',(1.,0.,-0.));
#1015 = DIRECTION('',(0.,0.,1.));
#1016 = DEFINITIONAL_REPRESENTATION('',(#1017),#1020);
#1017 = B_SPLINE_CURVE_WITH_KNOTS('',1,(#1018,#1019),.UNSPECIFIED.,.F.,
  .F.,(2,2),(74.024429690219,102.02442969021),.PIECEWISE_BEZIER_KNOTS.);
#1018 = CARTESIAN_POINT('',(1.6,0.));
#1019 = CARTESIAN_POINT('',(1.6,-28.));
#1020 = ( GEOMETRIC_REPRESENTATION_CONTEXT(2) 
PARAMETRIC_REPRESENTATION_CONTEXT() REPRESENTATION_CONTEXT('2D SPACE',''
  ) );
#1021 = ADVANCED_FACE('',(#1022),#44,.T.);
#1022 = FACE_BOUND('',#1023,.T.);
#1023 = EDGE_LOOP('',(#1024,#1025,#1048,#1076));
#1024 = ORIENTED_EDGE('',*,*,#21,.F.);
#1025 = ORIENTED_EDGE('',*,*,#1026,.T.);
#1026 = EDGE_CURVE('',#22,#1027,#1029,.T.);
#1027 = VERTEX_POINT('',#1028);
#1028 = CARTESIAN_POINT('',(-107.5,-16.,6.));
#1029 = SURFACE_CURVE('',#1030,(#1034,#1041),.PCURVE_S1.);
#1030 = LINE('',#1031,#1032);
#1031 = CARTESIAN_POINT('',(-107.5,-16.,0.));
#1032 = VECTOR('',#1033,1.);
#1033 = DIRECTION('',(0.,0.,1.));
#1034 = PCURVE('',#44,#1035);
#1035 = DEFINITIONAL_REPRESENTATION('',(#1036),#1040);
#1036 = LINE('',#1037,#1038);
#1037 = CARTESIAN_POINT('',(0.,0.));
#1038 = VECTOR('',#1039,1.);
#1039 = DIRECTION('',(1.,0.));
#1040 = ( GEOMETRIC_REPRESENTATION_CONTEXT(2) 
PARAMETRIC_REPRESENTATION_CONTEXT() REPRESENTATION_CONTEXT('2D SPACE',''
  ) );
#1041 = PCURVE('',#72,#1042);
#1042 = DEFINITIONAL_REPRESENTATION('',(#1043),#1047);
#1043 = LINE('',#1044,#1045);
#1044 = CARTESIAN_POINT('',(0.,-32.));
#1045 = VECTOR('',#1046,1.);
#1046 = DIRECTION('',(1.,0.));
#1047 = ( GEOMETRIC_REPRESENTATION_CONTEXT(2) 
PARAMETRIC_REPRESENTATION_CONTEXT() REPRESENTATION_CONTEXT('2D SPACE',''
  ) );
#1048 = ORIENTED_EDGE('',*,*,#1049,.T.);
#1049 = EDGE_CURVE('',#1027,#1050,#1052,.T.);
#1050 = VERTEX_POINT('',#1051);
#1051 = CARTESIAN_POINT('',(-99.91583510134,-16.,6.));
#1052 = SURFACE_CURVE('',#1053,(#1057,#1064),.PCURVE_S1.);
#1053 = LINE('',#1054,#1055);
#1054 = CARTESIAN_POINT('',(-107.5,-16.,6.));
#1055 = VECTOR('',#1056,1.);
#1056 = DIRECTION('',(1.,0.,-0.));
#1057 = PCURVE('',#44,#1058);
#1058 = DEFINITIONAL_REPRESENTATION('',(#1059),#1063);
#1059 = LINE('',#1060,#1061);
#1060 = CARTESIAN_POINT('',(6.,0.));
#1061 = VECTOR('',#1062,1.);
#1062 = DIRECTION('',(0.,1.));
#1063 = ( GEOMETRIC_REPRESENTATION_CONTEXT(2) 
PARAMETRIC_REPRESENTATION_CONTEXT() REPRESENTATION_CONTEXT('2D SPACE',''
  ) );
#1064 = PCURVE('',#1065,#1070);
#1065 = PLANE('',#1066);
#1066 = AXIS2_PLACEMENT_3D('',#1067,#1068,#1069);
#1067 = CARTESIAN_POINT('',(-107.5,-48.,6.));
#1068 = DIRECTION('',(0.,0.,1.));
#1069 = DIRECTION('',(1.,0.,-0.));
#1070 = DEFINITIONAL_REPRESENTATION('',(#1071),#1075);
#1071 = LINE('',#1072,#1073);
#1072 = CARTESIAN_POINT('',(0.,32.));
#1073 = VECTOR('',#1074,1.);
#1074 = DIRECTION('',(1.,0.));
#1075 = ( GEOMETRIC_REPRESENTATION_CONTEXT(2) 
PARAMETRIC_REPRESENTATION_CONTEXT() REPRESENTATION_CONTEXT('2D SPACE',''
  ) );
#1076 = ORIENTED_EDGE('',*,*,#1077,.T.);
#1077 = EDGE_CURVE('',#1050,#24,#1078,.T.);
#1078 = SURFACE_CURVE('',#1079,(#1083,#1089),.PCURVE_S1.);
#1079 = LINE('',#1080,#1081);
#1080 = CARTESIAN_POINT('',(-103.5392463393,-16.,65.242250071657));
#1081 = VECTOR('',#1082,1.);
#1082 = DIRECTION('',(6.104853953486E-02,0.,-0.998134798422));
#1083 = PCURVE('',#44,#1084);
#1084 = DEFINITIONAL_REPRESENTATION('',(#1085),#1088);
#1085 = B_SPLINE_CURVE_WITH_KNOTS('',1,(#1086,#1087),.UNSPECIFIED.,.F.,
  .F.,(2,2),(59.352955297545,65.364167419882),.PIECEWISE_BEZIER_KNOTS.);
#1086 = CARTESIAN_POINT('',(6.,7.58416489866));
#1087 = CARTESIAN_POINT('',(0.,7.951140619563));
#1088 = ( GEOMETRIC_REPRESENTATION_CONTEXT(2) 
PARAMETRIC_REPRESENTATION_CONTEXT() REPRESENTATION_CONTEXT('2D SPACE',''
  ) );
#1089 = PCURVE('',#574,#1090);
#1090 = DEFINITIONAL_REPRESENTATION('',(#1091),#1094);
#1091 = B_SPLINE_CURVE_WITH_KNOTS('',1,(#1092,#1093),.UNSPECIFIED.,.F.,
  .F.,(2,2),(59.352955297545,65.364167419882),.PIECEWISE_BEZIER_KNOTS.);
#1092 = CARTESIAN_POINT('',(16.000000000001,-124.2317171949));
#1093 = CARTESIAN_POINT('',(16.000000000001,-130.2429293173));
#1094 = ( GEOMETRIC_REPRESENTATION_CONTEXT(2) 
PARAMETRIC_REPRESENTATION_CONTEXT() REPRESENTATION_CONTEXT('2D SPACE',''
  ) );
#1095 = ADVANCED_FACE('',(#1096),#72,.F.);
#1096 = FACE_BOUND('',#1097,.F.);
#1097 = EDGE_LOOP('',(#1098,#1121,#1122,#1123));
#1098 = ORIENTED_EDGE('',*,*,#1099,.F.);
#1099 = EDGE_CURVE('',#57,#1100,#1102,.T.);
#1100 = VERTEX_POINT('',#1101);
#1101 = CARTESIAN_POINT('',(-107.5,-48.,6.));
#1102 = SURFACE_CURVE('',#1103,(#1107,#1114),.PCURVE_S1.);
#1103 = LINE('',#1104,#1105);
#1104 = CARTESIAN_POINT('',(-107.5,-48.,0.));
#1105 = VECTOR('',#1106,1.);
#1106 = DIRECTION('',(0.,0.,1.));
#1107 = PCURVE('',#72,#1108);
#1108 = DEFINITIONAL_REPRESENTATION('',(#1109),#1113);
#1109 = LINE('',#1110,#1111);
#1110 = CARTESIAN_POINT('',(0.,0.));
#1111 = VECTOR('',#1112,1.);
#1112 = DIRECTION('',(1.,0.));
#1113 = ( GEOMETRIC_REPRESENTATION_CONTEXT(2) 
PARAMETRIC_REPRESENTATION_CONTEXT() REPRESENTATION_CONTEXT('2D SPACE',''
  ) );
#1114 = PCURVE('',#100,#1115);
#1115 = DEFINITIONAL_REPRESENTATION('',(#1116),#1120);
#1116 = LINE('',#1117,#1118);
#1117 = CARTESIAN_POINT('',(0.,0.));
#1118 = VECTOR('',#1119,1.);
#1119 = DIRECTION('',(1.,0.));
#1120 = ( GEOMETRIC_REPRESENTATION_CONTEXT(2) 
PARAMETRIC_REPRESENTATION_CONTEXT() REPRESENTATION_CONTEXT('2D SPACE',''
  ) );
#1121 = ORIENTED_EDGE('',*,*,#56,.T.);
#1122 = ORIENTED_EDGE('',*,*,#1026,.T.);
#1123 = ORIENTED_EDGE('',*,*,#1124,.F.);
#1124 = EDGE_CURVE('',#1100,#1027,#1125,.T.);
#1125 = SURFACE_CURVE('',#1126,(#1130,#1137),.PCURVE_S1.);
#1126 = LINE('',#1127,#1128);
#1127 = CARTESIAN_POINT('',(-107.5,-48.,6.));
#1128 = VECTOR('',#1129,1.);
#1129 = DIRECTION('',(-0.,1.,0.));
#1130 = PCURVE('',#72,#1131);
#1131 = DEFINITIONAL_REPRESENTATION('',(#1132),#1136);
#1132 = LINE('',#1133,#1134);
#1133 = CARTESIAN_POINT('',(6.,0.));
#1134 = VECTOR('',#1135,1.);
#1135 = DIRECTION('',(0.,-1.));
#1136 = ( GEOMETRIC_REPRESENTATION_CONTEXT(2) 
PARAMETRIC_REPRESENTATION_CONTEXT() REPRESENTATION_CONTEXT('2D SPACE',''
  ) );
#1137 = PCURVE('',#1065,#1138);
#1138 = DEFINITIONAL_REPRESENTATION('',(#1139),#1143);
#1139 = LINE('',#1140,#1141);
#1140 = CARTESIAN_POINT('',(0.,0.));
#1141 = VECTOR('',#1142,1.);
#1142 = DIRECTION('',(0.,1.));
#1143 = ( GEOMETRIC_REPRESENTATION_CONTEXT(2) 
PARAMETRIC_REPRESENTATION_CONTEXT() REPRESENTATION_CONTEXT('2D SPACE',''
  ) );
#1144 = ADVANCED_FACE('',(#1145,#1433,#1484,#1535,#1586,#1637,#1688,
    #1739,#1790,#1841,#1892,#1943,#1994,#2045,#2096,#2147,#2198,#2249,
    #2300,#2351,#2402),#574,.T.);
#1145 = FACE_BOUND('',#1146,.T.);
#1146 = EDGE_LOOP('',(#1147,#1148,#1149,#1170,#1191,#1219,#1245,#1273,
    #1299,#1332,#1360,#1388,#1414));
#1147 = ORIENTED_EDGE('',*,*,#560,.F.);
#1148 = ORIENTED_EDGE('',*,*,#1077,.F.);
#1149 = ORIENTED_EDGE('',*,*,#1150,.F.);
#1150 = EDGE_CURVE('',#1151,#1050,#1153,.T.);
#1151 = VERTEX_POINT('',#1152);
#1152 = CARTESIAN_POINT('',(-99.91583510134,-48.,6.));
#1153 = SURFACE_CURVE('',#1154,(#1158,#1164),.PCURVE_S1.);
#1154 = LINE('',#1155,#1156);
#1155 = CARTESIAN_POINT('',(-99.91583510134,-23.99999999999,6.));
#1156 = VECTOR('',#1157,1.);
#1157 = DIRECTION('',(0.,1.,-0.));
#1158 = PCURVE('',#574,#1159);
#1159 = DEFINITIONAL_REPRESENTATION('',(#1160),#1163);
#1160 = B_SPLINE_CURVE_WITH_KNOTS('',1,(#1161,#1162),.UNSPECIFIED.,.F.,
  .F.,(2,2),(-24.,7.999999999999),.PIECEWISE_BEZIER_KNOTS.);
#1161 = CARTESIAN_POINT('',(48.000000000001,-124.2317171949));
#1162 = CARTESIAN_POINT('',(16.000000000001,-124.2317171949));
#1163 = ( GEOMETRIC_REPRESENTATION_CONTEXT(2) 
PARAMETRIC_REPRESENTATION_CONTEXT() REPRESENTATION_CONTEXT('2D SPACE',''
  ) );
#1164 = PCURVE('',#1065,#1165);
#1165 = DEFINITIONAL_REPRESENTATION('',(#1166),#1169);
#1166 = B_SPLINE_CURVE_WITH_KNOTS('',1,(#1167,#1168),.UNSPECIFIED.,.F.,
  .F.,(2,2),(-24.,7.999999999999),.PIECEWISE_BEZIER_KNOTS.);
#1167 = CARTESIAN_POINT('',(7.58416489866,0.));
#1168 = CARTESIAN_POINT('',(7.58416489866,32.));
#1169 = ( GEOMETRIC_REPRESENTATION_CONTEXT(2) 
PARAMETRIC_REPRESENTATION_CONTEXT() REPRESENTATION_CONTEXT('2D SPACE',''
  ) );
#1170 = ORIENTED_EDGE('',*,*,#1171,.T.);
#1171 = EDGE_CURVE('',#1151,#1172,#1174,.T.);
#1172 = VERTEX_POINT('',#1173);
#1173 = CARTESIAN_POINT('',(-99.65873225245,-48.,1.796405578174));
#1174 = SURFACE_CURVE('',#1175,(#1179,#1185),.PCURVE_S1.);
#1175 = LINE('',#1176,#1177);
#1176 = CARTESIAN_POINT('',(-103.5392463393,-48.,65.242250071657));
#1177 = VECTOR('',#1178,1.);
#1178 = DIRECTION('',(6.104853953486E-02,0.,-0.998134798422));
#1179 = PCURVE('',#574,#1180);
#1180 = DEFINITIONAL_REPRESENTATION('',(#1181),#1184);
#1181 = B_SPLINE_CURVE_WITH_KNOTS('',1,(#1182,#1183),.UNSPECIFIED.,.F.,
  .F.,(2,2),(59.352955297545,65.364167419882),.PIECEWISE_BEZIER_KNOTS.);
#1182 = CARTESIAN_POINT('',(48.000000000001,-124.2317171949));
#1183 = CARTESIAN_POINT('',(48.000000000001,-130.2429293173));
#1184 = ( GEOMETRIC_REPRESENTATION_CONTEXT(2) 
PARAMETRIC_REPRESENTATION_CONTEXT() REPRESENTATION_CONTEXT('2D SPACE',''
  ) );
#1185 = PCURVE('',#100,#1186);
#1186 = DEFINITIONAL_REPRESENTATION('',(#1187),#1190);
#1187 = B_SPLINE_CURVE_WITH_KNOTS('',1,(#1188,#1189),.UNSPECIFIED.,.F.,
  .F.,(2,2),(59.352955297545,65.364167419882),.PIECEWISE_BEZIER_KNOTS.);
#1188 = CARTESIAN_POINT('',(6.,7.58416489866));
#1189 = CARTESIAN_POINT('',(0.,7.951140619563));
#1190 = ( GEOMETRIC_REPRESENTATION_CONTEXT(2) 
PARAMETRIC_REPRESENTATION_CONTEXT() REPRESENTATION_CONTEXT('2D SPACE',''
  ) );
#1191 = ORIENTED_EDGE('',*,*,#1192,.T.);
#1192 = EDGE_CURVE('',#1172,#1193,#1195,.T.);
#1193 = VERTEX_POINT('',#1194);
#1194 = CARTESIAN_POINT('',(-99.90714171425,-53.85786437748,
    5.857864377486));
#1195 = SURFACE_CURVE('',#1196,(#1201,#1208),.PCURVE_S1.);
#1196 = ELLIPSE('',#1197,20.037373741124,20.);
#1197 = AXIS2_PLACEMENT_3D('',#1198,#1199,#1200);
#1198 = CARTESIAN_POINT('',(-100.7721117835,-39.71572875375,
    20.000000001217));
#1199 = DIRECTION('',(-0.998134798422,0.,-6.104853953486E-02));
#1200 = DIRECTION('',(6.104853953486E-02,0.,-0.998134798422));
#1201 = PCURVE('',#574,#1202);
#1202 = DEFINITIONAL_REPRESENTATION('',(#1203),#1207);
#1203 = ELLIPSE('',#1204,20.037373741124,20.);
#1204 = AXIS2_PLACEMENT_2D('',#1205,#1206);
#1205 = CARTESIAN_POINT('',(39.715728753756,-110.2055555749));
#1206 = DIRECTION('',(0.,-1.));
#1207 = ( GEOMETRIC_REPRESENTATION_CONTEXT(2) 
PARAMETRIC_REPRESENTATION_CONTEXT() REPRESENTATION_CONTEXT('2D SPACE',''
  ) );
#1208 = PCURVE('',#156,#1209);
#1209 = DEFINITIONAL_REPRESENTATION('',(#1210),#1218);
#1210 = B_SPLINE_CURVE_WITH_KNOTS('',6,(#1211,#1212,#1213,#1214,#1215,
    #1216,#1217),.UNSPECIFIED.,.F.,.F.,(7,7),(3.553391240547E-16,
    0.785398163397),.PIECEWISE_BEZIER_KNOTS.);
#1211 = CARTESIAN_POINT('',(4.712388980385,-99.54885938051));
#1212 = CARTESIAN_POINT('',(4.581489286485,-99.54885938051));
#1213 = CARTESIAN_POINT('',(4.450589592586,-99.57401140984));
#1214 = CARTESIAN_POINT('',(4.319689898686,-99.62431610127));
#1215 = CARTESIAN_POINT('',(4.188790204786,-99.69847842087));
#1216 = CARTESIAN_POINT('',(4.057890510887,-99.79391739695));
#1217 = CARTESIAN_POINT('',(3.926990816987,-99.90714171425));
#1218 = ( GEOMETRIC_REPRESENTATION_CONTEXT(2) 
PARAMETRIC_REPRESENTATION_CONTEXT() REPRESENTATION_CONTEXT('2D SPACE',''
  ) );
#1219 = ORIENTED_EDGE('',*,*,#1220,.T.);
#1220 = EDGE_CURVE('',#1193,#1221,#1223,.T.);
#1221 = VERTEX_POINT('',#1222);
#1222 = CARTESIAN_POINT('',(-101.3867263526,-78.04885938043,
    30.048859380438));
#1223 = SURFACE_CURVE('',#1224,(#1228,#1234),.PCURVE_S1.);
#1224 = LINE('',#1225,#1226);
#1225 = CARTESIAN_POINT('',(-102.194823718,-91.26113451564,
    43.26113451564));
#1226 = VECTOR('',#1227,1.);
#1227 = DIRECTION('',(-4.320811339974E-02,-0.706446409481,0.706446409481
    ));
#1228 = PCURVE('',#574,#1229);
#1229 = DEFINITIONAL_REPRESENTATION('',(#1230),#1233);
#1230 = B_SPLINE_CURVE_WITH_KNOTS('',1,(#1231,#1232),.UNSPECIFIED.,.F.,
  .F.,(2,2),(-52.94565820731,-18.70244502327),.PIECEWISE_BEZIER_KNOTS.);
#1231 = CARTESIAN_POINT('',(53.857864377487,-124.3741184244));
#1232 = CARTESIAN_POINT('',(78.04885938044,-100.1379180222));
#1233 = ( GEOMETRIC_REPRESENTATION_CONTEXT(2) 
PARAMETRIC_REPRESENTATION_CONTEXT() REPRESENTATION_CONTEXT('2D SPACE',''
  ) );
#1234 = PCURVE('',#1235,#1240);
#1235 = PLANE('',#1236);
#1236 = AXIS2_PLACEMENT_3D('',#1237,#1238,#1239);
#1237 = CARTESIAN_POINT('',(0.,-96.4852813826,48.485281382608));
#1238 = DIRECTION('',(0.,-0.707106781187,-0.707106781187));
#1239 = DIRECTION('',(0.,0.707106781187,-0.707106781187));
#1240 = DEFINITIONAL_REPRESENTATION('',(#1241),#1244);
#1241 = B_SPLINE_CURVE_WITH_KNOTS('',1,(#1242,#1243),.UNSPECIFIED.,.F.,
  .F.,(2,2),(-52.94565820731,-18.70244502327),.PIECEWISE_BEZIER_KNOTS.);
#1242 = CARTESIAN_POINT('',(60.284271257577,-99.90714171425));
#1243 = CARTESIAN_POINT('',(26.073038037102,-101.3867263526));
#1244 = ( GEOMETRIC_REPRESENTATION_CONTEXT(2) 
PARAMETRIC_REPRESENTATION_CONTEXT() REPRESENTATION_CONTEXT('2D SPACE',''
  ) );
#1245 = ORIENTED_EDGE('',*,*,#1246,.T.);
#1246 = EDGE_CURVE('',#1221,#1247,#1249,.T.);
#1247 = VERTEX_POINT('',#1248);
#1248 = CARTESIAN_POINT('',(-105.6621330277,-78.04885938043,
    99.951140619562));
#1249 = SURFACE_CURVE('',#1250,(#1254,#1261),.PCURVE_S1.);
#1250 = LINE('',#1251,#1252);
#1251 = CARTESIAN_POINT('',(-99.54885938043,-78.04885938043,0.));
#1252 = VECTOR('',#1253,1.);
#1253 = DIRECTION('',(-6.104853953486E-02,0.,0.998134798422));
#1254 = PCURVE('',#574,#1255);
#1255 = DEFINITIONAL_REPRESENTATION('',(#1256),#1260);
#1256 = LINE('',#1257,#1258);
#1257 = CARTESIAN_POINT('',(78.04885938044,-130.2429293173));
#1258 = VECTOR('',#1259,1.);
#1259 = DIRECTION('',(-0.,1.));
#1260 = ( GEOMETRIC_REPRESENTATION_CONTEXT(2) 
PARAMETRIC_REPRESENTATION_CONTEXT() REPRESENTATION_CONTEXT('2D SPACE',''
  ) );
#1261 = PCURVE('',#1262,#1267);
#1262 = CONICAL_SURFACE('',#1263,14.,6.10865238198E-02);
#1263 = AXIS2_PLACEMENT_3D('',#1264,#1265,#1266);
#1264 = CARTESIAN_POINT('',(-85.54885938043,-78.04885938043,0.));
#1265 = DIRECTION('',(0.,0.,1.));
#1266 = DIRECTION('',(1.,0.,0.));
#1267 = DEFINITIONAL_REPRESENTATION('',(#1268),#1272);
#1268 = LINE('',#1269,#1270);
#1269 = CARTESIAN_POINT('',(3.14159265359,0.));
#1270 = VECTOR('',#1271,1.);
#1271 = DIRECTION('',(0.,1.));
#1272 = ( GEOMETRIC_REPRESENTATION_CONTEXT(2) 
PARAMETRIC_REPRESENTATION_CONTEXT() REPRESENTATION_CONTEXT('2D SPACE',''
  ) );
#1273 = ORIENTED_EDGE('',*,*,#1274,.T.);
#1274 = EDGE_CURVE('',#1247,#1275,#1277,.T.);
#1275 = VERTEX_POINT('',#1276);
#1276 = CARTESIAN_POINT('',(-107.1417176662,-53.85786437626,
    124.14213562373));
#1277 = SURFACE_CURVE('',#1278,(#1282,#1288),.PCURVE_S1.);
#1278 = LINE('',#1279,#1280);
#1279 = CARTESIAN_POINT('',(-107.9534263946,-40.58654397785,
    137.41345602214));
#1280 = VECTOR('',#1281,1.);
#1281 = DIRECTION('',(-4.320811339974E-02,0.706446409481,0.706446409481)
  );
#1282 = PCURVE('',#574,#1283);
#1283 = DEFINITIONAL_REPRESENTATION('',(#1284),#1287);
#1284 = B_SPLINE_CURVE_WITH_KNOTS('',1,(#1285,#1286),.UNSPECIFIED.,.F.,
  .F.,(2,2),(-53.02923887761,-18.78602569184),.PIECEWISE_BEZIER_KNOTS.);
#1285 = CARTESIAN_POINT('',(78.04885938044,-30.10501129501));
#1286 = CARTESIAN_POINT('',(53.85786437627,-5.868810891606));
#1287 = ( GEOMETRIC_REPRESENTATION_CONTEXT(2) 
PARAMETRIC_REPRESENTATION_CONTEXT() REPRESENTATION_CONTEXT('2D SPACE',''
  ) );
#1288 = PCURVE('',#1289,#1294);
#1289 = PLANE('',#1290);
#1290 = AXIS2_PLACEMENT_3D('',#1291,#1292,#1293);
#1291 = CARTESIAN_POINT('',(0.,-53.85786437626,124.14213562373));
#1292 = DIRECTION('',(0.,-0.707106781187,0.707106781187));
#1293 = DIRECTION('',(0.,-0.707106781187,-0.707106781187));
#1294 = DEFINITIONAL_REPRESENTATION('',(#1295),#1298);
#1295 = B_SPLINE_CURVE_WITH_KNOTS('',1,(#1296,#1297),.UNSPECIFIED.,.F.,
  .F.,(2,2),(-53.02923887761,-18.78602569184),.PIECEWISE_BEZIER_KNOTS.);
#1296 = CARTESIAN_POINT('',(34.211233222196,-105.6621330277));
#1297 = CARTESIAN_POINT('',(0.,-107.1417176662));
#1298 = ( GEOMETRIC_REPRESENTATION_CONTEXT(2) 
PARAMETRIC_REPRESENTATION_CONTEXT() REPRESENTATION_CONTEXT('2D SPACE',''
  ) );
#1299 = ORIENTED_EDGE('',*,*,#1300,.T.);
#1300 = EDGE_CURVE('',#1275,#1301,#1303,.T.);
#1301 = VERTEX_POINT('',#1302);
#1302 = CARTESIAN_POINT('',(-107.5,-39.71572875253,130.));
#1303 = SURFACE_CURVE('',#1304,(#1309,#1316),.PCURVE_S1.);
#1304 = ELLIPSE('',#1305,20.037373741124,20.);
#1305 = AXIS2_PLACEMENT_3D('',#1306,#1307,#1308);
#1306 = CARTESIAN_POINT('',(-106.2767475969,-39.71572875253,110.));
#1307 = DIRECTION('',(-0.998134798422,0.,-6.104853953486E-02));
#1308 = DIRECTION('',(6.104853953486E-02,0.,-0.998134798422));
#1309 = PCURVE('',#574,#1310);
#1310 = DEFINITIONAL_REPRESENTATION('',(#1311),#1315);
#1311 = ELLIPSE('',#1312,20.037373741124,20.);
#1312 = AXIS2_PLACEMENT_2D('',#1313,#1314);
#1313 = CARTESIAN_POINT('',(39.715728752539,-20.03737374112));
#1314 = DIRECTION('',(0.,-1.));
#1315 = ( GEOMETRIC_REPRESENTATION_CONTEXT(2) 
PARAMETRIC_REPRESENTATION_CONTEXT() REPRESENTATION_CONTEXT('2D SPACE',''
  ) );
#1316 = PCURVE('',#1317,#1322);
#1317 = CYLINDRICAL_SURFACE('',#1318,20.);
#1318 = AXIS2_PLACEMENT_3D('',#1319,#1320,#1321);
#1319 = CARTESIAN_POINT('',(0.,-39.71572875253,110.));
#1320 = DIRECTION('',(1.,0.,0.));
#1321 = DIRECTION('',(0.,1.,0.));
#1322 = DEFINITIONAL_REPRESENTATION('',(#1323),#1331);
#1323 = B_SPLINE_CURVE_WITH_KNOTS('',6,(#1324,#1325,#1326,#1327,#1328,
    #1329,#1330),.UNSPECIFIED.,.F.,.F.,(7,7),(2.356194490192,
    3.14159265359),.PIECEWISE_BEZIER_KNOTS.);
#1324 = CARTESIAN_POINT('',(2.356194490192,-107.1417176662));
#1325 = CARTESIAN_POINT('',(2.225294796293,-107.2549419835));
#1326 = CARTESIAN_POINT('',(2.094395102393,-107.3503809596));
#1327 = CARTESIAN_POINT('',(1.963495408494,-107.4245432792));
#1328 = CARTESIAN_POINT('',(1.832595714594,-107.4748479706));
#1329 = CARTESIAN_POINT('',(1.701696020694,-107.5));
#1330 = CARTESIAN_POINT('',(1.570796326795,-107.5));
#1331 = ( GEOMETRIC_REPRESENTATION_CONTEXT(2) 
PARAMETRIC_REPRESENTATION_CONTEXT() REPRESENTATION_CONTEXT('2D SPACE',''
  ) );
#1332 = ORIENTED_EDGE('',*,*,#1333,.T.);
#1333 = EDGE_CURVE('',#1301,#1334,#1336,.T.);
#1334 = VERTEX_POINT('',#1335);
#1335 = CARTESIAN_POINT('',(-107.5,78.048859365317,130.));
#1336 = SURFACE_CURVE('',#1337,(#1341,#1348),.PCURVE_S1.);
#1337 = LINE('',#1338,#1339);
#1338 = CARTESIAN_POINT('',(-107.5,1.278976924368E-12,130.));
#1339 = VECTOR('',#1340,1.);
#1340 = DIRECTION('',(0.,1.,0.));
#1341 = PCURVE('',#574,#1342);
#1342 = DEFINITIONAL_REPRESENTATION('',(#1343),#1347);
#1343 = LINE('',#1344,#1345);
#1344 = CARTESIAN_POINT('',(0.,0.));
#1345 = VECTOR('',#1346,1.);
#1346 = DIRECTION('',(-1.,0.));
#1347 = ( GEOMETRIC_REPRESENTATION_CONTEXT(2) 
PARAMETRIC_REPRESENTATION_CONTEXT() REPRESENTATION_CONTEXT('2D SPACE',''
  ) );
#1348 = PCURVE('',#1349,#1354);
#1349 = PLANE('',#1350);
#1350 = AXIS2_PLACEMENT_3D('',#1351,#1352,#1353);
#1351 = CARTESIAN_POINT('',(-85.54885938043,-78.04885938043,130.));
#1352 = DIRECTION('',(0.,0.,1.));
#1353 = DIRECTION('',(1.,0.,0.));
#1354 = DEFINITIONAL_REPRESENTATION('',(#1355),#1359);
#1355 = LINE('',#1356,#1357);
#1356 = CARTESIAN_POINT('',(-21.95114061956,78.04885938044));
#1357 = VECTOR('',#1358,1.);
#1358 = DIRECTION('',(0.,1.));
#1359 = ( GEOMETRIC_REPRESENTATION_CONTEXT(2) 
PARAMETRIC_REPRESENTATION_CONTEXT() REPRESENTATION_CONTEXT('2D SPACE',''
  ) );
#1360 = ORIENTED_EDGE('',*,*,#1361,.T.);
#1361 = EDGE_CURVE('',#1334,#1362,#1364,.T.);
#1362 = VERTEX_POINT('',#1363);
#1363 = CARTESIAN_POINT('',(-99.91583510134,78.048859365317,6.));
#1364 = SURFACE_CURVE('',#1365,(#1369,#1376),.PCURVE_S1.);
#1365 = LINE('',#1366,#1367);
#1366 = CARTESIAN_POINT('',(-107.5,78.048859365317,130.));
#1367 = VECTOR('',#1368,1.);
#1368 = DIRECTION('',(6.104853953486E-02,0.,-0.998134798422));
#1369 = PCURVE('',#574,#1370);
#1370 = DEFINITIONAL_REPRESENTATION('',(#1371),#1375);
#1371 = LINE('',#1372,#1373);
#1372 = CARTESIAN_POINT('',(-78.04885936531,0.));
#1373 = VECTOR('',#1374,1.);
#1374 = DIRECTION('',(0.,-1.));
#1375 = ( GEOMETRIC_REPRESENTATION_CONTEXT(2) 
PARAMETRIC_REPRESENTATION_CONTEXT() REPRESENTATION_CONTEXT('2D SPACE',''
  ) );
#1376 = PCURVE('',#1377,#1382);
#1377 = CONICAL_SURFACE('',#1378,14.,6.10865238198E-02);
#1378 = AXIS2_PLACEMENT_3D('',#1379,#1380,#1381);
#1379 = CARTESIAN_POINT('',(-85.54885938043,78.048859365317,0.));
#1380 = DIRECTION('',(0.,0.,1.));
#1381 = DIRECTION('',(1.,0.,0.));
#1382 = DEFINITIONAL_REPRESENTATION('',(#1383),#1387);
#1383 = LINE('',#1384,#1385);
#1384 = CARTESIAN_POINT('',(3.14159265359,130.));
#1385 = VECTOR('',#1386,1.);
#1386 = DIRECTION('',(0.,-1.));
#1387 = ( GEOMETRIC_REPRESENTATION_CONTEXT(2) 
PARAMETRIC_REPRESENTATION_CONTEXT() REPRESENTATION_CONTEXT('2D SPACE',''
  ) );
#1388 = ORIENTED_EDGE('',*,*,#1389,.F.);
#1389 = EDGE_CURVE('',#1390,#1362,#1392,.T.);
#1390 = VERTEX_POINT('',#1391);
#1391 = CARTESIAN_POINT('',(-99.91583510134,68.,6.));
#1392 = SURFACE_CURVE('',#1393,(#1397,#1403),.PCURVE_S1.);
#1393 = LINE('',#1394,#1395);
#1394 = CARTESIAN_POINT('',(-99.91583510134,34.000000000001,6.));
#1395 = VECTOR('',#1396,1.);
#1396 = DIRECTION('',(0.,1.,-0.));
#1397 = PCURVE('',#574,#1398);
#1398 = DEFINITIONAL_REPRESENTATION('',(#1399),#1402);
#1399 = B_SPLINE_CURVE_WITH_KNOTS('',1,(#1400,#1401),.UNSPECIFIED.,.F.,
  .F.,(2,2),(33.999999999999,44.048859365317),.PIECEWISE_BEZIER_KNOTS.);
#1400 = CARTESIAN_POINT('',(-67.99999999999,-124.2317171949));
#1401 = CARTESIAN_POINT('',(-78.04885936531,-124.2317171949));
#1402 = ( GEOMETRIC_REPRESENTATION_CONTEXT(2) 
PARAMETRIC_REPRESENTATION_CONTEXT() REPRESENTATION_CONTEXT('2D SPACE',''
  ) );
#1403 = PCURVE('',#1404,#1409);
#1404 = PLANE('',#1405);
#1405 = AXIS2_PLACEMENT_3D('',#1406,#1407,#1408);
#1406 = CARTESIAN_POINT('',(-107.5,68.,6.));
#1407 = DIRECTION('',(0.,0.,1.));
#1408 = DIRECTION('',(1.,0.,-0.));
#1409 = DEFINITIONAL_REPRESENTATION('',(#1410),#1413);
#1410 = B_SPLINE_CURVE_WITH_KNOTS('',1,(#1411,#1412),.UNSPECIFIED.,.F.,
  .F.,(2,2),(33.999999999999,44.048859365317),.PIECEWISE_BEZIER_KNOTS.);
#1411 = CARTESIAN_POINT('',(7.58416489866,0.));
#1412 = CARTESIAN_POINT('',(7.58416489866,10.048859365317));
#1413 = ( GEOMETRIC_REPRESENTATION_CONTEXT(2) 
PARAMETRIC_REPRESENTATION_CONTEXT() REPRESENTATION_CONTEXT('2D SPACE',''
  ) );
#1414 = ORIENTED_EDGE('',*,*,#1415,.T.);
#1415 = EDGE_CURVE('',#1390,#533,#1416,.T.);
#1416 = SURFACE_CURVE('',#1417,(#1421,#1427),.PCURVE_S1.);
#1417 = LINE('',#1418,#1419);
#1418 = CARTESIAN_POINT('',(-103.5392463393,68.,65.242250071657));
#1419 = VECTOR('',#1420,1.);
#1420 = DIRECTION('',(6.104853953486E-02,0.,-0.998134798422));
#1421 = PCURVE('',#574,#1422);
#1422 = DEFINITIONAL_REPRESENTATION('',(#1423),#1426);
#1423 = B_SPLINE_CURVE_WITH_KNOTS('',1,(#1424,#1425),.UNSPECIFIED.,.F.,
  .F.,(2,2),(59.352955297545,65.364167419882),.PIECEWISE_BEZIER_KNOTS.);
#1424 = CARTESIAN_POINT('',(-67.99999999999,-124.2317171949));
#1425 = CARTESIAN_POINT('',(-67.99999999999,-130.2429293173));
#1426 = ( GEOMETRIC_REPRESENTATION_CONTEXT(2) 
PARAMETRIC_REPRESENTATION_CONTEXT() REPRESENTATION_CONTEXT('2D SPACE',''
  ) );
#1427 = PCURVE('',#548,#1428);
#1428 = DEFINITIONAL_REPRESENTATION('',(#1429),#1432);
#1429 = B_SPLINE_CURVE_WITH_KNOTS('',1,(#1430,#1431),.UNSPECIFIED.,.F.,
  .F.,(2,2),(59.352955297545,65.364167419882),.PIECEWISE_BEZIER_KNOTS.);
#1430 = CARTESIAN_POINT('',(6.,7.58416489866));
#1431 = CARTESIAN_POINT('',(0.,7.951140619563));
#1432 = ( GEOMETRIC_REPRESENTATION_CONTEXT(2) 
PARAMETRIC_REPRESENTATION_CONTEXT() REPRESENTATION_CONTEXT('2D SPACE',''
  ) );
#1433 = FACE_BOUND('',#1434,.T.);
#1434 = EDGE_LOOP('',(#1435));
#1435 = ORIENTED_EDGE('',*,*,#1436,.F.);
#1436 = EDGE_CURVE('',#1437,#1437,#1439,.T.);
#1437 = VERTEX_POINT('',#1438);
#1438 = CARTESIAN_POINT('',(-102.3011772872,42.,45.));
#1439 = SURFACE_CURVE('',#1440,(#1445,#1452),.PCURVE_S1.);
#1440 = ELLIPSE('',#1441,3.005606061169,3.);
#1441 = AXIS2_PLACEMENT_3D('',#1442,#1443,#1444);
#1442 = CARTESIAN_POINT('',(-102.4846651476,42.,48.));
#1443 = DIRECTION('',(-0.998134798422,0.,-6.104853953486E-02));
#1444 = DIRECTION('',(6.104853953486E-02,0.,-0.998134798422));
#1445 = PCURVE('',#574,#1446);
#1446 = DEFINITIONAL_REPRESENTATION('',(#1447),#1451);
#1447 = ELLIPSE('',#1448,3.005606061169,3.);
#1448 = AXIS2_PLACEMENT_2D('',#1449,#1450);
#1449 = CARTESIAN_POINT('',(-41.99999999999,-82.1532323386));
#1450 = DIRECTION('',(0.,-1.));
#1451 = ( GEOMETRIC_REPRESENTATION_CONTEXT(2) 
PARAMETRIC_REPRESENTATION_CONTEXT() REPRESENTATION_CONTEXT('2D SPACE',''
  ) );
#1452 = PCURVE('',#1453,#1458);
#1453 = CYLINDRICAL_SURFACE('',#1454,3.);
#1454 = AXIS2_PLACEMENT_3D('',#1455,#1456,#1457);
#1455 = CARTESIAN_POINT('',(-137.5,42.,48.));
#1456 = DIRECTION('',(1.,0.,2.22044604925E-16));
#1457 = DIRECTION('',(2.22044604925E-16,0.,-1.));
#1458 = DEFINITIONAL_REPRESENTATION('',(#1459),#1483);
#1459 = B_SPLINE_CURVE_WITH_KNOTS('',8,(#1460,#1461,#1462,#1463,#1464,
    #1465,#1466,#1467,#1468,#1469,#1470,#1471,#1472,#1473,#1474,#1475,
    #1476,#1477,#1478,#1479,#1480,#1481,#1482),.UNSPECIFIED.,.F.,.F.,(9,
    7,7,9),(0.,1.570796326795,3.926990816987,6.28318530718),
  .UNSPECIFIED.);
#1460 = CARTESIAN_POINT('',(6.28318530718,35.198822712791));
#1461 = CARTESIAN_POINT('',(6.08683576633,35.198822712791));
#1462 = CARTESIAN_POINT('',(5.890486225481,35.190737961606));
#1463 = CARTESIAN_POINT('',(5.694136684632,35.174569436612));
#1464 = CARTESIAN_POINT('',(5.497787143782,35.150979109192));
#1465 = CARTESIAN_POINT('',(5.301437602933,35.121302033214));
#1466 = CARTESIAN_POINT('',(5.105088062083,35.08739024125));
#1467 = CARTESIAN_POINT('',(4.908738521234,35.051362609491));
#1468 = CARTESIAN_POINT('',(4.417864669111,34.961293216613));
#1469 = CARTESIAN_POINT('',(4.123340357839,34.90725138507));
#1470 = CARTESIAN_POINT('',(3.828816046559,34.86035455238));
#1471 = CARTESIAN_POINT('',(3.534291735298,34.827737539337));
#1472 = CARTESIAN_POINT('',(3.239767424019,34.814587707719));
#1473 = CARTESIAN_POINT('',(2.945243112744,34.82202559735));
#1474 = CARTESIAN_POINT('',(2.650718801466,34.84737613486));
#1475 = CARTESIAN_POINT('',(2.061670178918,34.923802549038));
#1476 = CARTESIAN_POINT('',(1.767145867644,34.974878702567));
#1477 = CARTESIAN_POINT('',(1.472621556367,35.033762949737));
#1478 = CARTESIAN_POINT('',(1.178097245105,35.093040203559));
#1479 = CARTESIAN_POINT('',(0.883572933824,35.144253887061));
#1480 = CARTESIAN_POINT('',(0.589048622551,35.180631955212));
#1481 = CARTESIAN_POINT('',(0.294524311274,35.198822712791));
#1482 = CARTESIAN_POINT('',(1.15463194561E-14,35.198822712791));
#1483 = ( GEOMETRIC_REPRESENTATION_CONTEXT(2) 
PARAMETRIC_REPRESENTATION_CONTEXT() REPRESENTATION_CONTEXT('2D SPACE',''
  ) );
#1484 = FACE_BOUND('',#1485,.T.);
#1485 = EDGE_LOOP('',(#1486));
#1486 = ORIENTED_EDGE('',*,*,#1487,.F.);
#1487 = EDGE_CURVE('',#1488,#1488,#1490,.T.);
#1488 = VERTEX_POINT('',#1489);
#1489 = CARTESIAN_POINT('',(-102.3011772872,21.,45.));
#1490 = SURFACE_CURVE('',#1491,(#1496,#1503),.PCURVE_S1.);
#1491 = ELLIPSE('',#1492,3.005606061169,3.);
#1492 = AXIS2_PLACEMENT_3D('',#1493,#1494,#1495);
#1493 = CARTESIAN_POINT('',(-102.4846651476,21.,48.));
#1494 = DIRECTION('',(-0.998134798422,0.,-6.104853953486E-02));
#1495 = DIRECTION('',(6.104853953486E-02,0.,-0.998134798422));
#1496 = PCURVE('',#574,#1497);
#1497 = DEFINITIONAL_REPRESENTATION('',(#1498),#1502);
#1498 = ELLIPSE('',#1499,3.005606061169,3.);
#1499 = AXIS2_PLACEMENT_2D('',#1500,#1501);
#1500 = CARTESIAN_POINT('',(-20.99999999999,-82.1532323386));
#1501 = DIRECTION('',(0.,-1.));
#1502 = ( GEOMETRIC_REPRESENTATION_CONTEXT(2) 
PARAMETRIC_REPRESENTATION_CONTEXT() REPRESENTATION_CONTEXT('2D SPACE',''
  ) );
#1503 = PCURVE('',#1504,#1509);
#1504 = CYLINDRICAL_SURFACE('',#1505,3.);
#1505 = AXIS2_PLACEMENT_3D('',#1506,#1507,#1508);
#1506 = CARTESIAN_POINT('',(-137.5,21.,48.));
#1507 = DIRECTION('',(1.,0.,2.22044604925E-16));
#1508 = DIRECTION('',(2.22044604925E-16,0.,-1.));
#1509 = DEFINITIONAL_REPRESENTATION('',(#1510),#1534);
#1510 = B_SPLINE_CURVE_WITH_KNOTS('',8,(#1511,#1512,#1513,#1514,#1515,
    #1516,#1517,#1518,#1519,#1520,#1521,#1522,#1523,#1524,#1525,#1526,
    #1527,#1528,#1529,#1530,#1531,#1532,#1533),.UNSPECIFIED.,.F.,.F.,(9,
    7,7,9),(0.,1.570796326795,3.926990816987,6.28318530718),
  .UNSPECIFIED.);
#1511 = CARTESIAN_POINT('',(6.28318530718,35.198822712791));
#1512 = CARTESIAN_POINT('',(6.08683576633,35.198822712791));
#1513 = CARTESIAN_POINT('',(5.890486225481,35.190737961606));
#1514 = CARTESIAN_POINT('',(5.694136684632,35.174569436612));
#1515 = CARTESIAN_POINT('',(5.497787143782,35.150979109192));
#1516 = CARTESIAN_POINT('',(5.301437602933,35.121302033214));
#1517 = CARTESIAN_POINT('',(5.105088062083,35.08739024125));
#1518 = CARTESIAN_POINT('',(4.908738521234,35.051362609491));
#1519 = CARTESIAN_POINT('',(4.417864669111,34.961293216613));
#1520 = CARTESIAN_POINT('',(4.123340357837,34.90725138507));
#1521 = CARTESIAN_POINT('',(3.828816046572,34.86035455238));
#1522 = CARTESIAN_POINT('',(3.534291735282,34.827737539337));
#1523 = CARTESIAN_POINT('',(3.239767424029,34.814587707719));
#1524 = CARTESIAN_POINT('',(2.945243112741,34.82202559735));
#1525 = CARTESIAN_POINT('',(2.650718801466,34.84737613486));
#1526 = CARTESIAN_POINT('',(2.061670178918,34.923802549038));
#1527 = CARTESIAN_POINT('',(1.767145867644,34.974878702567));
#1528 = CARTESIAN_POINT('',(1.472621556367,35.033762949737));
#1529 = CARTESIAN_POINT('',(1.17809724509,35.093040203559));
#1530 = CARTESIAN_POINT('',(0.883572933824,35.144253887061));
#1531 = CARTESIAN_POINT('',(0.589048622551,35.180631955212));
#1532 = CARTESIAN_POINT('',(0.294524311274,35.198822712791));
#1533 = CARTESIAN_POINT('',(1.15463194561E-14,35.198822712791));
#1534 = ( GEOMETRIC_REPRESENTATION_CONTEXT(2) 
PARAMETRIC_REPRESENTATION_CONTEXT() REPRESENTATION_CONTEXT('2D SPACE',''
  ) );
#1535 = FACE_BOUND('',#1536,.T.);
#1536 = EDGE_LOOP('',(#1537));
#1537 = ORIENTED_EDGE('',*,*,#1538,.F.);
#1538 = EDGE_CURVE('',#1539,#1539,#1541,.T.);
#1539 = VERTEX_POINT('',#1540);
#1540 = CARTESIAN_POINT('',(-103.4938483801,42.,64.5));
#1541 = SURFACE_CURVE('',#1542,(#1547,#1554),.PCURVE_S1.);
#1542 = ELLIPSE('',#1543,4.508409091753,4.5);
#1543 = AXIS2_PLACEMENT_3D('',#1544,#1545,#1546);
#1544 = CARTESIAN_POINT('',(-103.7690801708,42.,69.));
#1545 = DIRECTION('',(-0.998134798422,0.,-6.104853953486E-02));
#1546 = DIRECTION('',(6.104853953486E-02,0.,-0.998134798422));
#1547 = PCURVE('',#574,#1548);
#1548 = DEFINITIONAL_REPRESENTATION('',(#1549),#1553);
#1549 = ELLIPSE('',#1550,4.508409091753,4.5);
#1550 = AXIS2_PLACEMENT_2D('',#1551,#1552);
#1551 = CARTESIAN_POINT('',(-41.99999999999,-61.11398991042));
#1552 = DIRECTION('',(0.,-1.));
#1553 = ( GEOMETRIC_REPRESENTATION_CONTEXT(2) 
PARAMETRIC_REPRESENTATION_CONTEXT() REPRESENTATION_CONTEXT('2D SPACE',''
  ) );
#1554 = PCURVE('',#1555,#1560);
#1555 = CYLINDRICAL_SURFACE('',#1556,4.5);
#1556 = AXIS2_PLACEMENT_3D('',#1557,#1558,#1559);
#1557 = CARTESIAN_POINT('',(-137.5,42.,69.));
#1558 = DIRECTION('',(1.,0.,2.22044604925E-16));
#1559 = DIRECTION('',(2.22044604925E-16,0.,-1.));
#1560 = DEFINITIONAL_REPRESENTATION('',(#1561),#1585);
#1561 = B_SPLINE_CURVE_WITH_KNOTS('',8,(#1562,#1563,#1564,#1565,#1566,
    #1567,#1568,#1569,#1570,#1571,#1572,#1573,#1574,#1575,#1576,#1577,
    #1578,#1579,#1580,#1581,#1582,#1583,#1584),.UNSPECIFIED.,.F.,.F.,(9,
    7,7,9),(0.,1.570796326795,3.926990816987,6.28318530718),
  .UNSPECIFIED.);
#1562 = CARTESIAN_POINT('',(6.28318530718,34.006151619857));
#1563 = CARTESIAN_POINT('',(6.08683576633,34.006151619857));
#1564 = CARTESIAN_POINT('',(5.890486225481,33.994024493088));
#1565 = CARTESIAN_POINT('',(5.694136684631,33.969771705556));
#1566 = CARTESIAN_POINT('',(5.497787143782,33.934386214445));
#1567 = CARTESIAN_POINT('',(5.301437602933,33.889870600506));
#1568 = CARTESIAN_POINT('',(5.105088062083,33.839002912534));
#1569 = CARTESIAN_POINT('',(4.908738521234,33.784961464906));
#1570 = CARTESIAN_POINT('',(4.417864669111,33.64985737559));
#1571 = CARTESIAN_POINT('',(4.12334035784,33.568794628209));
#1572 = CARTESIAN_POINT('',(3.828816046552,33.498449379593));
#1573 = CARTESIAN_POINT('',(3.534291735306,33.449523859163));
#1574 = CARTESIAN_POINT('',(3.239767424005,33.429799112491));
#1575 = CARTESIAN_POINT('',(2.945243112745,33.440955946608));
#1576 = CARTESIAN_POINT('',(2.650718801466,33.478981752961));
#1577 = CARTESIAN_POINT('',(2.061670178918,33.593621374227));
#1578 = CARTESIAN_POINT('',(1.767145867648,33.670235604641));
#1579 = CARTESIAN_POINT('',(1.472621556365,33.758561975032));
#1580 = CARTESIAN_POINT('',(1.178097245105,33.847477856558));
#1581 = CARTESIAN_POINT('',(0.883572933831,33.92429838088));
#1582 = CARTESIAN_POINT('',(0.58904862255,33.97886548355));
#1583 = CARTESIAN_POINT('',(0.294524311274,34.006151619857));
#1584 = CARTESIAN_POINT('',(1.06581410364E-14,34.006151619857));
#1585 = ( GEOMETRIC_REPRESENTATION_CONTEXT(2) 
PARAMETRIC_REPRESENTATION_CONTEXT() REPRESENTATION_CONTEXT('2D SPACE',''
  ) );
#1586 = FACE_BOUND('',#1587,.T.);
#1587 = EDGE_LOOP('',(#1588));
#1588 = ORIENTED_EDGE('',*,*,#1589,.F.);
#1589 = EDGE_CURVE('',#1590,#1590,#1592,.T.);
#1590 = VERTEX_POINT('',#1591);
#1591 = CARTESIAN_POINT('',(-103.4938483801,21.,64.5));
#1592 = SURFACE_CURVE('',#1593,(#1598,#1605),.PCURVE_S1.);
#1593 = ELLIPSE('',#1594,4.508409091753,4.5);
#1594 = AXIS2_PLACEMENT_3D('',#1595,#1596,#1597);
#1595 = CARTESIAN_POINT('',(-103.7690801708,21.,69.));
#1596 = DIRECTION('',(-0.998134798422,0.,-6.104853953486E-02));
#1597 = DIRECTION('',(6.104853953486E-02,0.,-0.998134798422));
#1598 = PCURVE('',#574,#1599);
#1599 = DEFINITIONAL_REPRESENTATION('',(#1600),#1604);
#1600 = ELLIPSE('',#1601,4.508409091753,4.5);
#1601 = AXIS2_PLACEMENT_2D('',#1602,#1603);
#1602 = CARTESIAN_POINT('',(-20.99999999999,-61.11398991042));
#1603 = DIRECTION('',(0.,-1.));
#1604 = ( GEOMETRIC_REPRESENTATION_CONTEXT(2) 
PARAMETRIC_REPRESENTATION_CONTEXT() REPRESENTATION_CONTEXT('2D SPACE',''
  ) );
#1605 = PCURVE('',#1606,#1611);
#1606 = CYLINDRICAL_SURFACE('',#1607,4.5);
#1607 = AXIS2_PLACEMENT_3D('',#1608,#1609,#1610);
#1608 = CARTESIAN_POINT('',(-137.5,21.,69.));
#1609 = DIRECTION('',(1.,0.,2.22044604925E-16));
#1610 = DIRECTION('',(2.22044604925E-16,0.,-1.));
#1611 = DEFINITIONAL_REPRESENTATION('',(#1612),#1636);
#1612 = B_SPLINE_CURVE_WITH_KNOTS('',8,(#1613,#1614,#1615,#1616,#1617,
    #1618,#1619,#1620,#1621,#1622,#1623,#1624,#1625,#1626,#1627,#1628,
    #1629,#1630,#1631,#1632,#1633,#1634,#1635),.UNSPECIFIED.,.F.,.F.,(9,
    7,7,9),(0.,1.570796326795,3.926990816987,6.28318530718),
  .UNSPECIFIED.);
#1613 = CARTESIAN_POINT('',(6.28318530718,34.006151619857));
#1614 = CARTESIAN_POINT('',(6.08683576633,34.006151619857));
#1615 = CARTESIAN_POINT('',(5.890486225481,33.994024493088));
#1616 = CARTESIAN_POINT('',(5.694136684632,33.969771705556));
#1617 = CARTESIAN_POINT('',(5.497787143782,33.934386214445));
#1618 = CARTESIAN_POINT('',(5.301437602933,33.889870600506));
#1619 = CARTESIAN_POINT('',(5.105088062084,33.839002912534));
#1620 = CARTESIAN_POINT('',(4.908738521234,33.784961464906));
#1621 = CARTESIAN_POINT('',(4.417864669111,33.64985737559));
#1622 = CARTESIAN_POINT('',(4.123340357835,33.568794628209));
#1623 = CARTESIAN_POINT('',(3.828816046565,33.498449379593));
#1624 = CARTESIAN_POINT('',(3.534291735288,33.449523859163));
#1625 = CARTESIAN_POINT('',(3.239767424019,33.429799112491));
#1626 = CARTESIAN_POINT('',(2.94524311274,33.440955946608));
#1627 = CARTESIAN_POINT('',(2.650718801466,33.478981752961));
#1628 = CARTESIAN_POINT('',(2.061670178918,33.593621374227));
#1629 = CARTESIAN_POINT('',(1.76714586765,33.670235604641));
#1630 = CARTESIAN_POINT('',(1.472621556387,33.758561975032));
#1631 = CARTESIAN_POINT('',(1.178097245134,33.847477856558));
#1632 = CARTESIAN_POINT('',(0.883572933816,33.92429838088));
#1633 = CARTESIAN_POINT('',(0.58904862255,33.97886548355));
#1634 = CARTESIAN_POINT('',(0.294524311274,34.006151619857));
#1635 = CARTESIAN_POINT('',(1.15463194561E-14,34.006151619857));
#1636 = ( GEOMETRIC_REPRESENTATION_CONTEXT(2) 
PARAMETRIC_REPRESENTATION_CONTEXT() REPRESENTATION_CONTEXT('2D SPACE',''
  ) );
#1637 = FACE_BOUND('',#1638,.T.);
#1638 = EDGE_LOOP('',(#1639));
#1639 = ORIENTED_EDGE('',*,*,#1640,.F.);
#1640 = EDGE_CURVE('',#1641,#1641,#1643,.T.);
#1641 = VERTEX_POINT('',#1642);
#1642 = CARTESIAN_POINT('',(-102.3011772872,-7.347880794884E-16,45.));
#1643 = SURFACE_CURVE('',#1644,(#1649,#1656),.PCURVE_S1.);
#1644 = ELLIPSE('',#1645,3.005606061169,3.);
#1645 = AXIS2_PLACEMENT_3D('',#1646,#1647,#1648);
#1646 = CARTESIAN_POINT('',(-102.4846651476,0.,48.));
#1647 = DIRECTION('',(-0.998134798422,0.,-6.104853953486E-02));
#1648 = DIRECTION('',(6.104853953486E-02,0.,-0.998134798422));
#1649 = PCURVE('',#574,#1650);
#1650 = DEFINITIONAL_REPRESENTATION('',(#1651),#1655);
#1651 = ELLIPSE('',#1652,3.005606061169,3.);
#1652 = AXIS2_PLACEMENT_2D('',#1653,#1654);
#1653 = CARTESIAN_POINT('',(1.278976924368E-12,-82.1532323386));
#1654 = DIRECTION('',(0.,-1.));
#1655 = ( GEOMETRIC_REPRESENTATION_CONTEXT(2) 
PARAMETRIC_REPRESENTATION_CONTEXT() REPRESENTATION_CONTEXT('2D SPACE',''
  ) );
#1656 = PCURVE('',#1657,#1662);
#1657 = CYLINDRICAL_SURFACE('',#1658,3.);
#1658 = AXIS2_PLACEMENT_3D('',#1659,#1660,#1661);
#1659 = CARTESIAN_POINT('',(-137.5,0.,48.));
#1660 = DIRECTION('',(1.,0.,2.22044604925E-16));
#1661 = DIRECTION('',(2.22044604925E-16,0.,-1.));
#1662 = DEFINITIONAL_REPRESENTATION('',(#1663),#1687);
#1663 = B_SPLINE_CURVE_WITH_KNOTS('',8,(#1664,#1665,#1666,#1667,#1668,
    #1669,#1670,#1671,#1672,#1673,#1674,#1675,#1676,#1677,#1678,#1679,
    #1680,#1681,#1682,#1683,#1684,#1685,#1686),.UNSPECIFIED.,.F.,.F.,(9,
    7,7,9),(0.,1.570796326795,3.926990816987,6.28318530718),
  .UNSPECIFIED.);
#1664 = CARTESIAN_POINT('',(6.28318530718,35.198822712791));
#1665 = CARTESIAN_POINT('',(6.08683576633,35.198822712791));
#1666 = CARTESIAN_POINT('',(5.890486225481,35.190737961606));
#1667 = CARTESIAN_POINT('',(5.694136684632,35.174569436612));
#1668 = CARTESIAN_POINT('',(5.497787143782,35.150979109192));
#1669 = CARTESIAN_POINT('',(5.301437602933,35.121302033214));
#1670 = CARTESIAN_POINT('',(5.105088062084,35.08739024125));
#1671 = CARTESIAN_POINT('',(4.908738521234,35.051362609491));
#1672 = CARTESIAN_POINT('',(4.417864669111,34.961293216613));
#1673 = CARTESIAN_POINT('',(4.123340357837,34.90725138507));
#1674 = CARTESIAN_POINT('',(3.828816046576,34.86035455238));
#1675 = CARTESIAN_POINT('',(3.534291735282,34.827737539337));
#1676 = CARTESIAN_POINT('',(3.239767424029,34.814587707719));
#1677 = CARTESIAN_POINT('',(2.945243112742,34.82202559735));
#1678 = CARTESIAN_POINT('',(2.650718801466,34.84737613486));
#1679 = CARTESIAN_POINT('',(2.061670178918,34.923802549038));
#1680 = CARTESIAN_POINT('',(1.767145867642,34.974878702567));
#1681 = CARTESIAN_POINT('',(1.472621556405,35.033762949737));
#1682 = CARTESIAN_POINT('',(1.178097245108,35.093040203559));
#1683 = CARTESIAN_POINT('',(0.883572933845,35.144253887061));
#1684 = CARTESIAN_POINT('',(0.589048622543,35.180631955212));
#1685 = CARTESIAN_POINT('',(0.294524311274,35.198822712791));
#1686 = CARTESIAN_POINT('',(0.,35.198822712791));
#1687 = ( GEOMETRIC_REPRESENTATION_CONTEXT(2) 
PARAMETRIC_REPRESENTATION_CONTEXT() REPRESENTATION_CONTEXT('2D SPACE',''
  ) );
#1688 = FACE_BOUND('',#1689,.T.);
#1689 = EDGE_LOOP('',(#1690));
#1690 = ORIENTED_EDGE('',*,*,#1691,.F.);
#1691 = EDGE_CURVE('',#1692,#1692,#1694,.T.);
#1692 = VERTEX_POINT('',#1693);
#1693 = CARTESIAN_POINT('',(-102.3011772872,-21.,45.));
#1694 = SURFACE_CURVE('',#1695,(#1700,#1707),.PCURVE_S1.);
#1695 = ELLIPSE('',#1696,3.005606061169,3.);
#1696 = AXIS2_PLACEMENT_3D('',#1697,#1698,#1699);
#1697 = CARTESIAN_POINT('',(-102.4846651476,-21.,48.));
#1698 = DIRECTION('',(-0.998134798422,0.,-6.104853953486E-02));
#1699 = DIRECTION('',(6.104853953486E-02,0.,-0.998134798422));
#1700 = PCURVE('',#574,#1701);
#1701 = DEFINITIONAL_REPRESENTATION('',(#1702),#1706);
#1702 = ELLIPSE('',#1703,3.005606061169,3.);
#1703 = AXIS2_PLACEMENT_2D('',#1704,#1705);
#1704 = CARTESIAN_POINT('',(21.000000000001,-82.1532323386));
#1705 = DIRECTION('',(0.,-1.));
#1706 = ( GEOMETRIC_REPRESENTATION_CONTEXT(2) 
PARAMETRIC_REPRESENTATION_CONTEXT() REPRESENTATION_CONTEXT('2D SPACE',''
  ) );
#1707 = PCURVE('',#1708,#1713);
#1708 = CYLINDRICAL_SURFACE('',#1709,3.);
#1709 = AXIS2_PLACEMENT_3D('',#1710,#1711,#1712);
#1710 = CARTESIAN_POINT('',(-137.5,-21.,48.));
#1711 = DIRECTION('',(1.,0.,2.22044604925E-16));
#1712 = DIRECTION('',(2.22044604925E-16,0.,-1.));
#1713 = DEFINITIONAL_REPRESENTATION('',(#1714),#1738);
#1714 = B_SPLINE_CURVE_WITH_KNOTS('',8,(#1715,#1716,#1717,#1718,#1719,
    #1720,#1721,#1722,#1723,#1724,#1725,#1726,#1727,#1728,#1729,#1730,
    #1731,#1732,#1733,#1734,#1735,#1736,#1737),.UNSPECIFIED.,.F.,.F.,(9,
    7,7,9),(0.,1.570796326795,3.926990816987,6.28318530718),
  .UNSPECIFIED.);
#1715 = CARTESIAN_POINT('',(6.28318530718,35.198822712791));
#1716 = CARTESIAN_POINT('',(6.08683576633,35.198822712791));
#1717 = CARTESIAN_POINT('',(5.890486225481,35.190737961606));
#1718 = CARTESIAN_POINT('',(5.694136684632,35.174569436612));
#1719 = CARTESIAN_POINT('',(5.497787143782,35.150979109192));
#1720 = CARTESIAN_POINT('',(5.301437602933,35.121302033214));
#1721 = CARTESIAN_POINT('',(5.105088062083,35.08739024125));
#1722 = CARTESIAN_POINT('',(4.908738521234,35.051362609491));
#1723 = CARTESIAN_POINT('',(4.417864669111,34.961293216613));
#1724 = CARTESIAN_POINT('',(4.123340357837,34.90725138507));
#1725 = CARTESIAN_POINT('',(3.828816046572,34.86035455238));
#1726 = CARTESIAN_POINT('',(3.534291735282,34.827737539337));
#1727 = CARTESIAN_POINT('',(3.239767424029,34.814587707719));
#1728 = CARTESIAN_POINT('',(2.945243112741,34.82202559735));
#1729 = CARTESIAN_POINT('',(2.650718801466,34.84737613486));
#1730 = CARTESIAN_POINT('',(2.061670178918,34.923802549038));
#1731 = CARTESIAN_POINT('',(1.767145867644,34.974878702567));
#1732 = CARTESIAN_POINT('',(1.472621556367,35.033762949737));
#1733 = CARTESIAN_POINT('',(1.17809724509,35.093040203559));
#1734 = CARTESIAN_POINT('',(0.883572933824,35.144253887061));
#1735 = CARTESIAN_POINT('',(0.589048622551,35.180631955212));
#1736 = CARTESIAN_POINT('',(0.294524311274,35.198822712791));
#1737 = CARTESIAN_POINT('',(1.15463194561E-14,35.198822712791));
#1738 = ( GEOMETRIC_REPRESENTATION_CONTEXT(2) 
PARAMETRIC_REPRESENTATION_CONTEXT() REPRESENTATION_CONTEXT('2D SPACE',''
  ) );
#1739 = FACE_BOUND('',#1740,.T.);
#1740 = EDGE_LOOP('',(#1741));
#1741 = ORIENTED_EDGE('',*,*,#1742,.F.);
#1742 = EDGE_CURVE('',#1743,#1743,#1745,.T.);
#1743 = VERTEX_POINT('',#1744);
#1744 = CARTESIAN_POINT('',(-102.3011772872,-42.,45.));
#1745 = SURFACE_CURVE('',#1746,(#1751,#1758),.PCURVE_S1.);
#1746 = ELLIPSE('',#1747,3.005606061169,3.);
#1747 = AXIS2_PLACEMENT_3D('',#1748,#1749,#1750);
#1748 = CARTESIAN_POINT('',(-102.4846651476,-42.,48.));
#1749 = DIRECTION('',(-0.998134798422,0.,-6.104853953486E-02));
#1750 = DIRECTION('',(6.104853953486E-02,0.,-0.998134798422));
#1751 = PCURVE('',#574,#1752);
#1752 = DEFINITIONAL_REPRESENTATION('',(#1753),#1757);
#1753 = ELLIPSE('',#1754,3.005606061169,3.);
#1754 = AXIS2_PLACEMENT_2D('',#1755,#1756);
#1755 = CARTESIAN_POINT('',(42.000000000001,-82.1532323386));
#1756 = DIRECTION('',(0.,-1.));
#1757 = ( GEOMETRIC_REPRESENTATION_CONTEXT(2) 
PARAMETRIC_REPRESENTATION_CONTEXT() REPRESENTATION_CONTEXT('2D SPACE',''
  ) );
#1758 = PCURVE('',#1759,#1764);
#1759 = CYLINDRICAL_SURFACE('',#1760,3.);
#1760 = AXIS2_PLACEMENT_3D('',#1761,#1762,#1763);
#1761 = CARTESIAN_POINT('',(-137.5,-42.,48.));
#1762 = DIRECTION('',(1.,0.,2.22044604925E-16));
#1763 = DIRECTION('',(2.22044604925E-16,0.,-1.));
#1764 = DEFINITIONAL_REPRESENTATION('',(#1765),#1789);
#1765 = B_SPLINE_CURVE_WITH_KNOTS('',8,(#1766,#1767,#1768,#1769,#1770,
    #1771,#1772,#1773,#1774,#1775,#1776,#1777,#1778,#1779,#1780,#1781,
    #1782,#1783,#1784,#1785,#1786,#1787,#1788),.UNSPECIFIED.,.F.,.F.,(9,
    7,7,9),(0.,1.570796326795,3.926990816987,6.28318530718),
  .UNSPECIFIED.);
#1766 = CARTESIAN_POINT('',(6.28318530718,35.198822712791));
#1767 = CARTESIAN_POINT('',(6.08683576633,35.198822712791));
#1768 = CARTESIAN_POINT('',(5.890486225481,35.190737961606));
#1769 = CARTESIAN_POINT('',(5.694136684632,35.174569436612));
#1770 = CARTESIAN_POINT('',(5.497787143782,35.150979109192));
#1771 = CARTESIAN_POINT('',(5.301437602933,35.121302033214));
#1772 = CARTESIAN_POINT('',(5.105088062083,35.08739024125));
#1773 = CARTESIAN_POINT('',(4.908738521234,35.051362609491));
#1774 = CARTESIAN_POINT('',(4.417864669111,34.961293216613));
#1775 = CARTESIAN_POINT('',(4.123340357839,34.90725138507));
#1776 = CARTESIAN_POINT('',(3.828816046559,34.86035455238));
#1777 = CARTESIAN_POINT('',(3.534291735298,34.827737539337));
#1778 = CARTESIAN_POINT('',(3.239767424019,34.814587707719));
#1779 = CARTESIAN_POINT('',(2.945243112744,34.82202559735));
#1780 = CARTESIAN_POINT('',(2.650718801466,34.84737613486));
#1781 = CARTESIAN_POINT('',(2.061670178918,34.923802549038));
#1782 = CARTESIAN_POINT('',(1.767145867644,34.974878702567));
#1783 = CARTESIAN_POINT('',(1.472621556367,35.033762949737));
#1784 = CARTESIAN_POINT('',(1.178097245105,35.093040203559));
#1785 = CARTESIAN_POINT('',(0.883572933824,35.144253887061));
#1786 = CARTESIAN_POINT('',(0.589048622551,35.180631955212));
#1787 = CARTESIAN_POINT('',(0.294524311274,35.198822712791));
#1788 = CARTESIAN_POINT('',(1.15463194561E-14,35.198822712791));
#1789 = ( GEOMETRIC_REPRESENTATION_CONTEXT(2) 
PARAMETRIC_REPRESENTATION_CONTEXT() REPRESENTATION_CONTEXT('2D SPACE',''
  ) );
#1790 = FACE_BOUND('',#1791,.T.);
#1791 = EDGE_LOOP('',(#1792));
#1792 = ORIENTED_EDGE('',*,*,#1793,.F.);
#1793 = EDGE_CURVE('',#1794,#1794,#1796,.T.);
#1794 = VERTEX_POINT('',#1795);
#1795 = CARTESIAN_POINT('',(-103.4938483801,-1.102182119233E-15,64.5));
#1796 = SURFACE_CURVE('',#1797,(#1802,#1809),.PCURVE_S1.);
#1797 = ELLIPSE('',#1798,4.508409091753,4.5);
#1798 = AXIS2_PLACEMENT_3D('',#1799,#1800,#1801);
#1799 = CARTESIAN_POINT('',(-103.7690801708,0.,69.));
#1800 = DIRECTION('',(-0.998134798422,0.,-6.104853953486E-02));
#1801 = DIRECTION('',(6.104853953486E-02,0.,-0.998134798422));
#1802 = PCURVE('',#574,#1803);
#1803 = DEFINITIONAL_REPRESENTATION('',(#1804),#1808);
#1804 = ELLIPSE('',#1805,4.508409091753,4.5);
#1805 = AXIS2_PLACEMENT_2D('',#1806,#1807);
#1806 = CARTESIAN_POINT('',(1.278976924368E-12,-61.11398991042));
#1807 = DIRECTION('',(0.,-1.));
#1808 = ( GEOMETRIC_REPRESENTATION_CONTEXT(2) 
PARAMETRIC_REPRESENTATION_CONTEXT() REPRESENTATION_CONTEXT('2D SPACE',''
  ) );
#1809 = PCURVE('',#1810,#1815);
#1810 = CYLINDRICAL_SURFACE('',#1811,4.5);
#1811 = AXIS2_PLACEMENT_3D('',#1812,#1813,#1814);
#1812 = CARTESIAN_POINT('',(-137.5,0.,69.));
#1813 = DIRECTION('',(1.,0.,2.22044604925E-16));
#1814 = DIRECTION('',(2.22044604925E-16,0.,-1.));
#1815 = DEFINITIONAL_REPRESENTATION('',(#1816),#1840);
#1816 = B_SPLINE_CURVE_WITH_KNOTS('',8,(#1817,#1818,#1819,#1820,#1821,
    #1822,#1823,#1824,#1825,#1826,#1827,#1828,#1829,#1830,#1831,#1832,
    #1833,#1834,#1835,#1836,#1837,#1838,#1839),.UNSPECIFIED.,.F.,.F.,(9,
    7,7,9),(0.,1.570796326795,3.926990816987,6.28318530718),
  .UNSPECIFIED.);
#1817 = CARTESIAN_POINT('',(6.28318530718,34.006151619857));
#1818 = CARTESIAN_POINT('',(6.08683576633,34.006151619857));
#1819 = CARTESIAN_POINT('',(5.890486225481,33.994024493088));
#1820 = CARTESIAN_POINT('',(5.694136684631,33.969771705556));
#1821 = CARTESIAN_POINT('',(5.497787143782,33.934386214445));
#1822 = CARTESIAN_POINT('',(5.301437602933,33.889870600506));
#1823 = CARTESIAN_POINT('',(5.105088062083,33.839002912534));
#1824 = CARTESIAN_POINT('',(4.908738521234,33.784961464906));
#1825 = CARTESIAN_POINT('',(4.417864669111,33.64985737559));
#1826 = CARTESIAN_POINT('',(4.123340357837,33.568794628209));
#1827 = CARTESIAN_POINT('',(3.828816046557,33.498449379593));
#1828 = CARTESIAN_POINT('',(3.534291735295,33.449523859163));
#1829 = CARTESIAN_POINT('',(3.239767424012,33.429799112491));
#1830 = CARTESIAN_POINT('',(2.945243112742,33.440955946608));
#1831 = CARTESIAN_POINT('',(2.650718801466,33.478981752961));
#1832 = CARTESIAN_POINT('',(2.061670178918,33.593621374227));
#1833 = CARTESIAN_POINT('',(1.767145867644,33.670235604641));
#1834 = CARTESIAN_POINT('',(1.472621556391,33.758561975032));
#1835 = CARTESIAN_POINT('',(1.178097245094,33.847477856558));
#1836 = CARTESIAN_POINT('',(0.883572933838,33.92429838088));
#1837 = CARTESIAN_POINT('',(0.589048622547,33.97886548355));
#1838 = CARTESIAN_POINT('',(0.294524311274,34.006151619857));
#1839 = CARTESIAN_POINT('',(0.,34.006151619857));
#1840 = ( GEOMETRIC_REPRESENTATION_CONTEXT(2) 
PARAMETRIC_REPRESENTATION_CONTEXT() REPRESENTATION_CONTEXT('2D SPACE',''
  ) );
#1841 = FACE_BOUND('',#1842,.T.);
#1842 = EDGE_LOOP('',(#1843));
#1843 = ORIENTED_EDGE('',*,*,#1844,.F.);
#1844 = EDGE_CURVE('',#1845,#1845,#1847,.T.);
#1845 = VERTEX_POINT('',#1846);
#1846 = CARTESIAN_POINT('',(-103.4938483801,-21.,64.5));
#1847 = SURFACE_CURVE('',#1848,(#1853,#1860),.PCURVE_S1.);
#1848 = ELLIPSE('',#1849,4.508409091753,4.5);
#1849 = AXIS2_PLACEMENT_3D('',#1850,#1851,#1852);
#1850 = CARTESIAN_POINT('',(-103.7690801708,-21.,69.));
#1851 = DIRECTION('',(-0.998134798422,0.,-6.104853953486E-02));
#1852 = DIRECTION('',(6.104853953486E-02,0.,-0.998134798422));
#1853 = PCURVE('',#574,#1854);
#1854 = DEFINITIONAL_REPRESENTATION('',(#1855),#1859);
#1855 = ELLIPSE('',#1856,4.508409091753,4.5);
#1856 = AXIS2_PLACEMENT_2D('',#1857,#1858);
#1857 = CARTESIAN_POINT('',(21.000000000001,-61.11398991042));
#1858 = DIRECTION('',(0.,-1.));
#1859 = ( GEOMETRIC_REPRESENTATION_CONTEXT(2) 
PARAMETRIC_REPRESENTATION_CONTEXT() REPRESENTATION_CONTEXT('2D SPACE',''
  ) );
#1860 = PCURVE('',#1861,#1866);
#1861 = CYLINDRICAL_SURFACE('',#1862,4.5);
#1862 = AXIS2_PLACEMENT_3D('',#1863,#1864,#1865);
#1863 = CARTESIAN_POINT('',(-137.5,-21.,69.));
#1864 = DIRECTION('',(1.,0.,2.22044604925E-16));
#1865 = DIRECTION('',(2.22044604925E-16,0.,-1.));
#1866 = DEFINITIONAL_REPRESENTATION('',(#1867),#1891);
#1867 = B_SPLINE_CURVE_WITH_KNOTS('',8,(#1868,#1869,#1870,#1871,#1872,
    #1873,#1874,#1875,#1876,#1877,#1878,#1879,#1880,#1881,#1882,#1883,
    #1884,#1885,#1886,#1887,#1888,#1889,#1890),.UNSPECIFIED.,.F.,.F.,(9,
    7,7,9),(0.,1.570796326795,3.926990816987,6.28318530718),
  .UNSPECIFIED.);
#1868 = CARTESIAN_POINT('',(6.28318530718,34.006151619857));
#1869 = CARTESIAN_POINT('',(6.08683576633,34.006151619857));
#1870 = CARTESIAN_POINT('',(5.890486225481,33.994024493088));
#1871 = CARTESIAN_POINT('',(5.694136684632,33.969771705556));
#1872 = CARTESIAN_POINT('',(5.497787143782,33.934386214445));
#1873 = CARTESIAN_POINT('',(5.301437602933,33.889870600506));
#1874 = CARTESIAN_POINT('',(5.105088062084,33.839002912534));
#1875 = CARTESIAN_POINT('',(4.908738521234,33.784961464906));
#1876 = CARTESIAN_POINT('',(4.417864669111,33.64985737559));
#1877 = CARTESIAN_POINT('',(4.123340357835,33.568794628209));
#1878 = CARTESIAN_POINT('',(3.828816046565,33.498449379593));
#1879 = CARTESIAN_POINT('',(3.534291735288,33.449523859163));
#1880 = CARTESIAN_POINT('',(3.239767424019,33.429799112491));
#1881 = CARTESIAN_POINT('',(2.94524311274,33.440955946608));
#1882 = CARTESIAN_POINT('',(2.650718801466,33.478981752961));
#1883 = CARTESIAN_POINT('',(2.061670178918,33.593621374227));
#1884 = CARTESIAN_POINT('',(1.76714586765,33.670235604641));
#1885 = CARTESIAN_POINT('',(1.472621556387,33.758561975032));
#1886 = CARTESIAN_POINT('',(1.178097245134,33.847477856558));
#1887 = CARTESIAN_POINT('',(0.883572933816,33.92429838088));
#1888 = CARTESIAN_POINT('',(0.58904862255,33.97886548355));
#1889 = CARTESIAN_POINT('',(0.294524311274,34.006151619857));
#1890 = CARTESIAN_POINT('',(1.15463194561E-14,34.006151619857));
#1891 = ( GEOMETRIC_REPRESENTATION_CONTEXT(2) 
PARAMETRIC_REPRESENTATION_CONTEXT() REPRESENTATION_CONTEXT('2D SPACE',''
  ) );
#1892 = FACE_BOUND('',#1893,.T.);
#1893 = EDGE_LOOP('',(#1894));
#1894 = ORIENTED_EDGE('',*,*,#1895,.F.);
#1895 = EDGE_CURVE('',#1896,#1896,#1898,.T.);
#1896 = VERTEX_POINT('',#1897);
#1897 = CARTESIAN_POINT('',(-103.4938483801,-42.,64.5));
#1898 = SURFACE_CURVE('',#1899,(#1904,#1911),.PCURVE_S1.);
#1899 = ELLIPSE('',#1900,4.508409091753,4.5);
#1900 = AXIS2_PLACEMENT_3D('',#1901,#1902,#1903);
#1901 = CARTESIAN_POINT('',(-103.7690801708,-42.,69.));
#1902 = DIRECTION('',(-0.998134798422,0.,-6.104853953486E-02));
#1903 = DIRECTION('',(6.104853953486E-02,0.,-0.998134798422));
#1904 = PCURVE('',#574,#1905);
#1905 = DEFINITIONAL_REPRESENTATION('',(#1906),#1910);
#1906 = ELLIPSE('',#1907,4.508409091753,4.5);
#1907 = AXIS2_PLACEMENT_2D('',#1908,#1909);
#1908 = CARTESIAN_POINT('',(42.000000000001,-61.11398991042));
#1909 = DIRECTION('',(0.,-1.));
#1910 = ( GEOMETRIC_REPRESENTATION_CONTEXT(2) 
PARAMETRIC_REPRESENTATION_CONTEXT() REPRESENTATION_CONTEXT('2D SPACE',''
  ) );
#1911 = PCURVE('',#1912,#1917);
#1912 = CYLINDRICAL_SURFACE('',#1913,4.5);
#1913 = AXIS2_PLACEMENT_3D('',#1914,#1915,#1916);
#1914 = CARTESIAN_POINT('',(-137.5,-42.,69.));
#1915 = DIRECTION('',(1.,0.,2.22044604925E-16));
#1916 = DIRECTION('',(2.22044604925E-16,0.,-1.));
#1917 = DEFINITIONAL_REPRESENTATION('',(#1918),#1942);
#1918 = B_SPLINE_CURVE_WITH_KNOTS('',8,(#1919,#1920,#1921,#1922,#1923,
    #1924,#1925,#1926,#1927,#1928,#1929,#1930,#1931,#1932,#1933,#1934,
    #1935,#1936,#1937,#1938,#1939,#1940,#1941),.UNSPECIFIED.,.F.,.F.,(9,
    7,7,9),(0.,1.570796326795,3.926990816987,6.28318530718),
  .UNSPECIFIED.);
#1919 = CARTESIAN_POINT('',(6.28318530718,34.006151619857));
#1920 = CARTESIAN_POINT('',(6.08683576633,34.006151619857));
#1921 = CARTESIAN_POINT('',(5.890486225481,33.994024493088));
#1922 = CARTESIAN_POINT('',(5.694136684631,33.969771705556));
#1923 = CARTESIAN_POINT('',(5.497787143782,33.934386214445));
#1924 = CARTESIAN_POINT('',(5.301437602933,33.889870600506));
#1925 = CARTESIAN_POINT('',(5.105088062083,33.839002912534));
#1926 = CARTESIAN_POINT('',(4.908738521234,33.784961464906));
#1927 = CARTESIAN_POINT('',(4.417864669111,33.64985737559));
#1928 = CARTESIAN_POINT('',(4.12334035784,33.568794628209));
#1929 = CARTESIAN_POINT('',(3.828816046552,33.498449379593));
#1930 = CARTESIAN_POINT('',(3.534291735306,33.449523859163));
#1931 = CARTESIAN_POINT('',(3.239767424005,33.429799112491));
#1932 = CARTESIAN_POINT('',(2.945243112745,33.440955946608));
#1933 = CARTESIAN_POINT('',(2.650718801466,33.478981752961));
#1934 = CARTESIAN_POINT('',(2.061670178918,33.593621374227));
#1935 = CARTESIAN_POINT('',(1.767145867648,33.670235604641));
#1936 = CARTESIAN_POINT('',(1.472621556365,33.758561975032));
#1937 = CARTESIAN_POINT('',(1.178097245105,33.847477856558));
#1938 = CARTESIAN_POINT('',(0.883572933831,33.92429838088));
#1939 = CARTESIAN_POINT('',(0.58904862255,33.97886548355));
#1940 = CARTESIAN_POINT('',(0.294524311274,34.006151619857));
#1941 = CARTESIAN_POINT('',(1.06581410364E-14,34.006151619857));
#1942 = ( GEOMETRIC_REPRESENTATION_CONTEXT(2) 
PARAMETRIC_REPRESENTATION_CONTEXT() REPRESENTATION_CONTEXT('2D SPACE',''
  ) );
#1943 = FACE_BOUND('',#1944,.T.);
#1944 = EDGE_LOOP('',(#1945));
#1945 = ORIENTED_EDGE('',*,*,#1946,.F.);
#1946 = EDGE_CURVE('',#1947,#1947,#1949,.T.);
#1947 = VERTEX_POINT('',#1948);
#1948 = CARTESIAN_POINT('',(-104.686519473,42.,84.));
#1949 = SURFACE_CURVE('',#1950,(#1955,#1962),.PCURVE_S1.);
#1950 = ELLIPSE('',#1951,6.011212122337,6.);
#1951 = AXIS2_PLACEMENT_3D('',#1952,#1953,#1954);
#1952 = CARTESIAN_POINT('',(-105.0534951939,42.,90.));
#1953 = DIRECTION('',(-0.998134798422,0.,-6.104853953486E-02));
#1954 = DIRECTION('',(6.104853953486E-02,0.,-0.998134798422));
#1955 = PCURVE('',#574,#1956);
#1956 = DEFINITIONAL_REPRESENTATION('',(#1957),#1961);
#1957 = ELLIPSE('',#1958,6.011212122337,6.);
#1958 = AXIS2_PLACEMENT_2D('',#1959,#1960);
#1959 = CARTESIAN_POINT('',(-41.99999999999,-40.07474748224));
#1960 = DIRECTION('',(0.,-1.));
#1961 = ( GEOMETRIC_REPRESENTATION_CONTEXT(2) 
PARAMETRIC_REPRESENTATION_CONTEXT() REPRESENTATION_CONTEXT('2D SPACE',''
  ) );
#1962 = PCURVE('',#1963,#1968);
#1963 = CYLINDRICAL_SURFACE('',#1964,6.);
#1964 = AXIS2_PLACEMENT_3D('',#1965,#1966,#1967);
#1965 = CARTESIAN_POINT('',(-137.5,42.,90.));
#1966 = DIRECTION('',(1.,0.,2.22044604925E-16));
#1967 = DIRECTION('',(2.22044604925E-16,0.,-1.));
#1968 = DEFINITIONAL_REPRESENTATION('',(#1969),#1993);
#1969 = B_SPLINE_CURVE_WITH_KNOTS('',8,(#1970,#1971,#1972,#1973,#1974,
    #1975,#1976,#1977,#1978,#1979,#1980,#1981,#1982,#1983,#1984,#1985,
    #1986,#1987,#1988,#1989,#1990,#1991,#1992),.UNSPECIFIED.,.F.,.F.,(9,
    7,7,9),(0.,1.570796326795,3.926990816987,6.28318530718),
  .UNSPECIFIED.);
#1970 = CARTESIAN_POINT('',(6.28318530718,32.813480526922));
#1971 = CARTESIAN_POINT('',(6.08683576633,32.813480526922));
#1972 = CARTESIAN_POINT('',(5.890486225481,32.79731102456));
#1973 = CARTESIAN_POINT('',(5.694136684632,32.764973974539));
#1974 = CARTESIAN_POINT('',(5.497787143782,32.717793319716));
#1975 = CARTESIAN_POINT('',(5.301437602932,32.658439167786));
#1976 = CARTESIAN_POINT('',(5.105088062084,32.590615583834));
#1977 = CARTESIAN_POINT('',(4.908738521234,32.518560320321));
#1978 = CARTESIAN_POINT('',(4.417864669111,32.338421534566));
#1979 = CARTESIAN_POINT('',(4.123340357838,32.230337871439));
#1980 = CARTESIAN_POINT('',(3.828816046559,32.136544206413));
#1981 = CARTESIAN_POINT('',(3.534291735298,32.071310179337));
#1982 = CARTESIAN_POINT('',(3.239767424005,32.045010516988));
#1983 = CARTESIAN_POINT('',(2.945243112743,32.059886295971));
#1984 = CARTESIAN_POINT('',(2.650718801466,32.110587371061));
#1985 = CARTESIAN_POINT('',(2.061670178918,32.263440199415));
#1986 = CARTESIAN_POINT('',(1.767145867654,32.365592506561));
#1987 = CARTESIAN_POINT('',(1.472621556369,32.483361000661));
#1988 = CARTESIAN_POINT('',(1.17809724513,32.601915508712));
#1989 = CARTESIAN_POINT('',(0.883572933805,32.704342875135));
#1990 = CARTESIAN_POINT('',(0.589048622553,32.777099011797));
#1991 = CARTESIAN_POINT('',(0.294524311274,32.813480526922));
#1992 = CARTESIAN_POINT('',(1.15463194561E-14,32.813480526922));
#1993 = ( GEOMETRIC_REPRESENTATION_CONTEXT(2) 
PARAMETRIC_REPRESENTATION_CONTEXT() REPRESENTATION_CONTEXT('2D SPACE',''
  ) );
#1994 = FACE_BOUND('',#1995,.T.);
#1995 = EDGE_LOOP('',(#1996));
#1996 = ORIENTED_EDGE('',*,*,#1997,.F.);
#1997 = EDGE_CURVE('',#1998,#1998,#2000,.T.);
#1998 = VERTEX_POINT('',#1999);
#1999 = CARTESIAN_POINT('',(-104.686519473,21.,84.));
#2000 = SURFACE_CURVE('',#2001,(#2006,#2013),.PCURVE_S1.);
#2001 = ELLIPSE('',#2002,6.011212122337,6.);
#2002 = AXIS2_PLACEMENT_3D('',#2003,#2004,#2005);
#2003 = CARTESIAN_POINT('',(-105.0534951939,21.,90.));
#2004 = DIRECTION('',(-0.998134798422,0.,-6.104853953486E-02));
#2005 = DIRECTION('',(6.104853953486E-02,0.,-0.998134798422));
#2006 = PCURVE('',#574,#2007);
#2007 = DEFINITIONAL_REPRESENTATION('',(#2008),#2012);
#2008 = ELLIPSE('',#2009,6.011212122337,6.);
#2009 = AXIS2_PLACEMENT_2D('',#2010,#2011);
#2010 = CARTESIAN_POINT('',(-20.99999999999,-40.07474748224));
#2011 = DIRECTION('',(0.,-1.));
#2012 = ( GEOMETRIC_REPRESENTATION_CONTEXT(2) 
PARAMETRIC_REPRESENTATION_CONTEXT() REPRESENTATION_CONTEXT('2D SPACE',''
  ) );
#2013 = PCURVE('',#2014,#2019);
#2014 = CYLINDRICAL_SURFACE('',#2015,6.);
#2015 = AXIS2_PLACEMENT_3D('',#2016,#2017,#2018);
#2016 = CARTESIAN_POINT('',(-137.5,21.,90.));
#2017 = DIRECTION('',(1.,0.,2.22044604925E-16));
#2018 = DIRECTION('',(2.22044604925E-16,0.,-1.));
#2019 = DEFINITIONAL_REPRESENTATION('',(#2020),#2044);
#2020 = B_SPLINE_CURVE_WITH_KNOTS('',8,(#2021,#2022,#2023,#2024,#2025,
    #2026,#2027,#2028,#2029,#2030,#2031,#2032,#2033,#2034,#2035,#2036,
    #2037,#2038,#2039,#2040,#2041,#2042,#2043),.UNSPECIFIED.,.F.,.F.,(9,
    7,7,9),(0.,1.570796326795,3.926990816987,6.28318530718),
  .UNSPECIFIED.);
#2021 = CARTESIAN_POINT('',(6.28318530718,32.813480526922));
#2022 = CARTESIAN_POINT('',(6.08683576633,32.813480526922));
#2023 = CARTESIAN_POINT('',(5.890486225481,32.79731102456));
#2024 = CARTESIAN_POINT('',(5.694136684632,32.764973974539));
#2025 = CARTESIAN_POINT('',(5.497787143782,32.717793319716));
#2026 = CARTESIAN_POINT('',(5.301437602933,32.658439167786));
#2027 = CARTESIAN_POINT('',(5.105088062083,32.590615583834));
#2028 = CARTESIAN_POINT('',(4.908738521234,32.518560320321));
#2029 = CARTESIAN_POINT('',(4.417864669111,32.338421534566));
#2030 = CARTESIAN_POINT('',(4.12334035784,32.230337871439));
#2031 = CARTESIAN_POINT('',(3.828816046559,32.136544206413));
#2032 = CARTESIAN_POINT('',(3.534291735298,32.071310179337));
#2033 = CARTESIAN_POINT('',(3.239767424001,32.045010516988));
#2034 = CARTESIAN_POINT('',(2.945243112744,32.059886295971));
#2035 = CARTESIAN_POINT('',(2.650718801466,32.110587371061));
#2036 = CARTESIAN_POINT('',(2.061670178918,32.263440199415));
#2037 = CARTESIAN_POINT('',(1.767145867654,32.365592506561));
#2038 = CARTESIAN_POINT('',(1.472621556369,32.483361000661));
#2039 = CARTESIAN_POINT('',(1.17809724513,32.601915508712));
#2040 = CARTESIAN_POINT('',(0.883572933805,32.704342875135));
#2041 = CARTESIAN_POINT('',(0.589048622553,32.777099011797));
#2042 = CARTESIAN_POINT('',(0.294524311274,32.813480526922));
#2043 = CARTESIAN_POINT('',(1.15463194561E-14,32.813480526922));
#2044 = ( GEOMETRIC_REPRESENTATION_CONTEXT(2) 
PARAMETRIC_REPRESENTATION_CONTEXT() REPRESENTATION_CONTEXT('2D SPACE',''
  ) );
#2045 = FACE_BOUND('',#2046,.T.);
#2046 = EDGE_LOOP('',(#2047));
#2047 = ORIENTED_EDGE('',*,*,#2048,.F.);
#2048 = EDGE_CURVE('',#2049,#2049,#2051,.T.);
#2049 = VERTEX_POINT('',#2050);
#2050 = CARTESIAN_POINT('',(-105.879190566,42.,103.5));
#2051 = SURFACE_CURVE('',#2052,(#2057,#2064),.PCURVE_S1.);
#2052 = ELLIPSE('',#2053,7.514015152921,7.5);
#2053 = AXIS2_PLACEMENT_3D('',#2054,#2055,#2056);
#2054 = CARTESIAN_POINT('',(-106.3379102171,42.,111.));
#2055 = DIRECTION('',(-0.998134798422,0.,-6.104853953486E-02));
#2056 = DIRECTION('',(6.104853953486E-02,0.,-0.998134798422));
#2057 = PCURVE('',#574,#2058);
#2058 = DEFINITIONAL_REPRESENTATION('',(#2059),#2063);
#2059 = ELLIPSE('',#2060,7.514015152921,7.5);
#2060 = AXIS2_PLACEMENT_2D('',#2061,#2062);
#2061 = CARTESIAN_POINT('',(-41.99999999999,-19.03550505406));
#2062 = DIRECTION('',(0.,-1.));
#2063 = ( GEOMETRIC_REPRESENTATION_CONTEXT(2) 
PARAMETRIC_REPRESENTATION_CONTEXT() REPRESENTATION_CONTEXT('2D SPACE',''
  ) );
#2064 = PCURVE('',#2065,#2070);
#2065 = CYLINDRICAL_SURFACE('',#2066,7.5);
#2066 = AXIS2_PLACEMENT_3D('',#2067,#2068,#2069);
#2067 = CARTESIAN_POINT('',(-137.5,42.,111.));
#2068 = DIRECTION('',(1.,0.,2.22044604925E-16));
#2069 = DIRECTION('',(2.22044604925E-16,0.,-1.));
#2070 = DEFINITIONAL_REPRESENTATION('',(#2071),#2095);
#2071 = B_SPLINE_CURVE_WITH_KNOTS('',8,(#2072,#2073,#2074,#2075,#2076,
    #2077,#2078,#2079,#2080,#2081,#2082,#2083,#2084,#2085,#2086,#2087,
    #2088,#2089,#2090,#2091,#2092,#2093,#2094),.UNSPECIFIED.,.F.,.F.,(9,
    7,7,9),(0.,1.570796326795,3.926990816987,6.28318530718),
  .UNSPECIFIED.);
#2072 = CARTESIAN_POINT('',(6.28318530718,31.620809433988));
#2073 = CARTESIAN_POINT('',(6.08683576633,31.620809433988));
#2074 = CARTESIAN_POINT('',(5.890486225481,31.600597556036));
#2075 = CARTESIAN_POINT('',(5.694136684632,31.560176243518));
#2076 = CARTESIAN_POINT('',(5.497787143782,31.501200424984));
#2077 = CARTESIAN_POINT('',(5.301437602933,31.427007735062));
#2078 = CARTESIAN_POINT('',(5.105088062083,31.342228255127));
#2079 = CARTESIAN_POINT('',(4.908738521234,31.252159175737));
#2080 = CARTESIAN_POINT('',(4.417864669111,31.026985693543));
#2081 = CARTESIAN_POINT('',(4.123340357838,30.891881114625));
#2082 = CARTESIAN_POINT('',(3.828816046572,30.77463903348));
#2083 = CARTESIAN_POINT('',(3.534291735295,30.69309649957));
#2084 = CARTESIAN_POINT('',(3.239767424023,30.660221921702));
#2085 = CARTESIAN_POINT('',(2.94524311274,30.678816645297));
#2086 = CARTESIAN_POINT('',(2.650718801466,30.742192989161));
#2087 = CARTESIAN_POINT('',(2.061670178918,30.933259024604));
#2088 = CARTESIAN_POINT('',(1.767145867651,31.060949408529));
#2089 = CARTESIAN_POINT('',(1.47262155636,31.208160026275));
#2090 = CARTESIAN_POINT('',(1.178097245105,31.3563531611));
#2091 = CARTESIAN_POINT('',(0.883572933802,31.484387369303));
#2092 = CARTESIAN_POINT('',(0.589048622551,31.575332540084));
#2093 = CARTESIAN_POINT('',(0.294524311274,31.620809433988));
#2094 = CARTESIAN_POINT('',(1.15463194561E-14,31.620809433988));
#2095 = ( GEOMETRIC_REPRESENTATION_CONTEXT(2) 
PARAMETRIC_REPRESENTATION_CONTEXT() REPRESENTATION_CONTEXT('2D SPACE',''
  ) );
#2096 = FACE_BOUND('',#2097,.T.);
#2097 = EDGE_LOOP('',(#2098));
#2098 = ORIENTED_EDGE('',*,*,#2099,.F.);
#2099 = EDGE_CURVE('',#2100,#2100,#2102,.T.);
#2100 = VERTEX_POINT('',#2101);
#2101 = CARTESIAN_POINT('',(-105.879190566,21.,103.5));
#2102 = SURFACE_CURVE('',#2103,(#2108,#2115),.PCURVE_S1.);
#2103 = ELLIPSE('',#2104,7.514015152921,7.5);
#2104 = AXIS2_PLACEMENT_3D('',#2105,#2106,#2107);
#2105 = CARTESIAN_POINT('',(-106.3379102171,21.,111.));
#2106 = DIRECTION('',(-0.998134798422,0.,-6.104853953486E-02));
#2107 = DIRECTION('',(6.104853953486E-02,0.,-0.998134798422));
#2108 = PCURVE('',#574,#2109);
#2109 = DEFINITIONAL_REPRESENTATION('',(#2110),#2114);
#2110 = ELLIPSE('',#2111,7.514015152921,7.5);
#2111 = AXIS2_PLACEMENT_2D('',#2112,#2113);
#2112 = CARTESIAN_POINT('',(-20.99999999999,-19.03550505406));
#2113 = DIRECTION('',(0.,-1.));
#2114 = ( GEOMETRIC_REPRESENTATION_CONTEXT(2) 
PARAMETRIC_REPRESENTATION_CONTEXT() REPRESENTATION_CONTEXT('2D SPACE',''
  ) );
#2115 = PCURVE('',#2116,#2121);
#2116 = CYLINDRICAL_SURFACE('',#2117,7.5);
#2117 = AXIS2_PLACEMENT_3D('',#2118,#2119,#2120);
#2118 = CARTESIAN_POINT('',(-137.5,21.,111.));
#2119 = DIRECTION('',(1.,0.,2.22044604925E-16));
#2120 = DIRECTION('',(2.22044604925E-16,0.,-1.));
#2121 = DEFINITIONAL_REPRESENTATION('',(#2122),#2146);
#2122 = B_SPLINE_CURVE_WITH_KNOTS('',8,(#2123,#2124,#2125,#2126,#2127,
    #2128,#2129,#2130,#2131,#2132,#2133,#2134,#2135,#2136,#2137,#2138,
    #2139,#2140,#2141,#2142,#2143,#2144,#2145),.UNSPECIFIED.,.F.,.F.,(9,
    7,7,9),(0.,1.570796326795,3.926990816987,6.28318530718),
  .UNSPECIFIED.);
#2123 = CARTESIAN_POINT('',(6.28318530718,31.620809433988));
#2124 = CARTESIAN_POINT('',(6.08683576633,31.620809433988));
#2125 = CARTESIAN_POINT('',(5.890486225481,31.600597556036));
#2126 = CARTESIAN_POINT('',(5.694136684632,31.560176243518));
#2127 = CARTESIAN_POINT('',(5.497787143782,31.501200424984));
#2128 = CARTESIAN_POINT('',(5.301437602932,31.427007735062));
#2129 = CARTESIAN_POINT('',(5.105088062084,31.342228255127));
#2130 = CARTESIAN_POINT('',(4.908738521234,31.252159175737));
#2131 = CARTESIAN_POINT('',(4.417864669111,31.026985693543));
#2132 = CARTESIAN_POINT('',(4.123340357838,30.891881114625));
#2133 = CARTESIAN_POINT('',(3.828816046572,30.77463903348));
#2134 = CARTESIAN_POINT('',(3.534291735295,30.69309649957));
#2135 = CARTESIAN_POINT('',(3.239767424023,30.660221921702));
#2136 = CARTESIAN_POINT('',(2.94524311274,30.678816645297));
#2137 = CARTESIAN_POINT('',(2.650718801466,30.742192989161));
#2138 = CARTESIAN_POINT('',(2.061670178918,30.933259024604));
#2139 = CARTESIAN_POINT('',(1.767145867636,31.060949408529));
#2140 = CARTESIAN_POINT('',(1.472621556407,31.208160026275));
#2141 = CARTESIAN_POINT('',(1.17809724505,31.3563531611));
#2142 = CARTESIAN_POINT('',(0.883572933856,31.484387369303));
#2143 = CARTESIAN_POINT('',(0.58904862254,31.575332540084));
#2144 = CARTESIAN_POINT('',(0.294524311274,31.620809433988));
#2145 = CARTESIAN_POINT('',(8.881784197001E-16,31.620809433988));
#2146 = ( GEOMETRIC_REPRESENTATION_CONTEXT(2) 
PARAMETRIC_REPRESENTATION_CONTEXT() REPRESENTATION_CONTEXT('2D SPACE',''
  ) );
#2147 = FACE_BOUND('',#2148,.T.);
#2148 = EDGE_LOOP('',(#2149));
#2149 = ORIENTED_EDGE('',*,*,#2150,.F.);
#2150 = EDGE_CURVE('',#2151,#2151,#2153,.T.);
#2151 = VERTEX_POINT('',#2152);
#2152 = CARTESIAN_POINT('',(-104.686519473,-1.469576158977E-15,84.));
#2153 = SURFACE_CURVE('',#2154,(#2159,#2166),.PCURVE_S1.);
#2154 = ELLIPSE('',#2155,6.011212122337,6.);
#2155 = AXIS2_PLACEMENT_3D('',#2156,#2157,#2158);
#2156 = CARTESIAN_POINT('',(-105.0534951939,0.,90.));
#2157 = DIRECTION('',(-0.998134798422,0.,-6.104853953486E-02));
#2158 = DIRECTION('',(6.104853953486E-02,0.,-0.998134798422));
#2159 = PCURVE('',#574,#2160);
#2160 = DEFINITIONAL_REPRESENTATION('',(#2161),#2165);
#2161 = ELLIPSE('',#2162,6.011212122337,6.);
#2162 = AXIS2_PLACEMENT_2D('',#2163,#2164);
#2163 = CARTESIAN_POINT('',(1.278976924368E-12,-40.07474748224));
#2164 = DIRECTION('',(0.,-1.));
#2165 = ( GEOMETRIC_REPRESENTATION_CONTEXT(2) 
PARAMETRIC_REPRESENTATION_CONTEXT() REPRESENTATION_CONTEXT('2D SPACE',''
  ) );
#2166 = PCURVE('',#2167,#2172);
#2167 = CYLINDRICAL_SURFACE('',#2168,6.);
#2168 = AXIS2_PLACEMENT_3D('',#2169,#2170,#2171);
#2169 = CARTESIAN_POINT('',(-137.5,0.,90.));
#2170 = DIRECTION('',(1.,0.,2.22044604925E-16));
#2171 = DIRECTION('',(2.22044604925E-16,0.,-1.));
#2172 = DEFINITIONAL_REPRESENTATION('',(#2173),#2197);
#2173 = B_SPLINE_CURVE_WITH_KNOTS('',8,(#2174,#2175,#2176,#2177,#2178,
    #2179,#2180,#2181,#2182,#2183,#2184,#2185,#2186,#2187,#2188,#2189,
    #2190,#2191,#2192,#2193,#2194,#2195,#2196),.UNSPECIFIED.,.F.,.F.,(9,
    7,7,9),(0.,1.570796326795,3.926990816987,6.28318530718),
  .UNSPECIFIED.);
#2174 = CARTESIAN_POINT('',(6.28318530718,32.813480526922));
#2175 = CARTESIAN_POINT('',(6.08683576633,32.813480526922));
#2176 = CARTESIAN_POINT('',(5.890486225481,32.79731102456));
#2177 = CARTESIAN_POINT('',(5.694136684632,32.764973974539));
#2178 = CARTESIAN_POINT('',(5.497787143782,32.717793319716));
#2179 = CARTESIAN_POINT('',(5.301437602933,32.658439167786));
#2180 = CARTESIAN_POINT('',(5.105088062083,32.590615583834));
#2181 = CARTESIAN_POINT('',(4.908738521234,32.518560320321));
#2182 = CARTESIAN_POINT('',(4.417864669111,32.338421534566));
#2183 = CARTESIAN_POINT('',(4.12334035784,32.230337871439));
#2184 = CARTESIAN_POINT('',(3.828816046559,32.136544206413));
#2185 = CARTESIAN_POINT('',(3.534291735298,32.071310179337));
#2186 = CARTESIAN_POINT('',(3.239767424009,32.045010516988));
#2187 = CARTESIAN_POINT('',(2.945243112744,32.059886295971));
#2188 = CARTESIAN_POINT('',(2.650718801466,32.110587371061));
#2189 = CARTESIAN_POINT('',(2.061670178918,32.263440199415));
#2190 = CARTESIAN_POINT('',(1.76714586764,32.365592506561));
#2191 = CARTESIAN_POINT('',(1.472621556405,32.483361000661));
#2192 = CARTESIAN_POINT('',(1.17809724505,32.601915508712));
#2193 = CARTESIAN_POINT('',(0.883572933853,32.704342875135));
#2194 = CARTESIAN_POINT('',(0.589048622544,32.777099011797));
#2195 = CARTESIAN_POINT('',(0.294524311274,32.813480526922));
#2196 = CARTESIAN_POINT('',(0.,32.813480526922));
#2197 = ( GEOMETRIC_REPRESENTATION_CONTEXT(2) 
PARAMETRIC_REPRESENTATION_CONTEXT() REPRESENTATION_CONTEXT('2D SPACE',''
  ) );
#2198 = FACE_BOUND('',#2199,.T.);
#2199 = EDGE_LOOP('',(#2200));
#2200 = ORIENTED_EDGE('',*,*,#2201,.F.);
#2201 = EDGE_CURVE('',#2202,#2202,#2204,.T.);
#2202 = VERTEX_POINT('',#2203);
#2203 = CARTESIAN_POINT('',(-104.686519473,-21.,84.));
#2204 = SURFACE_CURVE('',#2205,(#2210,#2217),.PCURVE_S1.);
#2205 = ELLIPSE('',#2206,6.011212122337,6.);
#2206 = AXIS2_PLACEMENT_3D('',#2207,#2208,#2209);
#2207 = CARTESIAN_POINT('',(-105.0534951939,-21.,90.));
#2208 = DIRECTION('',(-0.998134798422,0.,-6.104853953486E-02));
#2209 = DIRECTION('',(6.104853953486E-02,0.,-0.998134798422));
#2210 = PCURVE('',#574,#2211);
#2211 = DEFINITIONAL_REPRESENTATION('',(#2212),#2216);
#2212 = ELLIPSE('',#2213,6.011212122337,6.);
#2213 = AXIS2_PLACEMENT_2D('',#2214,#2215);
#2214 = CARTESIAN_POINT('',(21.000000000001,-40.07474748224));
#2215 = DIRECTION('',(0.,-1.));
#2216 = ( GEOMETRIC_REPRESENTATION_CONTEXT(2) 
PARAMETRIC_REPRESENTATION_CONTEXT() REPRESENTATION_CONTEXT('2D SPACE',''
  ) );
#2217 = PCURVE('',#2218,#2223);
#2218 = CYLINDRICAL_SURFACE('',#2219,6.);
#2219 = AXIS2_PLACEMENT_3D('',#2220,#2221,#2222);
#2220 = CARTESIAN_POINT('',(-137.5,-21.,90.));
#2221 = DIRECTION('',(1.,0.,2.22044604925E-16));
#2222 = DIRECTION('',(2.22044604925E-16,0.,-1.));
#2223 = DEFINITIONAL_REPRESENTATION('',(#2224),#2248);
#2224 = B_SPLINE_CURVE_WITH_KNOTS('',8,(#2225,#2226,#2227,#2228,#2229,
    #2230,#2231,#2232,#2233,#2234,#2235,#2236,#2237,#2238,#2239,#2240,
    #2241,#2242,#2243,#2244,#2245,#2246,#2247),.UNSPECIFIED.,.F.,.F.,(9,
    7,7,9),(0.,1.570796326795,3.926990816987,6.28318530718),
  .UNSPECIFIED.);
#2225 = CARTESIAN_POINT('',(6.28318530718,32.813480526922));
#2226 = CARTESIAN_POINT('',(6.08683576633,32.813480526922));
#2227 = CARTESIAN_POINT('',(5.890486225481,32.79731102456));
#2228 = CARTESIAN_POINT('',(5.694136684632,32.764973974539));
#2229 = CARTESIAN_POINT('',(5.497787143782,32.717793319716));
#2230 = CARTESIAN_POINT('',(5.301437602932,32.658439167786));
#2231 = CARTESIAN_POINT('',(5.105088062084,32.590615583834));
#2232 = CARTESIAN_POINT('',(4.908738521234,32.518560320321));
#2233 = CARTESIAN_POINT('',(4.417864669111,32.338421534566));
#2234 = CARTESIAN_POINT('',(4.12334035784,32.230337871439));
#2235 = CARTESIAN_POINT('',(3.828816046559,32.136544206413));
#2236 = CARTESIAN_POINT('',(3.534291735298,32.071310179337));
#2237 = CARTESIAN_POINT('',(3.239767424001,32.045010516988));
#2238 = CARTESIAN_POINT('',(2.945243112744,32.059886295971));
#2239 = CARTESIAN_POINT('',(2.650718801466,32.110587371061));
#2240 = CARTESIAN_POINT('',(2.061670178918,32.263440199415));
#2241 = CARTESIAN_POINT('',(1.767145867654,32.365592506561));
#2242 = CARTESIAN_POINT('',(1.472621556369,32.483361000661));
#2243 = CARTESIAN_POINT('',(1.17809724513,32.601915508712));
#2244 = CARTESIAN_POINT('',(0.883572933805,32.704342875135));
#2245 = CARTESIAN_POINT('',(0.589048622553,32.777099011797));
#2246 = CARTESIAN_POINT('',(0.294524311274,32.813480526922));
#2247 = CARTESIAN_POINT('',(1.15463194561E-14,32.813480526922));
#2248 = ( GEOMETRIC_REPRESENTATION_CONTEXT(2) 
PARAMETRIC_REPRESENTATION_CONTEXT() REPRESENTATION_CONTEXT('2D SPACE',''
  ) );
#2249 = FACE_BOUND('',#2250,.T.);
#2250 = EDGE_LOOP('',(#2251));
#2251 = ORIENTED_EDGE('',*,*,#2252,.F.);
#2252 = EDGE_CURVE('',#2253,#2253,#2255,.T.);
#2253 = VERTEX_POINT('',#2254);
#2254 = CARTESIAN_POINT('',(-104.686519473,-42.,84.));
#2255 = SURFACE_CURVE('',#2256,(#2261,#2268),.PCURVE_S1.);
#2256 = ELLIPSE('',#2257,6.011212122337,6.);
#2257 = AXIS2_PLACEMENT_3D('',#2258,#2259,#2260);
#2258 = CARTESIAN_POINT('',(-105.0534951939,-42.,90.));
#2259 = DIRECTION('',(-0.998134798422,0.,-6.104853953486E-02));
#2260 = DIRECTION('',(6.104853953486E-02,0.,-0.998134798422));
#2261 = PCURVE('',#574,#2262);
#2262 = DEFINITIONAL_REPRESENTATION('',(#2263),#2267);
#2263 = ELLIPSE('',#2264,6.011212122337,6.);
#2264 = AXIS2_PLACEMENT_2D('',#2265,#2266);
#2265 = CARTESIAN_POINT('',(42.000000000001,-40.07474748224));
#2266 = DIRECTION('',(0.,-1.));
#2267 = ( GEOMETRIC_REPRESENTATION_CONTEXT(2) 
PARAMETRIC_REPRESENTATION_CONTEXT() REPRESENTATION_CONTEXT('2D SPACE',''
  ) );
#2268 = PCURVE('',#2269,#2274);
#2269 = CYLINDRICAL_SURFACE('',#2270,6.);
#2270 = AXIS2_PLACEMENT_3D('',#2271,#2272,#2273);
#2271 = CARTESIAN_POINT('',(-137.5,-42.,90.));
#2272 = DIRECTION('',(1.,0.,2.22044604925E-16));
#2273 = DIRECTION('',(2.22044604925E-16,0.,-1.));
#2274 = DEFINITIONAL_REPRESENTATION('',(#2275),#2299);
#2275 = B_SPLINE_CURVE_WITH_KNOTS('',8,(#2276,#2277,#2278,#2279,#2280,
    #2281,#2282,#2283,#2284,#2285,#2286,#2287,#2288,#2289,#2290,#2291,
    #2292,#2293,#2294,#2295,#2296,#2297,#2298),.UNSPECIFIED.,.F.,.F.,(9,
    7,7,9),(0.,1.570796326795,3.926990816987,6.28318530718),
  .UNSPECIFIED.);
#2276 = CARTESIAN_POINT('',(6.28318530718,32.813480526922));
#2277 = CARTESIAN_POINT('',(6.08683576633,32.813480526922));
#2278 = CARTESIAN_POINT('',(5.890486225481,32.79731102456));
#2279 = CARTESIAN_POINT('',(5.694136684632,32.764973974539));
#2280 = CARTESIAN_POINT('',(5.497787143782,32.717793319716));
#2281 = CARTESIAN_POINT('',(5.301437602932,32.658439167786));
#2282 = CARTESIAN_POINT('',(5.105088062084,32.590615583834));
#2283 = CARTESIAN_POINT('',(4.908738521234,32.518560320321));
#2284 = CARTESIAN_POINT('',(4.417864669111,32.338421534566));
#2285 = CARTESIAN_POINT('',(4.123340357838,32.230337871439));
#2286 = CARTESIAN_POINT('',(3.828816046559,32.136544206413));
#2287 = CARTESIAN_POINT('',(3.534291735298,32.071310179337));
#2288 = CARTESIAN_POINT('',(3.239767424005,32.045010516988));
#2289 = CARTESIAN_POINT('',(2.945243112743,32.059886295971));
#2290 = CARTESIAN_POINT('',(2.650718801466,32.110587371061));
#2291 = CARTESIAN_POINT('',(2.061670178918,32.263440199415));
#2292 = CARTESIAN_POINT('',(1.767145867654,32.365592506561));
#2293 = CARTESIAN_POINT('',(1.472621556369,32.483361000661));
#2294 = CARTESIAN_POINT('',(1.17809724513,32.601915508712));
#2295 = CARTESIAN_POINT('',(0.883572933805,32.704342875135));
#2296 = CARTESIAN_POINT('',(0.589048622553,32.777099011797));
#2297 = CARTESIAN_POINT('',(0.294524311274,32.813480526922));
#2298 = CARTESIAN_POINT('',(1.15463194561E-14,32.813480526922));
#2299 = ( GEOMETRIC_REPRESENTATION_CONTEXT(2) 
PARAMETRIC_REPRESENTATION_CONTEXT() REPRESENTATION_CONTEXT('2D SPACE',''
  ) );
#2300 = FACE_BOUND('',#2301,.T.);
#2301 = EDGE_LOOP('',(#2302));
#2302 = ORIENTED_EDGE('',*,*,#2303,.F.);
#2303 = EDGE_CURVE('',#2304,#2304,#2306,.T.);
#2304 = VERTEX_POINT('',#2305);
#2305 = CARTESIAN_POINT('',(-105.879190566,-1.836970198721E-15,103.5));
#2306 = SURFACE_CURVE('',#2307,(#2312,#2319),.PCURVE_S1.);
#2307 = ELLIPSE('',#2308,7.514015152921,7.5);
#2308 = AXIS2_PLACEMENT_3D('',#2309,#2310,#2311);
#2309 = CARTESIAN_POINT('',(-106.3379102171,0.,111.));
#2310 = DIRECTION('',(-0.998134798422,0.,-6.104853953486E-02));
#2311 = DIRECTION('',(6.104853953486E-02,0.,-0.998134798422));
#2312 = PCURVE('',#574,#2313);
#2313 = DEFINITIONAL_REPRESENTATION('',(#2314),#2318);
#2314 = ELLIPSE('',#2315,7.514015152921,7.5);
#2315 = AXIS2_PLACEMENT_2D('',#2316,#2317);
#2316 = CARTESIAN_POINT('',(1.278976924368E-12,-19.03550505406));
#2317 = DIRECTION('',(0.,-1.));
#2318 = ( GEOMETRIC_REPRESENTATION_CONTEXT(2) 
PARAMETRIC_REPRESENTATION_CONTEXT() REPRESENTATION_CONTEXT('2D SPACE',''
  ) );
#2319 = PCURVE('',#2320,#2325);
#2320 = CYLINDRICAL_SURFACE('',#2321,7.5);
#2321 = AXIS2_PLACEMENT_3D('',#2322,#2323,#2324);
#2322 = CARTESIAN_POINT('',(-137.5,0.,111.));
#2323 = DIRECTION('',(1.,0.,2.22044604925E-16));
#2324 = DIRECTION('',(2.22044604925E-16,0.,-1.));
#2325 = DEFINITIONAL_REPRESENTATION('',(#2326),#2350);
#2326 = B_SPLINE_CURVE_WITH_KNOTS('',8,(#2327,#2328,#2329,#2330,#2331,
    #2332,#2333,#2334,#2335,#2336,#2337,#2338,#2339,#2340,#2341,#2342,
    #2343,#2344,#2345,#2346,#2347,#2348,#2349),.UNSPECIFIED.,.F.,.F.,(9,
    7,7,9),(0.,1.570796326795,3.926990816987,6.28318530718),
  .UNSPECIFIED.);
#2327 = CARTESIAN_POINT('',(6.28318530718,31.620809433988));
#2328 = CARTESIAN_POINT('',(6.08683576633,31.620809433988));
#2329 = CARTESIAN_POINT('',(5.890486225481,31.600597556036));
#2330 = CARTESIAN_POINT('',(5.694136684632,31.560176243518));
#2331 = CARTESIAN_POINT('',(5.497787143782,31.501200424984));
#2332 = CARTESIAN_POINT('',(5.301437602932,31.427007735062));
#2333 = CARTESIAN_POINT('',(5.105088062084,31.342228255127));
#2334 = CARTESIAN_POINT('',(4.908738521234,31.252159175737));
#2335 = CARTESIAN_POINT('',(4.417864669111,31.026985693543));
#2336 = CARTESIAN_POINT('',(4.123340357838,30.891881114625));
#2337 = CARTESIAN_POINT('',(3.828816046572,30.77463903348));
#2338 = CARTESIAN_POINT('',(3.534291735295,30.69309649957));
#2339 = CARTESIAN_POINT('',(3.239767424023,30.660221921702));
#2340 = CARTESIAN_POINT('',(2.94524311274,30.678816645297));
#2341 = CARTESIAN_POINT('',(2.650718801466,30.742192989161));
#2342 = CARTESIAN_POINT('',(2.061670178918,30.933259024604));
#2343 = CARTESIAN_POINT('',(1.767145867638,31.060949408529));
#2344 = CARTESIAN_POINT('',(1.472621556398,31.208160026275));
#2345 = CARTESIAN_POINT('',(1.178097245079,31.3563531611));
#2346 = CARTESIAN_POINT('',(0.883572933845,31.484387369303));
#2347 = CARTESIAN_POINT('',(0.589048622543,31.575332540084));
#2348 = CARTESIAN_POINT('',(0.294524311274,31.620809433988));
#2349 = CARTESIAN_POINT('',(0.,31.620809433988));
#2350 = ( GEOMETRIC_REPRESENTATION_CONTEXT(2) 
PARAMETRIC_REPRESENTATION_CONTEXT() REPRESENTATION_CONTEXT('2D SPACE',''
  ) );
#2351 = FACE_BOUND('',#2352,.T.);
#2352 = EDGE_LOOP('',(#2353));
#2353 = ORIENTED_EDGE('',*,*,#2354,.F.);
#2354 = EDGE_CURVE('',#2355,#2355,#2357,.T.);
#2355 = VERTEX_POINT('',#2356);
#2356 = CARTESIAN_POINT('',(-105.879190566,-21.,103.5));
#2357 = SURFACE_CURVE('',#2358,(#2363,#2370),.PCURVE_S1.);
#2358 = ELLIPSE('',#2359,7.514015152921,7.5);
#2359 = AXIS2_PLACEMENT_3D('',#2360,#2361,#2362);
#2360 = CARTESIAN_POINT('',(-106.3379102171,-21.,111.));
#2361 = DIRECTION('',(-0.998134798422,0.,-6.104853953486E-02));
#2362 = DIRECTION('',(6.104853953486E-02,0.,-0.998134798422));
#2363 = PCURVE('',#574,#2364);
#2364 = DEFINITIONAL_REPRESENTATION('',(#2365),#2369);
#2365 = ELLIPSE('',#2366,7.514015152921,7.5);
#2366 = AXIS2_PLACEMENT_2D('',#2367,#2368);
#2367 = CARTESIAN_POINT('',(21.000000000001,-19.03550505406));
#2368 = DIRECTION('',(0.,-1.));
#2369 = ( GEOMETRIC_REPRESENTATION_CONTEXT(2) 
PARAMETRIC_REPRESENTATION_CONTEXT() REPRESENTATION_CONTEXT('2D SPACE',''
  ) );
#2370 = PCURVE('',#2371,#2376);
#2371 = CYLINDRICAL_SURFACE('',#2372,7.5);
#2372 = AXIS2_PLACEMENT_3D('',#2373,#2374,#2375);
#2373 = CARTESIAN_POINT('',(-137.5,-21.,111.));
#2374 = DIRECTION('',(1.,0.,2.22044604925E-16));
#2375 = DIRECTION('',(2.22044604925E-16,0.,-1.));
#2376 = DEFINITIONAL_REPRESENTATION('',(#2377),#2401);
#2377 = B_SPLINE_CURVE_WITH_KNOTS('',8,(#2378,#2379,#2380,#2381,#2382,
    #2383,#2384,#2385,#2386,#2387,#2388,#2389,#2390,#2391,#2392,#2393,
    #2394,#2395,#2396,#2397,#2398,#2399,#2400),.UNSPECIFIED.,.F.,.F.,(9,
    7,7,9),(0.,1.570796326795,3.926990816987,6.28318530718),
  .UNSPECIFIED.);
#2378 = CARTESIAN_POINT('',(6.28318530718,31.620809433988));
#2379 = CARTESIAN_POINT('',(6.08683576633,31.620809433988));
#2380 = CARTESIAN_POINT('',(5.890486225481,31.600597556036));
#2381 = CARTESIAN_POINT('',(5.694136684632,31.560176243518));
#2382 = CARTESIAN_POINT('',(5.497787143782,31.501200424984));
#2383 = CARTESIAN_POINT('',(5.301437602932,31.427007735062));
#2384 = CARTESIAN_POINT('',(5.105088062084,31.342228255127));
#2385 = CARTESIAN_POINT('',(4.908738521234,31.252159175737));
#2386 = CARTESIAN_POINT('',(4.417864669111,31.026985693543));
#2387 = CARTESIAN_POINT('',(4.123340357838,30.891881114625));
#2388 = CARTESIAN_POINT('',(3.828816046572,30.77463903348));
#2389 = CARTESIAN_POINT('',(3.534291735295,30.69309649957));
#2390 = CARTESIAN_POINT('',(3.239767424023,30.660221921702));
#2391 = CARTESIAN_POINT('',(2.94524311274,30.678816645297));
#2392 = CARTESIAN_POINT('',(2.650718801466,30.742192989161));
#2393 = CARTESIAN_POINT('',(2.061670178918,30.933259024604));
#2394 = CARTESIAN_POINT('',(1.767145867636,31.060949408529));
#2395 = CARTESIAN_POINT('',(1.472621556407,31.208160026275));
#2396 = CARTESIAN_POINT('',(1.178097245064,31.3563531611));
#2397 = CARTESIAN_POINT('',(0.883572933856,31.484387369303));
#2398 = CARTESIAN_POINT('',(0.58904862254,31.575332540084));
#2399 = CARTESIAN_POINT('',(0.294524311274,31.620809433988));
#2400 = CARTESIAN_POINT('',(8.881784197001E-16,31.620809433988));
#2401 = ( GEOMETRIC_REPRESENTATION_CONTEXT(2) 
PARAMETRIC_REPRESENTATION_CONTEXT() REPRESENTATION_CONTEXT('2D SPACE',''
  ) );
#2402 = FACE_BOUND('',#2403,.T.);
#2403 = EDGE_LOOP('',(#2404));
#2404 = ORIENTED_EDGE('',*,*,#2405,.F.);
#2405 = EDGE_CURVE('',#2406,#2406,#2408,.T.);
#2406 = VERTEX_POINT('',#2407);
#2407 = CARTESIAN_POINT('',(-105.879190566,-42.,103.5));
#2408 = SURFACE_CURVE('',#2409,(#2414,#2421),.PCURVE_S1.);
#2409 = ELLIPSE('',#2410,7.514015152921,7.5);
#2410 = AXIS2_PLACEMENT_3D('',#2411,#2412,#2413);
#2411 = CARTESIAN_POINT('',(-106.3379102171,-42.,111.));
#2412 = DIRECTION('',(-0.998134798422,0.,-6.104853953486E-02));
#2413 = DIRECTION('',(6.104853953486E-02,0.,-0.998134798422));
#2414 = PCURVE('',#574,#2415);
#2415 = DEFINITIONAL_REPRESENTATION('',(#2416),#2420);
#2416 = ELLIPSE('',#2417,7.514015152921,7.5);
#2417 = AXIS2_PLACEMENT_2D('',#2418,#2419);
#2418 = CARTESIAN_POINT('',(42.000000000001,-19.03550505406));
#2419 = DIRECTION('',(0.,-1.));
#2420 = ( GEOMETRIC_REPRESENTATION_CONTEXT(2) 
PARAMETRIC_REPRESENTATION_CONTEXT() REPRESENTATION_CONTEXT('2D SPACE',''
  ) );
#2421 = PCURVE('',#2422,#2427);
#2422 = CYLINDRICAL_SURFACE('',#2423,7.5);
#2423 = AXIS2_PLACEMENT_3D('',#2424,#2425,#2426);
#2424 = CARTESIAN_POINT('',(-137.5,-42.,111.));
#2425 = DIRECTION('',(1.,0.,2.22044604925E-16));
#2426 = DIRECTION('',(2.22044604925E-16,0.,-1.));
#2427 = DEFINITIONAL_REPRESENTATION('',(#2428),#2452);
#2428 = B_SPLINE_CURVE_WITH_KNOTS('',8,(#2429,#2430,#2431,#2432,#2433,
    #2434,#2435,#2436,#2437,#2438,#2439,#2440,#2441,#2442,#2443,#2444,
    #2445,#2446,#2447,#2448,#2449,#2450,#2451),.UNSPECIFIED.,.F.,.F.,(9,
    7,7,9),(0.,1.570796326795,3.926990816987,6.28318530718),
  .UNSPECIFIED.);
#2429 = CARTESIAN_POINT('',(6.28318530718,31.620809433988));
#2430 = CARTESIAN_POINT('',(6.08683576633,31.620809433988));
#2431 = CARTESIAN_POINT('',(5.890486225481,31.600597556036));
#2432 = CARTESIAN_POINT('',(5.694136684632,31.560176243518));
#2433 = CARTESIAN_POINT('',(5.497787143782,31.501200424984));
#2434 = CARTESIAN_POINT('',(5.301437602933,31.427007735062));
#2435 = CARTESIAN_POINT('',(5.105088062083,31.342228255127));
#2436 = CARTESIAN_POINT('',(4.908738521234,31.252159175737));
#2437 = CARTESIAN_POINT('',(4.417864669111,31.026985693543));
#2438 = CARTESIAN_POINT('',(4.123340357838,30.891881114625));
#2439 = CARTESIAN_POINT('',(3.828816046572,30.77463903348));
#2440 = CARTESIAN_POINT('',(3.534291735295,30.69309649957));
#2441 = CARTESIAN_POINT('',(3.239767424023,30.660221921702));
#2442 = CARTESIAN_POINT('',(2.94524311274,30.678816645297));
#2443 = CARTESIAN_POINT('',(2.650718801466,30.742192989161));
#2444 = CARTESIAN_POINT('',(2.061670178918,30.933259024604));
#2445 = CARTESIAN_POINT('',(1.767145867651,31.060949408529));
#2446 = CARTESIAN_POINT('',(1.47262155636,31.208160026275));
#2447 = CARTESIAN_POINT('',(1.178097245105,31.3563531611));
#2448 = CARTESIAN_POINT('',(0.883572933802,31.484387369303));
#2449 = CARTESIAN_POINT('',(0.589048622551,31.575332540084));
#2450 = CARTESIAN_POINT('',(0.294524311274,31.620809433988));
#2451 = CARTESIAN_POINT('',(1.15463194561E-14,31.620809433988));
#2452 = ( GEOMETRIC_REPRESENTATION_CONTEXT(2) 
PARAMETRIC_REPRESENTATION_CONTEXT() REPRESENTATION_CONTEXT('2D SPACE',''
  ) );
#2453 = ADVANCED_FACE('',(#2454),#100,.F.);
#2454 = FACE_BOUND('',#2455,.F.);
#2455 = EDGE_LOOP('',(#2456,#2479,#2480,#2481,#2502,#2503));
#2456 = ORIENTED_EDGE('',*,*,#2457,.F.);
#2457 = EDGE_CURVE('',#85,#2458,#2460,.T.);
#2458 = VERTEX_POINT('',#2459);
#2459 = CARTESIAN_POINT('',(-75.5,-48.,1.796405578174));
#2460 = SURFACE_CURVE('',#2461,(#2465,#2472),.PCURVE_S1.);
#2461 = LINE('',#2462,#2463);
#2462 = CARTESIAN_POINT('',(-75.5,-48.,0.));
#2463 = VECTOR('',#2464,1.);
#2464 = DIRECTION('',(0.,0.,1.));
#2465 = PCURVE('',#100,#2466);
#2466 = DEFINITIONAL_REPRESENTATION('',(#2467),#2471);
#2467 = LINE('',#2468,#2469);
#2468 = CARTESIAN_POINT('',(0.,32.));
#2469 = VECTOR('',#2470,1.);
#2470 = DIRECTION('',(1.,0.));
#2471 = ( GEOMETRIC_REPRESENTATION_CONTEXT(2) 
PARAMETRIC_REPRESENTATION_CONTEXT() REPRESENTATION_CONTEXT('2D SPACE',''
  ) );
#2472 = PCURVE('',#128,#2473);
#2473 = DEFINITIONAL_REPRESENTATION('',(#2474),#2478);
#2474 = LINE('',#2475,#2476);
#2475 = CARTESIAN_POINT('',(0.,0.));
#2476 = VECTOR('',#2477,1.);
#2477 = DIRECTION('',(1.,0.));
#2478 = ( GEOMETRIC_REPRESENTATION_CONTEXT(2) 
PARAMETRIC_REPRESENTATION_CONTEXT() REPRESENTATION_CONTEXT('2D SPACE',''
  ) );
#2479 = ORIENTED_EDGE('',*,*,#84,.F.);
#2480 = ORIENTED_EDGE('',*,*,#1099,.T.);
#2481 = ORIENTED_EDGE('',*,*,#2482,.T.);
#2482 = EDGE_CURVE('',#1100,#1151,#2483,.T.);
#2483 = SURFACE_CURVE('',#2484,(#2488,#2495),.PCURVE_S1.);
#2484 = LINE('',#2485,#2486);
#2485 = CARTESIAN_POINT('',(-107.5,-48.,6.));
#2486 = VECTOR('',#2487,1.);
#2487 = DIRECTION('',(1.,0.,-0.));
#2488 = PCURVE('',#100,#2489);
#2489 = DEFINITIONAL_REPRESENTATION('',(#2490),#2494);
#2490 = LINE('',#2491,#2492);
#2491 = CARTESIAN_POINT('',(6.,0.));
#2492 = VECTOR('',#2493,1.);
#2493 = DIRECTION('',(0.,1.));
#2494 = ( GEOMETRIC_REPRESENTATION_CONTEXT(2) 
PARAMETRIC_REPRESENTATION_CONTEXT() REPRESENTATION_CONTEXT('2D SPACE',''
  ) );
#2495 = PCURVE('',#1065,#2496);
#2496 = DEFINITIONAL_REPRESENTATION('',(#2497),#2501);
#2497 = LINE('',#2498,#2499);
#2498 = CARTESIAN_POINT('',(0.,0.));
#2499 = VECTOR('',#2500,1.);
#2500 = DIRECTION('',(1.,0.));
#2501 = ( GEOMETRIC_REPRESENTATION_CONTEXT(2) 
PARAMETRIC_REPRESENTATION_CONTEXT() REPRESENTATION_CONTEXT('2D SPACE',''
  ) );
#2502 = ORIENTED_EDGE('',*,*,#1171,.T.);
#2503 = ORIENTED_EDGE('',*,*,#2504,.T.);
#2504 = EDGE_CURVE('',#1172,#2458,#2505,.T.);
#2505 = SURFACE_CURVE('',#2506,(#2510,#2516),.PCURVE_S1.);
#2506 = LINE('',#2507,#2508);
#2507 = CARTESIAN_POINT('',(0.,-48.,1.796405578174));
#2508 = VECTOR('',#2509,1.);
#2509 = DIRECTION('',(1.,0.,0.));
#2510 = PCURVE('',#100,#2511);
#2511 = DEFINITIONAL_REPRESENTATION('',(#2512),#2515);
#2512 = B_SPLINE_CURVE_WITH_KNOTS('',1,(#2513,#2514),.UNSPECIFIED.,.F.,
  .F.,(2,2),(-99.90714411425,-72.3),.PIECEWISE_BEZIER_KNOTS.);
#2513 = CARTESIAN_POINT('',(1.796405578174,7.59285588575));
#2514 = CARTESIAN_POINT('',(1.796405578174,35.2));
#2515 = ( GEOMETRIC_REPRESENTATION_CONTEXT(2) 
PARAMETRIC_REPRESENTATION_CONTEXT() REPRESENTATION_CONTEXT('2D SPACE',''
  ) );
#2516 = PCURVE('',#156,#2517);
#2517 = DEFINITIONAL_REPRESENTATION('',(#2518),#2521);
#2518 = B_SPLINE_CURVE_WITH_KNOTS('',1,(#2519,#2520),.UNSPECIFIED.,.F.,
  .F.,(2,2),(-99.90714411425,-72.3),.PIECEWISE_BEZIER_KNOTS.);
#2519 = CARTESIAN_POINT('',(4.285310394059,-99.90714411425));
#2520 = CARTESIAN_POINT('',(4.285310394059,-72.3));
#2521 = ( GEOMETRIC_REPRESENTATION_CONTEXT(2) 
PARAMETRIC_REPRESENTATION_CONTEXT() REPRESENTATION_CONTEXT('2D SPACE',''
  ) );
#2522 = ADVANCED_FACE('',(#2523),#548,.F.);
#2523 = FACE_BOUND('',#2524,.F.);
#2524 = EDGE_LOOP('',(#2525,#2526,#2549,#2570));
#2525 = ORIENTED_EDGE('',*,*,#532,.F.);
#2526 = ORIENTED_EDGE('',*,*,#2527,.T.);
#2527 = EDGE_CURVE('',#505,#2528,#2530,.T.);
#2528 = VERTEX_POINT('',#2529);
#2529 = CARTESIAN_POINT('',(-107.5,68.,6.));
#2530 = SURFACE_CURVE('',#2531,(#2535,#2542),.PCURVE_S1.);
#2531 = LINE('',#2532,#2533);
#2532 = CARTESIAN_POINT('',(-107.5,68.,0.));
#2533 = VECTOR('',#2534,1.);
#2534 = DIRECTION('',(0.,0.,1.));
#2535 = PCURVE('',#548,#2536);
#2536 = DEFINITIONAL_REPRESENTATION('',(#2537),#2541);
#2537 = LINE('',#2538,#2539);
#2538 = CARTESIAN_POINT('',(0.,0.));
#2539 = VECTOR('',#2540,1.);
#2540 = DIRECTION('',(1.,0.));
#2541 = ( GEOMETRIC_REPRESENTATION_CONTEXT(2) 
PARAMETRIC_REPRESENTATION_CONTEXT() REPRESENTATION_CONTEXT('2D SPACE',''
  ) );
#2542 = PCURVE('',#520,#2543);
#2543 = DEFINITIONAL_REPRESENTATION('',(#2544),#2548);
#2544 = LINE('',#2545,#2546);
#2545 = CARTESIAN_POINT('',(0.,0.));
#2546 = VECTOR('',#2547,1.);
#2547 = DIRECTION('',(1.,0.));
#2548 = ( GEOMETRIC_REPRESENTATION_CONTEXT(2) 
PARAMETRIC_REPRESENTATION_CONTEXT() REPRESENTATION_CONTEXT('2D SPACE',''
  ) );
#2549 = ORIENTED_EDGE('',*,*,#2550,.T.);
#2550 = EDGE_CURVE('',#2528,#1390,#2551,.T.);
#2551 = SURFACE_CURVE('',#2552,(#2556,#2563),.PCURVE_S1.);
#2552 = LINE('',#2553,#2554);
#2553 = CARTESIAN_POINT('',(-107.5,68.,6.));
#2554 = VECTOR('',#2555,1.);
#2555 = DIRECTION('',(1.,0.,-0.));
#2556 = PCURVE('',#548,#2557);
#2557 = DEFINITIONAL_REPRESENTATION('',(#2558),#2562);
#2558 = LINE('',#2559,#2560);
#2559 = CARTESIAN_POINT('',(6.,0.));
#2560 = VECTOR('',#2561,1.);
#2561 = DIRECTION('',(0.,1.));
#2562 = ( GEOMETRIC_REPRESENTATION_CONTEXT(2) 
PARAMETRIC_REPRESENTATION_CONTEXT() REPRESENTATION_CONTEXT('2D SPACE',''
  ) );
#2563 = PCURVE('',#1404,#2564);
#2564 = DEFINITIONAL_REPRESENTATION('',(#2565),#2569);
#2565 = LINE('',#2566,#2567);
#2566 = CARTESIAN_POINT('',(0.,0.));
#2567 = VECTOR('',#2568,1.);
#2568 = DIRECTION('',(1.,0.));
#2569 = ( GEOMETRIC_REPRESENTATION_CONTEXT(2) 
PARAMETRIC_REPRESENTATION_CONTEXT() REPRESENTATION_CONTEXT('2D SPACE',''
  ) );
#2570 = ORIENTED_EDGE('',*,*,#1415,.T.);
#2571 = ADVANCED_FACE('',(#2572),#128,.T.);
#2572 = FACE_BOUND('',#2573,.T.);
#2573 = EDGE_LOOP('',(#2574,#2575,#2576));
#2574 = ORIENTED_EDGE('',*,*,#2457,.F.);
#2575 = ORIENTED_EDGE('',*,*,#112,.T.);
#2576 = ORIENTED_EDGE('',*,*,#2577,.F.);
#2577 = EDGE_CURVE('',#2458,#113,#2578,.T.);
#2578 = SURFACE_CURVE('',#2579,(#2584,#2591),.PCURVE_S1.);
#2579 = CIRCLE('',#2580,20.);
#2580 = AXIS2_PLACEMENT_3D('',#2581,#2582,#2583);
#2581 = CARTESIAN_POINT('',(-75.5,-39.71572875375,20.000000001217));
#2582 = DIRECTION('',(1.,0.,0.));
#2583 = DIRECTION('',(-0.,1.,0.));
#2584 = PCURVE('',#128,#2585);
#2585 = DEFINITIONAL_REPRESENTATION('',(#2586),#2590);
#2586 = CIRCLE('',#2587,20.);
#2587 = AXIS2_PLACEMENT_2D('',#2588,#2589);
#2588 = CARTESIAN_POINT('',(20.000000001217,-8.284271246245));
#2589 = DIRECTION('',(0.,-1.));
#2590 = ( GEOMETRIC_REPRESENTATION_CONTEXT(2) 
PARAMETRIC_REPRESENTATION_CONTEXT() REPRESENTATION_CONTEXT('2D SPACE',''
  ) );
#2591 = PCURVE('',#156,#2592);
#2592 = DEFINITIONAL_REPRESENTATION('',(#2593),#2597);
#2593 = LINE('',#2594,#2595);
#2594 = CARTESIAN_POINT('',(0.,-75.5));
#2595 = VECTOR('',#2596,1.);
#2596 = DIRECTION('',(1.,0.));
#2597 = ( GEOMETRIC_REPRESENTATION_CONTEXT(2) 
PARAMETRIC_REPRESENTATION_CONTEXT() REPRESENTATION_CONTEXT('2D SPACE',''
  ) );
#2598 = ADVANCED_FACE('',(#2599),#520,.F.);
#2599 = FACE_BOUND('',#2600,.F.);
#2600 = EDGE_LOOP('',(#2601,#2602,#2603,#2626));
#2601 = ORIENTED_EDGE('',*,*,#2527,.F.);
#2602 = ORIENTED_EDGE('',*,*,#504,.T.);
#2603 = ORIENTED_EDGE('',*,*,#2604,.T.);
#2604 = EDGE_CURVE('',#477,#2605,#2607,.T.);
#2605 = VERTEX_POINT('',#2606);
#2606 = CARTESIAN_POINT('',(-107.5,100.,6.));
#2607 = SURFACE_CURVE('',#2608,(#2612,#2619),.PCURVE_S1.);
#2608 = LINE('',#2609,#2610);
#2609 = CARTESIAN_POINT('',(-107.5,100.,0.));
#2610 = VECTOR('',#2611,1.);
#2611 = DIRECTION('',(0.,0.,1.));
#2612 = PCURVE('',#520,#2613);
#2613 = DEFINITIONAL_REPRESENTATION('',(#2614),#2618);
#2614 = LINE('',#2615,#2616);
#2615 = CARTESIAN_POINT('',(0.,-32.));
#2616 = VECTOR('',#2617,1.);
#2617 = DIRECTION('',(1.,0.));
#2618 = ( GEOMETRIC_REPRESENTATION_CONTEXT(2) 
PARAMETRIC_REPRESENTATION_CONTEXT() REPRESENTATION_CONTEXT('2D SPACE',''
  ) );
#2619 = PCURVE('',#492,#2620);
#2620 = DEFINITIONAL_REPRESENTATION('',(#2621),#2625);
#2621 = LINE('',#2622,#2623);
#2622 = CARTESIAN_POINT('',(0.,0.));
#2623 = VECTOR('',#2624,1.);
#2624 = DIRECTION('',(1.,0.));
#2625 = ( GEOMETRIC_REPRESENTATION_CONTEXT(2) 
PARAMETRIC_REPRESENTATION_CONTEXT() REPRESENTATION_CONTEXT('2D SPACE',''
  ) );
#2626 = ORIENTED_EDGE('',*,*,#2627,.F.);
#2627 = EDGE_CURVE('',#2528,#2605,#2628,.T.);
#2628 = SURFACE_CURVE('',#2629,(#2633,#2640),.PCURVE_S1.);
#2629 = LINE('',#2630,#2631);
#2630 = CARTESIAN_POINT('',(-107.5,68.,6.));
#2631 = VECTOR('',#2632,1.);
#2632 = DIRECTION('',(-0.,1.,0.));
#2633 = PCURVE('',#520,#2634);
#2634 = DEFINITIONAL_REPRESENTATION('',(#2635),#2639);
#2635 = LINE('',#2636,#2637);
#2636 = CARTESIAN_POINT('',(6.,0.));
#2637 = VECTOR('',#2638,1.);
#2638 = DIRECTION('',(0.,-1.));
#2639 = ( GEOMETRIC_REPRESENTATION_CONTEXT(2) 
PARAMETRIC_REPRESENTATION_CONTEXT() REPRESENTATION_CONTEXT('2D SPACE',''
  ) );
#2640 = PCURVE('',#1404,#2641);
#2641 = DEFINITIONAL_REPRESENTATION('',(#2642),#2646);
#2642 = LINE('',#2643,#2644);
#2643 = CARTESIAN_POINT('',(0.,0.));
#2644 = VECTOR('',#2645,1.);
#2645 = DIRECTION('',(0.,1.));
#2646 = ( GEOMETRIC_REPRESENTATION_CONTEXT(2) 
PARAMETRIC_REPRESENTATION_CONTEXT() REPRESENTATION_CONTEXT('2D SPACE',''
  ) );
#2647 = ADVANCED_FACE('',(#2648),#156,.T.);
#2648 = FACE_BOUND('',#2649,.T.);
#2649 = EDGE_LOOP('',(#2650,#2678,#2711,#2732,#2733,#2734,#2735,#2736,
    #2760,#2781,#2809,#2837));
#2650 = ORIENTED_EDGE('',*,*,#2651,.F.);
#2651 = EDGE_CURVE('',#2652,#2654,#2656,.T.);
#2652 = VERTEX_POINT('',#2653);
#2653 = CARTESIAN_POINT('',(-98.14885938043,-48.43352663832,2.));
#2654 = VERTEX_POINT('',#2655);
#2655 = CARTESIAN_POINT('',(98.148859380437,-48.43352663832,2.));
#2656 = SURFACE_CURVE('',#2657,(#2661,#2667),.PCURVE_S1.);
#2657 = LINE('',#2658,#2659);
#2658 = CARTESIAN_POINT('',(0.,-48.43352663832,2.));
#2659 = VECTOR('',#2660,1.);
#2660 = DIRECTION('',(1.,0.,0.));
#2661 = PCURVE('',#156,#2662);
#2662 = DEFINITIONAL_REPRESENTATION('',(#2663),#2666);
#2663 = B_SPLINE_CURVE_WITH_KNOTS('',1,(#2664,#2665),.UNSPECIFIED.,.F.,
  .F.,(2,2),(-117.7786312565,117.77863125652),.PIECEWISE_BEZIER_KNOTS.);
#2664 = CARTESIAN_POINT('',(4.261362168728,-117.7786312565));
#2665 = CARTESIAN_POINT('',(4.261362168728,117.77863125652));
#2666 = ( GEOMETRIC_REPRESENTATION_CONTEXT(2) 
PARAMETRIC_REPRESENTATION_CONTEXT() REPRESENTATION_CONTEXT('2D SPACE',''
  ) );
#2667 = PCURVE('',#2668,#2673);
#2668 = PLANE('',#2669);
#2669 = AXIS2_PLACEMENT_3D('',#2670,#2671,#2672);
#2670 = CARTESIAN_POINT('',(-86.14885938043,-78.64885938043,2.));
#2671 = DIRECTION('',(0.,0.,-1.));
#2672 = DIRECTION('',(-1.,0.,0.));
#2673 = DEFINITIONAL_REPRESENTATION('',(#2674),#2677);
#2674 = B_SPLINE_CURVE_WITH_KNOTS('',1,(#2675,#2676),.UNSPECIFIED.,.F.,
  .F.,(2,2),(-117.7786312565,117.77863125652),.PIECEWISE_BEZIER_KNOTS.);
#2675 = CARTESIAN_POINT('',(31.629771876087,30.215332742115));
#2676 = CARTESIAN_POINT('',(-203.9274906369,30.215332742115));
#2677 = ( GEOMETRIC_REPRESENTATION_CONTEXT(2) 
PARAMETRIC_REPRESENTATION_CONTEXT() REPRESENTATION_CONTEXT('2D SPACE',''
  ) );
#2678 = ORIENTED_EDGE('',*,*,#2679,.T.);
#2679 = EDGE_CURVE('',#2652,#2680,#2682,.T.);
#2680 = VERTEX_POINT('',#2681);
#2681 = CARTESIAN_POINT('',(-98.38481647394,-53.85786437748,
    5.857864377486));
#2682 = SURFACE_CURVE('',#2683,(#2688,#2699),.PCURVE_S1.);
#2683 = ELLIPSE('',#2684,20.037373741124,20.);
#2684 = AXIS2_PLACEMENT_3D('',#2685,#2686,#2687);
#2685 = CARTESIAN_POINT('',(-99.24978654322,-39.71572875375,
    20.000000001217));
#2686 = DIRECTION('',(-0.998134798422,0.,-6.104853953486E-02));
#2687 = DIRECTION('',(6.104853953486E-02,0.,-0.998134798422));
#2688 = PCURVE('',#156,#2689);
#2689 = DEFINITIONAL_REPRESENTATION('',(#2690),#2698);
#2690 = B_SPLINE_CURVE_WITH_KNOTS('',6,(#2691,#2692,#2693,#2694,#2695,
    #2696,#2697),.UNSPECIFIED.,.F.,.F.,(7,7),(3.553391240547E-16,
    0.785398163397),.PIECEWISE_BEZIER_KNOTS.);
#2691 = CARTESIAN_POINT('',(4.712388980385,-98.02653414021));
#2692 = CARTESIAN_POINT('',(4.581489286485,-98.02653414021));
#2693 = CARTESIAN_POINT('',(4.450589592586,-98.05168616954));
#2694 = CARTESIAN_POINT('',(4.319689898686,-98.10199086097));
#2695 = CARTESIAN_POINT('',(4.188790204786,-98.17615318057));
#2696 = CARTESIAN_POINT('',(4.057890510887,-98.27159215664));
#2697 = CARTESIAN_POINT('',(3.926990816987,-98.38481647394));
#2698 = ( GEOMETRIC_REPRESENTATION_CONTEXT(2) 
PARAMETRIC_REPRESENTATION_CONTEXT() REPRESENTATION_CONTEXT('2D SPACE',''
  ) );
#2699 = PCURVE('',#2700,#2705);
#2700 = PLANE('',#2701);
#2701 = AXIS2_PLACEMENT_3D('',#2702,#2703,#2704);
#2702 = CARTESIAN_POINT('',(-106.1,1.698197138467E-12,132.));
#2703 = DIRECTION('',(-0.998134798422,0.,-6.104853953486E-02));
#2704 = DIRECTION('',(0.,-1.,-0.));
#2705 = DEFINITIONAL_REPRESENTATION('',(#2706),#2710);
#2706 = ELLIPSE('',#2707,20.037373741124,20.);
#2707 = AXIS2_PLACEMENT_2D('',#2708,#2709);
#2708 = CARTESIAN_POINT('',(39.715728753757,-112.209292949));
#2709 = DIRECTION('',(0.,-1.));
#2710 = ( GEOMETRIC_REPRESENTATION_CONTEXT(2) 
PARAMETRIC_REPRESENTATION_CONTEXT() REPRESENTATION_CONTEXT('2D SPACE',''
  ) );
#2711 = ORIENTED_EDGE('',*,*,#2712,.T.);
#2712 = EDGE_CURVE('',#2680,#1193,#2713,.T.);
#2713 = SURFACE_CURVE('',#2714,(#2718,#2725),.PCURVE_S1.);
#2714 = LINE('',#2715,#2716);
#2715 = CARTESIAN_POINT('',(137.5,-53.85786437748,5.857864377486));
#2716 = VECTOR('',#2717,1.);
#2717 = DIRECTION('',(-1.,0.,0.));
#2718 = PCURVE('',#156,#2719);
#2719 = DEFINITIONAL_REPRESENTATION('',(#2720),#2724);
#2720 = LINE('',#2721,#2722);
#2721 = CARTESIAN_POINT('',(3.926990816987,137.5));
#2722 = VECTOR('',#2723,1.);
#2723 = DIRECTION('',(0.,-1.));
#2724 = ( GEOMETRIC_REPRESENTATION_CONTEXT(2) 
PARAMETRIC_REPRESENTATION_CONTEXT() REPRESENTATION_CONTEXT('2D SPACE',''
  ) );
#2725 = PCURVE('',#1235,#2726);
#2726 = DEFINITIONAL_REPRESENTATION('',(#2727),#2731);
#2727 = LINE('',#2728,#2729);
#2728 = CARTESIAN_POINT('',(60.284271257577,137.5));
#2729 = VECTOR('',#2730,1.);
#2730 = DIRECTION('',(0.,-1.));
#2731 = ( GEOMETRIC_REPRESENTATION_CONTEXT(2) 
PARAMETRIC_REPRESENTATION_CONTEXT() REPRESENTATION_CONTEXT('2D SPACE',''
  ) );
#2732 = ORIENTED_EDGE('',*,*,#1192,.F.);
#2733 = ORIENTED_EDGE('',*,*,#2504,.T.);
#2734 = ORIENTED_EDGE('',*,*,#2577,.T.);
#2735 = ORIENTED_EDGE('',*,*,#140,.F.);
#2736 = ORIENTED_EDGE('',*,*,#2737,.F.);
#2737 = EDGE_CURVE('',#2738,#141,#2740,.T.);
#2738 = VERTEX_POINT('',#2739);
#2739 = CARTESIAN_POINT('',(75.5,-48.,1.796405578174));
#2740 = SURFACE_CURVE('',#2741,(#2746,#2753),.PCURVE_S1.);
#2741 = CIRCLE('',#2742,20.);
#2742 = AXIS2_PLACEMENT_3D('',#2743,#2744,#2745);
#2743 = CARTESIAN_POINT('',(75.5,-39.71572875375,20.000000001217));
#2744 = DIRECTION('',(1.,0.,0.));
#2745 = DIRECTION('',(-0.,1.,0.));
#2746 = PCURVE('',#156,#2747);
#2747 = DEFINITIONAL_REPRESENTATION('',(#2748),#2752);
#2748 = LINE('',#2749,#2750);
#2749 = CARTESIAN_POINT('',(0.,75.5));
#2750 = VECTOR('',#2751,1.);
#2751 = DIRECTION('',(1.,0.));
#2752 = ( GEOMETRIC_REPRESENTATION_CONTEXT(2) 
PARAMETRIC_REPRESENTATION_CONTEXT() REPRESENTATION_CONTEXT('2D SPACE',''
  ) );
#2753 = PCURVE('',#184,#2754);
#2754 = DEFINITIONAL_REPRESENTATION('',(#2755),#2759);
#2755 = CIRCLE('',#2756,20.);
#2756 = AXIS2_PLACEMENT_2D('',#2757,#2758);
#2757 = CARTESIAN_POINT('',(20.000000001217,-8.284271246245));
#2758 = DIRECTION('',(0.,-1.));
#2759 = ( GEOMETRIC_REPRESENTATION_CONTEXT(2) 
PARAMETRIC_REPRESENTATION_CONTEXT() REPRESENTATION_CONTEXT('2D SPACE',''
  ) );
#2760 = ORIENTED_EDGE('',*,*,#2761,.T.);
#2761 = EDGE_CURVE('',#2738,#2762,#2764,.T.);
#2762 = VERTEX_POINT('',#2763);
#2763 = CARTESIAN_POINT('',(99.658732252451,-48.,1.796405578174));
#2764 = SURFACE_CURVE('',#2765,(#2769,#2775),.PCURVE_S1.);
#2765 = LINE('',#2766,#2767);
#2766 = CARTESIAN_POINT('',(0.,-48.,1.796405578174));
#2767 = VECTOR('',#2768,1.);
#2768 = DIRECTION('',(1.,0.,0.));
#2769 = PCURVE('',#156,#2770);
#2770 = DEFINITIONAL_REPRESENTATION('',(#2771),#2774);
#2771 = B_SPLINE_CURVE_WITH_KNOTS('',1,(#2772,#2773),.UNSPECIFIED.,.F.,
  .F.,(2,2),(72.3,99.90714411425),.PIECEWISE_BEZIER_KNOTS.);
#2772 = CARTESIAN_POINT('',(4.285310394059,72.3));
#2773 = CARTESIAN_POINT('',(4.285310394059,99.90714411425));
#2774 = ( GEOMETRIC_REPRESENTATION_CONTEXT(2) 
PARAMETRIC_REPRESENTATION_CONTEXT() REPRESENTATION_CONTEXT('2D SPACE',''
  ) );
#2775 = PCURVE('',#212,#2776);
#2776 = DEFINITIONAL_REPRESENTATION('',(#2777),#2780);
#2777 = B_SPLINE_CURVE_WITH_KNOTS('',1,(#2778,#2779),.UNSPECIFIED.,.F.,
  .F.,(2,2),(72.3,99.90714411425),.PIECEWISE_BEZIER_KNOTS.);
#2778 = CARTESIAN_POINT('',(1.796405578174,-3.2));
#2779 = CARTESIAN_POINT('',(1.796405578174,24.40714411425));
#2780 = ( GEOMETRIC_REPRESENTATION_CONTEXT(2) 
PARAMETRIC_REPRESENTATION_CONTEXT() REPRESENTATION_CONTEXT('2D SPACE',''
  ) );
#2781 = ORIENTED_EDGE('',*,*,#2782,.F.);
#2782 = EDGE_CURVE('',#2783,#2762,#2785,.T.);
#2783 = VERTEX_POINT('',#2784);
#2784 = CARTESIAN_POINT('',(99.90714171425,-53.85786437748,
    5.857864377486));
#2785 = SURFACE_CURVE('',#2786,(#2791,#2802),.PCURVE_S1.);
#2786 = ELLIPSE('',#2787,20.037373741124,20.);
#2787 = AXIS2_PLACEMENT_3D('',#2788,#2789,#2790);
#2788 = CARTESIAN_POINT('',(100.77211178352,-39.71572875375,
    20.000000001217));
#2789 = DIRECTION('',(0.998134798422,0.,-6.104853953486E-02));
#2790 = DIRECTION('',(6.104853953486E-02,0.,0.998134798422));
#2791 = PCURVE('',#156,#2792);
#2792 = DEFINITIONAL_REPRESENTATION('',(#2793),#2801);
#2793 = B_SPLINE_CURVE_WITH_KNOTS('',6,(#2794,#2795,#2796,#2797,#2798,
    #2799,#2800),.UNSPECIFIED.,.F.,.F.,(7,7),(2.356194490192,
    3.14159265359),.PIECEWISE_BEZIER_KNOTS.);
#2794 = CARTESIAN_POINT('',(3.926990816987,99.90714171425));
#2795 = CARTESIAN_POINT('',(4.057890510887,99.79391739695));
#2796 = CARTESIAN_POINT('',(4.188790204787,99.698478420874));
#2797 = CARTESIAN_POINT('',(4.319689898686,99.624316101279));
#2798 = CARTESIAN_POINT('',(4.450589592586,99.574011409839));
#2799 = CARTESIAN_POINT('',(4.581489286485,99.548859380511));
#2800 = CARTESIAN_POINT('',(4.712388980385,99.548859380511));
#2801 = ( GEOMETRIC_REPRESENTATION_CONTEXT(2) 
PARAMETRIC_REPRESENTATION_CONTEXT() REPRESENTATION_CONTEXT('2D SPACE',''
  ) );
#2802 = PCURVE('',#296,#2803);
#2803 = DEFINITIONAL_REPRESENTATION('',(#2804),#2808);
#2804 = ELLIPSE('',#2805,20.037373741124,20.);
#2805 = AXIS2_PLACEMENT_2D('',#2806,#2807);
#2806 = CARTESIAN_POINT('',(-39.71572875375,-110.2055555749));
#2807 = DIRECTION('',(0.,1.));
#2808 = ( GEOMETRIC_REPRESENTATION_CONTEXT(2) 
PARAMETRIC_REPRESENTATION_CONTEXT() REPRESENTATION_CONTEXT('2D SPACE',''
  ) );
#2809 = ORIENTED_EDGE('',*,*,#2810,.T.);
#2810 = EDGE_CURVE('',#2783,#2811,#2813,.T.);
#2811 = VERTEX_POINT('',#2812);
#2812 = CARTESIAN_POINT('',(98.384816473949,-53.85786437748,
    5.857864377486));
#2813 = SURFACE_CURVE('',#2814,(#2818,#2825),.PCURVE_S1.);
#2814 = LINE('',#2815,#2816);
#2815 = CARTESIAN_POINT('',(137.5,-53.85786437748,5.857864377486));
#2816 = VECTOR('',#2817,1.);
#2817 = DIRECTION('',(-1.,0.,0.));
#2818 = PCURVE('',#156,#2819);
#2819 = DEFINITIONAL_REPRESENTATION('',(#2820),#2824);
#2820 = LINE('',#2821,#2822);
#2821 = CARTESIAN_POINT('',(3.926990816987,137.5));
#2822 = VECTOR('',#2823,1.);
#2823 = DIRECTION('',(0.,-1.));
#2824 = ( GEOMETRIC_REPRESENTATION_CONTEXT(2) 
PARAMETRIC_REPRESENTATION_CONTEXT() REPRESENTATION_CONTEXT('2D SPACE',''
  ) );
#2825 = PCURVE('',#2826,#2831);
#2826 = PLANE('',#2827);
#2827 = AXIS2_PLACEMENT_3D('',#2828,#2829,#2830);
#2828 = CARTESIAN_POINT('',(0.,-96.4852813826,48.485281382608));
#2829 = DIRECTION('',(0.,-0.707106781187,-0.707106781187));
#2830 = DIRECTION('',(0.,0.707106781187,-0.707106781187));
#2831 = DEFINITIONAL_REPRESENTATION('',(#2832),#2836);
#2832 = LINE('',#2833,#2834);
#2833 = CARTESIAN_POINT('',(60.284271257577,137.5));
#2834 = VECTOR('',#2835,1.);
#2835 = DIRECTION('',(0.,-1.));
#2836 = ( GEOMETRIC_REPRESENTATION_CONTEXT(2) 
PARAMETRIC_REPRESENTATION_CONTEXT() REPRESENTATION_CONTEXT('2D SPACE',''
  ) );
#2837 = ORIENTED_EDGE('',*,*,#2838,.T.);
#2838 = EDGE_CURVE('',#2811,#2654,#2839,.T.);
#2839 = SURFACE_CURVE('',#2840,(#2845,#2856),.PCURVE_S1.);
#2840 = ELLIPSE('',#2841,20.037373741124,20.);
#2841 = AXIS2_PLACEMENT_3D('',#2842,#2843,#2844);
#2842 = CARTESIAN_POINT('',(99.24978654322,-39.71572875375,
    20.000000001217));
#2843 = DIRECTION('',(0.998134798422,0.,-6.104853953486E-02));
#2844 = DIRECTION('',(6.104853953486E-02,0.,0.998134798422));
#2845 = PCURVE('',#156,#2846);
#2846 = DEFINITIONAL_REPRESENTATION('',(#2847),#2855);
#2847 = B_SPLINE_CURVE_WITH_KNOTS('',6,(#2848,#2849,#2850,#2851,#2852,
    #2853,#2854),.UNSPECIFIED.,.F.,.F.,(7,7),(2.356194490192,
    3.14159265359),.PIECEWISE_BEZIER_KNOTS.);
#2848 = CARTESIAN_POINT('',(3.926990816987,98.384816473949));
#2849 = CARTESIAN_POINT('',(4.057890510887,98.271592156649));
#2850 = CARTESIAN_POINT('',(4.188790204787,98.176153180575));
#2851 = CARTESIAN_POINT('',(4.319689898686,98.101990860974));
#2852 = CARTESIAN_POINT('',(4.450589592586,98.05168616954));
#2853 = CARTESIAN_POINT('',(4.581489286485,98.02653414021));
#2854 = CARTESIAN_POINT('',(4.712388980385,98.02653414021));
#2855 = ( GEOMETRIC_REPRESENTATION_CONTEXT(2) 
PARAMETRIC_REPRESENTATION_CONTEXT() REPRESENTATION_CONTEXT('2D SPACE',''
  ) );
#2856 = PCURVE('',#2857,#2862);
#2857 = PLANE('',#2858);
#2858 = AXIS2_PLACEMENT_3D('',#2859,#2860,#2861);
#2859 = CARTESIAN_POINT('',(106.1,1.698197138467E-12,132.));
#2860 = DIRECTION('',(0.998134798422,0.,-6.104853953486E-02));
#2861 = DIRECTION('',(0.,1.,0.));
#2862 = DEFINITIONAL_REPRESENTATION('',(#2863),#2867);
#2863 = ELLIPSE('',#2864,20.037373741124,20.);
#2864 = AXIS2_PLACEMENT_2D('',#2865,#2866);
#2865 = CARTESIAN_POINT('',(-39.71572875375,-112.209292949));
#2866 = DIRECTION('',(0.,1.));
#2867 = ( GEOMETRIC_REPRESENTATION_CONTEXT(2) 
PARAMETRIC_REPRESENTATION_CONTEXT() REPRESENTATION_CONTEXT('2D SPACE',''
  ) );
#2868 = ADVANCED_FACE('',(#2869),#492,.T.);
#2869 = FACE_BOUND('',#2870,.T.);
#2870 = EDGE_LOOP('',(#2871,#2872,#2873,#2896));
#2871 = ORIENTED_EDGE('',*,*,#476,.F.);
#2872 = ORIENTED_EDGE('',*,*,#2604,.T.);
#2873 = ORIENTED_EDGE('',*,*,#2874,.T.);
#2874 = EDGE_CURVE('',#2605,#2875,#2877,.T.);
#2875 = VERTEX_POINT('',#2876);
#2876 = CARTESIAN_POINT('',(-75.5,100.,6.));
#2877 = SURFACE_CURVE('',#2878,(#2882,#2889),.PCURVE_S1.);
#2878 = LINE('',#2879,#2880);
#2879 = CARTESIAN_POINT('',(-107.5,100.,6.));
#2880 = VECTOR('',#2881,1.);
#2881 = DIRECTION('',(1.,0.,-0.));
#2882 = PCURVE('',#492,#2883);
#2883 = DEFINITIONAL_REPRESENTATION('',(#2884),#2888);
#2884 = LINE('',#2885,#2886);
#2885 = CARTESIAN_POINT('',(6.,0.));
#2886 = VECTOR('',#2887,1.);
#2887 = DIRECTION('',(0.,1.));
#2888 = ( GEOMETRIC_REPRESENTATION_CONTEXT(2) 
PARAMETRIC_REPRESENTATION_CONTEXT() REPRESENTATION_CONTEXT('2D SPACE',''
  ) );
#2889 = PCURVE('',#1404,#2890);
#2890 = DEFINITIONAL_REPRESENTATION('',(#2891),#2895);
#2891 = LINE('',#2892,#2893);
#2892 = CARTESIAN_POINT('',(0.,32.));
#2893 = VECTOR('',#2894,1.);
#2894 = DIRECTION('',(1.,0.));
#2895 = ( GEOMETRIC_REPRESENTATION_CONTEXT(2) 
PARAMETRIC_REPRESENTATION_CONTEXT() REPRESENTATION_CONTEXT('2D SPACE',''
  ) );
#2896 = ORIENTED_EDGE('',*,*,#2897,.F.);
#2897 = EDGE_CURVE('',#449,#2875,#2898,.T.);
#2898 = SURFACE_CURVE('',#2899,(#2903,#2910),.PCURVE_S1.);
#2899 = LINE('',#2900,#2901);
#2900 = CARTESIAN_POINT('',(-75.5,100.,0.));
#2901 = VECTOR('',#2902,1.);
#2902 = DIRECTION('',(0.,0.,1.));
#2903 = PCURVE('',#492,#2904);
#2904 = DEFINITIONAL_REPRESENTATION('',(#2905),#2909);
#2905 = LINE('',#2906,#2907);
#2906 = CARTESIAN_POINT('',(0.,32.));
#2907 = VECTOR('',#2908,1.);
#2908 = DIRECTION('',(1.,0.));
#2909 = ( GEOMETRIC_REPRESENTATION_CONTEXT(2) 
PARAMETRIC_REPRESENTATION_CONTEXT() REPRESENTATION_CONTEXT('2D SPACE',''
  ) );
#2910 = PCURVE('',#464,#2911);
#2911 = DEFINITIONAL_REPRESENTATION('',(#2912),#2916);
#2912 = LINE('',#2913,#2914);
#2913 = CARTESIAN_POINT('',(0.,-32.));
#2914 = VECTOR('',#2915,1.);
#2915 = DIRECTION('',(1.,0.));
#2916 = ( GEOMETRIC_REPRESENTATION_CONTEXT(2) 
PARAMETRIC_REPRESENTATION_CONTEXT() REPRESENTATION_CONTEXT('2D SPACE',''
  ) );
#2917 = ADVANCED_FACE('',(#2918),#184,.F.);
#2918 = FACE_BOUND('',#2919,.F.);
#2919 = EDGE_LOOP('',(#2920,#2941,#2942));
#2920 = ORIENTED_EDGE('',*,*,#2921,.F.);
#2921 = EDGE_CURVE('',#169,#2738,#2922,.T.);
#2922 = SURFACE_CURVE('',#2923,(#2927,#2934),.PCURVE_S1.);
#2923 = LINE('',#2924,#2925);
#2924 = CARTESIAN_POINT('',(75.5,-48.,0.));
#2925 = VECTOR('',#2926,1.);
#2926 = DIRECTION('',(0.,0.,1.));
#2927 = PCURVE('',#184,#2928);
#2928 = DEFINITIONAL_REPRESENTATION('',(#2929),#2933);
#2929 = LINE('',#2930,#2931);
#2930 = CARTESIAN_POINT('',(0.,0.));
#2931 = VECTOR('',#2932,1.);
#2932 = DIRECTION('',(1.,0.));
#2933 = ( GEOMETRIC_REPRESENTATION_CONTEXT(2) 
PARAMETRIC_REPRESENTATION_CONTEXT() REPRESENTATION_CONTEXT('2D SPACE',''
  ) );
#2934 = PCURVE('',#212,#2935);
#2935 = DEFINITIONAL_REPRESENTATION('',(#2936),#2940);
#2936 = LINE('',#2937,#2938);
#2937 = CARTESIAN_POINT('',(0.,0.));
#2938 = VECTOR('',#2939,1.);
#2939 = DIRECTION('',(1.,0.));
#2940 = ( GEOMETRIC_REPRESENTATION_CONTEXT(2) 
PARAMETRIC_REPRESENTATION_CONTEXT() REPRESENTATION_CONTEXT('2D SPACE',''
  ) );
#2941 = ORIENTED_EDGE('',*,*,#168,.T.);
#2942 = ORIENTED_EDGE('',*,*,#2737,.F.);
#2943 = ADVANCED_FACE('',(#2944),#464,.T.);
#2944 = FACE_BOUND('',#2945,.T.);
#2945 = EDGE_LOOP('',(#2946,#2967,#2968,#2969));
#2946 = ORIENTED_EDGE('',*,*,#2947,.T.);
#2947 = EDGE_CURVE('',#2948,#421,#2950,.T.);
#2948 = VERTEX_POINT('',#2949);
#2949 = CARTESIAN_POINT('',(-75.5,92.415835100643,6.));
#2950 = SURFACE_CURVE('',#2951,(#2955,#2961),.PCURVE_S1.);
#2951 = LINE('',#2952,#2953);
#2952 = CARTESIAN_POINT('',(-75.5,95.979615545074,64.267295325799));
#2953 = VECTOR('',#2954,1.);
#2954 = DIRECTION('',(0.,-6.104853941919E-02,-0.998134798429));
#2955 = PCURVE('',#464,#2956);
#2956 = DEFINITIONAL_REPRESENTATION('',(#2957),#2960);
#2957 = B_SPLINE_CURVE_WITH_KNOTS('',1,(#2958,#2959),.UNSPECIFIED.,.F.,
  .F.,(2,2),(58.376178665959,64.387390788253),.PIECEWISE_BEZIER_KNOTS.);
#2958 = CARTESIAN_POINT('',(6.,-24.41583510064));
#2959 = CARTESIAN_POINT('',(1.42108547152E-14,-24.04885938043));
#2960 = ( GEOMETRIC_REPRESENTATION_CONTEXT(2) 
PARAMETRIC_REPRESENTATION_CONTEXT() REPRESENTATION_CONTEXT('2D SPACE',''
  ) );
#2961 = PCURVE('',#436,#2962);
#2962 = DEFINITIONAL_REPRESENTATION('',(#2963),#2966);
#2963 = B_SPLINE_CURVE_WITH_KNOTS('',1,(#2964,#2965),.UNSPECIFIED.,.F.,
  .F.,(2,2),(58.376178665959,64.387390788253),.PIECEWISE_BEZIER_KNOTS.);
#2964 = CARTESIAN_POINT('',(-10.04885938043,-124.231717194));
#2965 = CARTESIAN_POINT('',(-10.04885938043,-130.2429293163));
#2966 = ( GEOMETRIC_REPRESENTATION_CONTEXT(2) 
PARAMETRIC_REPRESENTATION_CONTEXT() REPRESENTATION_CONTEXT('2D SPACE',''
  ) );
#2967 = ORIENTED_EDGE('',*,*,#448,.T.);
#2968 = ORIENTED_EDGE('',*,*,#2897,.T.);
#2969 = ORIENTED_EDGE('',*,*,#2970,.F.);
#2970 = EDGE_CURVE('',#2948,#2875,#2971,.T.);
#2971 = SURFACE_CURVE('',#2972,(#2976,#2983),.PCURVE_S1.);
#2972 = LINE('',#2973,#2974);
#2973 = CARTESIAN_POINT('',(-75.5,68.,6.));
#2974 = VECTOR('',#2975,1.);
#2975 = DIRECTION('',(-0.,1.,0.));
#2976 = PCURVE('',#464,#2977);
#2977 = DEFINITIONAL_REPRESENTATION('',(#2978),#2982);
#2978 = LINE('',#2979,#2980);
#2979 = CARTESIAN_POINT('',(6.,0.));
#2980 = VECTOR('',#2981,1.);
#2981 = DIRECTION('',(0.,-1.));
#2982 = ( GEOMETRIC_REPRESENTATION_CONTEXT(2) 
PARAMETRIC_REPRESENTATION_CONTEXT() REPRESENTATION_CONTEXT('2D SPACE',''
  ) );
#2983 = PCURVE('',#1404,#2984);
#2984 = DEFINITIONAL_REPRESENTATION('',(#2985),#2989);
#2985 = LINE('',#2986,#2987);
#2986 = CARTESIAN_POINT('',(32.,0.));
#2987 = VECTOR('',#2988,1.);
#2988 = DIRECTION('',(0.,1.));
#2989 = ( GEOMETRIC_REPRESENTATION_CONTEXT(2) 
PARAMETRIC_REPRESENTATION_CONTEXT() REPRESENTATION_CONTEXT('2D SPACE',''
  ) );
#2990 = ADVANCED_FACE('',(#2991),#212,.F.);
#2991 = FACE_BOUND('',#2992,.F.);
#2992 = EDGE_LOOP('',(#2993,#3016,#3017,#3018,#3019,#3040));
#2993 = ORIENTED_EDGE('',*,*,#2994,.F.);
#2994 = EDGE_CURVE('',#197,#2995,#2997,.T.);
#2995 = VERTEX_POINT('',#2996);
#2996 = CARTESIAN_POINT('',(107.5,-48.,6.));
#2997 = SURFACE_CURVE('',#2998,(#3002,#3009),.PCURVE_S1.);
#2998 = LINE('',#2999,#3000);
#2999 = CARTESIAN_POINT('',(107.5,-48.,0.));
#3000 = VECTOR('',#3001,1.);
#3001 = DIRECTION('',(0.,0.,1.));
#3002 = PCURVE('',#212,#3003);
#3003 = DEFINITIONAL_REPRESENTATION('',(#3004),#3008);
#3004 = LINE('',#3005,#3006);
#3005 = CARTESIAN_POINT('',(0.,32.));
#3006 = VECTOR('',#3007,1.);
#3007 = DIRECTION('',(1.,0.));
#3008 = ( GEOMETRIC_REPRESENTATION_CONTEXT(2) 
PARAMETRIC_REPRESENTATION_CONTEXT() REPRESENTATION_CONTEXT('2D SPACE',''
  ) );
#3009 = PCURVE('',#240,#3010);
#3010 = DEFINITIONAL_REPRESENTATION('',(#3011),#3015);
#3011 = LINE('',#3012,#3013);
#3012 = CARTESIAN_POINT('',(0.,0.));
#3013 = VECTOR('',#3014,1.);
#3014 = DIRECTION('',(1.,0.));
#3015 = ( GEOMETRIC_REPRESENTATION_CONTEXT(2) 
PARAMETRIC_REPRESENTATION_CONTEXT() REPRESENTATION_CONTEXT('2D SPACE',''
  ) );
#3016 = ORIENTED_EDGE('',*,*,#196,.F.);
#3017 = ORIENTED_EDGE('',*,*,#2921,.T.);
#3018 = ORIENTED_EDGE('',*,*,#2761,.T.);
#3019 = ORIENTED_EDGE('',*,*,#3020,.T.);
#3020 = EDGE_CURVE('',#2762,#3021,#3023,.T.);
#3021 = VERTEX_POINT('',#3022);
#3022 = CARTESIAN_POINT('',(99.91583510134,-48.,6.));
#3023 = SURFACE_CURVE('',#3024,(#3028,#3034),.PCURVE_S1.);
#3024 = LINE('',#3025,#3026);
#3025 = CARTESIAN_POINT('',(103.47961555246,-48.,64.267295324416));
#3026 = VECTOR('',#3027,1.);
#3027 = DIRECTION('',(6.104853953486E-02,0.,0.998134798422));
#3028 = PCURVE('',#212,#3029);
#3029 = DEFINITIONAL_REPRESENTATION('',(#3030),#3033);
#3030 = B_SPLINE_CURVE_WITH_KNOTS('',1,(#3031,#3032),.UNSPECIFIED.,.F.,
  .F.,(2,2),(-64.38739078732,-58.37617866498),.PIECEWISE_BEZIER_KNOTS.);
#3031 = CARTESIAN_POINT('',(0.,24.048859380437));
#3032 = CARTESIAN_POINT('',(6.,24.41583510134));
#3033 = ( GEOMETRIC_REPRESENTATION_CONTEXT(2) 
PARAMETRIC_REPRESENTATION_CONTEXT() REPRESENTATION_CONTEXT('2D SPACE',''
  ) );
#3034 = PCURVE('',#296,#3035);
#3035 = DEFINITIONAL_REPRESENTATION('',(#3036),#3039);
#3036 = B_SPLINE_CURVE_WITH_KNOTS('',1,(#3037,#3038),.UNSPECIFIED.,.F.,
  .F.,(2,2),(-64.38739078732,-58.37617866498),.PIECEWISE_BEZIER_KNOTS.);
#3037 = CARTESIAN_POINT('',(-48.,-130.2429293173));
#3038 = CARTESIAN_POINT('',(-48.,-124.2317171949));
#3039 = ( GEOMETRIC_REPRESENTATION_CONTEXT(2) 
PARAMETRIC_REPRESENTATION_CONTEXT() REPRESENTATION_CONTEXT('2D SPACE',''
  ) );
#3040 = ORIENTED_EDGE('',*,*,#3041,.T.);
#3041 = EDGE_CURVE('',#3021,#2995,#3042,.T.);
#3042 = SURFACE_CURVE('',#3043,(#3047,#3054),.PCURVE_S1.);
#3043 = LINE('',#3044,#3045);
#3044 = CARTESIAN_POINT('',(75.5,-48.,6.));
#3045 = VECTOR('',#3046,1.);
#3046 = DIRECTION('',(1.,0.,-0.));
#3047 = PCURVE('',#212,#3048);
#3048 = DEFINITIONAL_REPRESENTATION('',(#3049),#3053);
#3049 = LINE('',#3050,#3051);
#3050 = CARTESIAN_POINT('',(6.,0.));
#3051 = VECTOR('',#3052,1.);
#3052 = DIRECTION('',(0.,1.));
#3053 = ( GEOMETRIC_REPRESENTATION_CONTEXT(2) 
PARAMETRIC_REPRESENTATION_CONTEXT() REPRESENTATION_CONTEXT('2D SPACE',''
  ) );
#3054 = PCURVE('',#3055,#3060);
#3055 = PLANE('',#3056);
#3056 = AXIS2_PLACEMENT_3D('',#3057,#3058,#3059);
#3057 = CARTESIAN_POINT('',(75.5,-48.,6.));
#3058 = DIRECTION('',(0.,0.,1.));
#3059 = DIRECTION('',(1.,0.,-0.));
#3060 = DEFINITIONAL_REPRESENTATION('',(#3061),#3065);
#3061 = LINE('',#3062,#3063);
#3062 = CARTESIAN_POINT('',(0.,0.));
#3063 = VECTOR('',#3064,1.);
#3064 = DIRECTION('',(1.,0.));
#3065 = ( GEOMETRIC_REPRESENTATION_CONTEXT(2) 
PARAMETRIC_REPRESENTATION_CONTEXT() REPRESENTATION_CONTEXT('2D SPACE',''
  ) );
#3066 = ADVANCED_FACE('',(#3067,#3211,#3255,#3299,#3343,#3387,#3431,
    #3475,#3519,#3563,#3607,#3651,#3695,#3739,#3783,#3827,#3871,#3915,
    #3959,#4003,#4047,#4091,#4135,#4179,#4223,#4267,#4311,#4355,#4399),
  #436,.T.);
#3067 = FACE_BOUND('',#3068,.T.);
#3068 = EDGE_LOOP('',(#3069,#3070,#3071,#3092,#3115,#3138,#3166,#3192));
#3069 = ORIENTED_EDGE('',*,*,#420,.F.);
#3070 = ORIENTED_EDGE('',*,*,#2947,.F.);
#3071 = ORIENTED_EDGE('',*,*,#3072,.F.);
#3072 = EDGE_CURVE('',#3073,#2948,#3075,.T.);
#3073 = VERTEX_POINT('',#3074);
#3074 = CARTESIAN_POINT('',(-85.54885938043,92.415835093432,6.));
#3075 = SURFACE_CURVE('',#3076,(#3080,#3086),.PCURVE_S1.);
#3076 = LINE('',#3077,#3078);
#3077 = CARTESIAN_POINT('',(-96.52442969021,92.415835100643,6.));
#3078 = VECTOR('',#3079,1.);
#3079 = DIRECTION('',(1.,-0.,0.));
#3080 = PCURVE('',#436,#3081);
#3081 = DEFINITIONAL_REPRESENTATION('',(#3082),#3085);
#3082 = B_SPLINE_CURVE_WITH_KNOTS('',1,(#3083,#3084),.UNSPECIFIED.,.F.,
  .F.,(2,2),(10.975570309781,21.024429690219),.PIECEWISE_BEZIER_KNOTS.);
#3083 = CARTESIAN_POINT('',(0.,-124.231717194));
#3084 = CARTESIAN_POINT('',(-10.04885938043,-124.231717194));
#3085 = ( GEOMETRIC_REPRESENTATION_CONTEXT(2) 
PARAMETRIC_REPRESENTATION_CONTEXT() REPRESENTATION_CONTEXT('2D SPACE',''
  ) );
#3086 = PCURVE('',#1404,#3087);
#3087 = DEFINITIONAL_REPRESENTATION('',(#3088),#3091);
#3088 = B_SPLINE_CURVE_WITH_KNOTS('',1,(#3089,#3090),.UNSPECIFIED.,.F.,
  .F.,(2,2),(10.975570309781,21.024429690219),.PIECEWISE_BEZIER_KNOTS.);
#3089 = CARTESIAN_POINT('',(21.951140619563,24.415835100643));
#3090 = CARTESIAN_POINT('',(32.,24.415835100643));
#3091 = ( GEOMETRIC_REPRESENTATION_CONTEXT(2) 
PARAMETRIC_REPRESENTATION_CONTEXT() REPRESENTATION_CONTEXT('2D SPACE',''
  ) );
#3092 = ORIENTED_EDGE('',*,*,#3093,.F.);
#3093 = EDGE_CURVE('',#3094,#3073,#3096,.T.);
#3094 = VERTEX_POINT('',#3095);
#3095 = CARTESIAN_POINT('',(-85.54885938043,99.99999998488,130.));
#3096 = SURFACE_CURVE('',#3097,(#3101,#3108),.PCURVE_S1.);
#3097 = LINE('',#3098,#3099);
#3098 = CARTESIAN_POINT('',(-85.54885938043,99.99999998488,130.));
#3099 = VECTOR('',#3100,1.);
#3100 = DIRECTION('',(0.,-6.104853947702E-02,-0.998134798425));
#3101 = PCURVE('',#436,#3102);
#3102 = DEFINITIONAL_REPRESENTATION('',(#3103),#3107);
#3103 = LINE('',#3104,#3105);
#3104 = CARTESIAN_POINT('',(0.,0.));
#3105 = VECTOR('',#3106,1.);
#3106 = DIRECTION('',(0.,-1.));
#3107 = ( GEOMETRIC_REPRESENTATION_CONTEXT(2) 
PARAMETRIC_REPRESENTATION_CONTEXT() REPRESENTATION_CONTEXT('2D SPACE',''
  ) );
#3108 = PCURVE('',#1377,#3109);
#3109 = DEFINITIONAL_REPRESENTATION('',(#3110),#3114);
#3110 = LINE('',#3111,#3112);
#3111 = CARTESIAN_POINT('',(1.570796326795,130.));
#3112 = VECTOR('',#3113,1.);
#3113 = DIRECTION('',(0.,-1.));
#3114 = ( GEOMETRIC_REPRESENTATION_CONTEXT(2) 
PARAMETRIC_REPRESENTATION_CONTEXT() REPRESENTATION_CONTEXT('2D SPACE',''
  ) );
#3115 = ORIENTED_EDGE('',*,*,#3116,.T.);
#3116 = EDGE_CURVE('',#3094,#3117,#3119,.T.);
#3117 = VERTEX_POINT('',#3118);
#3118 = CARTESIAN_POINT('',(85.548859380437,99.99999998488,130.));
#3119 = SURFACE_CURVE('',#3120,(#3124,#3131),.PCURVE_S1.);
#3120 = LINE('',#3121,#3122);
#3121 = CARTESIAN_POINT('',(-85.54885938043,99.99999998488,130.));
#3122 = VECTOR('',#3123,1.);
#3123 = DIRECTION('',(1.,0.,0.));
#3124 = PCURVE('',#436,#3125);
#3125 = DEFINITIONAL_REPRESENTATION('',(#3126),#3130);
#3126 = LINE('',#3127,#3128);
#3127 = CARTESIAN_POINT('',(0.,0.));
#3128 = VECTOR('',#3129,1.);
#3129 = DIRECTION('',(-1.,0.));
#3130 = ( GEOMETRIC_REPRESENTATION_CONTEXT(2) 
PARAMETRIC_REPRESENTATION_CONTEXT() REPRESENTATION_CONTEXT('2D SPACE',''
  ) );
#3131 = PCURVE('',#1349,#3132);
#3132 = DEFINITIONAL_REPRESENTATION('',(#3133),#3137);
#3133 = LINE('',#3134,#3135);
#3134 = CARTESIAN_POINT('',(0.,178.04885936531));
#3135 = VECTOR('',#3136,1.);
#3136 = DIRECTION('',(1.,0.));
#3137 = ( GEOMETRIC_REPRESENTATION_CONTEXT(2) 
PARAMETRIC_REPRESENTATION_CONTEXT() REPRESENTATION_CONTEXT('2D SPACE',''
  ) );
#3138 = ORIENTED_EDGE('',*,*,#3139,.F.);
#3139 = EDGE_CURVE('',#3140,#3117,#3142,.T.);
#3140 = VERTEX_POINT('',#3141);
#3141 = CARTESIAN_POINT('',(85.548859380437,92.415835093432,6.));
#3142 = SURFACE_CURVE('',#3143,(#3147,#3154),.PCURVE_S1.);
#3143 = LINE('',#3144,#3145);
#3144 = CARTESIAN_POINT('',(85.548859380437,92.048859372878,0.));
#3145 = VECTOR('',#3146,1.);
#3146 = DIRECTION('',(0.,6.104853947702E-02,0.998134798425));
#3147 = PCURVE('',#436,#3148);
#3148 = DEFINITIONAL_REPRESENTATION('',(#3149),#3153);
#3149 = LINE('',#3150,#3151);
#3150 = CARTESIAN_POINT('',(-171.0977187608,-130.2429293168));
#3151 = VECTOR('',#3152,1.);
#3152 = DIRECTION('',(0.,1.));
#3153 = ( GEOMETRIC_REPRESENTATION_CONTEXT(2) 
PARAMETRIC_REPRESENTATION_CONTEXT() REPRESENTATION_CONTEXT('2D SPACE',''
  ) );
#3154 = PCURVE('',#3155,#3160);
#3155 = CONICAL_SURFACE('',#3156,14.,6.10865238198E-02);
#3156 = AXIS2_PLACEMENT_3D('',#3157,#3158,#3159);
#3157 = CARTESIAN_POINT('',(85.548859380437,78.048859365317,0.));
#3158 = DIRECTION('',(0.,0.,1.));
#3159 = DIRECTION('',(1.,0.,0.));
#3160 = DEFINITIONAL_REPRESENTATION('',(#3161),#3165);
#3161 = LINE('',#3162,#3163);
#3162 = CARTESIAN_POINT('',(1.570796326795,4.607010100213E-10));
#3163 = VECTOR('',#3164,1.);
#3164 = DIRECTION('',(0.,1.));
#3165 = ( GEOMETRIC_REPRESENTATION_CONTEXT(2) 
PARAMETRIC_REPRESENTATION_CONTEXT() REPRESENTATION_CONTEXT('2D SPACE',''
  ) );
#3166 = ORIENTED_EDGE('',*,*,#3167,.F.);
#3167 = EDGE_CURVE('',#3168,#3140,#3170,.T.);
#3168 = VERTEX_POINT('',#3169);
#3169 = CARTESIAN_POINT('',(75.5,92.415835100643,6.));
#3170 = SURFACE_CURVE('',#3171,(#3175,#3181),.PCURVE_S1.);
#3171 = LINE('',#3172,#3173);
#3172 = CARTESIAN_POINT('',(-5.024429690219,92.415835100643,6.));
#3173 = VECTOR('',#3174,1.);
#3174 = DIRECTION('',(1.,-0.,0.));
#3175 = PCURVE('',#436,#3176);
#3176 = DEFINITIONAL_REPRESENTATION('',(#3177),#3180);
#3177 = B_SPLINE_CURVE_WITH_KNOTS('',1,(#3178,#3179),.UNSPECIFIED.,.F.,
  .F.,(2,2),(80.524429690219,90.573289070656),.PIECEWISE_BEZIER_KNOTS.);
#3178 = CARTESIAN_POINT('',(-161.0488593804,-124.231717194));
#3179 = CARTESIAN_POINT('',(-171.0977187608,-124.231717194));
#3180 = ( GEOMETRIC_REPRESENTATION_CONTEXT(2) 
PARAMETRIC_REPRESENTATION_CONTEXT() REPRESENTATION_CONTEXT('2D SPACE',''
  ) );
#3181 = PCURVE('',#3182,#3187);
#3182 = PLANE('',#3183);
#3183 = AXIS2_PLACEMENT_3D('',#3184,#3185,#3186);
#3184 = CARTESIAN_POINT('',(75.5,68.,6.));
#3185 = DIRECTION('',(0.,0.,1.));
#3186 = DIRECTION('',(1.,0.,-0.));
#3187 = DEFINITIONAL_REPRESENTATION('',(#3188),#3191);
#3188 = B_SPLINE_CURVE_WITH_KNOTS('',1,(#3189,#3190),.UNSPECIFIED.,.F.,
  .F.,(2,2),(80.524429690219,90.573289070656),.PIECEWISE_BEZIER_KNOTS.);
#3189 = CARTESIAN_POINT('',(0.,24.415835100643));
#3190 = CARTESIAN_POINT('',(10.048859380437,24.415835100643));
#3191 = ( GEOMETRIC_REPRESENTATION_CONTEXT(2) 
PARAMETRIC_REPRESENTATION_CONTEXT() REPRESENTATION_CONTEXT('2D SPACE',''
  ) );
#3192 = ORIENTED_EDGE('',*,*,#3193,.T.);
#3193 = EDGE_CURVE('',#3168,#393,#3194,.T.);
#3194 = SURFACE_CURVE('',#3195,(#3199,#3205),.PCURVE_S1.);
#3195 = LINE('',#3196,#3197);
#3196 = CARTESIAN_POINT('',(75.5,95.979615545074,64.267295325799));
#3197 = VECTOR('',#3198,1.);
#3198 = DIRECTION('',(0.,-6.104853941919E-02,-0.998134798429));
#3199 = PCURVE('',#436,#3200);
#3200 = DEFINITIONAL_REPRESENTATION('',(#3201),#3204);
#3201 = B_SPLINE_CURVE_WITH_KNOTS('',1,(#3202,#3203),.UNSPECIFIED.,.F.,
  .F.,(2,2),(58.376178665959,64.387390788253),.PIECEWISE_BEZIER_KNOTS.);
#3202 = CARTESIAN_POINT('',(-161.0488593804,-124.231717194));
#3203 = CARTESIAN_POINT('',(-161.0488593804,-130.2429293163));
#3204 = ( GEOMETRIC_REPRESENTATION_CONTEXT(2) 
PARAMETRIC_REPRESENTATION_CONTEXT() REPRESENTATION_CONTEXT('2D SPACE',''
  ) );
#3205 = PCURVE('',#408,#3206);
#3206 = DEFINITIONAL_REPRESENTATION('',(#3207),#3210);
#3207 = B_SPLINE_CURVE_WITH_KNOTS('',1,(#3208,#3209),.UNSPECIFIED.,.F.,
  .F.,(2,2),(58.376178665959,64.387390788253),.PIECEWISE_BEZIER_KNOTS.);
#3208 = CARTESIAN_POINT('',(6.,-24.41583510064));
#3209 = CARTESIAN_POINT('',(1.42108547152E-14,-24.04885938043));
#3210 = ( GEOMETRIC_REPRESENTATION_CONTEXT(2) 
PARAMETRIC_REPRESENTATION_CONTEXT() REPRESENTATION_CONTEXT('2D SPACE',''
  ) );
#3211 = FACE_BOUND('',#3212,.T.);
#3212 = EDGE_LOOP('',(#3213));
#3213 = ORIENTED_EDGE('',*,*,#3214,.F.);
#3214 = EDGE_CURVE('',#3215,#3215,#3217,.T.);
#3215 = VERTEX_POINT('',#3216);
#3216 = CARTESIAN_POINT('',(66.,94.984665142078,48.));
#3217 = SURFACE_CURVE('',#3218,(#3223,#3230),.PCURVE_S1.);
#3218 = ELLIPSE('',#3219,3.005606061147,3.);
#3219 = AXIS2_PLACEMENT_3D('',#3220,#3221,#3222);
#3220 = CARTESIAN_POINT('',(63.,94.984665142078,48.));
#3221 = DIRECTION('',(0.,0.998134798429,-6.104853941919E-02));
#3222 = DIRECTION('',(0.,-6.104853941919E-02,-0.998134798429));
#3223 = PCURVE('',#436,#3224);
#3224 = DEFINITIONAL_REPRESENTATION('',(#3225),#3229);
#3225 = ELLIPSE('',#3226,3.005606061147,3.);
#3226 = AXIS2_PLACEMENT_2D('',#3227,#3228);
#3227 = CARTESIAN_POINT('',(-148.5488593804,-82.15323233802));
#3228 = DIRECTION('',(0.,-1.));
#3229 = ( GEOMETRIC_REPRESENTATION_CONTEXT(2) 
PARAMETRIC_REPRESENTATION_CONTEXT() REPRESENTATION_CONTEXT('2D SPACE',''
  ) );
#3230 = PCURVE('',#3231,#3236);
#3231 = CYLINDRICAL_SURFACE('',#3232,3.);
#3232 = AXIS2_PLACEMENT_3D('',#3233,#3234,#3235);
#3233 = CARTESIAN_POINT('',(63.,130.,48.));
#3234 = DIRECTION('',(0.,-1.,2.22044604925E-16));
#3235 = DIRECTION('',(1.,0.,0.));
#3236 = DEFINITIONAL_REPRESENTATION('',(#3237),#3254);
#3237 = B_SPLINE_CURVE_WITH_KNOTS('',8,(#3238,#3239,#3240,#3241,#3242,
    #3243,#3244,#3245,#3246,#3247,#3248,#3249,#3250,#3251,#3252,#3253),
  .UNSPECIFIED.,.F.,.F.,(9,7,9),(4.712388980385,7.853981633974,
    10.995574287564),.UNSPECIFIED.);
#3238 = CARTESIAN_POINT('',(6.28318530718,35.015334857922));
#3239 = CARTESIAN_POINT('',(5.890486225481,35.087390372087));
#3240 = CARTESIAN_POINT('',(5.497787143782,35.159446460792));
#3241 = CARTESIAN_POINT('',(5.105088062087,35.214564017893));
#3242 = CARTESIAN_POINT('',(4.712388980382,35.235850301484));
#3243 = CARTESIAN_POINT('',(4.319689898693,35.214564017908));
#3244 = CARTESIAN_POINT('',(3.926990816988,35.159446460799));
#3245 = CARTESIAN_POINT('',(3.534291735289,35.087390372087));
#3246 = CARTESIAN_POINT('',(2.748893571891,34.943279343757));
#3247 = CARTESIAN_POINT('',(2.356194490188,34.871223255057));
#3248 = CARTESIAN_POINT('',(1.963495408513,34.816105697668));
#3249 = CARTESIAN_POINT('',(1.570796326781,34.794819414383));
#3250 = CARTESIAN_POINT('',(1.178097245115,34.816105697639));
#3251 = CARTESIAN_POINT('',(0.785398163395,34.871223255061));
#3252 = CARTESIAN_POINT('',(0.392699081699,34.943279343757));
#3253 = CARTESIAN_POINT('',(1.68753899743E-14,35.015334857922));
#3254 = ( GEOMETRIC_REPRESENTATION_CONTEXT(2) 
PARAMETRIC_REPRESENTATION_CONTEXT() REPRESENTATION_CONTEXT('2D SPACE',''
  ) );
#3255 = FACE_BOUND('',#3256,.T.);
#3256 = EDGE_LOOP('',(#3257));
#3257 = ORIENTED_EDGE('',*,*,#3258,.F.);
#3258 = EDGE_CURVE('',#3259,#3259,#3261,.T.);
#3259 = VERTEX_POINT('',#3260);
#3260 = CARTESIAN_POINT('',(45.,94.984665142078,48.));
#3261 = SURFACE_CURVE('',#3262,(#3267,#3274),.PCURVE_S1.);
#3262 = ELLIPSE('',#3263,3.005606061147,3.);
#3263 = AXIS2_PLACEMENT_3D('',#3264,#3265,#3266);
#3264 = CARTESIAN_POINT('',(42.,94.984665142078,48.));
#3265 = DIRECTION('',(0.,0.998134798429,-6.104853941919E-02));
#3266 = DIRECTION('',(0.,-6.104853941919E-02,-0.998134798429));
#3267 = PCURVE('',#436,#3268);
#3268 = DEFINITIONAL_REPRESENTATION('',(#3269),#3273);
#3269 = ELLIPSE('',#3270,3.005606061147,3.);
#3270 = AXIS2_PLACEMENT_2D('',#3271,#3272);
#3271 = CARTESIAN_POINT('',(-127.5488593804,-82.15323233802));
#3272 = DIRECTION('',(0.,-1.));
#3273 = ( GEOMETRIC_REPRESENTATION_CONTEXT(2) 
PARAMETRIC_REPRESENTATION_CONTEXT() REPRESENTATION_CONTEXT('2D SPACE',''
  ) );
#3274 = PCURVE('',#3275,#3280);
#3275 = CYLINDRICAL_SURFACE('',#3276,3.);
#3276 = AXIS2_PLACEMENT_3D('',#3277,#3278,#3279);
#3277 = CARTESIAN_POINT('',(42.,130.,48.));
#3278 = DIRECTION('',(0.,-1.,2.22044604925E-16));
#3279 = DIRECTION('',(1.,0.,0.));
#3280 = DEFINITIONAL_REPRESENTATION('',(#3281),#3298);
#3281 = B_SPLINE_CURVE_WITH_KNOTS('',8,(#3282,#3283,#3284,#3285,#3286,
    #3287,#3288,#3289,#3290,#3291,#3292,#3293,#3294,#3295,#3296,#3297),
  .UNSPECIFIED.,.F.,.F.,(9,7,9),(4.712388980385,7.853981633974,
    10.995574287564),.UNSPECIFIED.);
#3282 = CARTESIAN_POINT('',(6.28318530718,35.015334857922));
#3283 = CARTESIAN_POINT('',(5.890486225481,35.087390372087));
#3284 = CARTESIAN_POINT('',(5.497787143781,35.159446460792));
#3285 = CARTESIAN_POINT('',(5.105088062091,35.214564017893));
#3286 = CARTESIAN_POINT('',(4.712388980382,35.235850301484));
#3287 = CARTESIAN_POINT('',(4.319689898689,35.214564017908));
#3288 = CARTESIAN_POINT('',(3.926990816986,35.159446460799));
#3289 = CARTESIAN_POINT('',(3.534291735289,35.087390372087));
#3290 = CARTESIAN_POINT('',(2.748893571891,34.943279343757));
#3291 = CARTESIAN_POINT('',(2.356194490191,34.871223255057));
#3292 = CARTESIAN_POINT('',(1.963495408501,34.816105697668));
#3293 = CARTESIAN_POINT('',(1.570796326792,34.794819414383));
#3294 = CARTESIAN_POINT('',(1.178097245101,34.816105697639));
#3295 = CARTESIAN_POINT('',(0.785398163397,34.871223255061));
#3296 = CARTESIAN_POINT('',(0.392699081699,34.943279343757));
#3297 = CARTESIAN_POINT('',(1.68753899743E-14,35.015334857922));
#3298 = ( GEOMETRIC_REPRESENTATION_CONTEXT(2) 
PARAMETRIC_REPRESENTATION_CONTEXT() REPRESENTATION_CONTEXT('2D SPACE',''
  ) );
#3299 = FACE_BOUND('',#3300,.T.);
#3300 = EDGE_LOOP('',(#3301));
#3301 = ORIENTED_EDGE('',*,*,#3302,.F.);
#3302 = EDGE_CURVE('',#3303,#3303,#3305,.T.);
#3303 = VERTEX_POINT('',#3304);
#3304 = CARTESIAN_POINT('',(24.,94.984665142078,48.));
#3305 = SURFACE_CURVE('',#3306,(#3311,#3318),.PCURVE_S1.);
#3306 = ELLIPSE('',#3307,3.005606061147,3.);
#3307 = AXIS2_PLACEMENT_3D('',#3308,#3309,#3310);
#3308 = CARTESIAN_POINT('',(21.,94.984665142078,48.));
#3309 = DIRECTION('',(0.,0.998134798429,-6.104853941919E-02));
#3310 = DIRECTION('',(0.,-6.104853941919E-02,-0.998134798429));
#3311 = PCURVE('',#436,#3312);
#3312 = DEFINITIONAL_REPRESENTATION('',(#3313),#3317);
#3313 = ELLIPSE('',#3314,3.005606061147,3.);
#3314 = AXIS2_PLACEMENT_2D('',#3315,#3316);
#3315 = CARTESIAN_POINT('',(-106.5488593804,-82.15323233802));
#3316 = DIRECTION('',(0.,-1.));
#3317 = ( GEOMETRIC_REPRESENTATION_CONTEXT(2) 
PARAMETRIC_REPRESENTATION_CONTEXT() REPRESENTATION_CONTEXT('2D SPACE',''
  ) );
#3318 = PCURVE('',#3319,#3324);
#3319 = CYLINDRICAL_SURFACE('',#3320,3.);
#3320 = AXIS2_PLACEMENT_3D('',#3321,#3322,#3323);
#3321 = CARTESIAN_POINT('',(21.,130.,48.));
#3322 = DIRECTION('',(0.,-1.,2.22044604925E-16));
#3323 = DIRECTION('',(1.,0.,0.));
#3324 = DEFINITIONAL_REPRESENTATION('',(#3325),#3342);
#3325 = B_SPLINE_CURVE_WITH_KNOTS('',8,(#3326,#3327,#3328,#3329,#3330,
    #3331,#3332,#3333,#3334,#3335,#3336,#3337,#3338,#3339,#3340,#3341),
  .UNSPECIFIED.,.F.,.F.,(9,7,9),(4.712388980385,7.853981633974,
    10.995574287564),.UNSPECIFIED.);
#3326 = CARTESIAN_POINT('',(6.28318530718,35.015334857922));
#3327 = CARTESIAN_POINT('',(5.890486225481,35.087390372087));
#3328 = CARTESIAN_POINT('',(5.497787143782,35.159446460792));
#3329 = CARTESIAN_POINT('',(5.10508806208,35.214564017893));
#3330 = CARTESIAN_POINT('',(4.712388980395,35.235850301484));
#3331 = CARTESIAN_POINT('',(4.31968989868,35.214564017908));
#3332 = CARTESIAN_POINT('',(3.926990816987,35.159446460799));
#3333 = CARTESIAN_POINT('',(3.534291735289,35.087390372087));
#3334 = CARTESIAN_POINT('',(2.748893571891,34.943279343757));
#3335 = CARTESIAN_POINT('',(2.356194490188,34.871223255057));
#3336 = CARTESIAN_POINT('',(1.963495408513,34.816105697668));
#3337 = CARTESIAN_POINT('',(1.570796326781,34.794819414383));
#3338 = CARTESIAN_POINT('',(1.178097245115,34.816105697639));
#3339 = CARTESIAN_POINT('',(0.785398163395,34.871223255061));
#3340 = CARTESIAN_POINT('',(0.392699081699,34.943279343757));
#3341 = CARTESIAN_POINT('',(1.68753899743E-14,35.015334857922));
#3342 = ( GEOMETRIC_REPRESENTATION_CONTEXT(2) 
PARAMETRIC_REPRESENTATION_CONTEXT() REPRESENTATION_CONTEXT('2D SPACE',''
  ) );
#3343 = FACE_BOUND('',#3344,.T.);
#3344 = EDGE_LOOP('',(#3345));
#3345 = ORIENTED_EDGE('',*,*,#3346,.F.);
#3346 = EDGE_CURVE('',#3347,#3347,#3349,.T.);
#3347 = VERTEX_POINT('',#3348);
#3348 = CARTESIAN_POINT('',(3.,94.984665142078,48.));
#3349 = SURFACE_CURVE('',#3350,(#3355,#3362),.PCURVE_S1.);
#3350 = ELLIPSE('',#3351,3.005606061147,3.);
#3351 = AXIS2_PLACEMENT_3D('',#3352,#3353,#3354);
#3352 = CARTESIAN_POINT('',(0.,94.984665142078,48.));
#3353 = DIRECTION('',(0.,0.998134798429,-6.104853941919E-02));
#3354 = DIRECTION('',(0.,-6.104853941919E-02,-0.998134798429));
#3355 = PCURVE('',#436,#3356);
#3356 = DEFINITIONAL_REPRESENTATION('',(#3357),#3361);
#3357 = ELLIPSE('',#3358,3.005606061147,3.);
#3358 = AXIS2_PLACEMENT_2D('',#3359,#3360);
#3359 = CARTESIAN_POINT('',(-85.54885938043,-82.15323233802));
#3360 = DIRECTION('',(0.,-1.));
#3361 = ( GEOMETRIC_REPRESENTATION_CONTEXT(2) 
PARAMETRIC_REPRESENTATION_CONTEXT() REPRESENTATION_CONTEXT('2D SPACE',''
  ) );
#3362 = PCURVE('',#3363,#3368);
#3363 = CYLINDRICAL_SURFACE('',#3364,3.);
#3364 = AXIS2_PLACEMENT_3D('',#3365,#3366,#3367);
#3365 = CARTESIAN_POINT('',(0.,130.,48.));
#3366 = DIRECTION('',(0.,-1.,2.22044604925E-16));
#3367 = DIRECTION('',(1.,0.,0.));
#3368 = DEFINITIONAL_REPRESENTATION('',(#3369),#3386);
#3369 = B_SPLINE_CURVE_WITH_KNOTS('',8,(#3370,#3371,#3372,#3373,#3374,
    #3375,#3376,#3377,#3378,#3379,#3380,#3381,#3382,#3383,#3384,#3385),
  .UNSPECIFIED.,.F.,.F.,(9,7,9),(4.712388980385,7.853981633974,
    10.995574287564),.UNSPECIFIED.);
#3370 = CARTESIAN_POINT('',(6.28318530718,35.015334857922));
#3371 = CARTESIAN_POINT('',(5.890486225481,35.087390372087));
#3372 = CARTESIAN_POINT('',(5.497787143783,35.159446460792));
#3373 = CARTESIAN_POINT('',(5.105088062085,35.214564017893));
#3374 = CARTESIAN_POINT('',(4.712388980389,35.235850301484));
#3375 = CARTESIAN_POINT('',(4.319689898686,35.214564017908));
#3376 = CARTESIAN_POINT('',(3.926990816988,35.159446460799));
#3377 = CARTESIAN_POINT('',(3.534291735289,35.087390372087));
#3378 = CARTESIAN_POINT('',(2.748893571891,34.943279343757));
#3379 = CARTESIAN_POINT('',(2.356194490188,34.871223255057));
#3380 = CARTESIAN_POINT('',(1.963495408513,34.816105697668));
#3381 = CARTESIAN_POINT('',(1.570796326781,34.794819414383));
#3382 = CARTESIAN_POINT('',(1.178097245115,34.816105697639));
#3383 = CARTESIAN_POINT('',(0.785398163395,34.871223255061));
#3384 = CARTESIAN_POINT('',(0.392699081699,34.943279343757));
#3385 = CARTESIAN_POINT('',(1.68753899743E-14,35.015334857922));
#3386 = ( GEOMETRIC_REPRESENTATION_CONTEXT(2) 
PARAMETRIC_REPRESENTATION_CONTEXT() REPRESENTATION_CONTEXT('2D SPACE',''
  ) );
#3387 = FACE_BOUND('',#3388,.T.);
#3388 = EDGE_LOOP('',(#3389));
#3389 = ORIENTED_EDGE('',*,*,#3390,.F.);
#3390 = EDGE_CURVE('',#3391,#3391,#3393,.T.);
#3391 = VERTEX_POINT('',#3392);
#3392 = CARTESIAN_POINT('',(67.5,96.269080162796,69.));
#3393 = SURFACE_CURVE('',#3394,(#3399,#3406),.PCURVE_S1.);
#3394 = ELLIPSE('',#3395,4.508409091721,4.5);
#3395 = AXIS2_PLACEMENT_3D('',#3396,#3397,#3398);
#3396 = CARTESIAN_POINT('',(63.,96.269080162796,69.));
#3397 = DIRECTION('',(0.,0.998134798429,-6.104853941919E-02));
#3398 = DIRECTION('',(0.,-6.104853941919E-02,-0.998134798429));
#3399 = PCURVE('',#436,#3400);
#3400 = DEFINITIONAL_REPRESENTATION('',(#3401),#3405);
#3401 = ELLIPSE('',#3402,4.508409091721,4.5);
#3402 = AXIS2_PLACEMENT_2D('',#3403,#3404);
#3403 = CARTESIAN_POINT('',(-148.5488593804,-61.11398990999));
#3404 = DIRECTION('',(0.,-1.));
#3405 = ( GEOMETRIC_REPRESENTATION_CONTEXT(2) 
PARAMETRIC_REPRESENTATION_CONTEXT() REPRESENTATION_CONTEXT('2D SPACE',''
  ) );
#3406 = PCURVE('',#3407,#3412);
#3407 = CYLINDRICAL_SURFACE('',#3408,4.5);
#3408 = AXIS2_PLACEMENT_3D('',#3409,#3410,#3411);
#3409 = CARTESIAN_POINT('',(63.,130.,69.));
#3410 = DIRECTION('',(0.,-1.,2.22044604925E-16));
#3411 = DIRECTION('',(1.,0.,0.));
#3412 = DEFINITIONAL_REPRESENTATION('',(#3413),#3430);
#3413 = B_SPLINE_CURVE_WITH_KNOTS('',8,(#3414,#3415,#3416,#3417,#3418,
    #3419,#3420,#3421,#3422,#3423,#3424,#3425,#3426,#3427,#3428,#3429),
  .UNSPECIFIED.,.F.,.F.,(9,7,9),(4.712388980385,7.853981633974,
    10.995574287564),.UNSPECIFIED.);
#3414 = CARTESIAN_POINT('',(6.28318530718,33.730919837204));
#3415 = CARTESIAN_POINT('',(5.890486225481,33.839003108452));
#3416 = CARTESIAN_POINT('',(5.497787143783,33.947087241482));
#3417 = CARTESIAN_POINT('',(5.105088062079,34.029763577273));
#3418 = CARTESIAN_POINT('',(4.712388980389,34.06169300247));
#3419 = CARTESIAN_POINT('',(4.319689898683,34.029763577288));
#3420 = CARTESIAN_POINT('',(3.926990816987,33.947087241489));
#3421 = CARTESIAN_POINT('',(3.534291735289,33.839003108452));
#3422 = CARTESIAN_POINT('',(2.748893571891,33.622836565956));
#3423 = CARTESIAN_POINT('',(2.356194490185,33.514752432882));
#3424 = CARTESIAN_POINT('',(1.963495408528,33.432076097088));
#3425 = CARTESIAN_POINT('',(1.570796326766,33.400146671775));
#3426 = CARTESIAN_POINT('',(1.178097245123,33.432076097073));
#3427 = CARTESIAN_POINT('',(0.785398163392,33.514752432879));
#3428 = CARTESIAN_POINT('',(0.392699081699,33.622836565956));
#3429 = CARTESIAN_POINT('',(1.59872115546E-14,33.730919837204));
#3430 = ( GEOMETRIC_REPRESENTATION_CONTEXT(2) 
PARAMETRIC_REPRESENTATION_CONTEXT() REPRESENTATION_CONTEXT('2D SPACE',''
  ) );
#3431 = FACE_BOUND('',#3432,.T.);
#3432 = EDGE_LOOP('',(#3433));
#3433 = ORIENTED_EDGE('',*,*,#3434,.F.);
#3434 = EDGE_CURVE('',#3435,#3435,#3437,.T.);
#3435 = VERTEX_POINT('',#3436);
#3436 = CARTESIAN_POINT('',(46.5,96.269080162796,69.));
#3437 = SURFACE_CURVE('',#3438,(#3443,#3450),.PCURVE_S1.);
#3438 = ELLIPSE('',#3439,4.508409091721,4.5);
#3439 = AXIS2_PLACEMENT_3D('',#3440,#3441,#3442);
#3440 = CARTESIAN_POINT('',(42.,96.269080162796,69.));
#3441 = DIRECTION('',(0.,0.998134798429,-6.104853941919E-02));
#3442 = DIRECTION('',(0.,-6.104853941919E-02,-0.998134798429));
#3443 = PCURVE('',#436,#3444);
#3444 = DEFINITIONAL_REPRESENTATION('',(#3445),#3449);
#3445 = ELLIPSE('',#3446,4.508409091721,4.5);
#3446 = AXIS2_PLACEMENT_2D('',#3447,#3448);
#3447 = CARTESIAN_POINT('',(-127.5488593804,-61.11398990999));
#3448 = DIRECTION('',(0.,-1.));
#3449 = ( GEOMETRIC_REPRESENTATION_CONTEXT(2) 
PARAMETRIC_REPRESENTATION_CONTEXT() REPRESENTATION_CONTEXT('2D SPACE',''
  ) );
#3450 = PCURVE('',#3451,#3456);
#3451 = CYLINDRICAL_SURFACE('',#3452,4.5);
#3452 = AXIS2_PLACEMENT_3D('',#3453,#3454,#3455);
#3453 = CARTESIAN_POINT('',(42.,130.,69.));
#3454 = DIRECTION('',(0.,-1.,2.22044604925E-16));
#3455 = DIRECTION('',(1.,0.,0.));
#3456 = DEFINITIONAL_REPRESENTATION('',(#3457),#3474);
#3457 = B_SPLINE_CURVE_WITH_KNOTS('',8,(#3458,#3459,#3460,#3461,#3462,
    #3463,#3464,#3465,#3466,#3467,#3468,#3469,#3470,#3471,#3472,#3473),
  .UNSPECIFIED.,.F.,.F.,(9,7,9),(4.712388980385,7.853981633974,
    10.995574287564),.UNSPECIFIED.);
#3458 = CARTESIAN_POINT('',(6.28318530718,33.730919837204));
#3459 = CARTESIAN_POINT('',(5.890486225481,33.839003108452));
#3460 = CARTESIAN_POINT('',(5.49778714378,33.947087241482));
#3461 = CARTESIAN_POINT('',(5.105088062094,34.029763577273));
#3462 = CARTESIAN_POINT('',(4.712388980378,34.06169300247));
#3463 = CARTESIAN_POINT('',(4.319689898697,34.029763577288));
#3464 = CARTESIAN_POINT('',(3.926990816985,33.947087241489));
#3465 = CARTESIAN_POINT('',(3.534291735289,33.839003108452));
#3466 = CARTESIAN_POINT('',(2.748893571891,33.622836565956));
#3467 = CARTESIAN_POINT('',(2.356194490185,33.514752432882));
#3468 = CARTESIAN_POINT('',(1.963495408528,33.432076097088));
#3469 = CARTESIAN_POINT('',(1.570796326766,33.400146671775));
#3470 = CARTESIAN_POINT('',(1.178097245123,33.432076097073));
#3471 = CARTESIAN_POINT('',(0.785398163392,33.514752432879));
#3472 = CARTESIAN_POINT('',(0.392699081699,33.622836565956));
#3473 = CARTESIAN_POINT('',(1.59872115546E-14,33.730919837204));
#3474 = ( GEOMETRIC_REPRESENTATION_CONTEXT(2) 
PARAMETRIC_REPRESENTATION_CONTEXT() REPRESENTATION_CONTEXT('2D SPACE',''
  ) );
#3475 = FACE_BOUND('',#3476,.T.);
#3476 = EDGE_LOOP('',(#3477));
#3477 = ORIENTED_EDGE('',*,*,#3478,.F.);
#3478 = EDGE_CURVE('',#3479,#3479,#3481,.T.);
#3479 = VERTEX_POINT('',#3480);
#3480 = CARTESIAN_POINT('',(25.5,96.269080162796,69.));
#3481 = SURFACE_CURVE('',#3482,(#3487,#3494),.PCURVE_S1.);
#3482 = ELLIPSE('',#3483,4.508409091721,4.5);
#3483 = AXIS2_PLACEMENT_3D('',#3484,#3485,#3486);
#3484 = CARTESIAN_POINT('',(21.,96.269080162796,69.));
#3485 = DIRECTION('',(0.,0.998134798429,-6.104853941919E-02));
#3486 = DIRECTION('',(0.,-6.104853941919E-02,-0.998134798429));
#3487 = PCURVE('',#436,#3488);
#3488 = DEFINITIONAL_REPRESENTATION('',(#3489),#3493);
#3489 = ELLIPSE('',#3490,4.508409091721,4.5);
#3490 = AXIS2_PLACEMENT_2D('',#3491,#3492);
#3491 = CARTESIAN_POINT('',(-106.5488593804,-61.11398990999));
#3492 = DIRECTION('',(0.,-1.));
#3493 = ( GEOMETRIC_REPRESENTATION_CONTEXT(2) 
PARAMETRIC_REPRESENTATION_CONTEXT() REPRESENTATION_CONTEXT('2D SPACE',''
  ) );
#3494 = PCURVE('',#3495,#3500);
#3495 = CYLINDRICAL_SURFACE('',#3496,4.5);
#3496 = AXIS2_PLACEMENT_3D('',#3497,#3498,#3499);
#3497 = CARTESIAN_POINT('',(21.,130.,69.));
#3498 = DIRECTION('',(0.,-1.,2.22044604925E-16));
#3499 = DIRECTION('',(1.,0.,0.));
#3500 = DEFINITIONAL_REPRESENTATION('',(#3501),#3518);
#3501 = B_SPLINE_CURVE_WITH_KNOTS('',8,(#3502,#3503,#3504,#3505,#3506,
    #3507,#3508,#3509,#3510,#3511,#3512,#3513,#3514,#3515,#3516,#3517),
  .UNSPECIFIED.,.F.,.F.,(9,7,9),(4.712388980385,7.853981633974,
    10.995574287564),.UNSPECIFIED.);
#3502 = CARTESIAN_POINT('',(6.28318530718,33.730919837204));
#3503 = CARTESIAN_POINT('',(5.890486225481,33.839003108452));
#3504 = CARTESIAN_POINT('',(5.497787143783,33.947087241482));
#3505 = CARTESIAN_POINT('',(5.10508806209,34.029763577273));
#3506 = CARTESIAN_POINT('',(4.712388980389,34.06169300247));
#3507 = CARTESIAN_POINT('',(4.31968989869,34.029763577288));
#3508 = CARTESIAN_POINT('',(3.926990816988,33.947087241489));
#3509 = CARTESIAN_POINT('',(3.534291735289,33.839003108452));
#3510 = CARTESIAN_POINT('',(2.748893571891,33.622836565956));
#3511 = CARTESIAN_POINT('',(2.356194490186,33.514752432882));
#3512 = CARTESIAN_POINT('',(1.963495408519,33.432076097088));
#3513 = CARTESIAN_POINT('',(1.570796326773,33.400146671775));
#3514 = CARTESIAN_POINT('',(1.178097245123,33.432076097073));
#3515 = CARTESIAN_POINT('',(0.785398163394,33.514752432879));
#3516 = CARTESIAN_POINT('',(0.392699081699,33.622836565956));
#3517 = CARTESIAN_POINT('',(1.59872115546E-14,33.730919837204));
#3518 = ( GEOMETRIC_REPRESENTATION_CONTEXT(2) 
PARAMETRIC_REPRESENTATION_CONTEXT() REPRESENTATION_CONTEXT('2D SPACE',''
  ) );
#3519 = FACE_BOUND('',#3520,.T.);
#3520 = EDGE_LOOP('',(#3521));
#3521 = ORIENTED_EDGE('',*,*,#3522,.F.);
#3522 = EDGE_CURVE('',#3523,#3523,#3525,.T.);
#3523 = VERTEX_POINT('',#3524);
#3524 = CARTESIAN_POINT('',(4.5,96.269080162796,69.));
#3525 = SURFACE_CURVE('',#3526,(#3531,#3538),.PCURVE_S1.);
#3526 = ELLIPSE('',#3527,4.508409091721,4.5);
#3527 = AXIS2_PLACEMENT_3D('',#3528,#3529,#3530);
#3528 = CARTESIAN_POINT('',(0.,96.269080162796,69.));
#3529 = DIRECTION('',(0.,0.998134798429,-6.104853941919E-02));
#3530 = DIRECTION('',(0.,-6.104853941919E-02,-0.998134798429));
#3531 = PCURVE('',#436,#3532);
#3532 = DEFINITIONAL_REPRESENTATION('',(#3533),#3537);
#3533 = ELLIPSE('',#3534,4.508409091721,4.5);
#3534 = AXIS2_PLACEMENT_2D('',#3535,#3536);
#3535 = CARTESIAN_POINT('',(-85.54885938043,-61.11398990999));
#3536 = DIRECTION('',(0.,-1.));
#3537 = ( GEOMETRIC_REPRESENTATION_CONTEXT(2) 
PARAMETRIC_REPRESENTATION_CONTEXT() REPRESENTATION_CONTEXT('2D SPACE',''
  ) );
#3538 = PCURVE('',#3539,#3544);
#3539 = CYLINDRICAL_SURFACE('',#3540,4.5);
#3540 = AXIS2_PLACEMENT_3D('',#3541,#3542,#3543);
#3541 = CARTESIAN_POINT('',(0.,130.,69.));
#3542 = DIRECTION('',(0.,-1.,2.22044604925E-16));
#3543 = DIRECTION('',(1.,0.,0.));
#3544 = DEFINITIONAL_REPRESENTATION('',(#3545),#3562);
#3545 = B_SPLINE_CURVE_WITH_KNOTS('',8,(#3546,#3547,#3548,#3549,#3550,
    #3551,#3552,#3553,#3554,#3555,#3556,#3557,#3558,#3559,#3560,#3561),
  .UNSPECIFIED.,.F.,.F.,(9,7,9),(4.712388980385,7.853981633974,
    10.995574287564),.UNSPECIFIED.);
#3546 = CARTESIAN_POINT('',(6.28318530718,33.730919837204));
#3547 = CARTESIAN_POINT('',(5.890486225481,33.839003108452));
#3548 = CARTESIAN_POINT('',(5.497787143784,33.947087241482));
#3549 = CARTESIAN_POINT('',(5.105088062086,34.029763577273));
#3550 = CARTESIAN_POINT('',(4.712388980393,34.06169300247));
#3551 = CARTESIAN_POINT('',(4.319689898686,34.029763577288));
#3552 = CARTESIAN_POINT('',(3.92699081699,33.947087241489));
#3553 = CARTESIAN_POINT('',(3.534291735289,33.839003108452));
#3554 = CARTESIAN_POINT('',(2.748893571891,33.622836565956));
#3555 = CARTESIAN_POINT('',(2.356194490186,33.514752432882));
#3556 = CARTESIAN_POINT('',(1.963495408519,33.432076097088));
#3557 = CARTESIAN_POINT('',(1.570796326773,33.400146671775));
#3558 = CARTESIAN_POINT('',(1.178097245123,33.432076097073));
#3559 = CARTESIAN_POINT('',(0.785398163394,33.514752432879));
#3560 = CARTESIAN_POINT('',(0.392699081699,33.622836565956));
#3561 = CARTESIAN_POINT('',(1.59872115546E-14,33.730919837204));
#3562 = ( GEOMETRIC_REPRESENTATION_CONTEXT(2) 
PARAMETRIC_REPRESENTATION_CONTEXT() REPRESENTATION_CONTEXT('2D SPACE',''
  ) );
#3563 = FACE_BOUND('',#3564,.T.);
#3564 = EDGE_LOOP('',(#3565));
#3565 = ORIENTED_EDGE('',*,*,#3566,.F.);
#3566 = EDGE_CURVE('',#3567,#3567,#3569,.T.);
#3567 = VERTEX_POINT('',#3568);
#3568 = CARTESIAN_POINT('',(-18.,94.984665142078,48.));
#3569 = SURFACE_CURVE('',#3570,(#3575,#3582),.PCURVE_S1.);
#3570 = ELLIPSE('',#3571,3.005606061147,3.);
#3571 = AXIS2_PLACEMENT_3D('',#3572,#3573,#3574);
#3572 = CARTESIAN_POINT('',(-21.,94.984665142078,48.));
#3573 = DIRECTION('',(0.,0.998134798429,-6.104853941919E-02));
#3574 = DIRECTION('',(0.,-6.104853941919E-02,-0.998134798429));
#3575 = PCURVE('',#436,#3576);
#3576 = DEFINITIONAL_REPRESENTATION('',(#3577),#3581);
#3577 = ELLIPSE('',#3578,3.005606061147,3.);
#3578 = AXIS2_PLACEMENT_2D('',#3579,#3580);
#3579 = CARTESIAN_POINT('',(-64.54885938043,-82.15323233802));
#3580 = DIRECTION('',(0.,-1.));
#3581 = ( GEOMETRIC_REPRESENTATION_CONTEXT(2) 
PARAMETRIC_REPRESENTATION_CONTEXT() REPRESENTATION_CONTEXT('2D SPACE',''
  ) );
#3582 = PCURVE('',#3583,#3588);
#3583 = CYLINDRICAL_SURFACE('',#3584,3.);
#3584 = AXIS2_PLACEMENT_3D('',#3585,#3586,#3587);
#3585 = CARTESIAN_POINT('',(-21.,130.,48.));
#3586 = DIRECTION('',(0.,-1.,2.22044604925E-16));
#3587 = DIRECTION('',(1.,0.,0.));
#3588 = DEFINITIONAL_REPRESENTATION('',(#3589),#3606);
#3589 = B_SPLINE_CURVE_WITH_KNOTS('',8,(#3590,#3591,#3592,#3593,#3594,
    #3595,#3596,#3597,#3598,#3599,#3600,#3601,#3602,#3603,#3604,#3605),
  .UNSPECIFIED.,.F.,.F.,(9,7,9),(4.712388980385,7.853981633974,
    10.995574287564),.UNSPECIFIED.);
#3590 = CARTESIAN_POINT('',(6.28318530718,35.015334857922));
#3591 = CARTESIAN_POINT('',(5.890486225481,35.087390372087));
#3592 = CARTESIAN_POINT('',(5.497787143782,35.159446460792));
#3593 = CARTESIAN_POINT('',(5.10508806208,35.214564017893));
#3594 = CARTESIAN_POINT('',(4.712388980395,35.235850301484));
#3595 = CARTESIAN_POINT('',(4.31968989868,35.214564017908));
#3596 = CARTESIAN_POINT('',(3.926990816987,35.159446460799));
#3597 = CARTESIAN_POINT('',(3.534291735289,35.087390372087));
#3598 = CARTESIAN_POINT('',(2.748893571891,34.943279343757));
#3599 = CARTESIAN_POINT('',(2.356194490188,34.871223255057));
#3600 = CARTESIAN_POINT('',(1.963495408513,34.816105697668));
#3601 = CARTESIAN_POINT('',(1.570796326781,34.794819414383));
#3602 = CARTESIAN_POINT('',(1.178097245115,34.816105697639));
#3603 = CARTESIAN_POINT('',(0.785398163395,34.871223255061));
#3604 = CARTESIAN_POINT('',(0.392699081699,34.943279343757));
#3605 = CARTESIAN_POINT('',(1.68753899743E-14,35.015334857922));
#3606 = ( GEOMETRIC_REPRESENTATION_CONTEXT(2) 
PARAMETRIC_REPRESENTATION_CONTEXT() REPRESENTATION_CONTEXT('2D SPACE',''
  ) );
#3607 = FACE_BOUND('',#3608,.T.);
#3608 = EDGE_LOOP('',(#3609));
#3609 = ORIENTED_EDGE('',*,*,#3610,.F.);
#3610 = EDGE_CURVE('',#3611,#3611,#3613,.T.);
#3611 = VERTEX_POINT('',#3612);
#3612 = CARTESIAN_POINT('',(-39.,94.984665142078,48.));
#3613 = SURFACE_CURVE('',#3614,(#3619,#3626),.PCURVE_S1.);
#3614 = ELLIPSE('',#3615,3.005606061147,3.);
#3615 = AXIS2_PLACEMENT_3D('',#3616,#3617,#3618);
#3616 = CARTESIAN_POINT('',(-42.,94.984665142078,48.));
#3617 = DIRECTION('',(0.,0.998134798429,-6.104853941919E-02));
#3618 = DIRECTION('',(0.,-6.104853941919E-02,-0.998134798429));
#3619 = PCURVE('',#436,#3620);
#3620 = DEFINITIONAL_REPRESENTATION('',(#3621),#3625);
#3621 = ELLIPSE('',#3622,3.005606061147,3.);
#3622 = AXIS2_PLACEMENT_2D('',#3623,#3624);
#3623 = CARTESIAN_POINT('',(-43.54885938043,-82.15323233802));
#3624 = DIRECTION('',(0.,-1.));
#3625 = ( GEOMETRIC_REPRESENTATION_CONTEXT(2) 
PARAMETRIC_REPRESENTATION_CONTEXT() REPRESENTATION_CONTEXT('2D SPACE',''
  ) );
#3626 = PCURVE('',#3627,#3632);
#3627 = CYLINDRICAL_SURFACE('',#3628,3.);
#3628 = AXIS2_PLACEMENT_3D('',#3629,#3630,#3631);
#3629 = CARTESIAN_POINT('',(-42.,130.,48.));
#3630 = DIRECTION('',(0.,-1.,2.22044604925E-16));
#3631 = DIRECTION('',(1.,0.,0.));
#3632 = DEFINITIONAL_REPRESENTATION('',(#3633),#3650);
#3633 = B_SPLINE_CURVE_WITH_KNOTS('',8,(#3634,#3635,#3636,#3637,#3638,
    #3639,#3640,#3641,#3642,#3643,#3644,#3645,#3646,#3647,#3648,#3649),
  .UNSPECIFIED.,.F.,.F.,(9,7,9),(4.712388980385,7.853981633974,
    10.995574287564),.UNSPECIFIED.);
#3634 = CARTESIAN_POINT('',(6.28318530718,35.015334857922));
#3635 = CARTESIAN_POINT('',(5.890486225481,35.087390372087));
#3636 = CARTESIAN_POINT('',(5.497787143781,35.159446460792));
#3637 = CARTESIAN_POINT('',(5.105088062091,35.214564017893));
#3638 = CARTESIAN_POINT('',(4.712388980382,35.235850301484));
#3639 = CARTESIAN_POINT('',(4.319689898689,35.214564017908));
#3640 = CARTESIAN_POINT('',(3.926990816986,35.159446460799));
#3641 = CARTESIAN_POINT('',(3.534291735289,35.087390372087));
#3642 = CARTESIAN_POINT('',(2.748893571891,34.943279343757));
#3643 = CARTESIAN_POINT('',(2.356194490191,34.871223255057));
#3644 = CARTESIAN_POINT('',(1.963495408501,34.816105697668));
#3645 = CARTESIAN_POINT('',(1.570796326792,34.794819414383));
#3646 = CARTESIAN_POINT('',(1.178097245101,34.816105697639));
#3647 = CARTESIAN_POINT('',(0.785398163397,34.871223255061));
#3648 = CARTESIAN_POINT('',(0.392699081699,34.943279343757));
#3649 = CARTESIAN_POINT('',(1.68753899743E-14,35.015334857922));
#3650 = ( GEOMETRIC_REPRESENTATION_CONTEXT(2) 
PARAMETRIC_REPRESENTATION_CONTEXT() REPRESENTATION_CONTEXT('2D SPACE',''
  ) );
#3651 = FACE_BOUND('',#3652,.T.);
#3652 = EDGE_LOOP('',(#3653));
#3653 = ORIENTED_EDGE('',*,*,#3654,.F.);
#3654 = EDGE_CURVE('',#3655,#3655,#3657,.T.);
#3655 = VERTEX_POINT('',#3656);
#3656 = CARTESIAN_POINT('',(-60.,94.984665142078,48.));
#3657 = SURFACE_CURVE('',#3658,(#3663,#3670),.PCURVE_S1.);
#3658 = ELLIPSE('',#3659,3.005606061147,3.);
#3659 = AXIS2_PLACEMENT_3D('',#3660,#3661,#3662);
#3660 = CARTESIAN_POINT('',(-63.,94.984665142078,48.));
#3661 = DIRECTION('',(0.,0.998134798429,-6.104853941919E-02));
#3662 = DIRECTION('',(0.,-6.104853941919E-02,-0.998134798429));
#3663 = PCURVE('',#436,#3664);
#3664 = DEFINITIONAL_REPRESENTATION('',(#3665),#3669);
#3665 = ELLIPSE('',#3666,3.005606061147,3.);
#3666 = AXIS2_PLACEMENT_2D('',#3667,#3668);
#3667 = CARTESIAN_POINT('',(-22.54885938043,-82.15323233802));
#3668 = DIRECTION('',(0.,-1.));
#3669 = ( GEOMETRIC_REPRESENTATION_CONTEXT(2) 
PARAMETRIC_REPRESENTATION_CONTEXT() REPRESENTATION_CONTEXT('2D SPACE',''
  ) );
#3670 = PCURVE('',#3671,#3676);
#3671 = CYLINDRICAL_SURFACE('',#3672,3.);
#3672 = AXIS2_PLACEMENT_3D('',#3673,#3674,#3675);
#3673 = CARTESIAN_POINT('',(-63.,130.,48.));
#3674 = DIRECTION('',(0.,-1.,2.22044604925E-16));
#3675 = DIRECTION('',(1.,0.,0.));
#3676 = DEFINITIONAL_REPRESENTATION('',(#3677),#3694);
#3677 = B_SPLINE_CURVE_WITH_KNOTS('',8,(#3678,#3679,#3680,#3681,#3682,
    #3683,#3684,#3685,#3686,#3687,#3688,#3689,#3690,#3691,#3692,#3693),
  .UNSPECIFIED.,.F.,.F.,(9,7,9),(4.712388980385,7.853981633974,
    10.995574287564),.UNSPECIFIED.);
#3678 = CARTESIAN_POINT('',(6.28318530718,35.015334857922));
#3679 = CARTESIAN_POINT('',(5.890486225481,35.087390372087));
#3680 = CARTESIAN_POINT('',(5.497787143782,35.159446460792));
#3681 = CARTESIAN_POINT('',(5.105088062089,35.214564017893));
#3682 = CARTESIAN_POINT('',(4.712388980387,35.235850301484));
#3683 = CARTESIAN_POINT('',(4.319689898691,35.214564017908));
#3684 = CARTESIAN_POINT('',(3.926990816986,35.159446460799));
#3685 = CARTESIAN_POINT('',(3.534291735289,35.087390372087));
#3686 = CARTESIAN_POINT('',(2.748893571891,34.943279343757));
#3687 = CARTESIAN_POINT('',(2.356194490191,34.871223255057));
#3688 = CARTESIAN_POINT('',(1.963495408501,34.816105697668));
#3689 = CARTESIAN_POINT('',(1.570796326792,34.794819414383));
#3690 = CARTESIAN_POINT('',(1.178097245101,34.816105697639));
#3691 = CARTESIAN_POINT('',(0.785398163397,34.871223255061));
#3692 = CARTESIAN_POINT('',(0.392699081699,34.943279343757));
#3693 = CARTESIAN_POINT('',(1.68753899743E-14,35.015334857922));
#3694 = ( GEOMETRIC_REPRESENTATION_CONTEXT(2) 
PARAMETRIC_REPRESENTATION_CONTEXT() REPRESENTATION_CONTEXT('2D SPACE',''
  ) );
#3695 = FACE_BOUND('',#3696,.T.);
#3696 = EDGE_LOOP('',(#3697));
#3697 = ORIENTED_EDGE('',*,*,#3698,.F.);
#3698 = EDGE_CURVE('',#3699,#3699,#3701,.T.);
#3699 = VERTEX_POINT('',#3700);
#3700 = CARTESIAN_POINT('',(-16.5,96.269080162796,69.));
#3701 = SURFACE_CURVE('',#3702,(#3707,#3714),.PCURVE_S1.);
#3702 = ELLIPSE('',#3703,4.508409091721,4.5);
#3703 = AXIS2_PLACEMENT_3D('',#3704,#3705,#3706);
#3704 = CARTESIAN_POINT('',(-21.,96.269080162796,69.));
#3705 = DIRECTION('',(0.,0.998134798429,-6.104853941919E-02));
#3706 = DIRECTION('',(0.,-6.104853941919E-02,-0.998134798429));
#3707 = PCURVE('',#436,#3708);
#3708 = DEFINITIONAL_REPRESENTATION('',(#3709),#3713);
#3709 = ELLIPSE('',#3710,4.508409091721,4.5);
#3710 = AXIS2_PLACEMENT_2D('',#3711,#3712);
#3711 = CARTESIAN_POINT('',(-64.54885938043,-61.11398990999));
#3712 = DIRECTION('',(0.,-1.));
#3713 = ( GEOMETRIC_REPRESENTATION_CONTEXT(2) 
PARAMETRIC_REPRESENTATION_CONTEXT() REPRESENTATION_CONTEXT('2D SPACE',''
  ) );
#3714 = PCURVE('',#3715,#3720);
#3715 = CYLINDRICAL_SURFACE('',#3716,4.5);
#3716 = AXIS2_PLACEMENT_3D('',#3717,#3718,#3719);
#3717 = CARTESIAN_POINT('',(-21.,130.,69.));
#3718 = DIRECTION('',(0.,-1.,2.22044604925E-16));
#3719 = DIRECTION('',(1.,0.,0.));
#3720 = DEFINITIONAL_REPRESENTATION('',(#3721),#3738);
#3721 = B_SPLINE_CURVE_WITH_KNOTS('',8,(#3722,#3723,#3724,#3725,#3726,
    #3727,#3728,#3729,#3730,#3731,#3732,#3733,#3734,#3735,#3736,#3737),
  .UNSPECIFIED.,.F.,.F.,(9,7,9),(4.712388980385,7.853981633974,
    10.995574287564),.UNSPECIFIED.);
#3722 = CARTESIAN_POINT('',(6.28318530718,33.730919837204));
#3723 = CARTESIAN_POINT('',(5.890486225481,33.839003108452));
#3724 = CARTESIAN_POINT('',(5.497787143783,33.947087241482));
#3725 = CARTESIAN_POINT('',(5.10508806209,34.029763577273));
#3726 = CARTESIAN_POINT('',(4.712388980389,34.06169300247));
#3727 = CARTESIAN_POINT('',(4.31968989869,34.029763577288));
#3728 = CARTESIAN_POINT('',(3.926990816988,33.947087241489));
#3729 = CARTESIAN_POINT('',(3.534291735289,33.839003108452));
#3730 = CARTESIAN_POINT('',(2.748893571891,33.622836565956));
#3731 = CARTESIAN_POINT('',(2.356194490186,33.514752432882));
#3732 = CARTESIAN_POINT('',(1.963495408519,33.432076097088));
#3733 = CARTESIAN_POINT('',(1.570796326773,33.400146671775));
#3734 = CARTESIAN_POINT('',(1.178097245123,33.432076097073));
#3735 = CARTESIAN_POINT('',(0.785398163394,33.514752432879));
#3736 = CARTESIAN_POINT('',(0.392699081699,33.622836565956));
#3737 = CARTESIAN_POINT('',(1.59872115546E-14,33.730919837204));
#3738 = ( GEOMETRIC_REPRESENTATION_CONTEXT(2) 
PARAMETRIC_REPRESENTATION_CONTEXT() REPRESENTATION_CONTEXT('2D SPACE',''
  ) );
#3739 = FACE_BOUND('',#3740,.T.);
#3740 = EDGE_LOOP('',(#3741));
#3741 = ORIENTED_EDGE('',*,*,#3742,.F.);
#3742 = EDGE_CURVE('',#3743,#3743,#3745,.T.);
#3743 = VERTEX_POINT('',#3744);
#3744 = CARTESIAN_POINT('',(-37.5,96.269080162796,69.));
#3745 = SURFACE_CURVE('',#3746,(#3751,#3758),.PCURVE_S1.);
#3746 = ELLIPSE('',#3747,4.508409091721,4.5);
#3747 = AXIS2_PLACEMENT_3D('',#3748,#3749,#3750);
#3748 = CARTESIAN_POINT('',(-42.,96.269080162796,69.));
#3749 = DIRECTION('',(0.,0.998134798429,-6.104853941919E-02));
#3750 = DIRECTION('',(0.,-6.104853941919E-02,-0.998134798429));
#3751 = PCURVE('',#436,#3752);
#3752 = DEFINITIONAL_REPRESENTATION('',(#3753),#3757);
#3753 = ELLIPSE('',#3754,4.508409091721,4.5);
#3754 = AXIS2_PLACEMENT_2D('',#3755,#3756);
#3755 = CARTESIAN_POINT('',(-43.54885938043,-61.11398990999));
#3756 = DIRECTION('',(0.,-1.));
#3757 = ( GEOMETRIC_REPRESENTATION_CONTEXT(2) 
PARAMETRIC_REPRESENTATION_CONTEXT() REPRESENTATION_CONTEXT('2D SPACE',''
  ) );
#3758 = PCURVE('',#3759,#3764);
#3759 = CYLINDRICAL_SURFACE('',#3760,4.5);
#3760 = AXIS2_PLACEMENT_3D('',#3761,#3762,#3763);
#3761 = CARTESIAN_POINT('',(-42.,130.,69.));
#3762 = DIRECTION('',(0.,-1.,2.22044604925E-16));
#3763 = DIRECTION('',(1.,0.,0.));
#3764 = DEFINITIONAL_REPRESENTATION('',(#3765),#3782);
#3765 = B_SPLINE_CURVE_WITH_KNOTS('',8,(#3766,#3767,#3768,#3769,#3770,
    #3771,#3772,#3773,#3774,#3775,#3776,#3777,#3778,#3779,#3780,#3781),
  .UNSPECIFIED.,.F.,.F.,(9,7,9),(4.712388980385,7.853981633974,
    10.995574287564),.UNSPECIFIED.);
#3766 = CARTESIAN_POINT('',(6.28318530718,33.730919837204));
#3767 = CARTESIAN_POINT('',(5.890486225481,33.839003108452));
#3768 = CARTESIAN_POINT('',(5.49778714378,33.947087241482));
#3769 = CARTESIAN_POINT('',(5.105088062094,34.029763577273));
#3770 = CARTESIAN_POINT('',(4.712388980378,34.06169300247));
#3771 = CARTESIAN_POINT('',(4.319689898697,34.029763577288));
#3772 = CARTESIAN_POINT('',(3.926990816985,33.947087241489));
#3773 = CARTESIAN_POINT('',(3.534291735289,33.839003108452));
#3774 = CARTESIAN_POINT('',(2.748893571891,33.622836565956));
#3775 = CARTESIAN_POINT('',(2.356194490185,33.514752432882));
#3776 = CARTESIAN_POINT('',(1.963495408528,33.432076097088));
#3777 = CARTESIAN_POINT('',(1.570796326766,33.400146671775));
#3778 = CARTESIAN_POINT('',(1.178097245123,33.432076097073));
#3779 = CARTESIAN_POINT('',(0.785398163392,33.514752432879));
#3780 = CARTESIAN_POINT('',(0.392699081699,33.622836565956));
#3781 = CARTESIAN_POINT('',(1.59872115546E-14,33.730919837204));
#3782 = ( GEOMETRIC_REPRESENTATION_CONTEXT(2) 
PARAMETRIC_REPRESENTATION_CONTEXT() REPRESENTATION_CONTEXT('2D SPACE',''
  ) );
#3783 = FACE_BOUND('',#3784,.T.);
#3784 = EDGE_LOOP('',(#3785));
#3785 = ORIENTED_EDGE('',*,*,#3786,.F.);
#3786 = EDGE_CURVE('',#3787,#3787,#3789,.T.);
#3787 = VERTEX_POINT('',#3788);
#3788 = CARTESIAN_POINT('',(-58.5,96.269080162796,69.));
#3789 = SURFACE_CURVE('',#3790,(#3795,#3802),.PCURVE_S1.);
#3790 = ELLIPSE('',#3791,4.508409091721,4.5);
#3791 = AXIS2_PLACEMENT_3D('',#3792,#3793,#3794);
#3792 = CARTESIAN_POINT('',(-63.,96.269080162796,69.));
#3793 = DIRECTION('',(0.,0.998134798429,-6.104853941919E-02));
#3794 = DIRECTION('',(0.,-6.104853941919E-02,-0.998134798429));
#3795 = PCURVE('',#436,#3796);
#3796 = DEFINITIONAL_REPRESENTATION('',(#3797),#3801);
#3797 = ELLIPSE('',#3798,4.508409091721,4.5);
#3798 = AXIS2_PLACEMENT_2D('',#3799,#3800);
#3799 = CARTESIAN_POINT('',(-22.54885938043,-61.11398990999));
#3800 = DIRECTION('',(0.,-1.));
#3801 = ( GEOMETRIC_REPRESENTATION_CONTEXT(2) 
PARAMETRIC_REPRESENTATION_CONTEXT() REPRESENTATION_CONTEXT('2D SPACE',''
  ) );
#3802 = PCURVE('',#3803,#3808);
#3803 = CYLINDRICAL_SURFACE('',#3804,4.5);
#3804 = AXIS2_PLACEMENT_3D('',#3805,#3806,#3807);
#3805 = CARTESIAN_POINT('',(-63.,130.,69.));
#3806 = DIRECTION('',(0.,-1.,2.22044604925E-16));
#3807 = DIRECTION('',(1.,0.,0.));
#3808 = DEFINITIONAL_REPRESENTATION('',(#3809),#3826);
#3809 = B_SPLINE_CURVE_WITH_KNOTS('',8,(#3810,#3811,#3812,#3813,#3814,
    #3815,#3816,#3817,#3818,#3819,#3820,#3821,#3822,#3823,#3824,#3825),
  .UNSPECIFIED.,.F.,.F.,(9,7,9),(4.712388980385,7.853981633974,
    10.995574287564),.UNSPECIFIED.);
#3810 = CARTESIAN_POINT('',(6.28318530718,33.730919837204));
#3811 = CARTESIAN_POINT('',(5.890486225481,33.839003108452));
#3812 = CARTESIAN_POINT('',(5.497787143783,33.947087241482));
#3813 = CARTESIAN_POINT('',(5.105088062086,34.029763577273));
#3814 = CARTESIAN_POINT('',(4.712388980385,34.06169300247));
#3815 = CARTESIAN_POINT('',(4.319689898686,34.029763577288));
#3816 = CARTESIAN_POINT('',(3.926990816989,33.947087241489));
#3817 = CARTESIAN_POINT('',(3.534291735289,33.839003108452));
#3818 = CARTESIAN_POINT('',(2.748893571891,33.622836565956));
#3819 = CARTESIAN_POINT('',(2.356194490191,33.514752432882));
#3820 = CARTESIAN_POINT('',(1.96349540851,33.432076097088));
#3821 = CARTESIAN_POINT('',(1.570796326792,33.400146671775));
#3822 = CARTESIAN_POINT('',(1.178097245112,33.432076097073));
#3823 = CARTESIAN_POINT('',(0.785398163396,33.514752432879));
#3824 = CARTESIAN_POINT('',(0.392699081699,33.622836565956));
#3825 = CARTESIAN_POINT('',(1.59872115546E-14,33.730919837204));
#3826 = ( GEOMETRIC_REPRESENTATION_CONTEXT(2) 
PARAMETRIC_REPRESENTATION_CONTEXT() REPRESENTATION_CONTEXT('2D SPACE',''
  ) );
#3827 = FACE_BOUND('',#3828,.T.);
#3828 = EDGE_LOOP('',(#3829));
#3829 = ORIENTED_EDGE('',*,*,#3830,.F.);
#3830 = EDGE_CURVE('',#3831,#3831,#3833,.T.);
#3831 = VERTEX_POINT('',#3832);
#3832 = CARTESIAN_POINT('',(69.,97.553495183513,90.));
#3833 = SURFACE_CURVE('',#3834,(#3839,#3846),.PCURVE_S1.);
#3834 = ELLIPSE('',#3835,6.011212122294,6.);
#3835 = AXIS2_PLACEMENT_3D('',#3836,#3837,#3838);
#3836 = CARTESIAN_POINT('',(63.,97.553495183513,90.));
#3837 = DIRECTION('',(0.,0.998134798429,-6.104853941919E-02));
#3838 = DIRECTION('',(0.,-6.104853941919E-02,-0.998134798429));
#3839 = PCURVE('',#436,#3840);
#3840 = DEFINITIONAL_REPRESENTATION('',(#3841),#3845);
#3841 = ELLIPSE('',#3842,6.011212122294,6.);
#3842 = AXIS2_PLACEMENT_2D('',#3843,#3844);
#3843 = CARTESIAN_POINT('',(-148.5488593804,-40.07474748196));
#3844 = DIRECTION('',(0.,-1.));
#3845 = ( GEOMETRIC_REPRESENTATION_CONTEXT(2) 
PARAMETRIC_REPRESENTATION_CONTEXT() REPRESENTATION_CONTEXT('2D SPACE',''
  ) );
#3846 = PCURVE('',#3847,#3852);
#3847 = CYLINDRICAL_SURFACE('',#3848,6.);
#3848 = AXIS2_PLACEMENT_3D('',#3849,#3850,#3851);
#3849 = CARTESIAN_POINT('',(63.,130.,90.));
#3850 = DIRECTION('',(0.,-1.,2.22044604925E-16));
#3851 = DIRECTION('',(1.,0.,0.));
#3852 = DEFINITIONAL_REPRESENTATION('',(#3853),#3870);
#3853 = B_SPLINE_CURVE_WITH_KNOTS('',8,(#3854,#3855,#3856,#3857,#3858,
    #3859,#3860,#3861,#3862,#3863,#3864,#3865,#3866,#3867,#3868,#3869),
  .UNSPECIFIED.,.F.,.F.,(9,7,9),(4.712388980385,7.853981633974,
    10.995574287564),.UNSPECIFIED.);
#3854 = CARTESIAN_POINT('',(6.28318530718,32.446504816487));
#3855 = CARTESIAN_POINT('',(5.890486225481,32.590615844817));
#3856 = CARTESIAN_POINT('',(5.497787143783,32.734728022238));
#3857 = CARTESIAN_POINT('',(5.105088062082,32.844963136624));
#3858 = CARTESIAN_POINT('',(4.712388980387,32.887535703572));
#3859 = CARTESIAN_POINT('',(4.319689898681,32.844963136624));
#3860 = CARTESIAN_POINT('',(3.926990816988,32.734728022246));
#3861 = CARTESIAN_POINT('',(3.534291735289,32.590615844817));
#3862 = CARTESIAN_POINT('',(2.748893571891,32.302393788156));
#3863 = CARTESIAN_POINT('',(2.356194490195,32.15828161074));
#3864 = CARTESIAN_POINT('',(1.963495408515,32.04804649626));
#3865 = CARTESIAN_POINT('',(1.570796326792,32.005473929428));
#3866 = CARTESIAN_POINT('',(1.178097245115,32.04804649626));
#3867 = CARTESIAN_POINT('',(0.785398163396,32.158281610726));
#3868 = CARTESIAN_POINT('',(0.392699081699,32.302393788156));
#3869 = CARTESIAN_POINT('',(1.68753899743E-14,32.446504816487));
#3870 = ( GEOMETRIC_REPRESENTATION_CONTEXT(2) 
PARAMETRIC_REPRESENTATION_CONTEXT() REPRESENTATION_CONTEXT('2D SPACE',''
  ) );
#3871 = FACE_BOUND('',#3872,.T.);
#3872 = EDGE_LOOP('',(#3873));
#3873 = ORIENTED_EDGE('',*,*,#3874,.F.);
#3874 = EDGE_CURVE('',#3875,#3875,#3877,.T.);
#3875 = VERTEX_POINT('',#3876);
#3876 = CARTESIAN_POINT('',(48.,97.553495183513,90.));
#3877 = SURFACE_CURVE('',#3878,(#3883,#3890),.PCURVE_S1.);
#3878 = ELLIPSE('',#3879,6.011212122294,6.);
#3879 = AXIS2_PLACEMENT_3D('',#3880,#3881,#3882);
#3880 = CARTESIAN_POINT('',(42.,97.553495183513,90.));
#3881 = DIRECTION('',(0.,0.998134798429,-6.104853941919E-02));
#3882 = DIRECTION('',(0.,-6.104853941919E-02,-0.998134798429));
#3883 = PCURVE('',#436,#3884);
#3884 = DEFINITIONAL_REPRESENTATION('',(#3885),#3889);
#3885 = ELLIPSE('',#3886,6.011212122294,6.);
#3886 = AXIS2_PLACEMENT_2D('',#3887,#3888);
#3887 = CARTESIAN_POINT('',(-127.5488593804,-40.07474748196));
#3888 = DIRECTION('',(0.,-1.));
#3889 = ( GEOMETRIC_REPRESENTATION_CONTEXT(2) 
PARAMETRIC_REPRESENTATION_CONTEXT() REPRESENTATION_CONTEXT('2D SPACE',''
  ) );
#3890 = PCURVE('',#3891,#3896);
#3891 = CYLINDRICAL_SURFACE('',#3892,6.);
#3892 = AXIS2_PLACEMENT_3D('',#3893,#3894,#3895);
#3893 = CARTESIAN_POINT('',(42.,130.,90.));
#3894 = DIRECTION('',(0.,-1.,2.22044604925E-16));
#3895 = DIRECTION('',(1.,0.,0.));
#3896 = DEFINITIONAL_REPRESENTATION('',(#3897),#3914);
#3897 = B_SPLINE_CURVE_WITH_KNOTS('',8,(#3898,#3899,#3900,#3901,#3902,
    #3903,#3904,#3905,#3906,#3907,#3908,#3909,#3910,#3911,#3912,#3913),
  .UNSPECIFIED.,.F.,.F.,(9,7,9),(4.712388980385,7.853981633974,
    10.995574287564),.UNSPECIFIED.);
#3898 = CARTESIAN_POINT('',(6.28318530718,32.446504816487));
#3899 = CARTESIAN_POINT('',(5.890486225481,32.590615844817));
#3900 = CARTESIAN_POINT('',(5.497787143784,32.734728022238));
#3901 = CARTESIAN_POINT('',(5.10508806208,32.844963136624));
#3902 = CARTESIAN_POINT('',(4.712388980395,32.887535703572));
#3903 = CARTESIAN_POINT('',(4.319689898677,32.844963136624));
#3904 = CARTESIAN_POINT('',(3.926990816989,32.734728022246));
#3905 = CARTESIAN_POINT('',(3.534291735289,32.590615844817));
#3906 = CARTESIAN_POINT('',(2.748893571891,32.302393788156));
#3907 = CARTESIAN_POINT('',(2.356194490195,32.15828161074));
#3908 = CARTESIAN_POINT('',(1.963495408515,32.04804649626));
#3909 = CARTESIAN_POINT('',(1.570796326792,32.005473929428));
#3910 = CARTESIAN_POINT('',(1.178097245115,32.04804649626));
#3911 = CARTESIAN_POINT('',(0.785398163396,32.158281610726));
#3912 = CARTESIAN_POINT('',(0.392699081699,32.302393788156));
#3913 = CARTESIAN_POINT('',(1.68753899743E-14,32.446504816487));
#3914 = ( GEOMETRIC_REPRESENTATION_CONTEXT(2) 
PARAMETRIC_REPRESENTATION_CONTEXT() REPRESENTATION_CONTEXT('2D SPACE',''
  ) );
#3915 = FACE_BOUND('',#3916,.T.);
#3916 = EDGE_LOOP('',(#3917));
#3917 = ORIENTED_EDGE('',*,*,#3918,.F.);
#3918 = EDGE_CURVE('',#3919,#3919,#3921,.T.);
#3919 = VERTEX_POINT('',#3920);
#3920 = CARTESIAN_POINT('',(27.,97.553495183513,90.));
#3921 = SURFACE_CURVE('',#3922,(#3927,#3934),.PCURVE_S1.);
#3922 = ELLIPSE('',#3923,6.011212122294,6.);
#3923 = AXIS2_PLACEMENT_3D('',#3924,#3925,#3926);
#3924 = CARTESIAN_POINT('',(21.,97.553495183513,90.));
#3925 = DIRECTION('',(0.,0.998134798429,-6.104853941919E-02));
#3926 = DIRECTION('',(0.,-6.104853941919E-02,-0.998134798429));
#3927 = PCURVE('',#436,#3928);
#3928 = DEFINITIONAL_REPRESENTATION('',(#3929),#3933);
#3929 = ELLIPSE('',#3930,6.011212122294,6.);
#3930 = AXIS2_PLACEMENT_2D('',#3931,#3932);
#3931 = CARTESIAN_POINT('',(-106.5488593804,-40.07474748196));
#3932 = DIRECTION('',(0.,-1.));
#3933 = ( GEOMETRIC_REPRESENTATION_CONTEXT(2) 
PARAMETRIC_REPRESENTATION_CONTEXT() REPRESENTATION_CONTEXT('2D SPACE',''
  ) );
#3934 = PCURVE('',#3935,#3940);
#3935 = CYLINDRICAL_SURFACE('',#3936,6.);
#3936 = AXIS2_PLACEMENT_3D('',#3937,#3938,#3939);
#3937 = CARTESIAN_POINT('',(21.,130.,90.));
#3938 = DIRECTION('',(0.,-1.,2.22044604925E-16));
#3939 = DIRECTION('',(1.,0.,0.));
#3940 = DEFINITIONAL_REPRESENTATION('',(#3941),#3958);
#3941 = B_SPLINE_CURVE_WITH_KNOTS('',8,(#3942,#3943,#3944,#3945,#3946,
    #3947,#3948,#3949,#3950,#3951,#3952,#3953,#3954,#3955,#3956,#3957),
  .UNSPECIFIED.,.F.,.F.,(9,7,9),(4.712388980385,7.853981633974,
    10.995574287564),.UNSPECIFIED.);
#3942 = CARTESIAN_POINT('',(6.28318530718,32.446504816487));
#3943 = CARTESIAN_POINT('',(5.890486225481,32.590615844817));
#3944 = CARTESIAN_POINT('',(5.497787143783,32.734728022238));
#3945 = CARTESIAN_POINT('',(5.105088062079,32.844963136624));
#3946 = CARTESIAN_POINT('',(4.712388980393,32.887535703572));
#3947 = CARTESIAN_POINT('',(4.319689898684,32.844963136624));
#3948 = CARTESIAN_POINT('',(3.926990816987,32.734728022246));
#3949 = CARTESIAN_POINT('',(3.534291735289,32.590615844817));
#3950 = CARTESIAN_POINT('',(2.748893571891,32.302393788156));
#3951 = CARTESIAN_POINT('',(2.356194490192,32.15828161074));
#3952 = CARTESIAN_POINT('',(1.963495408519,32.04804649626));
#3953 = CARTESIAN_POINT('',(1.570796326788,32.005473929428));
#3954 = CARTESIAN_POINT('',(1.178097245126,32.04804649626));
#3955 = CARTESIAN_POINT('',(0.785398163395,32.158281610726));
#3956 = CARTESIAN_POINT('',(0.392699081699,32.302393788156));
#3957 = CARTESIAN_POINT('',(1.68753899743E-14,32.446504816487));
#3958 = ( GEOMETRIC_REPRESENTATION_CONTEXT(2) 
PARAMETRIC_REPRESENTATION_CONTEXT() REPRESENTATION_CONTEXT('2D SPACE',''
  ) );
#3959 = FACE_BOUND('',#3960,.T.);
#3960 = EDGE_LOOP('',(#3961));
#3961 = ORIENTED_EDGE('',*,*,#3962,.F.);
#3962 = EDGE_CURVE('',#3963,#3963,#3965,.T.);
#3963 = VERTEX_POINT('',#3964);
#3964 = CARTESIAN_POINT('',(6.,97.553495183513,90.));
#3965 = SURFACE_CURVE('',#3966,(#3971,#3978),.PCURVE_S1.);
#3966 = ELLIPSE('',#3967,6.011212122294,6.);
#3967 = AXIS2_PLACEMENT_3D('',#3968,#3969,#3970);
#3968 = CARTESIAN_POINT('',(0.,97.553495183513,90.));
#3969 = DIRECTION('',(0.,0.998134798429,-6.104853941919E-02));
#3970 = DIRECTION('',(0.,-6.104853941919E-02,-0.998134798429));
#3971 = PCURVE('',#436,#3972);
#3972 = DEFINITIONAL_REPRESENTATION('',(#3973),#3977);
#3973 = ELLIPSE('',#3974,6.011212122294,6.);
#3974 = AXIS2_PLACEMENT_2D('',#3975,#3976);
#3975 = CARTESIAN_POINT('',(-85.54885938043,-40.07474748196));
#3976 = DIRECTION('',(0.,-1.));
#3977 = ( GEOMETRIC_REPRESENTATION_CONTEXT(2) 
PARAMETRIC_REPRESENTATION_CONTEXT() REPRESENTATION_CONTEXT('2D SPACE',''
  ) );
#3978 = PCURVE('',#3979,#3984);
#3979 = CYLINDRICAL_SURFACE('',#3980,6.);
#3980 = AXIS2_PLACEMENT_3D('',#3981,#3982,#3983);
#3981 = CARTESIAN_POINT('',(0.,130.,90.));
#3982 = DIRECTION('',(0.,-1.,2.22044604925E-16));
#3983 = DIRECTION('',(1.,0.,0.));
#3984 = DEFINITIONAL_REPRESENTATION('',(#3985),#4002);
#3985 = B_SPLINE_CURVE_WITH_KNOTS('',8,(#3986,#3987,#3988,#3989,#3990,
    #3991,#3992,#3993,#3994,#3995,#3996,#3997,#3998,#3999,#4000,#4001),
  .UNSPECIFIED.,.F.,.F.,(9,7,9),(4.712388980385,7.853981633974,
    10.995574287564),.UNSPECIFIED.);
#3986 = CARTESIAN_POINT('',(6.28318530718,32.446504816487));
#3987 = CARTESIAN_POINT('',(5.890486225481,32.590615844817));
#3988 = CARTESIAN_POINT('',(5.497787143783,32.734728022238));
#3989 = CARTESIAN_POINT('',(5.105088062079,32.844963136624));
#3990 = CARTESIAN_POINT('',(4.712388980393,32.887535703572));
#3991 = CARTESIAN_POINT('',(4.319689898684,32.844963136624));
#3992 = CARTESIAN_POINT('',(3.926990816987,32.734728022246));
#3993 = CARTESIAN_POINT('',(3.534291735289,32.590615844817));
#3994 = CARTESIAN_POINT('',(2.748893571891,32.302393788156));
#3995 = CARTESIAN_POINT('',(2.356194490192,32.15828161074));
#3996 = CARTESIAN_POINT('',(1.963495408519,32.04804649626));
#3997 = CARTESIAN_POINT('',(1.570796326788,32.005473929428));
#3998 = CARTESIAN_POINT('',(1.178097245126,32.04804649626));
#3999 = CARTESIAN_POINT('',(0.785398163395,32.158281610726));
#4000 = CARTESIAN_POINT('',(0.392699081699,32.302393788156));
#4001 = CARTESIAN_POINT('',(1.68753899743E-14,32.446504816487));
#4002 = ( GEOMETRIC_REPRESENTATION_CONTEXT(2) 
PARAMETRIC_REPRESENTATION_CONTEXT() REPRESENTATION_CONTEXT('2D SPACE',''
  ) );
#4003 = FACE_BOUND('',#4004,.T.);
#4004 = EDGE_LOOP('',(#4005));
#4005 = ORIENTED_EDGE('',*,*,#4006,.F.);
#4006 = EDGE_CURVE('',#4007,#4007,#4009,.T.);
#4007 = VERTEX_POINT('',#4008);
#4008 = CARTESIAN_POINT('',(70.5,98.837910204231,111.));
#4009 = SURFACE_CURVE('',#4010,(#4015,#4022),.PCURVE_S1.);
#4010 = ELLIPSE('',#4011,7.514015152868,7.5);
#4011 = AXIS2_PLACEMENT_3D('',#4012,#4013,#4014);
#4012 = CARTESIAN_POINT('',(63.,98.837910204231,111.));
#4013 = DIRECTION('',(0.,0.998134798429,-6.104853941919E-02));
#4014 = DIRECTION('',(0.,-6.104853941919E-02,-0.998134798429));
#4015 = PCURVE('',#436,#4016);
#4016 = DEFINITIONAL_REPRESENTATION('',(#4017),#4021);
#4017 = ELLIPSE('',#4018,7.514015152868,7.5);
#4018 = AXIS2_PLACEMENT_2D('',#4019,#4020);
#4019 = CARTESIAN_POINT('',(-148.5488593804,-19.03550505393));
#4020 = DIRECTION('',(0.,-1.));
#4021 = ( GEOMETRIC_REPRESENTATION_CONTEXT(2) 
PARAMETRIC_REPRESENTATION_CONTEXT() REPRESENTATION_CONTEXT('2D SPACE',''
  ) );
#4022 = PCURVE('',#4023,#4028);
#4023 = CYLINDRICAL_SURFACE('',#4024,7.5);
#4024 = AXIS2_PLACEMENT_3D('',#4025,#4026,#4027);
#4025 = CARTESIAN_POINT('',(63.,130.,111.));
#4026 = DIRECTION('',(0.,-1.,2.22044604925E-16));
#4027 = DIRECTION('',(1.,0.,0.));
#4028 = DEFINITIONAL_REPRESENTATION('',(#4029),#4046);
#4029 = B_SPLINE_CURVE_WITH_KNOTS('',8,(#4030,#4031,#4032,#4033,#4034,
    #4035,#4036,#4037,#4038,#4039,#4040,#4041,#4042,#4043,#4044,#4045),
  .UNSPECIFIED.,.F.,.F.,(9,7,9),(4.712388980385,7.853981633974,
    10.995574287564),.UNSPECIFIED.);
#4030 = CARTESIAN_POINT('',(6.28318530718,31.162089795769));
#4031 = CARTESIAN_POINT('',(5.890486225481,31.342228581182));
#4032 = CARTESIAN_POINT('',(5.497787143782,31.522368802904));
#4033 = CARTESIAN_POINT('',(5.105088062087,31.660162696178));
#4034 = CARTESIAN_POINT('',(4.712388980385,31.713378404325));
#4035 = CARTESIAN_POINT('',(4.319689898693,31.660162696178));
#4036 = CARTESIAN_POINT('',(3.926990816987,31.5223688029));
#4037 = CARTESIAN_POINT('',(3.534291735289,31.342228581182));
#4038 = CARTESIAN_POINT('',(2.748893571891,30.981951010356));
#4039 = CARTESIAN_POINT('',(2.356194490191,30.801810788569));
#4040 = CARTESIAN_POINT('',(1.963495408501,30.664016895549));
#4041 = CARTESIAN_POINT('',(1.570796326792,30.610801186645));
#4042 = CARTESIAN_POINT('',(1.178097245101,30.664016895593));
#4043 = CARTESIAN_POINT('',(0.785398163397,30.801810788569));
#4044 = CARTESIAN_POINT('',(0.392699081699,30.981951010356));
#4045 = CARTESIAN_POINT('',(1.68753899743E-14,31.162089795769));
#4046 = ( GEOMETRIC_REPRESENTATION_CONTEXT(2) 
PARAMETRIC_REPRESENTATION_CONTEXT() REPRESENTATION_CONTEXT('2D SPACE',''
  ) );
#4047 = FACE_BOUND('',#4048,.T.);
#4048 = EDGE_LOOP('',(#4049));
#4049 = ORIENTED_EDGE('',*,*,#4050,.F.);
#4050 = EDGE_CURVE('',#4051,#4051,#4053,.T.);
#4051 = VERTEX_POINT('',#4052);
#4052 = CARTESIAN_POINT('',(49.5,98.837910204231,111.));
#4053 = SURFACE_CURVE('',#4054,(#4059,#4066),.PCURVE_S1.);
#4054 = ELLIPSE('',#4055,7.514015152868,7.5);
#4055 = AXIS2_PLACEMENT_3D('',#4056,#4057,#4058);
#4056 = CARTESIAN_POINT('',(42.,98.837910204231,111.));
#4057 = DIRECTION('',(0.,0.998134798429,-6.104853941919E-02));
#4058 = DIRECTION('',(0.,-6.104853941919E-02,-0.998134798429));
#4059 = PCURVE('',#436,#4060);
#4060 = DEFINITIONAL_REPRESENTATION('',(#4061),#4065);
#4061 = ELLIPSE('',#4062,7.514015152868,7.5);
#4062 = AXIS2_PLACEMENT_2D('',#4063,#4064);
#4063 = CARTESIAN_POINT('',(-127.5488593804,-19.03550505393));
#4064 = DIRECTION('',(0.,-1.));
#4065 = ( GEOMETRIC_REPRESENTATION_CONTEXT(2) 
PARAMETRIC_REPRESENTATION_CONTEXT() REPRESENTATION_CONTEXT('2D SPACE',''
  ) );
#4066 = PCURVE('',#4067,#4072);
#4067 = CYLINDRICAL_SURFACE('',#4068,7.5);
#4068 = AXIS2_PLACEMENT_3D('',#4069,#4070,#4071);
#4069 = CARTESIAN_POINT('',(42.,130.,111.));
#4070 = DIRECTION('',(0.,-1.,2.22044604925E-16));
#4071 = DIRECTION('',(1.,0.,0.));
#4072 = DEFINITIONAL_REPRESENTATION('',(#4073),#4090);
#4073 = B_SPLINE_CURVE_WITH_KNOTS('',8,(#4074,#4075,#4076,#4077,#4078,
    #4079,#4080,#4081,#4082,#4083,#4084,#4085,#4086,#4087,#4088,#4089),
  .UNSPECIFIED.,.F.,.F.,(9,7,9),(4.712388980385,7.853981633974,
    10.995574287564),.UNSPECIFIED.);
#4074 = CARTESIAN_POINT('',(6.28318530718,31.162089795769));
#4075 = CARTESIAN_POINT('',(5.890486225481,31.342228581182));
#4076 = CARTESIAN_POINT('',(5.497787143783,31.522368802904));
#4077 = CARTESIAN_POINT('',(5.105088062087,31.660162696178));
#4078 = CARTESIAN_POINT('',(4.712388980389,31.713378404325));
#4079 = CARTESIAN_POINT('',(4.319689898689,31.660162696178));
#4080 = CARTESIAN_POINT('',(3.926990816988,31.5223688029));
#4081 = CARTESIAN_POINT('',(3.534291735289,31.342228581182));
#4082 = CARTESIAN_POINT('',(2.748893571891,30.981951010356));
#4083 = CARTESIAN_POINT('',(2.356194490191,30.801810788569));
#4084 = CARTESIAN_POINT('',(1.963495408501,30.664016895549));
#4085 = CARTESIAN_POINT('',(1.570796326792,30.610801186645));
#4086 = CARTESIAN_POINT('',(1.178097245101,30.664016895593));
#4087 = CARTESIAN_POINT('',(0.785398163397,30.801810788569));
#4088 = CARTESIAN_POINT('',(0.392699081699,30.981951010356));
#4089 = CARTESIAN_POINT('',(1.68753899743E-14,31.162089795769));
#4090 = ( GEOMETRIC_REPRESENTATION_CONTEXT(2) 
PARAMETRIC_REPRESENTATION_CONTEXT() REPRESENTATION_CONTEXT('2D SPACE',''
  ) );
#4091 = FACE_BOUND('',#4092,.T.);
#4092 = EDGE_LOOP('',(#4093));
#4093 = ORIENTED_EDGE('',*,*,#4094,.F.);
#4094 = EDGE_CURVE('',#4095,#4095,#4097,.T.);
#4095 = VERTEX_POINT('',#4096);
#4096 = CARTESIAN_POINT('',(28.5,98.837910204231,111.));
#4097 = SURFACE_CURVE('',#4098,(#4103,#4110),.PCURVE_S1.);
#4098 = ELLIPSE('',#4099,7.514015152868,7.5);
#4099 = AXIS2_PLACEMENT_3D('',#4100,#4101,#4102);
#4100 = CARTESIAN_POINT('',(21.,98.837910204231,111.));
#4101 = DIRECTION('',(0.,0.998134798429,-6.104853941919E-02));
#4102 = DIRECTION('',(0.,-6.104853941919E-02,-0.998134798429));
#4103 = PCURVE('',#436,#4104);
#4104 = DEFINITIONAL_REPRESENTATION('',(#4105),#4109);
#4105 = ELLIPSE('',#4106,7.514015152868,7.5);
#4106 = AXIS2_PLACEMENT_2D('',#4107,#4108);
#4107 = CARTESIAN_POINT('',(-106.5488593804,-19.03550505393));
#4108 = DIRECTION('',(0.,-1.));
#4109 = ( GEOMETRIC_REPRESENTATION_CONTEXT(2) 
PARAMETRIC_REPRESENTATION_CONTEXT() REPRESENTATION_CONTEXT('2D SPACE',''
  ) );
#4110 = PCURVE('',#4111,#4116);
#4111 = CYLINDRICAL_SURFACE('',#4112,7.5);
#4112 = AXIS2_PLACEMENT_3D('',#4113,#4114,#4115);
#4113 = CARTESIAN_POINT('',(21.,130.,111.));
#4114 = DIRECTION('',(0.,-1.,2.22044604925E-16));
#4115 = DIRECTION('',(1.,0.,0.));
#4116 = DEFINITIONAL_REPRESENTATION('',(#4117),#4134);
#4117 = B_SPLINE_CURVE_WITH_KNOTS('',8,(#4118,#4119,#4120,#4121,#4122,
    #4123,#4124,#4125,#4126,#4127,#4128,#4129,#4130,#4131,#4132,#4133),
  .UNSPECIFIED.,.F.,.F.,(9,7,9),(4.712388980385,7.853981633974,
    10.995574287564),.UNSPECIFIED.);
#4118 = CARTESIAN_POINT('',(6.28318530718,31.162089795769));
#4119 = CARTESIAN_POINT('',(5.890486225481,31.342228581182));
#4120 = CARTESIAN_POINT('',(5.497787143783,31.522368802904));
#4121 = CARTESIAN_POINT('',(5.105088062086,31.660162696178));
#4122 = CARTESIAN_POINT('',(4.712388980389,31.713378404325));
#4123 = CARTESIAN_POINT('',(4.319689898688,31.660162696178));
#4124 = CARTESIAN_POINT('',(3.926990816988,31.5223688029));
#4125 = CARTESIAN_POINT('',(3.534291735289,31.342228581182));
#4126 = CARTESIAN_POINT('',(2.748893571891,30.981951010356));
#4127 = CARTESIAN_POINT('',(2.356194490191,30.801810788569));
#4128 = CARTESIAN_POINT('',(1.963495408501,30.664016895549));
#4129 = CARTESIAN_POINT('',(1.570796326792,30.610801186645));
#4130 = CARTESIAN_POINT('',(1.178097245101,30.664016895593));
#4131 = CARTESIAN_POINT('',(0.785398163397,30.801810788569));
#4132 = CARTESIAN_POINT('',(0.392699081699,30.981951010356));
#4133 = CARTESIAN_POINT('',(1.68753899743E-14,31.162089795769));
#4134 = ( GEOMETRIC_REPRESENTATION_CONTEXT(2) 
PARAMETRIC_REPRESENTATION_CONTEXT() REPRESENTATION_CONTEXT('2D SPACE',''
  ) );
#4135 = FACE_BOUND('',#4136,.T.);
#4136 = EDGE_LOOP('',(#4137));
#4137 = ORIENTED_EDGE('',*,*,#4138,.F.);
#4138 = EDGE_CURVE('',#4139,#4139,#4141,.T.);
#4139 = VERTEX_POINT('',#4140);
#4140 = CARTESIAN_POINT('',(7.5,98.837910204231,111.));
#4141 = SURFACE_CURVE('',#4142,(#4147,#4154),.PCURVE_S1.);
#4142 = ELLIPSE('',#4143,7.514015152868,7.5);
#4143 = AXIS2_PLACEMENT_3D('',#4144,#4145,#4146);
#4144 = CARTESIAN_POINT('',(0.,98.837910204231,111.));
#4145 = DIRECTION('',(0.,0.998134798429,-6.104853941919E-02));
#4146 = DIRECTION('',(0.,-6.104853941919E-02,-0.998134798429));
#4147 = PCURVE('',#436,#4148);
#4148 = DEFINITIONAL_REPRESENTATION('',(#4149),#4153);
#4149 = ELLIPSE('',#4150,7.514015152868,7.5);
#4150 = AXIS2_PLACEMENT_2D('',#4151,#4152);
#4151 = CARTESIAN_POINT('',(-85.54885938043,-19.03550505393));
#4152 = DIRECTION('',(0.,-1.));
#4153 = ( GEOMETRIC_REPRESENTATION_CONTEXT(2) 
PARAMETRIC_REPRESENTATION_CONTEXT() REPRESENTATION_CONTEXT('2D SPACE',''
  ) );
#4154 = PCURVE('',#4155,#4160);
#4155 = CYLINDRICAL_SURFACE('',#4156,7.5);
#4156 = AXIS2_PLACEMENT_3D('',#4157,#4158,#4159);
#4157 = CARTESIAN_POINT('',(0.,130.,111.));
#4158 = DIRECTION('',(0.,-1.,2.22044604925E-16));
#4159 = DIRECTION('',(1.,0.,0.));
#4160 = DEFINITIONAL_REPRESENTATION('',(#4161),#4178);
#4161 = B_SPLINE_CURVE_WITH_KNOTS('',8,(#4162,#4163,#4164,#4165,#4166,
    #4167,#4168,#4169,#4170,#4171,#4172,#4173,#4174,#4175,#4176,#4177),
  .UNSPECIFIED.,.F.,.F.,(9,7,9),(4.712388980385,7.853981633974,
    10.995574287564),.UNSPECIFIED.);
#4162 = CARTESIAN_POINT('',(6.28318530718,31.162089795769));
#4163 = CARTESIAN_POINT('',(5.890486225481,31.342228581182));
#4164 = CARTESIAN_POINT('',(5.497787143783,31.522368802904));
#4165 = CARTESIAN_POINT('',(5.105088062084,31.660162696178));
#4166 = CARTESIAN_POINT('',(4.712388980389,31.713378404325));
#4167 = CARTESIAN_POINT('',(4.319689898685,31.660162696178));
#4168 = CARTESIAN_POINT('',(3.926990816988,31.5223688029));
#4169 = CARTESIAN_POINT('',(3.534291735289,31.342228581182));
#4170 = CARTESIAN_POINT('',(2.748893571891,30.981951010356));
#4171 = CARTESIAN_POINT('',(2.356194490191,30.801810788569));
#4172 = CARTESIAN_POINT('',(1.963495408501,30.664016895549));
#4173 = CARTESIAN_POINT('',(1.570796326792,30.610801186645));
#4174 = CARTESIAN_POINT('',(1.178097245101,30.664016895593));
#4175 = CARTESIAN_POINT('',(0.785398163397,30.801810788569));
#4176 = CARTESIAN_POINT('',(0.392699081699,30.981951010356));
#4177 = CARTESIAN_POINT('',(1.68753899743E-14,31.162089795769));
#4178 = ( GEOMETRIC_REPRESENTATION_CONTEXT(2) 
PARAMETRIC_REPRESENTATION_CONTEXT() REPRESENTATION_CONTEXT('2D SPACE',''
  ) );
#4179 = FACE_BOUND('',#4180,.T.);
#4180 = EDGE_LOOP('',(#4181));
#4181 = ORIENTED_EDGE('',*,*,#4182,.F.);
#4182 = EDGE_CURVE('',#4183,#4183,#4185,.T.);
#4183 = VERTEX_POINT('',#4184);
#4184 = CARTESIAN_POINT('',(-15.,97.553495183513,90.));
#4185 = SURFACE_CURVE('',#4186,(#4191,#4198),.PCURVE_S1.);
#4186 = ELLIPSE('',#4187,6.011212122294,6.);
#4187 = AXIS2_PLACEMENT_3D('',#4188,#4189,#4190);
#4188 = CARTESIAN_POINT('',(-21.,97.553495183513,90.));
#4189 = DIRECTION('',(0.,0.998134798429,-6.104853941919E-02));
#4190 = DIRECTION('',(0.,-6.104853941919E-02,-0.998134798429));
#4191 = PCURVE('',#436,#4192);
#4192 = DEFINITIONAL_REPRESENTATION('',(#4193),#4197);
#4193 = ELLIPSE('',#4194,6.011212122294,6.);
#4194 = AXIS2_PLACEMENT_2D('',#4195,#4196);
#4195 = CARTESIAN_POINT('',(-64.54885938043,-40.07474748196));
#4196 = DIRECTION('',(0.,-1.));
#4197 = ( GEOMETRIC_REPRESENTATION_CONTEXT(2) 
PARAMETRIC_REPRESENTATION_CONTEXT() REPRESENTATION_CONTEXT('2D SPACE',''
  ) );
#4198 = PCURVE('',#4199,#4204);
#4199 = CYLINDRICAL_SURFACE('',#4200,6.);
#4200 = AXIS2_PLACEMENT_3D('',#4201,#4202,#4203);
#4201 = CARTESIAN_POINT('',(-21.,130.,90.));
#4202 = DIRECTION('',(0.,-1.,2.22044604925E-16));
#4203 = DIRECTION('',(1.,0.,0.));
#4204 = DEFINITIONAL_REPRESENTATION('',(#4205),#4222);
#4205 = B_SPLINE_CURVE_WITH_KNOTS('',8,(#4206,#4207,#4208,#4209,#4210,
    #4211,#4212,#4213,#4214,#4215,#4216,#4217,#4218,#4219,#4220,#4221),
  .UNSPECIFIED.,.F.,.F.,(9,7,9),(4.712388980385,7.853981633974,
    10.995574287564),.UNSPECIFIED.);
#4206 = CARTESIAN_POINT('',(6.28318530718,32.446504816487));
#4207 = CARTESIAN_POINT('',(5.890486225481,32.590615844817));
#4208 = CARTESIAN_POINT('',(5.497787143783,32.734728022238));
#4209 = CARTESIAN_POINT('',(5.105088062079,32.844963136624));
#4210 = CARTESIAN_POINT('',(4.712388980393,32.887535703572));
#4211 = CARTESIAN_POINT('',(4.319689898684,32.844963136624));
#4212 = CARTESIAN_POINT('',(3.926990816987,32.734728022246));
#4213 = CARTESIAN_POINT('',(3.534291735289,32.590615844817));
#4214 = CARTESIAN_POINT('',(2.748893571891,32.302393788156));
#4215 = CARTESIAN_POINT('',(2.356194490192,32.15828161074));
#4216 = CARTESIAN_POINT('',(1.963495408519,32.04804649626));
#4217 = CARTESIAN_POINT('',(1.570796326788,32.005473929428));
#4218 = CARTESIAN_POINT('',(1.178097245126,32.04804649626));
#4219 = CARTESIAN_POINT('',(0.785398163395,32.158281610726));
#4220 = CARTESIAN_POINT('',(0.392699081699,32.302393788156));
#4221 = CARTESIAN_POINT('',(1.68753899743E-14,32.446504816487));
#4222 = ( GEOMETRIC_REPRESENTATION_CONTEXT(2) 
PARAMETRIC_REPRESENTATION_CONTEXT() REPRESENTATION_CONTEXT('2D SPACE',''
  ) );
#4223 = FACE_BOUND('',#4224,.T.);
#4224 = EDGE_LOOP('',(#4225));
#4225 = ORIENTED_EDGE('',*,*,#4226,.F.);
#4226 = EDGE_CURVE('',#4227,#4227,#4229,.T.);
#4227 = VERTEX_POINT('',#4228);
#4228 = CARTESIAN_POINT('',(-36.,97.553495183513,90.));
#4229 = SURFACE_CURVE('',#4230,(#4235,#4242),.PCURVE_S1.);
#4230 = ELLIPSE('',#4231,6.011212122294,6.);
#4231 = AXIS2_PLACEMENT_3D('',#4232,#4233,#4234);
#4232 = CARTESIAN_POINT('',(-42.,97.553495183513,90.));
#4233 = DIRECTION('',(0.,0.998134798429,-6.104853941919E-02));
#4234 = DIRECTION('',(0.,-6.104853941919E-02,-0.998134798429));
#4235 = PCURVE('',#436,#4236);
#4236 = DEFINITIONAL_REPRESENTATION('',(#4237),#4241);
#4237 = ELLIPSE('',#4238,6.011212122294,6.);
#4238 = AXIS2_PLACEMENT_2D('',#4239,#4240);
#4239 = CARTESIAN_POINT('',(-43.54885938043,-40.07474748196));
#4240 = DIRECTION('',(0.,-1.));
#4241 = ( GEOMETRIC_REPRESENTATION_CONTEXT(2) 
PARAMETRIC_REPRESENTATION_CONTEXT() REPRESENTATION_CONTEXT('2D SPACE',''
  ) );
#4242 = PCURVE('',#4243,#4248);
#4243 = CYLINDRICAL_SURFACE('',#4244,6.);
#4244 = AXIS2_PLACEMENT_3D('',#4245,#4246,#4247);
#4245 = CARTESIAN_POINT('',(-42.,130.,90.));
#4246 = DIRECTION('',(0.,-1.,2.22044604925E-16));
#4247 = DIRECTION('',(1.,0.,0.));
#4248 = DEFINITIONAL_REPRESENTATION('',(#4249),#4266);
#4249 = B_SPLINE_CURVE_WITH_KNOTS('',8,(#4250,#4251,#4252,#4253,#4254,
    #4255,#4256,#4257,#4258,#4259,#4260,#4261,#4262,#4263,#4264,#4265),
  .UNSPECIFIED.,.F.,.F.,(9,7,9),(4.712388980385,7.853981633974,
    10.995574287564),.UNSPECIFIED.);
#4250 = CARTESIAN_POINT('',(6.28318530718,32.446504816487));
#4251 = CARTESIAN_POINT('',(5.890486225481,32.590615844817));
#4252 = CARTESIAN_POINT('',(5.497787143784,32.734728022238));
#4253 = CARTESIAN_POINT('',(5.10508806208,32.844963136624));
#4254 = CARTESIAN_POINT('',(4.712388980395,32.887535703572));
#4255 = CARTESIAN_POINT('',(4.319689898677,32.844963136624));
#4256 = CARTESIAN_POINT('',(3.926990816989,32.734728022246));
#4257 = CARTESIAN_POINT('',(3.534291735289,32.590615844817));
#4258 = CARTESIAN_POINT('',(2.748893571891,32.302393788156));
#4259 = CARTESIAN_POINT('',(2.356194490195,32.15828161074));
#4260 = CARTESIAN_POINT('',(1.963495408515,32.04804649626));
#4261 = CARTESIAN_POINT('',(1.570796326792,32.005473929428));
#4262 = CARTESIAN_POINT('',(1.178097245115,32.04804649626));
#4263 = CARTESIAN_POINT('',(0.785398163396,32.158281610726));
#4264 = CARTESIAN_POINT('',(0.392699081699,32.302393788156));
#4265 = CARTESIAN_POINT('',(1.68753899743E-14,32.446504816487));
#4266 = ( GEOMETRIC_REPRESENTATION_CONTEXT(2) 
PARAMETRIC_REPRESENTATION_CONTEXT() REPRESENTATION_CONTEXT('2D SPACE',''
  ) );
#4267 = FACE_BOUND('',#4268,.T.);
#4268 = EDGE_LOOP('',(#4269));
#4269 = ORIENTED_EDGE('',*,*,#4270,.F.);
#4270 = EDGE_CURVE('',#4271,#4271,#4273,.T.);
#4271 = VERTEX_POINT('',#4272);
#4272 = CARTESIAN_POINT('',(-57.,97.553495183513,90.));
#4273 = SURFACE_CURVE('',#4274,(#4279,#4286),.PCURVE_S1.);
#4274 = ELLIPSE('',#4275,6.011212122294,6.);
#4275 = AXIS2_PLACEMENT_3D('',#4276,#4277,#4278);
#4276 = CARTESIAN_POINT('',(-63.,97.553495183513,90.));
#4277 = DIRECTION('',(0.,0.998134798429,-6.104853941919E-02));
#4278 = DIRECTION('',(0.,-6.104853941919E-02,-0.998134798429));
#4279 = PCURVE('',#436,#4280);
#4280 = DEFINITIONAL_REPRESENTATION('',(#4281),#4285);
#4281 = ELLIPSE('',#4282,6.011212122294,6.);
#4282 = AXIS2_PLACEMENT_2D('',#4283,#4284);
#4283 = CARTESIAN_POINT('',(-22.54885938043,-40.07474748196));
#4284 = DIRECTION('',(0.,-1.));
#4285 = ( GEOMETRIC_REPRESENTATION_CONTEXT(2) 
PARAMETRIC_REPRESENTATION_CONTEXT() REPRESENTATION_CONTEXT('2D SPACE',''
  ) );
#4286 = PCURVE('',#4287,#4292);
#4287 = CYLINDRICAL_SURFACE('',#4288,6.);
#4288 = AXIS2_PLACEMENT_3D('',#4289,#4290,#4291);
#4289 = CARTESIAN_POINT('',(-63.,130.,90.));
#4290 = DIRECTION('',(0.,-1.,2.22044604925E-16));
#4291 = DIRECTION('',(1.,0.,0.));
#4292 = DEFINITIONAL_REPRESENTATION('',(#4293),#4310);
#4293 = B_SPLINE_CURVE_WITH_KNOTS('',8,(#4294,#4295,#4296,#4297,#4298,
    #4299,#4300,#4301,#4302,#4303,#4304,#4305,#4306,#4307,#4308,#4309),
  .UNSPECIFIED.,.F.,.F.,(9,7,9),(4.712388980385,7.853981633974,
    10.995574287564),.UNSPECIFIED.);
#4294 = CARTESIAN_POINT('',(6.28318530718,32.446504816487));
#4295 = CARTESIAN_POINT('',(5.890486225481,32.590615844817));
#4296 = CARTESIAN_POINT('',(5.497787143782,32.734728022238));
#4297 = CARTESIAN_POINT('',(5.105088062087,32.844963136624));
#4298 = CARTESIAN_POINT('',(4.71238898038,32.887535703572));
#4299 = CARTESIAN_POINT('',(4.319689898692,32.844963136624));
#4300 = CARTESIAN_POINT('',(3.926990816987,32.734728022246));
#4301 = CARTESIAN_POINT('',(3.534291735289,32.590615844817));
#4302 = CARTESIAN_POINT('',(2.748893571891,32.302393788156));
#4303 = CARTESIAN_POINT('',(2.356194490195,32.15828161074));
#4304 = CARTESIAN_POINT('',(1.963495408515,32.04804649626));
#4305 = CARTESIAN_POINT('',(1.570796326792,32.005473929428));
#4306 = CARTESIAN_POINT('',(1.178097245115,32.04804649626));
#4307 = CARTESIAN_POINT('',(0.785398163396,32.158281610726));
#4308 = CARTESIAN_POINT('',(0.392699081699,32.302393788156));
#4309 = CARTESIAN_POINT('',(1.68753899743E-14,32.446504816487));
#4310 = ( GEOMETRIC_REPRESENTATION_CONTEXT(2) 
PARAMETRIC_REPRESENTATION_CONTEXT() REPRESENTATION_CONTEXT('2D SPACE',''
  ) );
#4311 = FACE_BOUND('',#4312,.T.);
#4312 = EDGE_LOOP('',(#4313));
#4313 = ORIENTED_EDGE('',*,*,#4314,.F.);
#4314 = EDGE_CURVE('',#4315,#4315,#4317,.T.);
#4315 = VERTEX_POINT('',#4316);
#4316 = CARTESIAN_POINT('',(-13.5,98.837910204231,111.));
#4317 = SURFACE_CURVE('',#4318,(#4323,#4330),.PCURVE_S1.);
#4318 = ELLIPSE('',#4319,7.514015152868,7.5);
#4319 = AXIS2_PLACEMENT_3D('',#4320,#4321,#4322);
#4320 = CARTESIAN_POINT('',(-21.,98.837910204231,111.));
#4321 = DIRECTION('',(0.,0.998134798429,-6.104853941919E-02));
#4322 = DIRECTION('',(0.,-6.104853941919E-02,-0.998134798429));
#4323 = PCURVE('',#436,#4324);
#4324 = DEFINITIONAL_REPRESENTATION('',(#4325),#4329);
#4325 = ELLIPSE('',#4326,7.514015152868,7.5);
#4326 = AXIS2_PLACEMENT_2D('',#4327,#4328);
#4327 = CARTESIAN_POINT('',(-64.54885938043,-19.03550505393));
#4328 = DIRECTION('',(0.,-1.));
#4329 = ( GEOMETRIC_REPRESENTATION_CONTEXT(2) 
PARAMETRIC_REPRESENTATION_CONTEXT() REPRESENTATION_CONTEXT('2D SPACE',''
  ) );
#4330 = PCURVE('',#4331,#4336);
#4331 = CYLINDRICAL_SURFACE('',#4332,7.5);
#4332 = AXIS2_PLACEMENT_3D('',#4333,#4334,#4335);
#4333 = CARTESIAN_POINT('',(-21.,130.,111.));
#4334 = DIRECTION('',(0.,-1.,2.22044604925E-16));
#4335 = DIRECTION('',(1.,0.,0.));
#4336 = DEFINITIONAL_REPRESENTATION('',(#4337),#4354);
#4337 = B_SPLINE_CURVE_WITH_KNOTS('',8,(#4338,#4339,#4340,#4341,#4342,
    #4343,#4344,#4345,#4346,#4347,#4348,#4349,#4350,#4351,#4352,#4353),
  .UNSPECIFIED.,.F.,.F.,(9,7,9),(4.712388980385,7.853981633974,
    10.995574287564),.UNSPECIFIED.);
#4338 = CARTESIAN_POINT('',(6.28318530718,31.162089795769));
#4339 = CARTESIAN_POINT('',(5.890486225481,31.342228581182));
#4340 = CARTESIAN_POINT('',(5.497787143783,31.522368802904));
#4341 = CARTESIAN_POINT('',(5.105088062086,31.660162696178));
#4342 = CARTESIAN_POINT('',(4.712388980389,31.713378404325));
#4343 = CARTESIAN_POINT('',(4.319689898688,31.660162696178));
#4344 = CARTESIAN_POINT('',(3.926990816988,31.5223688029));
#4345 = CARTESIAN_POINT('',(3.534291735289,31.342228581182));
#4346 = CARTESIAN_POINT('',(2.748893571891,30.981951010356));
#4347 = CARTESIAN_POINT('',(2.356194490191,30.801810788569));
#4348 = CARTESIAN_POINT('',(1.963495408501,30.664016895549));
#4349 = CARTESIAN_POINT('',(1.570796326792,30.610801186645));
#4350 = CARTESIAN_POINT('',(1.178097245101,30.664016895593));
#4351 = CARTESIAN_POINT('',(0.785398163397,30.801810788569));
#4352 = CARTESIAN_POINT('',(0.392699081699,30.981951010356));
#4353 = CARTESIAN_POINT('',(1.68753899743E-14,31.162089795769));
#4354 = ( GEOMETRIC_REPRESENTATION_CONTEXT(2) 
PARAMETRIC_REPRESENTATION_CONTEXT() REPRESENTATION_CONTEXT('2D SPACE',''
  ) );
#4355 = FACE_BOUND('',#4356,.T.);
#4356 = EDGE_LOOP('',(#4357));
#4357 = ORIENTED_EDGE('',*,*,#4358,.F.);
#4358 = EDGE_CURVE('',#4359,#4359,#4361,.T.);
#4359 = VERTEX_POINT('',#4360);
#4360 = CARTESIAN_POINT('',(-34.5,98.837910204231,111.));
#4361 = SURFACE_CURVE('',#4362,(#4367,#4374),.PCURVE_S1.);
#4362 = ELLIPSE('',#4363,7.514015152868,7.5);
#4363 = AXIS2_PLACEMENT_3D('',#4364,#4365,#4366);
#4364 = CARTESIAN_POINT('',(-42.,98.837910204231,111.));
#4365 = DIRECTION('',(0.,0.998134798429,-6.104853941919E-02));
#4366 = DIRECTION('',(0.,-6.104853941919E-02,-0.998134798429));
#4367 = PCURVE('',#436,#4368);
#4368 = DEFINITIONAL_REPRESENTATION('',(#4369),#4373);
#4369 = ELLIPSE('',#4370,7.514015152868,7.5);
#4370 = AXIS2_PLACEMENT_2D('',#4371,#4372);
#4371 = CARTESIAN_POINT('',(-43.54885938043,-19.03550505393));
#4372 = DIRECTION('',(0.,-1.));
#4373 = ( GEOMETRIC_REPRESENTATION_CONTEXT(2) 
PARAMETRIC_REPRESENTATION_CONTEXT() REPRESENTATION_CONTEXT('2D SPACE',''
  ) );
#4374 = PCURVE('',#4375,#4380);
#4375 = CYLINDRICAL_SURFACE('',#4376,7.5);
#4376 = AXIS2_PLACEMENT_3D('',#4377,#4378,#4379);
#4377 = CARTESIAN_POINT('',(-42.,130.,111.));
#4378 = DIRECTION('',(0.,-1.,2.22044604925E-16));
#4379 = DIRECTION('',(1.,0.,0.));
#4380 = DEFINITIONAL_REPRESENTATION('',(#4381),#4398);
#4381 = B_SPLINE_CURVE_WITH_KNOTS('',8,(#4382,#4383,#4384,#4385,#4386,
    #4387,#4388,#4389,#4390,#4391,#4392,#4393,#4394,#4395,#4396,#4397),
  .UNSPECIFIED.,.F.,.F.,(9,7,9),(4.712388980385,7.853981633974,
    10.995574287564),.UNSPECIFIED.);
#4382 = CARTESIAN_POINT('',(6.28318530718,31.162089795769));
#4383 = CARTESIAN_POINT('',(5.890486225481,31.342228581182));
#4384 = CARTESIAN_POINT('',(5.497787143783,31.522368802904));
#4385 = CARTESIAN_POINT('',(5.105088062087,31.660162696178));
#4386 = CARTESIAN_POINT('',(4.712388980389,31.713378404325));
#4387 = CARTESIAN_POINT('',(4.319689898689,31.660162696178));
#4388 = CARTESIAN_POINT('',(3.926990816988,31.5223688029));
#4389 = CARTESIAN_POINT('',(3.534291735289,31.342228581182));
#4390 = CARTESIAN_POINT('',(2.748893571891,30.981951010356));
#4391 = CARTESIAN_POINT('',(2.356194490191,30.801810788569));
#4392 = CARTESIAN_POINT('',(1.963495408501,30.664016895549));
#4393 = CARTESIAN_POINT('',(1.570796326792,30.610801186645));
#4394 = CARTESIAN_POINT('',(1.178097245101,30.664016895593));
#4395 = CARTESIAN_POINT('',(0.785398163397,30.801810788569));
#4396 = CARTESIAN_POINT('',(0.392699081699,30.981951010356));
#4397 = CARTESIAN_POINT('',(1.68753899743E-14,31.162089795769));
#4398 = ( GEOMETRIC_REPRESENTATION_CONTEXT(2) 
PARAMETRIC_REPRESENTATION_CONTEXT() REPRESENTATION_CONTEXT('2D SPACE',''
  ) );
#4399 = FACE_BOUND('',#4400,.T.);
#4400 = EDGE_LOOP('',(#4401));
#4401 = ORIENTED_EDGE('',*,*,#4402,.F.);
#4402 = EDGE_CURVE('',#4403,#4403,#4405,.T.);
#4403 = VERTEX_POINT('',#4404);
#4404 = CARTESIAN_POINT('',(-55.5,98.837910204231,111.));
#4405 = SURFACE_CURVE('',#4406,(#4411,#4418),.PCURVE_S1.);
#4406 = ELLIPSE('',#4407,7.514015152868,7.5);
#4407 = AXIS2_PLACEMENT_3D('',#4408,#4409,#4410);
#4408 = CARTESIAN_POINT('',(-63.,98.837910204231,111.));
#4409 = DIRECTION('',(0.,0.998134798429,-6.104853941919E-02));
#4410 = DIRECTION('',(0.,-6.104853941919E-02,-0.998134798429));
#4411 = PCURVE('',#436,#4412);
#4412 = DEFINITIONAL_REPRESENTATION('',(#4413),#4417);
#4413 = ELLIPSE('',#4414,7.514015152868,7.5);
#4414 = AXIS2_PLACEMENT_2D('',#4415,#4416);
#4415 = CARTESIAN_POINT('',(-22.54885938043,-19.03550505393));
#4416 = DIRECTION('',(0.,-1.));
#4417 = ( GEOMETRIC_REPRESENTATION_CONTEXT(2) 
PARAMETRIC_REPRESENTATION_CONTEXT() REPRESENTATION_CONTEXT('2D SPACE',''
  ) );
#4418 = PCURVE('',#4419,#4424);
#4419 = CYLINDRICAL_SURFACE('',#4420,7.5);
#4420 = AXIS2_PLACEMENT_3D('',#4421,#4422,#4423);
#4421 = CARTESIAN_POINT('',(-63.,130.,111.));
#4422 = DIRECTION('',(0.,-1.,2.22044604925E-16));
#4423 = DIRECTION('',(1.,0.,0.));
#4424 = DEFINITIONAL_REPRESENTATION('',(#4425),#4442);
#4425 = B_SPLINE_CURVE_WITH_KNOTS('',8,(#4426,#4427,#4428,#4429,#4430,
    #4431,#4432,#4433,#4434,#4435,#4436,#4437,#4438,#4439,#4440,#4441),
  .UNSPECIFIED.,.F.,.F.,(9,7,9),(4.712388980385,7.853981633974,
    10.995574287564),.UNSPECIFIED.);
#4426 = CARTESIAN_POINT('',(6.28318530718,31.162089795769));
#4427 = CARTESIAN_POINT('',(5.890486225481,31.342228581182));
#4428 = CARTESIAN_POINT('',(5.497787143782,31.522368802904));
#4429 = CARTESIAN_POINT('',(5.105088062085,31.660162696178));
#4430 = CARTESIAN_POINT('',(4.712388980387,31.713378404325));
#4431 = CARTESIAN_POINT('',(4.319689898687,31.660162696178));
#4432 = CARTESIAN_POINT('',(3.926990816987,31.5223688029));
#4433 = CARTESIAN_POINT('',(3.534291735289,31.342228581182));
#4434 = CARTESIAN_POINT('',(2.748893571891,30.981951010356));
#4435 = CARTESIAN_POINT('',(2.356194490191,30.801810788569));
#4436 = CARTESIAN_POINT('',(1.963495408501,30.664016895549));
#4437 = CARTESIAN_POINT('',(1.570796326792,30.610801186645));
#4438 = CARTESIAN_POINT('',(1.178097245101,30.664016895593));
#4439 = CARTESIAN_POINT('',(0.785398163397,30.801810788569));
#4440 = CARTESIAN_POINT('',(0.392699081699,30.981951010356));
#4441 = CARTESIAN_POINT('',(1.68753899743E-14,31.162089795769));
#4442 = ( GEOMETRIC_REPRESENTATION_CONTEXT(2) 
PARAMETRIC_REPRESENTATION_CONTEXT() REPRESENTATION_CONTEXT('2D SPACE',''
  ) );
#4443 = ADVANCED_FACE('',(#4444),#240,.T.);
#4444 = FACE_BOUND('',#4445,.T.);
#4445 = EDGE_LOOP('',(#4446,#4447,#4448,#4471));
#4446 = ORIENTED_EDGE('',*,*,#2994,.F.);
#4447 = ORIENTED_EDGE('',*,*,#224,.T.);
#4448 = ORIENTED_EDGE('',*,*,#4449,.T.);
#4449 = EDGE_CURVE('',#225,#4450,#4452,.T.);
#4450 = VERTEX_POINT('',#4451);
#4451 = CARTESIAN_POINT('',(107.5,-16.,6.));
#4452 = SURFACE_CURVE('',#4453,(#4457,#4464),.PCURVE_S1.);
#4453 = LINE('',#4454,#4455);
#4454 = CARTESIAN_POINT('',(107.5,-16.,0.));
#4455 = VECTOR('',#4456,1.);
#4456 = DIRECTION('',(0.,0.,1.));
#4457 = PCURVE('',#240,#4458);
#4458 = DEFINITIONAL_REPRESENTATION('',(#4459),#4463);
#4459 = LINE('',#4460,#4461);
#4460 = CARTESIAN_POINT('',(0.,-32.));
#4461 = VECTOR('',#4462,1.);
#4462 = DIRECTION('',(1.,0.));
#4463 = ( GEOMETRIC_REPRESENTATION_CONTEXT(2) 
PARAMETRIC_REPRESENTATION_CONTEXT() REPRESENTATION_CONTEXT('2D SPACE',''
  ) );
#4464 = PCURVE('',#268,#4465);
#4465 = DEFINITIONAL_REPRESENTATION('',(#4466),#4470);
#4466 = LINE('',#4467,#4468);
#4467 = CARTESIAN_POINT('',(0.,32.));
#4468 = VECTOR('',#4469,1.);
#4469 = DIRECTION('',(1.,0.));
#4470 = ( GEOMETRIC_REPRESENTATION_CONTEXT(2) 
PARAMETRIC_REPRESENTATION_CONTEXT() REPRESENTATION_CONTEXT('2D SPACE',''
  ) );
#4471 = ORIENTED_EDGE('',*,*,#4472,.F.);
#4472 = EDGE_CURVE('',#2995,#4450,#4473,.T.);
#4473 = SURFACE_CURVE('',#4474,(#4478,#4485),.PCURVE_S1.);
#4474 = LINE('',#4475,#4476);
#4475 = CARTESIAN_POINT('',(107.5,-48.,6.));
#4476 = VECTOR('',#4477,1.);
#4477 = DIRECTION('',(-0.,1.,0.));
#4478 = PCURVE('',#240,#4479);
#4479 = DEFINITIONAL_REPRESENTATION('',(#4480),#4484);
#4480 = LINE('',#4481,#4482);
#4481 = CARTESIAN_POINT('',(6.,0.));
#4482 = VECTOR('',#4483,1.);
#4483 = DIRECTION('',(0.,-1.));
#4484 = ( GEOMETRIC_REPRESENTATION_CONTEXT(2) 
PARAMETRIC_REPRESENTATION_CONTEXT() REPRESENTATION_CONTEXT('2D SPACE',''
  ) );
#4485 = PCURVE('',#3055,#4486);
#4486 = DEFINITIONAL_REPRESENTATION('',(#4487),#4491);
#4487 = LINE('',#4488,#4489);
#4488 = CARTESIAN_POINT('',(32.,0.));
#4489 = VECTOR('',#4490,1.);
#4490 = DIRECTION('',(0.,1.));
#4491 = ( GEOMETRIC_REPRESENTATION_CONTEXT(2) 
PARAMETRIC_REPRESENTATION_CONTEXT() REPRESENTATION_CONTEXT('2D SPACE',''
  ) );
#4492 = ADVANCED_FACE('',(#4493),#408,.F.);
#4493 = FACE_BOUND('',#4494,.F.);
#4494 = EDGE_LOOP('',(#4495,#4496,#4497,#4520));
#4495 = ORIENTED_EDGE('',*,*,#3193,.T.);
#4496 = ORIENTED_EDGE('',*,*,#392,.T.);
#4497 = ORIENTED_EDGE('',*,*,#4498,.T.);
#4498 = EDGE_CURVE('',#365,#4499,#4501,.T.);
#4499 = VERTEX_POINT('',#4500);
#4500 = CARTESIAN_POINT('',(75.5,100.,6.));
#4501 = SURFACE_CURVE('',#4502,(#4506,#4513),.PCURVE_S1.);
#4502 = LINE('',#4503,#4504);
#4503 = CARTESIAN_POINT('',(75.5,100.,0.));
#4504 = VECTOR('',#4505,1.);
#4505 = DIRECTION('',(0.,0.,1.));
#4506 = PCURVE('',#408,#4507);
#4507 = DEFINITIONAL_REPRESENTATION('',(#4508),#4512);
#4508 = LINE('',#4509,#4510);
#4509 = CARTESIAN_POINT('',(0.,-32.));
#4510 = VECTOR('',#4511,1.);
#4511 = DIRECTION('',(1.,0.));
#4512 = ( GEOMETRIC_REPRESENTATION_CONTEXT(2) 
PARAMETRIC_REPRESENTATION_CONTEXT() REPRESENTATION_CONTEXT('2D SPACE',''
  ) );
#4513 = PCURVE('',#380,#4514);
#4514 = DEFINITIONAL_REPRESENTATION('',(#4515),#4519);
#4515 = LINE('',#4516,#4517);
#4516 = CARTESIAN_POINT('',(0.,0.));
#4517 = VECTOR('',#4518,1.);
#4518 = DIRECTION('',(1.,0.));
#4519 = ( GEOMETRIC_REPRESENTATION_CONTEXT(2) 
PARAMETRIC_REPRESENTATION_CONTEXT() REPRESENTATION_CONTEXT('2D SPACE',''
  ) );
#4520 = ORIENTED_EDGE('',*,*,#4521,.F.);
#4521 = EDGE_CURVE('',#3168,#4499,#4522,.T.);
#4522 = SURFACE_CURVE('',#4523,(#4527,#4534),.PCURVE_S1.);
#4523 = LINE('',#4524,#4525);
#4524 = CARTESIAN_POINT('',(75.5,68.,6.));
#4525 = VECTOR('',#4526,1.);
#4526 = DIRECTION('',(-0.,1.,0.));
#4527 = PCURVE('',#408,#4528);
#4528 = DEFINITIONAL_REPRESENTATION('',(#4529),#4533);
#4529 = LINE('',#4530,#4531);
#4530 = CARTESIAN_POINT('',(6.,0.));
#4531 = VECTOR('',#4532,1.);
#4532 = DIRECTION('',(0.,-1.));
#4533 = ( GEOMETRIC_REPRESENTATION_CONTEXT(2) 
PARAMETRIC_REPRESENTATION_CONTEXT() REPRESENTATION_CONTEXT('2D SPACE',''
  ) );
#4534 = PCURVE('',#3182,#4535);
#4535 = DEFINITIONAL_REPRESENTATION('',(#4536),#4540);
#4536 = LINE('',#4537,#4538);
#4537 = CARTESIAN_POINT('',(0.,0.));
#4538 = VECTOR('',#4539,1.);
#4539 = DIRECTION('',(0.,1.));
#4540 = ( GEOMETRIC_REPRESENTATION_CONTEXT(2) 
PARAMETRIC_REPRESENTATION_CONTEXT() REPRESENTATION_CONTEXT('2D SPACE',''
  ) );
#4541 = ADVANCED_FACE('',(#4542),#268,.T.);
#4542 = FACE_BOUND('',#4543,.T.);
#4543 = EDGE_LOOP('',(#4544,#4545,#4566,#4587));
#4544 = ORIENTED_EDGE('',*,*,#252,.F.);
#4545 = ORIENTED_EDGE('',*,*,#4546,.T.);
#4546 = EDGE_CURVE('',#253,#4547,#4549,.T.);
#4547 = VERTEX_POINT('',#4548);
#4548 = CARTESIAN_POINT('',(99.91583510134,-16.,6.));
#4549 = SURFACE_CURVE('',#4550,(#4554,#4560),.PCURVE_S1.);
#4550 = LINE('',#4551,#4552);
#4551 = CARTESIAN_POINT('',(103.47961555246,-16.,64.267295324416));
#4552 = VECTOR('',#4553,1.);
#4553 = DIRECTION('',(6.104853953486E-02,0.,0.998134798422));
#4554 = PCURVE('',#268,#4555);
#4555 = DEFINITIONAL_REPRESENTATION('',(#4556),#4559);
#4556 = B_SPLINE_CURVE_WITH_KNOTS('',1,(#4557,#4558),.UNSPECIFIED.,.F.,
  .F.,(2,2),(-64.38739078732,-58.37617866498),.PIECEWISE_BEZIER_KNOTS.);
#4557 = CARTESIAN_POINT('',(0.,24.048859380437));
#4558 = CARTESIAN_POINT('',(6.,24.41583510134));
#4559 = ( GEOMETRIC_REPRESENTATION_CONTEXT(2) 
PARAMETRIC_REPRESENTATION_CONTEXT() REPRESENTATION_CONTEXT('2D SPACE',''
  ) );
#4560 = PCURVE('',#296,#4561);
#4561 = DEFINITIONAL_REPRESENTATION('',(#4562),#4565);
#4562 = B_SPLINE_CURVE_WITH_KNOTS('',1,(#4563,#4564),.UNSPECIFIED.,.F.,
  .F.,(2,2),(-64.38739078732,-58.37617866498),.PIECEWISE_BEZIER_KNOTS.);
#4563 = CARTESIAN_POINT('',(-16.,-130.2429293173));
#4564 = CARTESIAN_POINT('',(-16.,-124.2317171949));
#4565 = ( GEOMETRIC_REPRESENTATION_CONTEXT(2) 
PARAMETRIC_REPRESENTATION_CONTEXT() REPRESENTATION_CONTEXT('2D SPACE',''
  ) );
#4566 = ORIENTED_EDGE('',*,*,#4567,.T.);
#4567 = EDGE_CURVE('',#4547,#4450,#4568,.T.);
#4568 = SURFACE_CURVE('',#4569,(#4573,#4580),.PCURVE_S1.);
#4569 = LINE('',#4570,#4571);
#4570 = CARTESIAN_POINT('',(75.5,-16.,6.));
#4571 = VECTOR('',#4572,1.);
#4572 = DIRECTION('',(1.,0.,-0.));
#4573 = PCURVE('',#268,#4574);
#4574 = DEFINITIONAL_REPRESENTATION('',(#4575),#4579);
#4575 = LINE('',#4576,#4577);
#4576 = CARTESIAN_POINT('',(6.,0.));
#4577 = VECTOR('',#4578,1.);
#4578 = DIRECTION('',(0.,1.));
#4579 = ( GEOMETRIC_REPRESENTATION_CONTEXT(2) 
PARAMETRIC_REPRESENTATION_CONTEXT() REPRESENTATION_CONTEXT('2D SPACE',''
  ) );
#4580 = PCURVE('',#3055,#4581);
#4581 = DEFINITIONAL_REPRESENTATION('',(#4582),#4586);
#4582 = LINE('',#4583,#4584);
#4583 = CARTESIAN_POINT('',(0.,32.));
#4584 = VECTOR('',#4585,1.);
#4585 = DIRECTION('',(1.,0.));
#4586 = ( GEOMETRIC_REPRESENTATION_CONTEXT(2) 
PARAMETRIC_REPRESENTATION_CONTEXT() REPRESENTATION_CONTEXT('2D SPACE',''
  ) );
#4587 = ORIENTED_EDGE('',*,*,#4449,.F.);
#4588 = ADVANCED_FACE('',(#4589),#380,.T.);
#4589 = FACE_BOUND('',#4590,.T.);
#4590 = EDGE_LOOP('',(#4591,#4592,#4593,#4616));
#4591 = ORIENTED_EDGE('',*,*,#364,.F.);
#4592 = ORIENTED_EDGE('',*,*,#4498,.T.);
#4593 = ORIENTED_EDGE('',*,*,#4594,.T.);
#4594 = EDGE_CURVE('',#4499,#4595,#4597,.T.);
#4595 = VERTEX_POINT('',#4596);
#4596 = CARTESIAN_POINT('',(107.5,100.,6.));
#4597 = SURFACE_CURVE('',#4598,(#4602,#4609),.PCURVE_S1.);
#4598 = LINE('',#4599,#4600);
#4599 = CARTESIAN_POINT('',(75.5,100.,6.));
#4600 = VECTOR('',#4601,1.);
#4601 = DIRECTION('',(1.,0.,-0.));
#4602 = PCURVE('',#380,#4603);
#4603 = DEFINITIONAL_REPRESENTATION('',(#4604),#4608);
#4604 = LINE('',#4605,#4606);
#4605 = CARTESIAN_POINT('',(6.,0.));
#4606 = VECTOR('',#4607,1.);
#4607 = DIRECTION('',(0.,1.));
#4608 = ( GEOMETRIC_REPRESENTATION_CONTEXT(2) 
PARAMETRIC_REPRESENTATION_CONTEXT() REPRESENTATION_CONTEXT('2D SPACE',''
  ) );
#4609 = PCURVE('',#3182,#4610);
#4610 = DEFINITIONAL_REPRESENTATION('',(#4611),#4615);
#4611 = LINE('',#4612,#4613);
#4612 = CARTESIAN_POINT('',(0.,32.));
#4613 = VECTOR('',#4614,1.);
#4614 = DIRECTION('',(1.,0.));
#4615 = ( GEOMETRIC_REPRESENTATION_CONTEXT(2) 
PARAMETRIC_REPRESENTATION_CONTEXT() REPRESENTATION_CONTEXT('2D SPACE',''
  ) );
#4616 = ORIENTED_EDGE('',*,*,#4617,.F.);
#4617 = EDGE_CURVE('',#337,#4595,#4618,.T.);
#4618 = SURFACE_CURVE('',#4619,(#4623,#4630),.PCURVE_S1.);
#4619 = LINE('',#4620,#4621);
#4620 = CARTESIAN_POINT('',(107.5,100.,0.));
#4621 = VECTOR('',#4622,1.);
#4622 = DIRECTION('',(0.,0.,1.));
#4623 = PCURVE('',#380,#4624);
#4624 = DEFINITIONAL_REPRESENTATION('',(#4625),#4629);
#4625 = LINE('',#4626,#4627);
#4626 = CARTESIAN_POINT('',(0.,32.));
#4627 = VECTOR('',#4628,1.);
#4628 = DIRECTION('',(1.,0.));
#4629 = ( GEOMETRIC_REPRESENTATION_CONTEXT(2) 
PARAMETRIC_REPRESENTATION_CONTEXT() REPRESENTATION_CONTEXT('2D SPACE',''
  ) );
#4630 = PCURVE('',#352,#4631);
#4631 = DEFINITIONAL_REPRESENTATION('',(#4632),#4636);
#4632 = LINE('',#4633,#4634);
#4633 = CARTESIAN_POINT('',(0.,-32.));
#4634 = VECTOR('',#4635,1.);
#4635 = DIRECTION('',(1.,0.));
#4636 = ( GEOMETRIC_REPRESENTATION_CONTEXT(2) 
PARAMETRIC_REPRESENTATION_CONTEXT() REPRESENTATION_CONTEXT('2D SPACE',''
  ) );
#4637 = ADVANCED_FACE('',(#4638,#4852,#4903,#4954,#5005,#5056,#5107,
    #5158,#5209,#5260,#5311,#5362,#5413,#5464,#5515,#5566,#5617,#5668,
    #5719,#5770,#5821),#296,.T.);
#4638 = FACE_BOUND('',#4639,.T.);
#4639 = EDGE_LOOP('',(#4640,#4670,#4689,#4690,#4691,#4710,#4711,#4712,
    #4733,#4754,#4777,#4800,#4833));
#4640 = ORIENTED_EDGE('',*,*,#4641,.F.);
#4641 = EDGE_CURVE('',#4642,#4644,#4646,.T.);
#4642 = VERTEX_POINT('',#4643);
#4643 = CARTESIAN_POINT('',(101.38672635267,-78.04885938043,
    30.048859380438));
#4644 = VERTEX_POINT('',#4645);
#4645 = CARTESIAN_POINT('',(105.66213302775,-78.04885938043,
    99.951140619562));
#4646 = SURFACE_CURVE('',#4647,(#4651,#4658),.PCURVE_S1.);
#4647 = LINE('',#4648,#4649);
#4648 = CARTESIAN_POINT('',(99.548859380437,-78.04885938043,0.));
#4649 = VECTOR('',#4650,1.);
#4650 = DIRECTION('',(6.104853953486E-02,0.,0.998134798422));
#4651 = PCURVE('',#296,#4652);
#4652 = DEFINITIONAL_REPRESENTATION('',(#4653),#4657);
#4653 = LINE('',#4654,#4655);
#4654 = CARTESIAN_POINT('',(-78.04885938044,-130.2429293173));
#4655 = VECTOR('',#4656,1.);
#4656 = DIRECTION('',(0.,1.));
#4657 = ( GEOMETRIC_REPRESENTATION_CONTEXT(2) 
PARAMETRIC_REPRESENTATION_CONTEXT() REPRESENTATION_CONTEXT('2D SPACE',''
  ) );
#4658 = PCURVE('',#4659,#4664);
#4659 = CONICAL_SURFACE('',#4660,14.,6.10865238198E-02);
#4660 = AXIS2_PLACEMENT_3D('',#4661,#4662,#4663);
#4661 = CARTESIAN_POINT('',(85.548859380437,-78.04885938043,0.));
#4662 = DIRECTION('',(0.,0.,1.));
#4663 = DIRECTION('',(1.,0.,0.));
#4664 = DEFINITIONAL_REPRESENTATION('',(#4665),#4669);
#4665 = LINE('',#4666,#4667);
#4666 = CARTESIAN_POINT('',(6.28318530718,0.));
#4667 = VECTOR('',#4668,1.);
#4668 = DIRECTION('',(0.,1.));
#4669 = ( GEOMETRIC_REPRESENTATION_CONTEXT(2) 
PARAMETRIC_REPRESENTATION_CONTEXT() REPRESENTATION_CONTEXT('2D SPACE',''
  ) );
#4670 = ORIENTED_EDGE('',*,*,#4671,.T.);
#4671 = EDGE_CURVE('',#4642,#2783,#4672,.T.);
#4672 = SURFACE_CURVE('',#4673,(#4677,#4683),.PCURVE_S1.);
#4673 = LINE('',#4674,#4675);
#4674 = CARTESIAN_POINT('',(102.19482371809,-91.26113451564,
    43.26113451564));
#4675 = VECTOR('',#4676,1.);
#4676 = DIRECTION('',(-4.320811339974E-02,0.706446409481,-0.706446409481
    ));
#4677 = PCURVE('',#296,#4678);
#4678 = DEFINITIONAL_REPRESENTATION('',(#4679),#4682);
#4679 = B_SPLINE_CURVE_WITH_KNOTS('',1,(#4680,#4681),.UNSPECIFIED.,.F.,
  .F.,(2,2),(18.702445023273,52.945658207318),.PIECEWISE_BEZIER_KNOTS.);
#4680 = CARTESIAN_POINT('',(-78.04885938044,-100.1379180222));
#4681 = CARTESIAN_POINT('',(-53.85786437748,-124.3741184244));
#4682 = ( GEOMETRIC_REPRESENTATION_CONTEXT(2) 
PARAMETRIC_REPRESENTATION_CONTEXT() REPRESENTATION_CONTEXT('2D SPACE',''
  ) );
#4683 = PCURVE('',#2826,#4684);
#4684 = DEFINITIONAL_REPRESENTATION('',(#4685),#4688);
#4685 = B_SPLINE_CURVE_WITH_KNOTS('',1,(#4686,#4687),.UNSPECIFIED.,.F.,
  .F.,(2,2),(18.702445023273,52.945658207318),.PIECEWISE_BEZIER_KNOTS.);
#4686 = CARTESIAN_POINT('',(26.073038037102,101.38672635267));
#4687 = CARTESIAN_POINT('',(60.284271257577,99.90714171425));
#4688 = ( GEOMETRIC_REPRESENTATION_CONTEXT(2) 
PARAMETRIC_REPRESENTATION_CONTEXT() REPRESENTATION_CONTEXT('2D SPACE',''
  ) );
#4689 = ORIENTED_EDGE('',*,*,#2782,.T.);
#4690 = ORIENTED_EDGE('',*,*,#3020,.T.);
#4691 = ORIENTED_EDGE('',*,*,#4692,.F.);
#4692 = EDGE_CURVE('',#4547,#3021,#4693,.T.);
#4693 = SURFACE_CURVE('',#4694,(#4698,#4704),.PCURVE_S1.);
#4694 = LINE('',#4695,#4696);
#4695 = CARTESIAN_POINT('',(99.91583510134,-23.99999999999,6.));
#4696 = VECTOR('',#4697,1.);
#4697 = DIRECTION('',(0.,-1.,0.));
#4698 = PCURVE('',#296,#4699);
#4699 = DEFINITIONAL_REPRESENTATION('',(#4700),#4703);
#4700 = B_SPLINE_CURVE_WITH_KNOTS('',1,(#4701,#4702),.UNSPECIFIED.,.F.,
  .F.,(2,2),(-7.999999999999,24.000000000001),.PIECEWISE_BEZIER_KNOTS.);
#4701 = CARTESIAN_POINT('',(-16.,-124.2317171949));
#4702 = CARTESIAN_POINT('',(-48.,-124.2317171949));
#4703 = ( GEOMETRIC_REPRESENTATION_CONTEXT(2) 
PARAMETRIC_REPRESENTATION_CONTEXT() REPRESENTATION_CONTEXT('2D SPACE',''
  ) );
#4704 = PCURVE('',#3055,#4705);
#4705 = DEFINITIONAL_REPRESENTATION('',(#4706),#4709);
#4706 = B_SPLINE_CURVE_WITH_KNOTS('',1,(#4707,#4708),.UNSPECIFIED.,.F.,
  .F.,(2,2),(-7.999999999999,24.000000000001),.PIECEWISE_BEZIER_KNOTS.);
#4707 = CARTESIAN_POINT('',(24.41583510134,32.));
#4708 = CARTESIAN_POINT('',(24.41583510134,0.));
#4709 = ( GEOMETRIC_REPRESENTATION_CONTEXT(2) 
PARAMETRIC_REPRESENTATION_CONTEXT() REPRESENTATION_CONTEXT('2D SPACE',''
  ) );
#4710 = ORIENTED_EDGE('',*,*,#4546,.F.);
#4711 = ORIENTED_EDGE('',*,*,#280,.T.);
#4712 = ORIENTED_EDGE('',*,*,#4713,.T.);
#4713 = EDGE_CURVE('',#281,#4714,#4716,.T.);
#4714 = VERTEX_POINT('',#4715);
#4715 = CARTESIAN_POINT('',(99.91583510134,68.,6.));
#4716 = SURFACE_CURVE('',#4717,(#4721,#4727),.PCURVE_S1.);
#4717 = LINE('',#4718,#4719);
#4718 = CARTESIAN_POINT('',(103.47961555246,68.,64.267295324416));
#4719 = VECTOR('',#4720,1.);
#4720 = DIRECTION('',(6.104853953486E-02,0.,0.998134798422));
#4721 = PCURVE('',#296,#4722);
#4722 = DEFINITIONAL_REPRESENTATION('',(#4723),#4726);
#4723 = B_SPLINE_CURVE_WITH_KNOTS('',1,(#4724,#4725),.UNSPECIFIED.,.F.,
  .F.,(2,2),(-64.38739078732,-58.37617866498),.PIECEWISE_BEZIER_KNOTS.);
#4724 = CARTESIAN_POINT('',(67.999999999999,-130.2429293173));
#4725 = CARTESIAN_POINT('',(67.999999999999,-124.2317171949));
#4726 = ( GEOMETRIC_REPRESENTATION_CONTEXT(2) 
PARAMETRIC_REPRESENTATION_CONTEXT() REPRESENTATION_CONTEXT('2D SPACE',''
  ) );
#4727 = PCURVE('',#324,#4728);
#4728 = DEFINITIONAL_REPRESENTATION('',(#4729),#4732);
#4729 = B_SPLINE_CURVE_WITH_KNOTS('',1,(#4730,#4731),.UNSPECIFIED.,.F.,
  .F.,(2,2),(-64.38739078732,-58.37617866498),.PIECEWISE_BEZIER_KNOTS.);
#4730 = CARTESIAN_POINT('',(0.,24.048859380437));
#4731 = CARTESIAN_POINT('',(6.,24.41583510134));
#4732 = ( GEOMETRIC_REPRESENTATION_CONTEXT(2) 
PARAMETRIC_REPRESENTATION_CONTEXT() REPRESENTATION_CONTEXT('2D SPACE',''
  ) );
#4733 = ORIENTED_EDGE('',*,*,#4734,.F.);
#4734 = EDGE_CURVE('',#4735,#4714,#4737,.T.);
#4735 = VERTEX_POINT('',#4736);
#4736 = CARTESIAN_POINT('',(99.91583510134,78.048859365317,6.));
#4737 = SURFACE_CURVE('',#4738,(#4742,#4748),.PCURVE_S1.);
#4738 = LINE('',#4739,#4740);
#4739 = CARTESIAN_POINT('',(99.91583510134,34.000000000001,6.));
#4740 = VECTOR('',#4741,1.);
#4741 = DIRECTION('',(0.,-1.,0.));
#4742 = PCURVE('',#296,#4743);
#4743 = DEFINITIONAL_REPRESENTATION('',(#4744),#4747);
#4744 = B_SPLINE_CURVE_WITH_KNOTS('',1,(#4745,#4746),.UNSPECIFIED.,.F.,
  .F.,(2,2),(-44.04885936531,-33.99999999999),.PIECEWISE_BEZIER_KNOTS.);
#4745 = CARTESIAN_POINT('',(78.048859365316,-124.2317171949));
#4746 = CARTESIAN_POINT('',(67.999999999999,-124.2317171949));
#4747 = ( GEOMETRIC_REPRESENTATION_CONTEXT(2) 
PARAMETRIC_REPRESENTATION_CONTEXT() REPRESENTATION_CONTEXT('2D SPACE',''
  ) );
#4748 = PCURVE('',#3182,#4749);
#4749 = DEFINITIONAL_REPRESENTATION('',(#4750),#4753);
#4750 = B_SPLINE_CURVE_WITH_KNOTS('',1,(#4751,#4752),.UNSPECIFIED.,.F.,
  .F.,(2,2),(-44.04885936531,-33.99999999999),.PIECEWISE_BEZIER_KNOTS.);
#4751 = CARTESIAN_POINT('',(24.41583510134,10.048859365317));
#4752 = CARTESIAN_POINT('',(24.41583510134,0.));
#4753 = ( GEOMETRIC_REPRESENTATION_CONTEXT(2) 
PARAMETRIC_REPRESENTATION_CONTEXT() REPRESENTATION_CONTEXT('2D SPACE',''
  ) );
#4754 = ORIENTED_EDGE('',*,*,#4755,.T.);
#4755 = EDGE_CURVE('',#4735,#4756,#4758,.T.);
#4756 = VERTEX_POINT('',#4757);
#4757 = CARTESIAN_POINT('',(107.5,78.048859365317,130.));
#4758 = SURFACE_CURVE('',#4759,(#4763,#4770),.PCURVE_S1.);
#4759 = LINE('',#4760,#4761);
#4760 = CARTESIAN_POINT('',(99.548859380437,78.048859365317,0.));
#4761 = VECTOR('',#4762,1.);
#4762 = DIRECTION('',(6.104853953486E-02,0.,0.998134798422));
#4763 = PCURVE('',#296,#4764);
#4764 = DEFINITIONAL_REPRESENTATION('',(#4765),#4769);
#4765 = LINE('',#4766,#4767);
#4766 = CARTESIAN_POINT('',(78.048859365316,-130.2429293173));
#4767 = VECTOR('',#4768,1.);
#4768 = DIRECTION('',(0.,1.));
#4769 = ( GEOMETRIC_REPRESENTATION_CONTEXT(2) 
PARAMETRIC_REPRESENTATION_CONTEXT() REPRESENTATION_CONTEXT('2D SPACE',''
  ) );
#4770 = PCURVE('',#3155,#4771);
#4771 = DEFINITIONAL_REPRESENTATION('',(#4772),#4776);
#4772 = LINE('',#4773,#4774);
#4773 = CARTESIAN_POINT('',(0.,0.));
#4774 = VECTOR('',#4775,1.);
#4775 = DIRECTION('',(0.,1.));
#4776 = ( GEOMETRIC_REPRESENTATION_CONTEXT(2) 
PARAMETRIC_REPRESENTATION_CONTEXT() REPRESENTATION_CONTEXT('2D SPACE',''
  ) );
#4777 = ORIENTED_EDGE('',*,*,#4778,.F.);
#4778 = EDGE_CURVE('',#4779,#4756,#4781,.T.);
#4779 = VERTEX_POINT('',#4780);
#4780 = CARTESIAN_POINT('',(107.5,-39.71572875253,130.));
#4781 = SURFACE_CURVE('',#4782,(#4786,#4793),.PCURVE_S1.);
#4782 = LINE('',#4783,#4784);
#4783 = CARTESIAN_POINT('',(107.5,1.278976924368E-12,130.));
#4784 = VECTOR('',#4785,1.);
#4785 = DIRECTION('',(0.,1.,0.));
#4786 = PCURVE('',#296,#4787);
#4787 = DEFINITIONAL_REPRESENTATION('',(#4788),#4792);
#4788 = LINE('',#4789,#4790);
#4789 = CARTESIAN_POINT('',(0.,0.));
#4790 = VECTOR('',#4791,1.);
#4791 = DIRECTION('',(1.,0.));
#4792 = ( GEOMETRIC_REPRESENTATION_CONTEXT(2) 
PARAMETRIC_REPRESENTATION_CONTEXT() REPRESENTATION_CONTEXT('2D SPACE',''
  ) );
#4793 = PCURVE('',#1349,#4794);
#4794 = DEFINITIONAL_REPRESENTATION('',(#4795),#4799);
#4795 = LINE('',#4796,#4797);
#4796 = CARTESIAN_POINT('',(193.04885938043,78.04885938044));
#4797 = VECTOR('',#4798,1.);
#4798 = DIRECTION('',(0.,1.));
#4799 = ( GEOMETRIC_REPRESENTATION_CONTEXT(2) 
PARAMETRIC_REPRESENTATION_CONTEXT() REPRESENTATION_CONTEXT('2D SPACE',''
  ) );
#4800 = ORIENTED_EDGE('',*,*,#4801,.T.);
#4801 = EDGE_CURVE('',#4779,#4802,#4804,.T.);
#4802 = VERTEX_POINT('',#4803);
#4803 = CARTESIAN_POINT('',(107.14171766626,-53.85786437626,
    124.14213562373));
#4804 = SURFACE_CURVE('',#4805,(#4810,#4817),.PCURVE_S1.);
#4805 = ELLIPSE('',#4806,20.037373741124,20.);
#4806 = AXIS2_PLACEMENT_3D('',#4807,#4808,#4809);
#4807 = CARTESIAN_POINT('',(106.27674759699,-39.71572875253,110.));
#4808 = DIRECTION('',(0.998134798422,0.,-6.104853953486E-02));
#4809 = DIRECTION('',(6.104853953486E-02,0.,0.998134798422));
#4810 = PCURVE('',#296,#4811);
#4811 = DEFINITIONAL_REPRESENTATION('',(#4812),#4816);
#4812 = ELLIPSE('',#4813,20.037373741124,20.);
#4813 = AXIS2_PLACEMENT_2D('',#4814,#4815);
#4814 = CARTESIAN_POINT('',(-39.71572875253,-20.03737374112));
#4815 = DIRECTION('',(0.,1.));
#4816 = ( GEOMETRIC_REPRESENTATION_CONTEXT(2) 
PARAMETRIC_REPRESENTATION_CONTEXT() REPRESENTATION_CONTEXT('2D SPACE',''
  ) );
#4817 = PCURVE('',#4818,#4823);
#4818 = CYLINDRICAL_SURFACE('',#4819,20.);
#4819 = AXIS2_PLACEMENT_3D('',#4820,#4821,#4822);
#4820 = CARTESIAN_POINT('',(0.,-39.71572875253,110.));
#4821 = DIRECTION('',(1.,0.,0.));
#4822 = DIRECTION('',(0.,1.,0.));
#4823 = DEFINITIONAL_REPRESENTATION('',(#4824),#4832);
#4824 = B_SPLINE_CURVE_WITH_KNOTS('',6,(#4825,#4826,#4827,#4828,#4829,
    #4830,#4831),.UNSPECIFIED.,.F.,.F.,(7,7),(3.553391240547E-16,
    0.785398163397),.PIECEWISE_BEZIER_KNOTS.);
#4825 = CARTESIAN_POINT('',(1.570796326795,107.5));
#4826 = CARTESIAN_POINT('',(1.701696020694,107.5));
#4827 = CARTESIAN_POINT('',(1.832595714594,107.47484797067));
#4828 = CARTESIAN_POINT('',(1.963495408494,107.42454327923));
#4829 = CARTESIAN_POINT('',(2.094395102393,107.35038095963));
#4830 = CARTESIAN_POINT('',(2.225294796293,107.25494198356));
#4831 = CARTESIAN_POINT('',(2.356194490192,107.14171766626));
#4832 = ( GEOMETRIC_REPRESENTATION_CONTEXT(2) 
PARAMETRIC_REPRESENTATION_CONTEXT() REPRESENTATION_CONTEXT('2D SPACE',''
  ) );
#4833 = ORIENTED_EDGE('',*,*,#4834,.T.);
#4834 = EDGE_CURVE('',#4802,#4644,#4835,.T.);
#4835 = SURFACE_CURVE('',#4836,(#4840,#4846),.PCURVE_S1.);
#4836 = LINE('',#4837,#4838);
#4837 = CARTESIAN_POINT('',(107.95342639468,-40.58654397785,
    137.41345602214));
#4838 = VECTOR('',#4839,1.);
#4839 = DIRECTION('',(-4.320811339974E-02,-0.706446409481,
    -0.706446409481));
#4840 = PCURVE('',#296,#4841);
#4841 = DEFINITIONAL_REPRESENTATION('',(#4842),#4845);
#4842 = B_SPLINE_CURVE_WITH_KNOTS('',1,(#4843,#4844),.UNSPECIFIED.,.F.,
  .F.,(2,2),(18.786025691847,53.029238877616),.PIECEWISE_BEZIER_KNOTS.);
#4843 = CARTESIAN_POINT('',(-53.85786437627,-5.868810891606));
#4844 = CARTESIAN_POINT('',(-78.04885938044,-30.10501129501));
#4845 = ( GEOMETRIC_REPRESENTATION_CONTEXT(2) 
PARAMETRIC_REPRESENTATION_CONTEXT() REPRESENTATION_CONTEXT('2D SPACE',''
  ) );
#4846 = PCURVE('',#1289,#4847);
#4847 = DEFINITIONAL_REPRESENTATION('',(#4848),#4851);
#4848 = B_SPLINE_CURVE_WITH_KNOTS('',1,(#4849,#4850),.UNSPECIFIED.,.F.,
  .F.,(2,2),(18.786025691847,53.029238877616),.PIECEWISE_BEZIER_KNOTS.);
#4849 = CARTESIAN_POINT('',(0.,107.14171766626));
#4850 = CARTESIAN_POINT('',(34.211233222196,105.66213302775));
#4851 = ( GEOMETRIC_REPRESENTATION_CONTEXT(2) 
PARAMETRIC_REPRESENTATION_CONTEXT() REPRESENTATION_CONTEXT('2D SPACE',''
  ) );
#4852 = FACE_BOUND('',#4853,.T.);
#4853 = EDGE_LOOP('',(#4854));
#4854 = ORIENTED_EDGE('',*,*,#4855,.F.);
#4855 = EDGE_CURVE('',#4856,#4856,#4858,.T.);
#4856 = VERTEX_POINT('',#4857);
#4857 = CARTESIAN_POINT('',(102.3011772872,-42.,45.));
#4858 = SURFACE_CURVE('',#4859,(#4864,#4871),.PCURVE_S1.);
#4859 = ELLIPSE('',#4860,3.005606061169,3.);
#4860 = AXIS2_PLACEMENT_3D('',#4861,#4862,#4863);
#4861 = CARTESIAN_POINT('',(102.48466514766,-42.,48.));
#4862 = DIRECTION('',(0.998134798422,0.,-6.104853953486E-02));
#4863 = DIRECTION('',(6.104853953486E-02,0.,0.998134798422));
#4864 = PCURVE('',#296,#4865);
#4865 = DEFINITIONAL_REPRESENTATION('',(#4866),#4870);
#4866 = ELLIPSE('',#4867,3.005606061169,3.);
#4867 = AXIS2_PLACEMENT_2D('',#4868,#4869);
#4868 = CARTESIAN_POINT('',(-42.,-82.1532323386));
#4869 = DIRECTION('',(0.,1.));
#4870 = ( GEOMETRIC_REPRESENTATION_CONTEXT(2) 
PARAMETRIC_REPRESENTATION_CONTEXT() REPRESENTATION_CONTEXT('2D SPACE',''
  ) );
#4871 = PCURVE('',#4872,#4877);
#4872 = CYLINDRICAL_SURFACE('',#4873,3.);
#4873 = AXIS2_PLACEMENT_3D('',#4874,#4875,#4876);
#4874 = CARTESIAN_POINT('',(-137.5,-42.,48.));
#4875 = DIRECTION('',(1.,0.,2.22044604925E-16));
#4876 = DIRECTION('',(2.22044604925E-16,0.,-1.));
#4877 = DEFINITIONAL_REPRESENTATION('',(#4878),#4902);
#4878 = B_SPLINE_CURVE_WITH_KNOTS('',8,(#4879,#4880,#4881,#4882,#4883,
    #4884,#4885,#4886,#4887,#4888,#4889,#4890,#4891,#4892,#4893,#4894,
    #4895,#4896,#4897,#4898,#4899,#4900,#4901),.UNSPECIFIED.,.F.,.F.,(9,
    7,7,9),(3.14159265359,4.712388980385,7.068583470577,9.424777960769),
  .UNSPECIFIED.);
#4879 = CARTESIAN_POINT('',(0.,239.8011772872));
#4880 = CARTESIAN_POINT('',(0.196349540849,239.8011772872));
#4881 = CARTESIAN_POINT('',(0.392699081699,239.80926203843));
#4882 = CARTESIAN_POINT('',(0.589048622548,239.82543056335));
#4883 = CARTESIAN_POINT('',(0.785398163397,239.84902089086));
#4884 = CARTESIAN_POINT('',(0.981747704247,239.87869796688));
#4885 = CARTESIAN_POINT('',(1.178097245096,239.91260975871));
#4886 = CARTESIAN_POINT('',(1.374446785946,239.9486373905));
#4887 = CARTESIAN_POINT('',(1.865320638069,240.03870678338));
#4888 = CARTESIAN_POINT('',(2.15984494934,240.09274861478));
#4889 = CARTESIAN_POINT('',(2.454369260628,240.13964544714));
#4890 = CARTESIAN_POINT('',(2.748893571877,240.17226246139));
#4891 = CARTESIAN_POINT('',(3.043417883175,240.18541229143));
#4892 = CARTESIAN_POINT('',(3.337942194436,240.17797440246));
#4893 = CARTESIAN_POINT('',(3.632466505713,240.15262386514));
#4894 = CARTESIAN_POINT('',(4.221515128261,240.07619745096));
#4895 = CARTESIAN_POINT('',(4.516039439536,240.02512129751));
#4896 = CARTESIAN_POINT('',(4.810563750812,239.9662370492));
#4897 = CARTESIAN_POINT('',(5.105088062075,239.90695979702));
#4898 = CARTESIAN_POINT('',(5.399612373356,239.85574611183));
#4899 = CARTESIAN_POINT('',(5.694136684629,239.81936804502));
#4900 = CARTESIAN_POINT('',(5.988660995906,239.8011772872));
#4901 = CARTESIAN_POINT('',(6.28318530718,239.8011772872));
#4902 = ( GEOMETRIC_REPRESENTATION_CONTEXT(2) 
PARAMETRIC_REPRESENTATION_CONTEXT() REPRESENTATION_CONTEXT('2D SPACE',''
  ) );
#4903 = FACE_BOUND('',#4904,.T.);
#4904 = EDGE_LOOP('',(#4905));
#4905 = ORIENTED_EDGE('',*,*,#4906,.F.);
#4906 = EDGE_CURVE('',#4907,#4907,#4909,.T.);
#4907 = VERTEX_POINT('',#4908);
#4908 = CARTESIAN_POINT('',(102.3011772872,-21.,45.));
#4909 = SURFACE_CURVE('',#4910,(#4915,#4922),.PCURVE_S1.);
#4910 = ELLIPSE('',#4911,3.005606061169,3.);
#4911 = AXIS2_PLACEMENT_3D('',#4912,#4913,#4914);
#4912 = CARTESIAN_POINT('',(102.48466514766,-21.,48.));
#4913 = DIRECTION('',(0.998134798422,0.,-6.104853953486E-02));
#4914 = DIRECTION('',(6.104853953486E-02,0.,0.998134798422));
#4915 = PCURVE('',#296,#4916);
#4916 = DEFINITIONAL_REPRESENTATION('',(#4917),#4921);
#4917 = ELLIPSE('',#4918,3.005606061169,3.);
#4918 = AXIS2_PLACEMENT_2D('',#4919,#4920);
#4919 = CARTESIAN_POINT('',(-21.,-82.1532323386));
#4920 = DIRECTION('',(0.,1.));
#4921 = ( GEOMETRIC_REPRESENTATION_CONTEXT(2) 
PARAMETRIC_REPRESENTATION_CONTEXT() REPRESENTATION_CONTEXT('2D SPACE',''
  ) );
#4922 = PCURVE('',#4923,#4928);
#4923 = CYLINDRICAL_SURFACE('',#4924,3.);
#4924 = AXIS2_PLACEMENT_3D('',#4925,#4926,#4927);
#4925 = CARTESIAN_POINT('',(-137.5,-21.,48.));
#4926 = DIRECTION('',(1.,0.,2.22044604925E-16));
#4927 = DIRECTION('',(2.22044604925E-16,0.,-1.));
#4928 = DEFINITIONAL_REPRESENTATION('',(#4929),#4953);
#4929 = B_SPLINE_CURVE_WITH_KNOTS('',8,(#4930,#4931,#4932,#4933,#4934,
    #4935,#4936,#4937,#4938,#4939,#4940,#4941,#4942,#4943,#4944,#4945,
    #4946,#4947,#4948,#4949,#4950,#4951,#4952),.UNSPECIFIED.,.F.,.F.,(9,
    7,7,9),(3.14159265359,4.712388980385,7.068583470577,9.424777960769),
  .UNSPECIFIED.);
#4930 = CARTESIAN_POINT('',(0.,239.8011772872));
#4931 = CARTESIAN_POINT('',(0.196349540849,239.8011772872));
#4932 = CARTESIAN_POINT('',(0.392699081699,239.80926203843));
#4933 = CARTESIAN_POINT('',(0.589048622548,239.82543056335));
#4934 = CARTESIAN_POINT('',(0.785398163398,239.84902089086));
#4935 = CARTESIAN_POINT('',(0.981747704247,239.87869796688));
#4936 = CARTESIAN_POINT('',(1.178097245096,239.91260975871));
#4937 = CARTESIAN_POINT('',(1.374446785946,239.9486373905));
#4938 = CARTESIAN_POINT('',(1.865320638069,240.03870678338));
#4939 = CARTESIAN_POINT('',(2.159844949339,240.09274861478));
#4940 = CARTESIAN_POINT('',(2.454369260631,240.13964544714));
#4941 = CARTESIAN_POINT('',(2.748893571867,240.17226246139));
#4942 = CARTESIAN_POINT('',(3.043417883178,240.18541229143));
#4943 = CARTESIAN_POINT('',(3.337942194435,240.17797440246));
#4944 = CARTESIAN_POINT('',(3.632466505713,240.15262386514));
#4945 = CARTESIAN_POINT('',(4.221515128261,240.07619745096));
#4946 = CARTESIAN_POINT('',(4.516039439533,240.02512129751));
#4947 = CARTESIAN_POINT('',(4.810563750807,239.9662370492));
#4948 = CARTESIAN_POINT('',(5.105088062082,239.90695979702));
#4949 = CARTESIAN_POINT('',(5.399612373363,239.85574611183));
#4950 = CARTESIAN_POINT('',(5.69413668463,239.81936804502));
#4951 = CARTESIAN_POINT('',(5.988660995906,239.8011772872));
#4952 = CARTESIAN_POINT('',(6.28318530718,239.8011772872));
#4953 = ( GEOMETRIC_REPRESENTATION_CONTEXT(2) 
PARAMETRIC_REPRESENTATION_CONTEXT() REPRESENTATION_CONTEXT('2D SPACE',''
  ) );
#4954 = FACE_BOUND('',#4955,.T.);
#4955 = EDGE_LOOP('',(#4956));
#4956 = ORIENTED_EDGE('',*,*,#4957,.F.);
#4957 = EDGE_CURVE('',#4958,#4958,#4960,.T.);
#4958 = VERTEX_POINT('',#4959);
#4959 = CARTESIAN_POINT('',(103.49384838014,-42.,64.5));
#4960 = SURFACE_CURVE('',#4961,(#4966,#4973),.PCURVE_S1.);
#4961 = ELLIPSE('',#4962,4.508409091753,4.5);
#4962 = AXIS2_PLACEMENT_3D('',#4963,#4964,#4965);
#4963 = CARTESIAN_POINT('',(103.76908017082,-42.,69.));
#4964 = DIRECTION('',(0.998134798422,0.,-6.104853953486E-02));
#4965 = DIRECTION('',(6.104853953486E-02,0.,0.998134798422));
#4966 = PCURVE('',#296,#4967);
#4967 = DEFINITIONAL_REPRESENTATION('',(#4968),#4972);
#4968 = ELLIPSE('',#4969,4.508409091753,4.5);
#4969 = AXIS2_PLACEMENT_2D('',#4970,#4971);
#4970 = CARTESIAN_POINT('',(-42.,-61.11398991042));
#4971 = DIRECTION('',(0.,1.));
#4972 = ( GEOMETRIC_REPRESENTATION_CONTEXT(2) 
PARAMETRIC_REPRESENTATION_CONTEXT() REPRESENTATION_CONTEXT('2D SPACE',''
  ) );
#4973 = PCURVE('',#4974,#4979);
#4974 = CYLINDRICAL_SURFACE('',#4975,4.5);
#4975 = AXIS2_PLACEMENT_3D('',#4976,#4977,#4978);
#4976 = CARTESIAN_POINT('',(-137.5,-42.,69.));
#4977 = DIRECTION('',(1.,0.,2.22044604925E-16));
#4978 = DIRECTION('',(2.22044604925E-16,0.,-1.));
#4979 = DEFINITIONAL_REPRESENTATION('',(#4980),#5004);
#4980 = B_SPLINE_CURVE_WITH_KNOTS('',8,(#4981,#4982,#4983,#4984,#4985,
    #4986,#4987,#4988,#4989,#4990,#4991,#4992,#4993,#4994,#4995,#4996,
    #4997,#4998,#4999,#5000,#5001,#5002,#5003),.UNSPECIFIED.,.F.,.F.,(9,
    7,7,9),(3.14159265359,4.712388980385,7.068583470577,9.424777960769),
  .UNSPECIFIED.);
#4981 = CARTESIAN_POINT('',(0.,240.99384838014));
#4982 = CARTESIAN_POINT('',(0.196349540849,240.99384838014));
#4983 = CARTESIAN_POINT('',(0.392699081699,241.00597550691));
#4984 = CARTESIAN_POINT('',(0.589048622548,241.03022829443));
#4985 = CARTESIAN_POINT('',(0.785398163398,241.06561378558));
#4986 = CARTESIAN_POINT('',(0.981747704247,241.11012939953));
#4987 = CARTESIAN_POINT('',(1.178097245096,241.16099708746));
#4988 = CARTESIAN_POINT('',(1.374446785946,241.21503853509));
#4989 = CARTESIAN_POINT('',(1.865320638069,241.35014262441));
#4990 = CARTESIAN_POINT('',(2.159844949338,241.43120537162));
#4991 = CARTESIAN_POINT('',(2.454369260629,241.50155061984));
#4992 = CARTESIAN_POINT('',(2.748893571872,241.55047614034));
#4993 = CARTESIAN_POINT('',(3.043417883169,241.57020088681));
#4994 = CARTESIAN_POINT('',(3.337942194433,241.55904405331));
#4995 = CARTESIAN_POINT('',(3.632466505713,241.52101824703));
#4996 = CARTESIAN_POINT('',(4.221515128261,241.40637862577));
#4997 = CARTESIAN_POINT('',(4.516039439531,241.32976439513));
#4998 = CARTESIAN_POINT('',(4.810563750816,241.24143802479));
#4999 = CARTESIAN_POINT('',(5.105088062079,241.15252214251));
#5000 = CARTESIAN_POINT('',(5.399612373367,241.07570161856));
#5001 = CARTESIAN_POINT('',(5.694136684631,241.02113451625));
#5002 = CARTESIAN_POINT('',(5.988660995906,240.99384838014));
#5003 = CARTESIAN_POINT('',(6.28318530718,240.99384838014));
#5004 = ( GEOMETRIC_REPRESENTATION_CONTEXT(2) 
PARAMETRIC_REPRESENTATION_CONTEXT() REPRESENTATION_CONTEXT('2D SPACE',''
  ) );
#5005 = FACE_BOUND('',#5006,.T.);
#5006 = EDGE_LOOP('',(#5007));
#5007 = ORIENTED_EDGE('',*,*,#5008,.F.);
#5008 = EDGE_CURVE('',#5009,#5009,#5011,.T.);
#5009 = VERTEX_POINT('',#5010);
#5010 = CARTESIAN_POINT('',(103.49384838014,-21.,64.5));
#5011 = SURFACE_CURVE('',#5012,(#5017,#5024),.PCURVE_S1.);
#5012 = ELLIPSE('',#5013,4.508409091753,4.5);
#5013 = AXIS2_PLACEMENT_3D('',#5014,#5015,#5016);
#5014 = CARTESIAN_POINT('',(103.76908017082,-21.,69.));
#5015 = DIRECTION('',(0.998134798422,0.,-6.104853953486E-02));
#5016 = DIRECTION('',(6.104853953486E-02,0.,0.998134798422));
#5017 = PCURVE('',#296,#5018);
#5018 = DEFINITIONAL_REPRESENTATION('',(#5019),#5023);
#5019 = ELLIPSE('',#5020,4.508409091753,4.5);
#5020 = AXIS2_PLACEMENT_2D('',#5021,#5022);
#5021 = CARTESIAN_POINT('',(-21.,-61.11398991042));
#5022 = DIRECTION('',(0.,1.));
#5023 = ( GEOMETRIC_REPRESENTATION_CONTEXT(2) 
PARAMETRIC_REPRESENTATION_CONTEXT() REPRESENTATION_CONTEXT('2D SPACE',''
  ) );
#5024 = PCURVE('',#5025,#5030);
#5025 = CYLINDRICAL_SURFACE('',#5026,4.5);
#5026 = AXIS2_PLACEMENT_3D('',#5027,#5028,#5029);
#5027 = CARTESIAN_POINT('',(-137.5,-21.,69.));
#5028 = DIRECTION('',(1.,0.,2.22044604925E-16));
#5029 = DIRECTION('',(2.22044604925E-16,0.,-1.));
#5030 = DEFINITIONAL_REPRESENTATION('',(#5031),#5055);
#5031 = B_SPLINE_CURVE_WITH_KNOTS('',8,(#5032,#5033,#5034,#5035,#5036,
    #5037,#5038,#5039,#5040,#5041,#5042,#5043,#5044,#5045,#5046,#5047,
    #5048,#5049,#5050,#5051,#5052,#5053,#5054),.UNSPECIFIED.,.F.,.F.,(9,
    7,7,9),(3.14159265359,4.712388980385,7.068583470577,9.424777960769),
  .UNSPECIFIED.);
#5032 = CARTESIAN_POINT('',(0.,240.99384838014));
#5033 = CARTESIAN_POINT('',(0.196349540849,240.99384838014));
#5034 = CARTESIAN_POINT('',(0.392699081699,241.00597550691));
#5035 = CARTESIAN_POINT('',(0.589048622548,241.03022829443));
#5036 = CARTESIAN_POINT('',(0.785398163398,241.06561378558));
#5037 = CARTESIAN_POINT('',(0.981747704247,241.11012939953));
#5038 = CARTESIAN_POINT('',(1.178097245096,241.16099708746));
#5039 = CARTESIAN_POINT('',(1.374446785946,241.21503853509));
#5040 = CARTESIAN_POINT('',(1.865320638069,241.35014262441));
#5041 = CARTESIAN_POINT('',(2.159844949341,241.43120537162));
#5042 = CARTESIAN_POINT('',(2.454369260624,241.50155061984));
#5043 = CARTESIAN_POINT('',(2.748893571881,241.55047614034));
#5044 = CARTESIAN_POINT('',(3.043417883166,241.57020088681));
#5045 = CARTESIAN_POINT('',(3.337942194436,241.55904405331));
#5046 = CARTESIAN_POINT('',(3.632466505713,241.52101824703));
#5047 = CARTESIAN_POINT('',(4.221515128261,241.40637862577));
#5048 = CARTESIAN_POINT('',(4.516039439531,241.32976439513));
#5049 = CARTESIAN_POINT('',(4.810563750816,241.24143802479));
#5050 = CARTESIAN_POINT('',(5.105088062064,241.15252214251));
#5051 = CARTESIAN_POINT('',(5.399612373367,241.07570161856));
#5052 = CARTESIAN_POINT('',(5.694136684628,241.02113451625));
#5053 = CARTESIAN_POINT('',(5.988660995906,240.99384838014));
#5054 = CARTESIAN_POINT('',(6.28318530718,240.99384838014));
#5055 = ( GEOMETRIC_REPRESENTATION_CONTEXT(2) 
PARAMETRIC_REPRESENTATION_CONTEXT() REPRESENTATION_CONTEXT('2D SPACE',''
  ) );
#5056 = FACE_BOUND('',#5057,.T.);
#5057 = EDGE_LOOP('',(#5058));
#5058 = ORIENTED_EDGE('',*,*,#5059,.F.);
#5059 = EDGE_CURVE('',#5060,#5060,#5062,.T.);
#5060 = VERTEX_POINT('',#5061);
#5061 = CARTESIAN_POINT('',(102.3011772872,-7.347880794884E-16,45.));
#5062 = SURFACE_CURVE('',#5063,(#5068,#5075),.PCURVE_S1.);
#5063 = ELLIPSE('',#5064,3.005606061169,3.);
#5064 = AXIS2_PLACEMENT_3D('',#5065,#5066,#5067);
#5065 = CARTESIAN_POINT('',(102.48466514766,0.,48.));
#5066 = DIRECTION('',(0.998134798422,0.,-6.104853953486E-02));
#5067 = DIRECTION('',(6.104853953486E-02,0.,0.998134798422));
#5068 = PCURVE('',#296,#5069);
#5069 = DEFINITIONAL_REPRESENTATION('',(#5070),#5074);
#5070 = ELLIPSE('',#5071,3.005606061169,3.);
#5071 = AXIS2_PLACEMENT_2D('',#5072,#5073);
#5072 = CARTESIAN_POINT('',(-1.278976924368E-12,-82.1532323386));
#5073 = DIRECTION('',(0.,1.));
#5074 = ( GEOMETRIC_REPRESENTATION_CONTEXT(2) 
PARAMETRIC_REPRESENTATION_CONTEXT() REPRESENTATION_CONTEXT('2D SPACE',''
  ) );
#5075 = PCURVE('',#5076,#5081);
#5076 = CYLINDRICAL_SURFACE('',#5077,3.);
#5077 = AXIS2_PLACEMENT_3D('',#5078,#5079,#5080);
#5078 = CARTESIAN_POINT('',(-137.5,0.,48.));
#5079 = DIRECTION('',(1.,0.,2.22044604925E-16));
#5080 = DIRECTION('',(2.22044604925E-16,0.,-1.));
#5081 = DEFINITIONAL_REPRESENTATION('',(#5082),#5106);
#5082 = B_SPLINE_CURVE_WITH_KNOTS('',8,(#5083,#5084,#5085,#5086,#5087,
    #5088,#5089,#5090,#5091,#5092,#5093,#5094,#5095,#5096,#5097,#5098,
    #5099,#5100,#5101,#5102,#5103,#5104,#5105),.UNSPECIFIED.,.F.,.F.,(9,
    7,7,9),(3.14159265359,4.712388980385,7.068583470577,9.424777960769),
  .UNSPECIFIED.);
#5083 = CARTESIAN_POINT('',(-8.881784197001E-16,239.8011772872));
#5084 = CARTESIAN_POINT('',(0.196349540849,239.8011772872));
#5085 = CARTESIAN_POINT('',(0.3926990817,239.80926203843));
#5086 = CARTESIAN_POINT('',(0.589048622549,239.82543056335));
#5087 = CARTESIAN_POINT('',(0.785398163398,239.84902089086));
#5088 = CARTESIAN_POINT('',(0.981747704248,239.87869796688));
#5089 = CARTESIAN_POINT('',(1.178097245096,239.91260975871));
#5090 = CARTESIAN_POINT('',(1.374446785946,239.9486373905));
#5091 = CARTESIAN_POINT('',(1.865320638069,240.03870678338));
#5092 = CARTESIAN_POINT('',(2.159844949347,240.09274861478));
#5093 = CARTESIAN_POINT('',(2.454369260581,240.13964544714));
#5094 = CARTESIAN_POINT('',(2.748893571913,240.17226246139));
#5095 = CARTESIAN_POINT('',(3.043417883154,240.18541229143));
#5096 = CARTESIAN_POINT('',(3.337942194442,240.17797440246));
#5097 = CARTESIAN_POINT('',(3.632466505713,240.15262386514));
#5098 = CARTESIAN_POINT('',(4.221515128261,240.07619745096));
#5099 = CARTESIAN_POINT('',(4.516039439523,240.02512129751));
#5100 = CARTESIAN_POINT('',(4.810563750809,239.9662370492));
#5101 = CARTESIAN_POINT('',(5.105088062058,239.90695979702));
#5102 = CARTESIAN_POINT('',(5.399612373342,239.85574611183));
#5103 = CARTESIAN_POINT('',(5.694136684625,239.81936804502));
#5104 = CARTESIAN_POINT('',(5.988660995906,239.8011772872));
#5105 = CARTESIAN_POINT('',(6.28318530718,239.8011772872));
#5106 = ( GEOMETRIC_REPRESENTATION_CONTEXT(2) 
PARAMETRIC_REPRESENTATION_CONTEXT() REPRESENTATION_CONTEXT('2D SPACE',''
  ) );
#5107 = FACE_BOUND('',#5108,.T.);
#5108 = EDGE_LOOP('',(#5109));
#5109 = ORIENTED_EDGE('',*,*,#5110,.F.);
#5110 = EDGE_CURVE('',#5111,#5111,#5113,.T.);
#5111 = VERTEX_POINT('',#5112);
#5112 = CARTESIAN_POINT('',(102.3011772872,21.,45.));
#5113 = SURFACE_CURVE('',#5114,(#5119,#5126),.PCURVE_S1.);
#5114 = ELLIPSE('',#5115,3.005606061169,3.);
#5115 = AXIS2_PLACEMENT_3D('',#5116,#5117,#5118);
#5116 = CARTESIAN_POINT('',(102.48466514766,21.,48.));
#5117 = DIRECTION('',(0.998134798422,0.,-6.104853953486E-02));
#5118 = DIRECTION('',(6.104853953486E-02,0.,0.998134798422));
#5119 = PCURVE('',#296,#5120);
#5120 = DEFINITIONAL_REPRESENTATION('',(#5121),#5125);
#5121 = ELLIPSE('',#5122,3.005606061169,3.);
#5122 = AXIS2_PLACEMENT_2D('',#5123,#5124);
#5123 = CARTESIAN_POINT('',(20.999999999999,-82.1532323386));
#5124 = DIRECTION('',(0.,1.));
#5125 = ( GEOMETRIC_REPRESENTATION_CONTEXT(2) 
PARAMETRIC_REPRESENTATION_CONTEXT() REPRESENTATION_CONTEXT('2D SPACE',''
  ) );
#5126 = PCURVE('',#5127,#5132);
#5127 = CYLINDRICAL_SURFACE('',#5128,3.);
#5128 = AXIS2_PLACEMENT_3D('',#5129,#5130,#5131);
#5129 = CARTESIAN_POINT('',(-137.5,21.,48.));
#5130 = DIRECTION('',(1.,0.,2.22044604925E-16));
#5131 = DIRECTION('',(2.22044604925E-16,0.,-1.));
#5132 = DEFINITIONAL_REPRESENTATION('',(#5133),#5157);
#5133 = B_SPLINE_CURVE_WITH_KNOTS('',8,(#5134,#5135,#5136,#5137,#5138,
    #5139,#5140,#5141,#5142,#5143,#5144,#5145,#5146,#5147,#5148,#5149,
    #5150,#5151,#5152,#5153,#5154,#5155,#5156),.UNSPECIFIED.,.F.,.F.,(9,
    7,7,9),(3.14159265359,4.712388980385,7.068583470577,9.424777960769),
  .UNSPECIFIED.);
#5134 = CARTESIAN_POINT('',(0.,239.8011772872));
#5135 = CARTESIAN_POINT('',(0.196349540849,239.8011772872));
#5136 = CARTESIAN_POINT('',(0.392699081699,239.80926203843));
#5137 = CARTESIAN_POINT('',(0.589048622548,239.82543056335));
#5138 = CARTESIAN_POINT('',(0.785398163398,239.84902089086));
#5139 = CARTESIAN_POINT('',(0.981747704247,239.87869796688));
#5140 = CARTESIAN_POINT('',(1.178097245096,239.91260975871));
#5141 = CARTESIAN_POINT('',(1.374446785946,239.9486373905));
#5142 = CARTESIAN_POINT('',(1.865320638069,240.03870678338));
#5143 = CARTESIAN_POINT('',(2.159844949339,240.09274861478));
#5144 = CARTESIAN_POINT('',(2.454369260631,240.13964544714));
#5145 = CARTESIAN_POINT('',(2.748893571867,240.17226246139));
#5146 = CARTESIAN_POINT('',(3.043417883178,240.18541229143));
#5147 = CARTESIAN_POINT('',(3.337942194435,240.17797440246));
#5148 = CARTESIAN_POINT('',(3.632466505713,240.15262386514));
#5149 = CARTESIAN_POINT('',(4.221515128261,240.07619745096));
#5150 = CARTESIAN_POINT('',(4.516039439533,240.02512129751));
#5151 = CARTESIAN_POINT('',(4.810563750807,239.9662370492));
#5152 = CARTESIAN_POINT('',(5.105088062082,239.90695979702));
#5153 = CARTESIAN_POINT('',(5.399612373363,239.85574611183));
#5154 = CARTESIAN_POINT('',(5.69413668463,239.81936804502));
#5155 = CARTESIAN_POINT('',(5.988660995906,239.8011772872));
#5156 = CARTESIAN_POINT('',(6.28318530718,239.8011772872));
#5157 = ( GEOMETRIC_REPRESENTATION_CONTEXT(2) 
PARAMETRIC_REPRESENTATION_CONTEXT() REPRESENTATION_CONTEXT('2D SPACE',''
  ) );
#5158 = FACE_BOUND('',#5159,.T.);
#5159 = EDGE_LOOP('',(#5160));
#5160 = ORIENTED_EDGE('',*,*,#5161,.F.);
#5161 = EDGE_CURVE('',#5162,#5162,#5164,.T.);
#5162 = VERTEX_POINT('',#5163);
#5163 = CARTESIAN_POINT('',(102.3011772872,42.,45.));
#5164 = SURFACE_CURVE('',#5165,(#5170,#5177),.PCURVE_S1.);
#5165 = ELLIPSE('',#5166,3.005606061169,3.);
#5166 = AXIS2_PLACEMENT_3D('',#5167,#5168,#5169);
#5167 = CARTESIAN_POINT('',(102.48466514766,42.,48.));
#5168 = DIRECTION('',(0.998134798422,0.,-6.104853953486E-02));
#5169 = DIRECTION('',(6.104853953486E-02,0.,0.998134798422));
#5170 = PCURVE('',#296,#5171);
#5171 = DEFINITIONAL_REPRESENTATION('',(#5172),#5176);
#5172 = ELLIPSE('',#5173,3.005606061169,3.);
#5173 = AXIS2_PLACEMENT_2D('',#5174,#5175);
#5174 = CARTESIAN_POINT('',(41.999999999999,-82.1532323386));
#5175 = DIRECTION('',(0.,1.));
#5176 = ( GEOMETRIC_REPRESENTATION_CONTEXT(2) 
PARAMETRIC_REPRESENTATION_CONTEXT() REPRESENTATION_CONTEXT('2D SPACE',''
  ) );
#5177 = PCURVE('',#5178,#5183);
#5178 = CYLINDRICAL_SURFACE('',#5179,3.);
#5179 = AXIS2_PLACEMENT_3D('',#5180,#5181,#5182);
#5180 = CARTESIAN_POINT('',(-137.5,42.,48.));
#5181 = DIRECTION('',(1.,0.,2.22044604925E-16));
#5182 = DIRECTION('',(2.22044604925E-16,0.,-1.));
#5183 = DEFINITIONAL_REPRESENTATION('',(#5184),#5208);
#5184 = B_SPLINE_CURVE_WITH_KNOTS('',8,(#5185,#5186,#5187,#5188,#5189,
    #5190,#5191,#5192,#5193,#5194,#5195,#5196,#5197,#5198,#5199,#5200,
    #5201,#5202,#5203,#5204,#5205,#5206,#5207),.UNSPECIFIED.,.F.,.F.,(9,
    7,7,9),(3.14159265359,4.712388980385,7.068583470577,9.424777960769),
  .UNSPECIFIED.);
#5185 = CARTESIAN_POINT('',(0.,239.8011772872));
#5186 = CARTESIAN_POINT('',(0.196349540849,239.8011772872));
#5187 = CARTESIAN_POINT('',(0.392699081699,239.80926203843));
#5188 = CARTESIAN_POINT('',(0.589048622548,239.82543056335));
#5189 = CARTESIAN_POINT('',(0.785398163397,239.84902089086));
#5190 = CARTESIAN_POINT('',(0.981747704247,239.87869796688));
#5191 = CARTESIAN_POINT('',(1.178097245096,239.91260975871));
#5192 = CARTESIAN_POINT('',(1.374446785946,239.9486373905));
#5193 = CARTESIAN_POINT('',(1.865320638069,240.03870678338));
#5194 = CARTESIAN_POINT('',(2.15984494934,240.09274861478));
#5195 = CARTESIAN_POINT('',(2.454369260628,240.13964544714));
#5196 = CARTESIAN_POINT('',(2.748893571877,240.17226246139));
#5197 = CARTESIAN_POINT('',(3.043417883175,240.18541229143));
#5198 = CARTESIAN_POINT('',(3.337942194436,240.17797440246));
#5199 = CARTESIAN_POINT('',(3.632466505713,240.15262386514));
#5200 = CARTESIAN_POINT('',(4.221515128261,240.07619745096));
#5201 = CARTESIAN_POINT('',(4.516039439536,240.02512129751));
#5202 = CARTESIAN_POINT('',(4.810563750812,239.9662370492));
#5203 = CARTESIAN_POINT('',(5.105088062075,239.90695979702));
#5204 = CARTESIAN_POINT('',(5.399612373356,239.85574611183));
#5205 = CARTESIAN_POINT('',(5.694136684629,239.81936804502));
#5206 = CARTESIAN_POINT('',(5.988660995906,239.8011772872));
#5207 = CARTESIAN_POINT('',(6.28318530718,239.8011772872));
#5208 = ( GEOMETRIC_REPRESENTATION_CONTEXT(2) 
PARAMETRIC_REPRESENTATION_CONTEXT() REPRESENTATION_CONTEXT('2D SPACE',''
  ) );
#5209 = FACE_BOUND('',#5210,.T.);
#5210 = EDGE_LOOP('',(#5211));
#5211 = ORIENTED_EDGE('',*,*,#5212,.F.);
#5212 = EDGE_CURVE('',#5213,#5213,#5215,.T.);
#5213 = VERTEX_POINT('',#5214);
#5214 = CARTESIAN_POINT('',(103.49384838014,-1.102182119233E-15,64.5));
#5215 = SURFACE_CURVE('',#5216,(#5221,#5228),.PCURVE_S1.);
#5216 = ELLIPSE('',#5217,4.508409091753,4.5);
#5217 = AXIS2_PLACEMENT_3D('',#5218,#5219,#5220);
#5218 = CARTESIAN_POINT('',(103.76908017082,0.,69.));
#5219 = DIRECTION('',(0.998134798422,0.,-6.104853953486E-02));
#5220 = DIRECTION('',(6.104853953486E-02,0.,0.998134798422));
#5221 = PCURVE('',#296,#5222);
#5222 = DEFINITIONAL_REPRESENTATION('',(#5223),#5227);
#5223 = ELLIPSE('',#5224,4.508409091753,4.5);
#5224 = AXIS2_PLACEMENT_2D('',#5225,#5226);
#5225 = CARTESIAN_POINT('',(-1.278976924368E-12,-61.11398991042));
#5226 = DIRECTION('',(0.,1.));
#5227 = ( GEOMETRIC_REPRESENTATION_CONTEXT(2) 
PARAMETRIC_REPRESENTATION_CONTEXT() REPRESENTATION_CONTEXT('2D SPACE',''
  ) );
#5228 = PCURVE('',#5229,#5234);
#5229 = CYLINDRICAL_SURFACE('',#5230,4.5);
#5230 = AXIS2_PLACEMENT_3D('',#5231,#5232,#5233);
#5231 = CARTESIAN_POINT('',(-137.5,0.,69.));
#5232 = DIRECTION('',(1.,0.,2.22044604925E-16));
#5233 = DIRECTION('',(2.22044604925E-16,0.,-1.));
#5234 = DEFINITIONAL_REPRESENTATION('',(#5235),#5259);
#5235 = B_SPLINE_CURVE_WITH_KNOTS('',8,(#5236,#5237,#5238,#5239,#5240,
    #5241,#5242,#5243,#5244,#5245,#5246,#5247,#5248,#5249,#5250,#5251,
    #5252,#5253,#5254,#5255,#5256,#5257,#5258),.UNSPECIFIED.,.F.,.F.,(9,
    7,7,9),(3.14159265359,4.712388980385,7.068583470577,9.424777960769),
  .UNSPECIFIED.);
#5236 = CARTESIAN_POINT('',(-8.881784197001E-16,240.99384838014));
#5237 = CARTESIAN_POINT('',(0.196349540849,240.99384838014));
#5238 = CARTESIAN_POINT('',(0.3926990817,241.00597550691));
#5239 = CARTESIAN_POINT('',(0.589048622549,241.03022829443));
#5240 = CARTESIAN_POINT('',(0.785398163398,241.06561378558));
#5241 = CARTESIAN_POINT('',(0.981747704248,241.11012939953));
#5242 = CARTESIAN_POINT('',(1.178097245096,241.16099708746));
#5243 = CARTESIAN_POINT('',(1.374446785946,241.21503853509));
#5244 = CARTESIAN_POINT('',(1.865320638069,241.35014262441));
#5245 = CARTESIAN_POINT('',(2.159844949347,241.43120537162));
#5246 = CARTESIAN_POINT('',(2.454369260581,241.50155061984));
#5247 = CARTESIAN_POINT('',(2.748893571913,241.55047614034));
#5248 = CARTESIAN_POINT('',(3.043417883154,241.57020088681));
#5249 = CARTESIAN_POINT('',(3.337942194442,241.55904405331));
#5250 = CARTESIAN_POINT('',(3.632466505713,241.52101824703));
#5251 = CARTESIAN_POINT('',(4.221515128261,241.40637862577));
#5252 = CARTESIAN_POINT('',(4.516039439529,241.32976439513));
#5253 = CARTESIAN_POINT('',(4.81056375078,241.24143802479));
#5254 = CARTESIAN_POINT('',(5.105088062094,241.15252214251));
#5255 = CARTESIAN_POINT('',(5.39961237332,241.07570161856));
#5256 = CARTESIAN_POINT('',(5.694136684627,241.02113451625));
#5257 = CARTESIAN_POINT('',(5.988660995906,240.99384838014));
#5258 = CARTESIAN_POINT('',(6.28318530718,240.99384838014));
#5259 = ( GEOMETRIC_REPRESENTATION_CONTEXT(2) 
PARAMETRIC_REPRESENTATION_CONTEXT() REPRESENTATION_CONTEXT('2D SPACE',''
  ) );
#5260 = FACE_BOUND('',#5261,.T.);
#5261 = EDGE_LOOP('',(#5262));
#5262 = ORIENTED_EDGE('',*,*,#5263,.F.);
#5263 = EDGE_CURVE('',#5264,#5264,#5266,.T.);
#5264 = VERTEX_POINT('',#5265);
#5265 = CARTESIAN_POINT('',(103.49384838014,21.,64.5));
#5266 = SURFACE_CURVE('',#5267,(#5272,#5279),.PCURVE_S1.);
#5267 = ELLIPSE('',#5268,4.508409091753,4.5);
#5268 = AXIS2_PLACEMENT_3D('',#5269,#5270,#5271);
#5269 = CARTESIAN_POINT('',(103.76908017082,21.,69.));
#5270 = DIRECTION('',(0.998134798422,0.,-6.104853953486E-02));
#5271 = DIRECTION('',(6.104853953486E-02,0.,0.998134798422));
#5272 = PCURVE('',#296,#5273);
#5273 = DEFINITIONAL_REPRESENTATION('',(#5274),#5278);
#5274 = ELLIPSE('',#5275,4.508409091753,4.5);
#5275 = AXIS2_PLACEMENT_2D('',#5276,#5277);
#5276 = CARTESIAN_POINT('',(20.999999999999,-61.11398991042));
#5277 = DIRECTION('',(0.,1.));
#5278 = ( GEOMETRIC_REPRESENTATION_CONTEXT(2) 
PARAMETRIC_REPRESENTATION_CONTEXT() REPRESENTATION_CONTEXT('2D SPACE',''
  ) );
#5279 = PCURVE('',#5280,#5285);
#5280 = CYLINDRICAL_SURFACE('',#5281,4.5);
#5281 = AXIS2_PLACEMENT_3D('',#5282,#5283,#5284);
#5282 = CARTESIAN_POINT('',(-137.5,21.,69.));
#5283 = DIRECTION('',(1.,0.,2.22044604925E-16));
#5284 = DIRECTION('',(2.22044604925E-16,0.,-1.));
#5285 = DEFINITIONAL_REPRESENTATION('',(#5286),#5310);
#5286 = B_SPLINE_CURVE_WITH_KNOTS('',8,(#5287,#5288,#5289,#5290,#5291,
    #5292,#5293,#5294,#5295,#5296,#5297,#5298,#5299,#5300,#5301,#5302,
    #5303,#5304,#5305,#5306,#5307,#5308,#5309),.UNSPECIFIED.,.F.,.F.,(9,
    7,7,9),(3.14159265359,4.712388980385,7.068583470577,9.424777960769),
  .UNSPECIFIED.);
#5287 = CARTESIAN_POINT('',(0.,240.99384838014));
#5288 = CARTESIAN_POINT('',(0.196349540849,240.99384838014));
#5289 = CARTESIAN_POINT('',(0.392699081699,241.00597550691));
#5290 = CARTESIAN_POINT('',(0.589048622548,241.03022829443));
#5291 = CARTESIAN_POINT('',(0.785398163398,241.06561378558));
#5292 = CARTESIAN_POINT('',(0.981747704247,241.11012939953));
#5293 = CARTESIAN_POINT('',(1.178097245096,241.16099708746));
#5294 = CARTESIAN_POINT('',(1.374446785946,241.21503853509));
#5295 = CARTESIAN_POINT('',(1.865320638069,241.35014262441));
#5296 = CARTESIAN_POINT('',(2.159844949341,241.43120537162));
#5297 = CARTESIAN_POINT('',(2.454369260624,241.50155061984));
#5298 = CARTESIAN_POINT('',(2.748893571881,241.55047614034));
#5299 = CARTESIAN_POINT('',(3.043417883166,241.57020088681));
#5300 = CARTESIAN_POINT('',(3.337942194436,241.55904405331));
#5301 = CARTESIAN_POINT('',(3.632466505713,241.52101824703));
#5302 = CARTESIAN_POINT('',(4.221515128261,241.40637862577));
#5303 = CARTESIAN_POINT('',(4.516039439531,241.32976439513));
#5304 = CARTESIAN_POINT('',(4.810563750816,241.24143802479));
#5305 = CARTESIAN_POINT('',(5.105088062064,241.15252214251));
#5306 = CARTESIAN_POINT('',(5.399612373367,241.07570161856));
#5307 = CARTESIAN_POINT('',(5.694136684628,241.02113451625));
#5308 = CARTESIAN_POINT('',(5.988660995906,240.99384838014));
#5309 = CARTESIAN_POINT('',(6.28318530718,240.99384838014));
#5310 = ( GEOMETRIC_REPRESENTATION_CONTEXT(2) 
PARAMETRIC_REPRESENTATION_CONTEXT() REPRESENTATION_CONTEXT('2D SPACE',''
  ) );
#5311 = FACE_BOUND('',#5312,.T.);
#5312 = EDGE_LOOP('',(#5313));
#5313 = ORIENTED_EDGE('',*,*,#5314,.F.);
#5314 = EDGE_CURVE('',#5315,#5315,#5317,.T.);
#5315 = VERTEX_POINT('',#5316);
#5316 = CARTESIAN_POINT('',(103.49384838014,42.,64.5));
#5317 = SURFACE_CURVE('',#5318,(#5323,#5330),.PCURVE_S1.);
#5318 = ELLIPSE('',#5319,4.508409091753,4.5);
#5319 = AXIS2_PLACEMENT_3D('',#5320,#5321,#5322);
#5320 = CARTESIAN_POINT('',(103.76908017082,42.,69.));
#5321 = DIRECTION('',(0.998134798422,0.,-6.104853953486E-02));
#5322 = DIRECTION('',(6.104853953486E-02,0.,0.998134798422));
#5323 = PCURVE('',#296,#5324);
#5324 = DEFINITIONAL_REPRESENTATION('',(#5325),#5329);
#5325 = ELLIPSE('',#5326,4.508409091753,4.5);
#5326 = AXIS2_PLACEMENT_2D('',#5327,#5328);
#5327 = CARTESIAN_POINT('',(41.999999999999,-61.11398991042));
#5328 = DIRECTION('',(0.,1.));
#5329 = ( GEOMETRIC_REPRESENTATION_CONTEXT(2) 
PARAMETRIC_REPRESENTATION_CONTEXT() REPRESENTATION_CONTEXT('2D SPACE',''
  ) );
#5330 = PCURVE('',#5331,#5336);
#5331 = CYLINDRICAL_SURFACE('',#5332,4.5);
#5332 = AXIS2_PLACEMENT_3D('',#5333,#5334,#5335);
#5333 = CARTESIAN_POINT('',(-137.5,42.,69.));
#5334 = DIRECTION('',(1.,0.,2.22044604925E-16));
#5335 = DIRECTION('',(2.22044604925E-16,0.,-1.));
#5336 = DEFINITIONAL_REPRESENTATION('',(#5337),#5361);
#5337 = B_SPLINE_CURVE_WITH_KNOTS('',8,(#5338,#5339,#5340,#5341,#5342,
    #5343,#5344,#5345,#5346,#5347,#5348,#5349,#5350,#5351,#5352,#5353,
    #5354,#5355,#5356,#5357,#5358,#5359,#5360),.UNSPECIFIED.,.F.,.F.,(9,
    7,7,9),(3.14159265359,4.712388980385,7.068583470577,9.424777960769),
  .UNSPECIFIED.);
#5338 = CARTESIAN_POINT('',(0.,240.99384838014));
#5339 = CARTESIAN_POINT('',(0.196349540849,240.99384838014));
#5340 = CARTESIAN_POINT('',(0.392699081699,241.00597550691));
#5341 = CARTESIAN_POINT('',(0.589048622548,241.03022829443));
#5342 = CARTESIAN_POINT('',(0.785398163398,241.06561378558));
#5343 = CARTESIAN_POINT('',(0.981747704247,241.11012939953));
#5344 = CARTESIAN_POINT('',(1.178097245096,241.16099708746));
#5345 = CARTESIAN_POINT('',(1.374446785946,241.21503853509));
#5346 = CARTESIAN_POINT('',(1.865320638069,241.35014262441));
#5347 = CARTESIAN_POINT('',(2.159844949338,241.43120537162));
#5348 = CARTESIAN_POINT('',(2.454369260629,241.50155061984));
#5349 = CARTESIAN_POINT('',(2.748893571872,241.55047614034));
#5350 = CARTESIAN_POINT('',(3.043417883169,241.57020088681));
#5351 = CARTESIAN_POINT('',(3.337942194433,241.55904405331));
#5352 = CARTESIAN_POINT('',(3.632466505713,241.52101824703));
#5353 = CARTESIAN_POINT('',(4.221515128261,241.40637862577));
#5354 = CARTESIAN_POINT('',(4.516039439531,241.32976439513));
#5355 = CARTESIAN_POINT('',(4.810563750816,241.24143802479));
#5356 = CARTESIAN_POINT('',(5.105088062079,241.15252214251));
#5357 = CARTESIAN_POINT('',(5.399612373367,241.07570161856));
#5358 = CARTESIAN_POINT('',(5.694136684631,241.02113451625));
#5359 = CARTESIAN_POINT('',(5.988660995906,240.99384838014));
#5360 = CARTESIAN_POINT('',(6.28318530718,240.99384838014));
#5361 = ( GEOMETRIC_REPRESENTATION_CONTEXT(2) 
PARAMETRIC_REPRESENTATION_CONTEXT() REPRESENTATION_CONTEXT('2D SPACE',''
  ) );
#5362 = FACE_BOUND('',#5363,.T.);
#5363 = EDGE_LOOP('',(#5364));
#5364 = ORIENTED_EDGE('',*,*,#5365,.F.);
#5365 = EDGE_CURVE('',#5366,#5366,#5368,.T.);
#5366 = VERTEX_POINT('',#5367);
#5367 = CARTESIAN_POINT('',(104.68651947307,-42.,84.));
#5368 = SURFACE_CURVE('',#5369,(#5374,#5381),.PCURVE_S1.);
#5369 = ELLIPSE('',#5370,6.011212122337,6.);
#5370 = AXIS2_PLACEMENT_3D('',#5371,#5372,#5373);
#5371 = CARTESIAN_POINT('',(105.05349519398,-42.,90.));
#5372 = DIRECTION('',(0.998134798422,0.,-6.104853953486E-02));
#5373 = DIRECTION('',(6.104853953486E-02,0.,0.998134798422));
#5374 = PCURVE('',#296,#5375);
#5375 = DEFINITIONAL_REPRESENTATION('',(#5376),#5380);
#5376 = ELLIPSE('',#5377,6.011212122337,6.);
#5377 = AXIS2_PLACEMENT_2D('',#5378,#5379);
#5378 = CARTESIAN_POINT('',(-42.,-40.07474748224));
#5379 = DIRECTION('',(0.,1.));
#5380 = ( GEOMETRIC_REPRESENTATION_CONTEXT(2) 
PARAMETRIC_REPRESENTATION_CONTEXT() REPRESENTATION_CONTEXT('2D SPACE',''
  ) );
#5381 = PCURVE('',#5382,#5387);
#5382 = CYLINDRICAL_SURFACE('',#5383,6.);
#5383 = AXIS2_PLACEMENT_3D('',#5384,#5385,#5386);
#5384 = CARTESIAN_POINT('',(-137.5,-42.,90.));
#5385 = DIRECTION('',(1.,0.,2.22044604925E-16));
#5386 = DIRECTION('',(2.22044604925E-16,0.,-1.));
#5387 = DEFINITIONAL_REPRESENTATION('',(#5388),#5412);
#5388 = B_SPLINE_CURVE_WITH_KNOTS('',8,(#5389,#5390,#5391,#5392,#5393,
    #5394,#5395,#5396,#5397,#5398,#5399,#5400,#5401,#5402,#5403,#5404,
    #5405,#5406,#5407,#5408,#5409,#5410,#5411),.UNSPECIFIED.,.F.,.F.,(9,
    7,7,9),(3.14159265359,4.712388980385,7.068583470577,9.424777960769),
  .UNSPECIFIED.);
#5389 = CARTESIAN_POINT('',(0.,242.18651947307));
#5390 = CARTESIAN_POINT('',(0.196349540849,242.18651947307));
#5391 = CARTESIAN_POINT('',(0.392699081699,242.20268897542));
#5392 = CARTESIAN_POINT('',(0.589048622548,242.23502602548));
#5393 = CARTESIAN_POINT('',(0.785398163398,242.28220668032));
#5394 = CARTESIAN_POINT('',(0.981747704247,242.34156083224));
#5395 = CARTESIAN_POINT('',(1.178097245096,242.40938441618));
#5396 = CARTESIAN_POINT('',(1.374446785946,242.48143967967));
#5397 = CARTESIAN_POINT('',(1.865320638069,242.66157846543));
#5398 = CARTESIAN_POINT('',(2.159844949339,242.76966212817));
#5399 = CARTESIAN_POINT('',(2.454369260631,242.86345579358));
#5400 = CARTESIAN_POINT('',(2.748893571867,242.92868981836));
#5401 = CARTESIAN_POINT('',(3.043417883178,242.95498948323));
#5402 = CARTESIAN_POINT('',(3.337942194435,242.94011370363));
#5403 = CARTESIAN_POINT('',(3.632466505713,242.88941262893));
#5404 = CARTESIAN_POINT('',(4.221515128261,242.73655980058));
#5405 = CARTESIAN_POINT('',(4.516039439533,242.63440749319));
#5406 = CARTESIAN_POINT('',(4.810563750807,242.51663899864));
#5407 = CARTESIAN_POINT('',(5.105088062082,242.39808449056));
#5408 = CARTESIAN_POINT('',(5.399612373363,242.29565712402));
#5409 = CARTESIAN_POINT('',(5.69413668463,242.22290098812));
#5410 = CARTESIAN_POINT('',(5.988660995906,242.18651947307));
#5411 = CARTESIAN_POINT('',(6.28318530718,242.18651947307));
#5412 = ( GEOMETRIC_REPRESENTATION_CONTEXT(2) 
PARAMETRIC_REPRESENTATION_CONTEXT() REPRESENTATION_CONTEXT('2D SPACE',''
  ) );
#5413 = FACE_BOUND('',#5414,.T.);
#5414 = EDGE_LOOP('',(#5415));
#5415 = ORIENTED_EDGE('',*,*,#5416,.F.);
#5416 = EDGE_CURVE('',#5417,#5417,#5419,.T.);
#5417 = VERTEX_POINT('',#5418);
#5418 = CARTESIAN_POINT('',(104.68651947307,-21.,84.));
#5419 = SURFACE_CURVE('',#5420,(#5425,#5432),.PCURVE_S1.);
#5420 = ELLIPSE('',#5421,6.011212122337,6.);
#5421 = AXIS2_PLACEMENT_3D('',#5422,#5423,#5424);
#5422 = CARTESIAN_POINT('',(105.05349519398,-21.,90.));
#5423 = DIRECTION('',(0.998134798422,0.,-6.104853953486E-02));
#5424 = DIRECTION('',(6.104853953486E-02,0.,0.998134798422));
#5425 = PCURVE('',#296,#5426);
#5426 = DEFINITIONAL_REPRESENTATION('',(#5427),#5431);
#5427 = ELLIPSE('',#5428,6.011212122337,6.);
#5428 = AXIS2_PLACEMENT_2D('',#5429,#5430);
#5429 = CARTESIAN_POINT('',(-21.,-40.07474748224));
#5430 = DIRECTION('',(0.,1.));
#5431 = ( GEOMETRIC_REPRESENTATION_CONTEXT(2) 
PARAMETRIC_REPRESENTATION_CONTEXT() REPRESENTATION_CONTEXT('2D SPACE',''
  ) );
#5432 = PCURVE('',#5433,#5438);
#5433 = CYLINDRICAL_SURFACE('',#5434,6.);
#5434 = AXIS2_PLACEMENT_3D('',#5435,#5436,#5437);
#5435 = CARTESIAN_POINT('',(-137.5,-21.,90.));
#5436 = DIRECTION('',(1.,0.,2.22044604925E-16));
#5437 = DIRECTION('',(2.22044604925E-16,0.,-1.));
#5438 = DEFINITIONAL_REPRESENTATION('',(#5439),#5463);
#5439 = B_SPLINE_CURVE_WITH_KNOTS('',8,(#5440,#5441,#5442,#5443,#5444,
    #5445,#5446,#5447,#5448,#5449,#5450,#5451,#5452,#5453,#5454,#5455,
    #5456,#5457,#5458,#5459,#5460,#5461,#5462),.UNSPECIFIED.,.F.,.F.,(9,
    7,7,9),(3.14159265359,4.712388980385,7.068583470577,9.424777960769),
  .UNSPECIFIED.);
#5440 = CARTESIAN_POINT('',(0.,242.18651947307));
#5441 = CARTESIAN_POINT('',(0.196349540849,242.18651947307));
#5442 = CARTESIAN_POINT('',(0.392699081699,242.20268897542));
#5443 = CARTESIAN_POINT('',(0.589048622548,242.23502602548));
#5444 = CARTESIAN_POINT('',(0.785398163398,242.28220668032));
#5445 = CARTESIAN_POINT('',(0.981747704247,242.34156083224));
#5446 = CARTESIAN_POINT('',(1.178097245096,242.40938441618));
#5447 = CARTESIAN_POINT('',(1.374446785946,242.48143967967));
#5448 = CARTESIAN_POINT('',(1.865320638069,242.66157846543));
#5449 = CARTESIAN_POINT('',(2.159844949339,242.76966212817));
#5450 = CARTESIAN_POINT('',(2.454369260631,242.86345579358));
#5451 = CARTESIAN_POINT('',(2.748893571867,242.92868981836));
#5452 = CARTESIAN_POINT('',(3.043417883178,242.95498948323));
#5453 = CARTESIAN_POINT('',(3.337942194435,242.94011370363));
#5454 = CARTESIAN_POINT('',(3.632466505713,242.88941262893));
#5455 = CARTESIAN_POINT('',(4.221515128261,242.73655980058));
#5456 = CARTESIAN_POINT('',(4.516039439538,242.63440749319));
#5457 = CARTESIAN_POINT('',(4.810563750771,242.51663899864));
#5458 = CARTESIAN_POINT('',(5.105088062075,242.39808449056));
#5459 = CARTESIAN_POINT('',(5.39961237333,242.29565712402));
#5460 = CARTESIAN_POINT('',(5.694136684638,242.22290098812));
#5461 = CARTESIAN_POINT('',(5.988660995906,242.18651947307));
#5462 = CARTESIAN_POINT('',(6.28318530718,242.18651947307));
#5463 = ( GEOMETRIC_REPRESENTATION_CONTEXT(2) 
PARAMETRIC_REPRESENTATION_CONTEXT() REPRESENTATION_CONTEXT('2D SPACE',''
  ) );
#5464 = FACE_BOUND('',#5465,.T.);
#5465 = EDGE_LOOP('',(#5466));
#5466 = ORIENTED_EDGE('',*,*,#5467,.F.);
#5467 = EDGE_CURVE('',#5468,#5468,#5470,.T.);
#5468 = VERTEX_POINT('',#5469);
#5469 = CARTESIAN_POINT('',(105.87919056601,-42.,103.5));
#5470 = SURFACE_CURVE('',#5471,(#5476,#5483),.PCURVE_S1.);
#5471 = ELLIPSE('',#5472,7.514015152921,7.5);
#5472 = AXIS2_PLACEMENT_3D('',#5473,#5474,#5475);
#5473 = CARTESIAN_POINT('',(106.33791021714,-42.,111.));
#5474 = DIRECTION('',(0.998134798422,0.,-6.104853953486E-02));
#5475 = DIRECTION('',(6.104853953486E-02,0.,0.998134798422));
#5476 = PCURVE('',#296,#5477);
#5477 = DEFINITIONAL_REPRESENTATION('',(#5478),#5482);
#5478 = ELLIPSE('',#5479,7.514015152921,7.5);
#5479 = AXIS2_PLACEMENT_2D('',#5480,#5481);
#5480 = CARTESIAN_POINT('',(-42.,-19.03550505406));
#5481 = DIRECTION('',(0.,1.));
#5482 = ( GEOMETRIC_REPRESENTATION_CONTEXT(2) 
PARAMETRIC_REPRESENTATION_CONTEXT() REPRESENTATION_CONTEXT('2D SPACE',''
  ) );
#5483 = PCURVE('',#5484,#5489);
#5484 = CYLINDRICAL_SURFACE('',#5485,7.5);
#5485 = AXIS2_PLACEMENT_3D('',#5486,#5487,#5488);
#5486 = CARTESIAN_POINT('',(-137.5,-42.,111.));
#5487 = DIRECTION('',(1.,0.,2.22044604925E-16));
#5488 = DIRECTION('',(2.22044604925E-16,0.,-1.));
#5489 = DEFINITIONAL_REPRESENTATION('',(#5490),#5514);
#5490 = B_SPLINE_CURVE_WITH_KNOTS('',8,(#5491,#5492,#5493,#5494,#5495,
    #5496,#5497,#5498,#5499,#5500,#5501,#5502,#5503,#5504,#5505,#5506,
    #5507,#5508,#5509,#5510,#5511,#5512,#5513),.UNSPECIFIED.,.F.,.F.,(9,
    7,7,9),(3.14159265359,4.712388980385,7.068583470577,9.424777960769),
  .UNSPECIFIED.);
#5491 = CARTESIAN_POINT('',(0.,243.37919056601));
#5492 = CARTESIAN_POINT('',(0.196349540849,243.37919056601));
#5493 = CARTESIAN_POINT('',(0.392699081699,243.39940244394));
#5494 = CARTESIAN_POINT('',(0.589048622548,243.43982375651));
#5495 = CARTESIAN_POINT('',(0.785398163397,243.49879957502));
#5496 = CARTESIAN_POINT('',(0.981747704247,243.5729922649));
#5497 = CARTESIAN_POINT('',(1.178097245096,243.65777174487));
#5498 = CARTESIAN_POINT('',(1.374446785946,243.74784082426));
#5499 = CARTESIAN_POINT('',(1.865320638069,243.97301430645));
#5500 = CARTESIAN_POINT('',(2.159844949338,244.10811888534));
#5501 = CARTESIAN_POINT('',(2.454369260633,244.2253609664));
#5502 = CARTESIAN_POINT('',(2.748893571865,244.30690349941));
#5503 = CARTESIAN_POINT('',(3.04341788318,244.3397780779));
#5504 = CARTESIAN_POINT('',(3.337942194434,244.32118335468));
#5505 = CARTESIAN_POINT('',(3.632466505713,244.25780701083));
#5506 = CARTESIAN_POINT('',(4.221515128261,244.06674097539));
#5507 = CARTESIAN_POINT('',(4.51603943953,243.93905059131));
#5508 = CARTESIAN_POINT('',(4.810563750814,243.79183997307));
#5509 = CARTESIAN_POINT('',(5.105088062082,243.6436468386));
#5510 = CARTESIAN_POINT('',(5.39961237337,243.51561263017));
#5511 = CARTESIAN_POINT('',(5.69413668463,243.42466745976));
#5512 = CARTESIAN_POINT('',(5.988660995906,243.37919056601));
#5513 = CARTESIAN_POINT('',(6.28318530718,243.37919056601));
#5514 = ( GEOMETRIC_REPRESENTATION_CONTEXT(2) 
PARAMETRIC_REPRESENTATION_CONTEXT() REPRESENTATION_CONTEXT('2D SPACE',''
  ) );
#5515 = FACE_BOUND('',#5516,.T.);
#5516 = EDGE_LOOP('',(#5517));
#5517 = ORIENTED_EDGE('',*,*,#5518,.F.);
#5518 = EDGE_CURVE('',#5519,#5519,#5521,.T.);
#5519 = VERTEX_POINT('',#5520);
#5520 = CARTESIAN_POINT('',(105.87919056601,-21.,103.5));
#5521 = SURFACE_CURVE('',#5522,(#5527,#5534),.PCURVE_S1.);
#5522 = ELLIPSE('',#5523,7.514015152921,7.5);
#5523 = AXIS2_PLACEMENT_3D('',#5524,#5525,#5526);
#5524 = CARTESIAN_POINT('',(106.33791021714,-21.,111.));
#5525 = DIRECTION('',(0.998134798422,0.,-6.104853953486E-02));
#5526 = DIRECTION('',(6.104853953486E-02,0.,0.998134798422));
#5527 = PCURVE('',#296,#5528);
#5528 = DEFINITIONAL_REPRESENTATION('',(#5529),#5533);
#5529 = ELLIPSE('',#5530,7.514015152921,7.5);
#5530 = AXIS2_PLACEMENT_2D('',#5531,#5532);
#5531 = CARTESIAN_POINT('',(-21.,-19.03550505406));
#5532 = DIRECTION('',(0.,1.));
#5533 = ( GEOMETRIC_REPRESENTATION_CONTEXT(2) 
PARAMETRIC_REPRESENTATION_CONTEXT() REPRESENTATION_CONTEXT('2D SPACE',''
  ) );
#5534 = PCURVE('',#5535,#5540);
#5535 = CYLINDRICAL_SURFACE('',#5536,7.5);
#5536 = AXIS2_PLACEMENT_3D('',#5537,#5538,#5539);
#5537 = CARTESIAN_POINT('',(-137.5,-21.,111.));
#5538 = DIRECTION('',(1.,0.,2.22044604925E-16));
#5539 = DIRECTION('',(2.22044604925E-16,0.,-1.));
#5540 = DEFINITIONAL_REPRESENTATION('',(#5541),#5565);
#5541 = B_SPLINE_CURVE_WITH_KNOTS('',8,(#5542,#5543,#5544,#5545,#5546,
    #5547,#5548,#5549,#5550,#5551,#5552,#5553,#5554,#5555,#5556,#5557,
    #5558,#5559,#5560,#5561,#5562,#5563,#5564),.UNSPECIFIED.,.F.,.F.,(9,
    7,7,9),(3.14159265359,4.712388980385,7.068583470577,9.424777960769),
  .UNSPECIFIED.);
#5542 = CARTESIAN_POINT('',(-8.881784197001E-16,243.37919056601));
#5543 = CARTESIAN_POINT('',(0.196349540849,243.37919056601));
#5544 = CARTESIAN_POINT('',(0.3926990817,243.39940244394));
#5545 = CARTESIAN_POINT('',(0.589048622549,243.43982375651));
#5546 = CARTESIAN_POINT('',(0.785398163398,243.49879957502));
#5547 = CARTESIAN_POINT('',(0.981747704247,243.5729922649));
#5548 = CARTESIAN_POINT('',(1.178097245097,243.65777174487));
#5549 = CARTESIAN_POINT('',(1.374446785946,243.74784082426));
#5550 = CARTESIAN_POINT('',(1.865320638069,243.97301430645));
#5551 = CARTESIAN_POINT('',(2.159844949333,244.10811888534));
#5552 = CARTESIAN_POINT('',(2.45436926061,244.2253609664));
#5553 = CARTESIAN_POINT('',(2.748893571855,244.30690349941));
#5554 = CARTESIAN_POINT('',(3.043417883183,244.3397780779));
#5555 = CARTESIAN_POINT('',(3.337942194427,244.32118335468));
#5556 = CARTESIAN_POINT('',(3.632466505713,244.25780701083));
#5557 = CARTESIAN_POINT('',(4.221515128261,244.06674097539));
#5558 = CARTESIAN_POINT('',(4.516039439521,243.93905059131));
#5559 = CARTESIAN_POINT('',(4.810563750809,243.79183997307));
#5560 = CARTESIAN_POINT('',(5.105088062065,243.6436468386));
#5561 = CARTESIAN_POINT('',(5.399612373349,243.51561263017));
#5562 = CARTESIAN_POINT('',(5.694136684619,243.42466745976));
#5563 = CARTESIAN_POINT('',(5.988660995906,243.37919056601));
#5564 = CARTESIAN_POINT('',(6.28318530718,243.37919056601));
#5565 = ( GEOMETRIC_REPRESENTATION_CONTEXT(2) 
PARAMETRIC_REPRESENTATION_CONTEXT() REPRESENTATION_CONTEXT('2D SPACE',''
  ) );
#5566 = FACE_BOUND('',#5567,.T.);
#5567 = EDGE_LOOP('',(#5568));
#5568 = ORIENTED_EDGE('',*,*,#5569,.F.);
#5569 = EDGE_CURVE('',#5570,#5570,#5572,.T.);
#5570 = VERTEX_POINT('',#5571);
#5571 = CARTESIAN_POINT('',(104.68651947307,-1.469576158977E-15,84.));
#5572 = SURFACE_CURVE('',#5573,(#5578,#5585),.PCURVE_S1.);
#5573 = ELLIPSE('',#5574,6.011212122337,6.);
#5574 = AXIS2_PLACEMENT_3D('',#5575,#5576,#5577);
#5575 = CARTESIAN_POINT('',(105.05349519398,0.,90.));
#5576 = DIRECTION('',(0.998134798422,0.,-6.104853953486E-02));
#5577 = DIRECTION('',(6.104853953486E-02,0.,0.998134798422));
#5578 = PCURVE('',#296,#5579);
#5579 = DEFINITIONAL_REPRESENTATION('',(#5580),#5584);
#5580 = ELLIPSE('',#5581,6.011212122337,6.);
#5581 = AXIS2_PLACEMENT_2D('',#5582,#5583);
#5582 = CARTESIAN_POINT('',(-1.278976924368E-12,-40.07474748224));
#5583 = DIRECTION('',(0.,1.));
#5584 = ( GEOMETRIC_REPRESENTATION_CONTEXT(2) 
PARAMETRIC_REPRESENTATION_CONTEXT() REPRESENTATION_CONTEXT('2D SPACE',''
  ) );
#5585 = PCURVE('',#5586,#5591);
#5586 = CYLINDRICAL_SURFACE('',#5587,6.);
#5587 = AXIS2_PLACEMENT_3D('',#5588,#5589,#5590);
#5588 = CARTESIAN_POINT('',(-137.5,0.,90.));
#5589 = DIRECTION('',(1.,0.,2.22044604925E-16));
#5590 = DIRECTION('',(2.22044604925E-16,0.,-1.));
#5591 = DEFINITIONAL_REPRESENTATION('',(#5592),#5616);
#5592 = B_SPLINE_CURVE_WITH_KNOTS('',8,(#5593,#5594,#5595,#5596,#5597,
    #5598,#5599,#5600,#5601,#5602,#5603,#5604,#5605,#5606,#5607,#5608,
    #5609,#5610,#5611,#5612,#5613,#5614,#5615),.UNSPECIFIED.,.F.,.F.,(9,
    7,7,9),(3.14159265359,4.712388980385,7.068583470577,9.424777960769),
  .UNSPECIFIED.);
#5593 = CARTESIAN_POINT('',(-8.881784197001E-16,242.18651947307));
#5594 = CARTESIAN_POINT('',(0.196349540849,242.18651947307));
#5595 = CARTESIAN_POINT('',(0.3926990817,242.20268897542));
#5596 = CARTESIAN_POINT('',(0.589048622549,242.23502602548));
#5597 = CARTESIAN_POINT('',(0.785398163398,242.28220668032));
#5598 = CARTESIAN_POINT('',(0.981747704248,242.34156083224));
#5599 = CARTESIAN_POINT('',(1.178097245096,242.40938441618));
#5600 = CARTESIAN_POINT('',(1.374446785946,242.48143967967));
#5601 = CARTESIAN_POINT('',(1.865320638069,242.66157846543));
#5602 = CARTESIAN_POINT('',(2.159844949347,242.76966212817));
#5603 = CARTESIAN_POINT('',(2.454369260581,242.86345579358));
#5604 = CARTESIAN_POINT('',(2.748893571913,242.92868981836));
#5605 = CARTESIAN_POINT('',(3.043417883154,242.95498948323));
#5606 = CARTESIAN_POINT('',(3.337942194442,242.94011370363));
#5607 = CARTESIAN_POINT('',(3.632466505713,242.88941262893));
#5608 = CARTESIAN_POINT('',(4.221515128261,242.73655980058));
#5609 = CARTESIAN_POINT('',(4.516039439523,242.63440749319));
#5610 = CARTESIAN_POINT('',(4.810563750809,242.51663899864));
#5611 = CARTESIAN_POINT('',(5.105088062058,242.39808449056));
#5612 = CARTESIAN_POINT('',(5.399612373342,242.29565712402));
#5613 = CARTESIAN_POINT('',(5.694136684625,242.22290098812));
#5614 = CARTESIAN_POINT('',(5.988660995906,242.18651947307));
#5615 = CARTESIAN_POINT('',(6.28318530718,242.18651947307));
#5616 = ( GEOMETRIC_REPRESENTATION_CONTEXT(2) 
PARAMETRIC_REPRESENTATION_CONTEXT() REPRESENTATION_CONTEXT('2D SPACE',''
  ) );
#5617 = FACE_BOUND('',#5618,.T.);
#5618 = EDGE_LOOP('',(#5619));
#5619 = ORIENTED_EDGE('',*,*,#5620,.F.);
#5620 = EDGE_CURVE('',#5621,#5621,#5623,.T.);
#5621 = VERTEX_POINT('',#5622);
#5622 = CARTESIAN_POINT('',(104.68651947307,21.,84.));
#5623 = SURFACE_CURVE('',#5624,(#5629,#5636),.PCURVE_S1.);
#5624 = ELLIPSE('',#5625,6.011212122337,6.);
#5625 = AXIS2_PLACEMENT_3D('',#5626,#5627,#5628);
#5626 = CARTESIAN_POINT('',(105.05349519398,21.,90.));
#5627 = DIRECTION('',(0.998134798422,0.,-6.104853953486E-02));
#5628 = DIRECTION('',(6.104853953486E-02,0.,0.998134798422));
#5629 = PCURVE('',#296,#5630);
#5630 = DEFINITIONAL_REPRESENTATION('',(#5631),#5635);
#5631 = ELLIPSE('',#5632,6.011212122337,6.);
#5632 = AXIS2_PLACEMENT_2D('',#5633,#5634);
#5633 = CARTESIAN_POINT('',(20.999999999999,-40.07474748224));
#5634 = DIRECTION('',(0.,1.));
#5635 = ( GEOMETRIC_REPRESENTATION_CONTEXT(2) 
PARAMETRIC_REPRESENTATION_CONTEXT() REPRESENTATION_CONTEXT('2D SPACE',''
  ) );
#5636 = PCURVE('',#5637,#5642);
#5637 = CYLINDRICAL_SURFACE('',#5638,6.);
#5638 = AXIS2_PLACEMENT_3D('',#5639,#5640,#5641);
#5639 = CARTESIAN_POINT('',(-137.5,21.,90.));
#5640 = DIRECTION('',(1.,0.,2.22044604925E-16));
#5641 = DIRECTION('',(2.22044604925E-16,0.,-1.));
#5642 = DEFINITIONAL_REPRESENTATION('',(#5643),#5667);
#5643 = B_SPLINE_CURVE_WITH_KNOTS('',8,(#5644,#5645,#5646,#5647,#5648,
    #5649,#5650,#5651,#5652,#5653,#5654,#5655,#5656,#5657,#5658,#5659,
    #5660,#5661,#5662,#5663,#5664,#5665,#5666),.UNSPECIFIED.,.F.,.F.,(9,
    7,7,9),(3.14159265359,4.712388980385,7.068583470577,9.424777960769),
  .UNSPECIFIED.);
#5644 = CARTESIAN_POINT('',(0.,242.18651947307));
#5645 = CARTESIAN_POINT('',(0.196349540849,242.18651947307));
#5646 = CARTESIAN_POINT('',(0.392699081699,242.20268897542));
#5647 = CARTESIAN_POINT('',(0.589048622548,242.23502602548));
#5648 = CARTESIAN_POINT('',(0.785398163398,242.28220668032));
#5649 = CARTESIAN_POINT('',(0.981747704247,242.34156083224));
#5650 = CARTESIAN_POINT('',(1.178097245096,242.40938441618));
#5651 = CARTESIAN_POINT('',(1.374446785946,242.48143967967));
#5652 = CARTESIAN_POINT('',(1.865320638069,242.66157846543));
#5653 = CARTESIAN_POINT('',(2.159844949339,242.76966212817));
#5654 = CARTESIAN_POINT('',(2.454369260631,242.86345579358));
#5655 = CARTESIAN_POINT('',(2.748893571867,242.92868981836));
#5656 = CARTESIAN_POINT('',(3.043417883178,242.95498948323));
#5657 = CARTESIAN_POINT('',(3.337942194435,242.94011370363));
#5658 = CARTESIAN_POINT('',(3.632466505713,242.88941262893));
#5659 = CARTESIAN_POINT('',(4.221515128261,242.73655980058));
#5660 = CARTESIAN_POINT('',(4.516039439538,242.63440749319));
#5661 = CARTESIAN_POINT('',(4.810563750771,242.51663899864));
#5662 = CARTESIAN_POINT('',(5.105088062075,242.39808449056));
#5663 = CARTESIAN_POINT('',(5.39961237333,242.29565712402));
#5664 = CARTESIAN_POINT('',(5.694136684638,242.22290098812));
#5665 = CARTESIAN_POINT('',(5.988660995906,242.18651947307));
#5666 = CARTESIAN_POINT('',(6.28318530718,242.18651947307));
#5667 = ( GEOMETRIC_REPRESENTATION_CONTEXT(2) 
PARAMETRIC_REPRESENTATION_CONTEXT() REPRESENTATION_CONTEXT('2D SPACE',''
  ) );
#5668 = FACE_BOUND('',#5669,.T.);
#5669 = EDGE_LOOP('',(#5670));
#5670 = ORIENTED_EDGE('',*,*,#5671,.F.);
#5671 = EDGE_CURVE('',#5672,#5672,#5674,.T.);
#5672 = VERTEX_POINT('',#5673);
#5673 = CARTESIAN_POINT('',(104.68651947307,42.,84.));
#5674 = SURFACE_CURVE('',#5675,(#5680,#5687),.PCURVE_S1.);
#5675 = ELLIPSE('',#5676,6.011212122337,6.);
#5676 = AXIS2_PLACEMENT_3D('',#5677,#5678,#5679);
#5677 = CARTESIAN_POINT('',(105.05349519398,42.,90.));
#5678 = DIRECTION('',(0.998134798422,0.,-6.104853953486E-02));
#5679 = DIRECTION('',(6.104853953486E-02,0.,0.998134798422));
#5680 = PCURVE('',#296,#5681);
#5681 = DEFINITIONAL_REPRESENTATION('',(#5682),#5686);
#5682 = ELLIPSE('',#5683,6.011212122337,6.);
#5683 = AXIS2_PLACEMENT_2D('',#5684,#5685);
#5684 = CARTESIAN_POINT('',(41.999999999999,-40.07474748224));
#5685 = DIRECTION('',(0.,1.));
#5686 = ( GEOMETRIC_REPRESENTATION_CONTEXT(2) 
PARAMETRIC_REPRESENTATION_CONTEXT() REPRESENTATION_CONTEXT('2D SPACE',''
  ) );
#5687 = PCURVE('',#5688,#5693);
#5688 = CYLINDRICAL_SURFACE('',#5689,6.);
#5689 = AXIS2_PLACEMENT_3D('',#5690,#5691,#5692);
#5690 = CARTESIAN_POINT('',(-137.5,42.,90.));
#5691 = DIRECTION('',(1.,0.,2.22044604925E-16));
#5692 = DIRECTION('',(2.22044604925E-16,0.,-1.));
#5693 = DEFINITIONAL_REPRESENTATION('',(#5694),#5718);
#5694 = B_SPLINE_CURVE_WITH_KNOTS('',8,(#5695,#5696,#5697,#5698,#5699,
    #5700,#5701,#5702,#5703,#5704,#5705,#5706,#5707,#5708,#5709,#5710,
    #5711,#5712,#5713,#5714,#5715,#5716,#5717),.UNSPECIFIED.,.F.,.F.,(9,
    7,7,9),(3.14159265359,4.712388980385,7.068583470577,9.424777960769),
  .UNSPECIFIED.);
#5695 = CARTESIAN_POINT('',(0.,242.18651947307));
#5696 = CARTESIAN_POINT('',(0.196349540849,242.18651947307));
#5697 = CARTESIAN_POINT('',(0.392699081699,242.20268897542));
#5698 = CARTESIAN_POINT('',(0.589048622548,242.23502602548));
#5699 = CARTESIAN_POINT('',(0.785398163398,242.28220668032));
#5700 = CARTESIAN_POINT('',(0.981747704247,242.34156083224));
#5701 = CARTESIAN_POINT('',(1.178097245096,242.40938441618));
#5702 = CARTESIAN_POINT('',(1.374446785946,242.48143967967));
#5703 = CARTESIAN_POINT('',(1.865320638069,242.66157846543));
#5704 = CARTESIAN_POINT('',(2.159844949339,242.76966212817));
#5705 = CARTESIAN_POINT('',(2.454369260631,242.86345579358));
#5706 = CARTESIAN_POINT('',(2.748893571867,242.92868981836));
#5707 = CARTESIAN_POINT('',(3.043417883178,242.95498948323));
#5708 = CARTESIAN_POINT('',(3.337942194435,242.94011370363));
#5709 = CARTESIAN_POINT('',(3.632466505713,242.88941262893));
#5710 = CARTESIAN_POINT('',(4.221515128261,242.73655980058));
#5711 = CARTESIAN_POINT('',(4.516039439533,242.63440749319));
#5712 = CARTESIAN_POINT('',(4.810563750807,242.51663899864));
#5713 = CARTESIAN_POINT('',(5.105088062082,242.39808449056));
#5714 = CARTESIAN_POINT('',(5.399612373363,242.29565712402));
#5715 = CARTESIAN_POINT('',(5.69413668463,242.22290098812));
#5716 = CARTESIAN_POINT('',(5.988660995906,242.18651947307));
#5717 = CARTESIAN_POINT('',(6.28318530718,242.18651947307));
#5718 = ( GEOMETRIC_REPRESENTATION_CONTEXT(2) 
PARAMETRIC_REPRESENTATION_CONTEXT() REPRESENTATION_CONTEXT('2D SPACE',''
  ) );
#5719 = FACE_BOUND('',#5720,.T.);
#5720 = EDGE_LOOP('',(#5721));
#5721 = ORIENTED_EDGE('',*,*,#5722,.F.);
#5722 = EDGE_CURVE('',#5723,#5723,#5725,.T.);
#5723 = VERTEX_POINT('',#5724);
#5724 = CARTESIAN_POINT('',(105.87919056601,-1.836970198721E-15,103.5));
#5725 = SURFACE_CURVE('',#5726,(#5731,#5738),.PCURVE_S1.);
#5726 = ELLIPSE('',#5727,7.514015152921,7.5);
#5727 = AXIS2_PLACEMENT_3D('',#5728,#5729,#5730);
#5728 = CARTESIAN_POINT('',(106.33791021714,0.,111.));
#5729 = DIRECTION('',(0.998134798422,0.,-6.104853953486E-02));
#5730 = DIRECTION('',(6.104853953486E-02,0.,0.998134798422));
#5731 = PCURVE('',#296,#5732);
#5732 = DEFINITIONAL_REPRESENTATION('',(#5733),#5737);
#5733 = ELLIPSE('',#5734,7.514015152921,7.5);
#5734 = AXIS2_PLACEMENT_2D('',#5735,#5736);
#5735 = CARTESIAN_POINT('',(-1.278976924368E-12,-19.03550505406));
#5736 = DIRECTION('',(0.,1.));
#5737 = ( GEOMETRIC_REPRESENTATION_CONTEXT(2) 
PARAMETRIC_REPRESENTATION_CONTEXT() REPRESENTATION_CONTEXT('2D SPACE',''
  ) );
#5738 = PCURVE('',#5739,#5744);
#5739 = CYLINDRICAL_SURFACE('',#5740,7.5);
#5740 = AXIS2_PLACEMENT_3D('',#5741,#5742,#5743);
#5741 = CARTESIAN_POINT('',(-137.5,0.,111.));
#5742 = DIRECTION('',(1.,0.,2.22044604925E-16));
#5743 = DIRECTION('',(2.22044604925E-16,0.,-1.));
#5744 = DEFINITIONAL_REPRESENTATION('',(#5745),#5769);
#5745 = B_SPLINE_CURVE_WITH_KNOTS('',8,(#5746,#5747,#5748,#5749,#5750,
    #5751,#5752,#5753,#5754,#5755,#5756,#5757,#5758,#5759,#5760,#5761,
    #5762,#5763,#5764,#5765,#5766,#5767,#5768),.UNSPECIFIED.,.F.,.F.,(9,
    7,7,9),(3.14159265359,4.712388980385,7.068583470577,9.424777960769),
  .UNSPECIFIED.);
#5746 = CARTESIAN_POINT('',(-8.881784197001E-16,243.37919056601));
#5747 = CARTESIAN_POINT('',(0.196349540849,243.37919056601));
#5748 = CARTESIAN_POINT('',(0.3926990817,243.39940244394));
#5749 = CARTESIAN_POINT('',(0.589048622549,243.43982375651));
#5750 = CARTESIAN_POINT('',(0.785398163398,243.49879957502));
#5751 = CARTESIAN_POINT('',(0.981747704247,243.5729922649));
#5752 = CARTESIAN_POINT('',(1.178097245097,243.65777174487));
#5753 = CARTESIAN_POINT('',(1.374446785946,243.74784082426));
#5754 = CARTESIAN_POINT('',(1.865320638069,243.97301430645));
#5755 = CARTESIAN_POINT('',(2.159844949333,244.10811888534));
#5756 = CARTESIAN_POINT('',(2.45436926061,244.2253609664));
#5757 = CARTESIAN_POINT('',(2.748893571855,244.30690349941));
#5758 = CARTESIAN_POINT('',(3.043417883183,244.3397780779));
#5759 = CARTESIAN_POINT('',(3.337942194427,244.32118335468));
#5760 = CARTESIAN_POINT('',(3.632466505713,244.25780701083));
#5761 = CARTESIAN_POINT('',(4.221515128261,244.06674097539));
#5762 = CARTESIAN_POINT('',(4.516039439521,243.93905059131));
#5763 = CARTESIAN_POINT('',(4.810563750809,243.79183997307));
#5764 = CARTESIAN_POINT('',(5.105088062065,243.6436468386));
#5765 = CARTESIAN_POINT('',(5.399612373349,243.51561263017));
#5766 = CARTESIAN_POINT('',(5.694136684619,243.42466745976));
#5767 = CARTESIAN_POINT('',(5.988660995906,243.37919056601));
#5768 = CARTESIAN_POINT('',(6.28318530718,243.37919056601));
#5769 = ( GEOMETRIC_REPRESENTATION_CONTEXT(2) 
PARAMETRIC_REPRESENTATION_CONTEXT() REPRESENTATION_CONTEXT('2D SPACE',''
  ) );
#5770 = FACE_BOUND('',#5771,.T.);
#5771 = EDGE_LOOP('',(#5772));
#5772 = ORIENTED_EDGE('',*,*,#5773,.F.);
#5773 = EDGE_CURVE('',#5774,#5774,#5776,.T.);
#5774 = VERTEX_POINT('',#5775);
#5775 = CARTESIAN_POINT('',(105.87919056601,21.,103.5));
#5776 = SURFACE_CURVE('',#5777,(#5782,#5789),.PCURVE_S1.);
#5777 = ELLIPSE('',#5778,7.514015152921,7.5);
#5778 = AXIS2_PLACEMENT_3D('',#5779,#5780,#5781);
#5779 = CARTESIAN_POINT('',(106.33791021714,21.,111.));
#5780 = DIRECTION('',(0.998134798422,0.,-6.104853953486E-02));
#5781 = DIRECTION('',(6.104853953486E-02,0.,0.998134798422));
#5782 = PCURVE('',#296,#5783);
#5783 = DEFINITIONAL_REPRESENTATION('',(#5784),#5788);
#5784 = ELLIPSE('',#5785,7.514015152921,7.5);
#5785 = AXIS2_PLACEMENT_2D('',#5786,#5787);
#5786 = CARTESIAN_POINT('',(20.999999999999,-19.03550505406));
#5787 = DIRECTION('',(0.,1.));
#5788 = ( GEOMETRIC_REPRESENTATION_CONTEXT(2) 
PARAMETRIC_REPRESENTATION_CONTEXT() REPRESENTATION_CONTEXT('2D SPACE',''
  ) );
#5789 = PCURVE('',#5790,#5795);
#5790 = CYLINDRICAL_SURFACE('',#5791,7.5);
#5791 = AXIS2_PLACEMENT_3D('',#5792,#5793,#5794);
#5792 = CARTESIAN_POINT('',(-137.5,21.,111.));
#5793 = DIRECTION('',(1.,0.,2.22044604925E-16));
#5794 = DIRECTION('',(2.22044604925E-16,0.,-1.));
#5795 = DEFINITIONAL_REPRESENTATION('',(#5796),#5820);
#5796 = B_SPLINE_CURVE_WITH_KNOTS('',8,(#5797,#5798,#5799,#5800,#5801,
    #5802,#5803,#5804,#5805,#5806,#5807,#5808,#5809,#5810,#5811,#5812,
    #5813,#5814,#5815,#5816,#5817,#5818,#5819),.UNSPECIFIED.,.F.,.F.,(9,
    7,7,9),(3.14159265359,4.712388980385,7.068583470577,9.424777960769),
  .UNSPECIFIED.);
#5797 = CARTESIAN_POINT('',(-8.881784197001E-16,243.37919056601));
#5798 = CARTESIAN_POINT('',(0.196349540849,243.37919056601));
#5799 = CARTESIAN_POINT('',(0.3926990817,243.39940244394));
#5800 = CARTESIAN_POINT('',(0.589048622549,243.43982375651));
#5801 = CARTESIAN_POINT('',(0.785398163398,243.49879957502));
#5802 = CARTESIAN_POINT('',(0.981747704247,243.5729922649));
#5803 = CARTESIAN_POINT('',(1.178097245097,243.65777174487));
#5804 = CARTESIAN_POINT('',(1.374446785946,243.74784082426));
#5805 = CARTESIAN_POINT('',(1.865320638069,243.97301430645));
#5806 = CARTESIAN_POINT('',(2.159844949333,244.10811888534));
#5807 = CARTESIAN_POINT('',(2.45436926061,244.2253609664));
#5808 = CARTESIAN_POINT('',(2.748893571855,244.30690349941));
#5809 = CARTESIAN_POINT('',(3.043417883183,244.3397780779));
#5810 = CARTESIAN_POINT('',(3.337942194427,244.32118335468));
#5811 = CARTESIAN_POINT('',(3.632466505713,244.25780701083));
#5812 = CARTESIAN_POINT('',(4.221515128261,244.06674097539));
#5813 = CARTESIAN_POINT('',(4.516039439521,243.93905059131));
#5814 = CARTESIAN_POINT('',(4.810563750809,243.79183997307));
#5815 = CARTESIAN_POINT('',(5.105088062065,243.6436468386));
#5816 = CARTESIAN_POINT('',(5.399612373349,243.51561263017));
#5817 = CARTESIAN_POINT('',(5.694136684619,243.42466745976));
#5818 = CARTESIAN_POINT('',(5.988660995906,243.37919056601));
#5819 = CARTESIAN_POINT('',(6.28318530718,243.37919056601));
#5820 = ( GEOMETRIC_REPRESENTATION_CONTEXT(2) 
PARAMETRIC_REPRESENTATION_CONTEXT() REPRESENTATION_CONTEXT('2D SPACE',''
  ) );
#5821 = FACE_BOUND('',#5822,.T.);
#5822 = EDGE_LOOP('',(#5823));
#5823 = ORIENTED_EDGE('',*,*,#5824,.F.);
#5824 = EDGE_CURVE('',#5825,#5825,#5827,.T.);
#5825 = VERTEX_POINT('',#5826);
#5826 = CARTESIAN_POINT('',(105.87919056601,42.,103.5));
#5827 = SURFACE_CURVE('',#5828,(#5833,#5840),.PCURVE_S1.);
#5828 = ELLIPSE('',#5829,7.514015152921,7.5);
#5829 = AXIS2_PLACEMENT_3D('',#5830,#5831,#5832);
#5830 = CARTESIAN_POINT('',(106.33791021714,42.,111.));
#5831 = DIRECTION('',(0.998134798422,0.,-6.104853953486E-02));
#5832 = DIRECTION('',(6.104853953486E-02,0.,0.998134798422));
#5833 = PCURVE('',#296,#5834);
#5834 = DEFINITIONAL_REPRESENTATION('',(#5835),#5839);
#5835 = ELLIPSE('',#5836,7.514015152921,7.5);
#5836 = AXIS2_PLACEMENT_2D('',#5837,#5838);
#5837 = CARTESIAN_POINT('',(41.999999999999,-19.03550505406));
#5838 = DIRECTION('',(0.,1.));
#5839 = ( GEOMETRIC_REPRESENTATION_CONTEXT(2) 
PARAMETRIC_REPRESENTATION_CONTEXT() REPRESENTATION_CONTEXT('2D SPACE',''
  ) );
#5840 = PCURVE('',#5841,#5846);
#5841 = CYLINDRICAL_SURFACE('',#5842,7.5);
#5842 = AXIS2_PLACEMENT_3D('',#5843,#5844,#5845);
#5843 = CARTESIAN_POINT('',(-137.5,42.,111.));
#5844 = DIRECTION('',(1.,0.,2.22044604925E-16));
#5845 = DIRECTION('',(2.22044604925E-16,0.,-1.));
#5846 = DEFINITIONAL_REPRESENTATION('',(#5847),#5871);
#5847 = B_SPLINE_CURVE_WITH_KNOTS('',8,(#5848,#5849,#5850,#5851,#5852,
    #5853,#5854,#5855,#5856,#5857,#5858,#5859,#5860,#5861,#5862,#5863,
    #5864,#5865,#5866,#5867,#5868,#5869,#5870),.UNSPECIFIED.,.F.,.F.,(9,
    7,7,9),(3.14159265359,4.712388980385,7.068583470577,9.424777960769),
  .UNSPECIFIED.);
#5848 = CARTESIAN_POINT('',(0.,243.37919056601));
#5849 = CARTESIAN_POINT('',(0.196349540849,243.37919056601));
#5850 = CARTESIAN_POINT('',(0.392699081699,243.39940244394));
#5851 = CARTESIAN_POINT('',(0.589048622548,243.43982375651));
#5852 = CARTESIAN_POINT('',(0.785398163397,243.49879957502));
#5853 = CARTESIAN_POINT('',(0.981747704247,243.5729922649));
#5854 = CARTESIAN_POINT('',(1.178097245096,243.65777174487));
#5855 = CARTESIAN_POINT('',(1.374446785946,243.74784082426));
#5856 = CARTESIAN_POINT('',(1.865320638069,243.97301430645));
#5857 = CARTESIAN_POINT('',(2.159844949338,244.10811888534));
#5858 = CARTESIAN_POINT('',(2.454369260633,244.2253609664));
#5859 = CARTESIAN_POINT('',(2.748893571865,244.30690349941));
#5860 = CARTESIAN_POINT('',(3.04341788318,244.3397780779));
#5861 = CARTESIAN_POINT('',(3.337942194434,244.32118335468));
#5862 = CARTESIAN_POINT('',(3.632466505713,244.25780701083));
#5863 = CARTESIAN_POINT('',(4.221515128261,244.06674097539));
#5864 = CARTESIAN_POINT('',(4.51603943953,243.93905059131));
#5865 = CARTESIAN_POINT('',(4.810563750814,243.79183997307));
#5866 = CARTESIAN_POINT('',(5.105088062082,243.6436468386));
#5867 = CARTESIAN_POINT('',(5.39961237337,243.51561263017));
#5868 = CARTESIAN_POINT('',(5.69413668463,243.42466745976));
#5869 = CARTESIAN_POINT('',(5.988660995906,243.37919056601));
#5870 = CARTESIAN_POINT('',(6.28318530718,243.37919056601));
#5871 = ( GEOMETRIC_REPRESENTATION_CONTEXT(2) 
PARAMETRIC_REPRESENTATION_CONTEXT() REPRESENTATION_CONTEXT('2D SPACE',''
  ) );
#5872 = ADVANCED_FACE('',(#5873),#352,.T.);
#5873 = FACE_BOUND('',#5874,.T.);
#5874 = EDGE_LOOP('',(#5875,#5898,#5899,#5900));
#5875 = ORIENTED_EDGE('',*,*,#5876,.F.);
#5876 = EDGE_CURVE('',#309,#5877,#5879,.T.);
#5877 = VERTEX_POINT('',#5878);
#5878 = CARTESIAN_POINT('',(107.5,68.,6.));
#5879 = SURFACE_CURVE('',#5880,(#5884,#5891),.PCURVE_S1.);
#5880 = LINE('',#5881,#5882);
#5881 = CARTESIAN_POINT('',(107.5,68.,0.));
#5882 = VECTOR('',#5883,1.);
#5883 = DIRECTION('',(0.,0.,1.));
#5884 = PCURVE('',#352,#5885);
#5885 = DEFINITIONAL_REPRESENTATION('',(#5886),#5890);
#5886 = LINE('',#5887,#5888);
#5887 = CARTESIAN_POINT('',(0.,0.));
#5888 = VECTOR('',#5889,1.);
#5889 = DIRECTION('',(1.,0.));
#5890 = ( GEOMETRIC_REPRESENTATION_CONTEXT(2) 
PARAMETRIC_REPRESENTATION_CONTEXT() REPRESENTATION_CONTEXT('2D SPACE',''
  ) );
#5891 = PCURVE('',#324,#5892);
#5892 = DEFINITIONAL_REPRESENTATION('',(#5893),#5897);
#5893 = LINE('',#5894,#5895);
#5894 = CARTESIAN_POINT('',(0.,32.));
#5895 = VECTOR('',#5896,1.);
#5896 = DIRECTION('',(1.,0.));
#5897 = ( GEOMETRIC_REPRESENTATION_CONTEXT(2) 
PARAMETRIC_REPRESENTATION_CONTEXT() REPRESENTATION_CONTEXT('2D SPACE',''
  ) );
#5898 = ORIENTED_EDGE('',*,*,#336,.T.);
#5899 = ORIENTED_EDGE('',*,*,#4617,.T.);
#5900 = ORIENTED_EDGE('',*,*,#5901,.F.);
#5901 = EDGE_CURVE('',#5877,#4595,#5902,.T.);
#5902 = SURFACE_CURVE('',#5903,(#5907,#5914),.PCURVE_S1.);
#5903 = LINE('',#5904,#5905);
#5904 = CARTESIAN_POINT('',(107.5,68.,6.));
#5905 = VECTOR('',#5906,1.);
#5906 = DIRECTION('',(-0.,1.,0.));
#5907 = PCURVE('',#352,#5908);
#5908 = DEFINITIONAL_REPRESENTATION('',(#5909),#5913);
#5909 = LINE('',#5910,#5911);
#5910 = CARTESIAN_POINT('',(6.,0.));
#5911 = VECTOR('',#5912,1.);
#5912 = DIRECTION('',(0.,-1.));
#5913 = ( GEOMETRIC_REPRESENTATION_CONTEXT(2) 
PARAMETRIC_REPRESENTATION_CONTEXT() REPRESENTATION_CONTEXT('2D SPACE',''
  ) );
#5914 = PCURVE('',#3182,#5915);
#5915 = DEFINITIONAL_REPRESENTATION('',(#5916),#5920);
#5916 = LINE('',#5917,#5918);
#5917 = CARTESIAN_POINT('',(32.,0.));
#5918 = VECTOR('',#5919,1.);
#5919 = DIRECTION('',(0.,1.));
#5920 = ( GEOMETRIC_REPRESENTATION_CONTEXT(2) 
PARAMETRIC_REPRESENTATION_CONTEXT() REPRESENTATION_CONTEXT('2D SPACE',''
  ) );
#5921 = ADVANCED_FACE('',(#5922),#324,.F.);
#5922 = FACE_BOUND('',#5923,.F.);
#5923 = EDGE_LOOP('',(#5924,#5925,#5926,#5947));
#5924 = ORIENTED_EDGE('',*,*,#308,.F.);
#5925 = ORIENTED_EDGE('',*,*,#4713,.T.);
#5926 = ORIENTED_EDGE('',*,*,#5927,.T.);
#5927 = EDGE_CURVE('',#4714,#5877,#5928,.T.);
#5928 = SURFACE_CURVE('',#5929,(#5933,#5940),.PCURVE_S1.);
#5929 = LINE('',#5930,#5931);
#5930 = CARTESIAN_POINT('',(75.5,68.,6.));
#5931 = VECTOR('',#5932,1.);
#5932 = DIRECTION('',(1.,0.,-0.));
#5933 = PCURVE('',#324,#5934);
#5934 = DEFINITIONAL_REPRESENTATION('',(#5935),#5939);
#5935 = LINE('',#5936,#5937);
#5936 = CARTESIAN_POINT('',(6.,0.));
#5937 = VECTOR('',#5938,1.);
#5938 = DIRECTION('',(0.,1.));
#5939 = ( GEOMETRIC_REPRESENTATION_CONTEXT(2) 
PARAMETRIC_REPRESENTATION_CONTEXT() REPRESENTATION_CONTEXT('2D SPACE',''
  ) );
#5940 = PCURVE('',#3182,#5941);
#5941 = DEFINITIONAL_REPRESENTATION('',(#5942),#5946);
#5942 = LINE('',#5943,#5944);
#5943 = CARTESIAN_POINT('',(0.,0.));
#5944 = VECTOR('',#5945,1.);
#5945 = DIRECTION('',(1.,0.));
#5946 = ( GEOMETRIC_REPRESENTATION_CONTEXT(2) 
PARAMETRIC_REPRESENTATION_CONTEXT() REPRESENTATION_CONTEXT('2D SPACE',''
  ) );
#5947 = ORIENTED_EDGE('',*,*,#5876,.F.);
#5948 = ADVANCED_FACE('',(#5949),#606,.T.);
#5949 = FACE_BOUND('',#5950,.T.);
#5950 = EDGE_LOOP('',(#5951,#5974,#5975,#5998));
#5951 = ORIENTED_EDGE('',*,*,#5952,.F.);
#5952 = EDGE_CURVE('',#589,#5953,#5955,.T.);
#5953 = VERTEX_POINT('',#5954);
#5954 = CARTESIAN_POINT('',(-77.5,-46.,4.4));
#5955 = SURFACE_CURVE('',#5956,(#5960,#5967),.PCURVE_S1.);
#5956 = LINE('',#5957,#5958);
#5957 = CARTESIAN_POINT('',(-77.5,-46.,-1.6));
#5958 = VECTOR('',#5959,1.);
#5959 = DIRECTION('',(0.,0.,1.));
#5960 = PCURVE('',#606,#5961);
#5961 = DEFINITIONAL_REPRESENTATION('',(#5962),#5966);
#5962 = LINE('',#5963,#5964);
#5963 = CARTESIAN_POINT('',(0.,28.));
#5964 = VECTOR('',#5965,1.);
#5965 = DIRECTION('',(1.,0.));
#5966 = ( GEOMETRIC_REPRESENTATION_CONTEXT(2) 
PARAMETRIC_REPRESENTATION_CONTEXT() REPRESENTATION_CONTEXT('2D SPACE',''
  ) );
#5967 = PCURVE('',#685,#5968);
#5968 = DEFINITIONAL_REPRESENTATION('',(#5969),#5973);
#5969 = LINE('',#5970,#5971);
#5970 = CARTESIAN_POINT('',(0.,0.));
#5971 = VECTOR('',#5972,1.);
#5972 = DIRECTION('',(1.,0.));
#5973 = ( GEOMETRIC_REPRESENTATION_CONTEXT(2) 
PARAMETRIC_REPRESENTATION_CONTEXT() REPRESENTATION_CONTEXT('2D SPACE',''
  ) );
#5974 = ORIENTED_EDGE('',*,*,#588,.T.);
#5975 = ORIENTED_EDGE('',*,*,#5976,.T.);
#5976 = EDGE_CURVE('',#591,#5977,#5979,.T.);
#5977 = VERTEX_POINT('',#5978);
#5978 = CARTESIAN_POINT('',(-105.5,-46.,4.4));
#5979 = SURFACE_CURVE('',#5980,(#5984,#5991),.PCURVE_S1.);
#5980 = LINE('',#5981,#5982);
#5981 = CARTESIAN_POINT('',(-105.5,-46.,-1.6));
#5982 = VECTOR('',#5983,1.);
#5983 = DIRECTION('',(0.,0.,1.));
#5984 = PCURVE('',#606,#5985);
#5985 = DEFINITIONAL_REPRESENTATION('',(#5986),#5990);
#5986 = LINE('',#5987,#5988);
#5987 = CARTESIAN_POINT('',(0.,0.));
#5988 = VECTOR('',#5989,1.);
#5989 = DIRECTION('',(1.,0.));
#5990 = ( GEOMETRIC_REPRESENTATION_CONTEXT(2) 
PARAMETRIC_REPRESENTATION_CONTEXT() REPRESENTATION_CONTEXT('2D SPACE',''
  ) );
#5991 = PCURVE('',#633,#5992);
#5992 = DEFINITIONAL_REPRESENTATION('',(#5993),#5997);
#5993 = LINE('',#5994,#5995);
#5994 = CARTESIAN_POINT('',(0.,0.));
#5995 = VECTOR('',#5996,1.);
#5996 = DIRECTION('',(1.,0.));
#5997 = ( GEOMETRIC_REPRESENTATION_CONTEXT(2) 
PARAMETRIC_REPRESENTATION_CONTEXT() REPRESENTATION_CONTEXT('2D SPACE',''
  ) );
#5998 = ORIENTED_EDGE('',*,*,#5999,.T.);
#5999 = EDGE_CURVE('',#5977,#5953,#6000,.T.);
#6000 = SURFACE_CURVE('',#6001,(#6005,#6012),.PCURVE_S1.);
#6001 = LINE('',#6002,#6003);
#6002 = CARTESIAN_POINT('',(-105.5,-46.,4.4));
#6003 = VECTOR('',#6004,1.);
#6004 = DIRECTION('',(1.,0.,-0.));
#6005 = PCURVE('',#606,#6006);
#6006 = DEFINITIONAL_REPRESENTATION('',(#6007),#6011);
#6007 = LINE('',#6008,#6009);
#6008 = CARTESIAN_POINT('',(6.,0.));
#6009 = VECTOR('',#6010,1.);
#6010 = DIRECTION('',(0.,1.));
#6011 = ( GEOMETRIC_REPRESENTATION_CONTEXT(2) 
PARAMETRIC_REPRESENTATION_CONTEXT() REPRESENTATION_CONTEXT('2D SPACE',''
  ) );
#6012 = PCURVE('',#6013,#6018);
#6013 = PLANE('',#6014);
#6014 = AXIS2_PLACEMENT_3D('',#6015,#6016,#6017);
#6015 = CARTESIAN_POINT('',(-105.5,-46.,4.4));
#6016 = DIRECTION('',(0.,0.,1.));
#6017 = DIRECTION('',(1.,0.,-0.));
#6018 = DEFINITIONAL_REPRESENTATION('',(#6019),#6023);
#6019 = LINE('',#6020,#6021);
#6020 = CARTESIAN_POINT('',(0.,0.));
#6021 = VECTOR('',#6022,1.);
#6022 = DIRECTION('',(1.,0.));
#6023 = ( GEOMETRIC_REPRESENTATION_CONTEXT(2) 
PARAMETRIC_REPRESENTATION_CONTEXT() REPRESENTATION_CONTEXT('2D SPACE',''
  ) );
#6024 = ADVANCED_FACE('',(#6025),#685,.F.);
#6025 = FACE_BOUND('',#6026,.F.);
#6026 = EDGE_LOOP('',(#6027,#6028,#6029,#6052));
#6027 = ORIENTED_EDGE('',*,*,#5952,.F.);
#6028 = ORIENTED_EDGE('',*,*,#671,.T.);
#6029 = ORIENTED_EDGE('',*,*,#6030,.T.);
#6030 = EDGE_CURVE('',#645,#6031,#6033,.T.);
#6031 = VERTEX_POINT('',#6032);
#6032 = CARTESIAN_POINT('',(-77.5,-18.,4.4));
#6033 = SURFACE_CURVE('',#6034,(#6038,#6045),.PCURVE_S1.);
#6034 = LINE('',#6035,#6036);
#6035 = CARTESIAN_POINT('',(-77.5,-18.,-1.6));
#6036 = VECTOR('',#6037,1.);
#6037 = DIRECTION('',(0.,0.,1.));
#6038 = PCURVE('',#685,#6039);
#6039 = DEFINITIONAL_REPRESENTATION('',(#6040),#6044);
#6040 = LINE('',#6041,#6042);
#6041 = CARTESIAN_POINT('',(0.,-28.));
#6042 = VECTOR('',#6043,1.);
#6043 = DIRECTION('',(1.,0.));
#6044 = ( GEOMETRIC_REPRESENTATION_CONTEXT(2) 
PARAMETRIC_REPRESENTATION_CONTEXT() REPRESENTATION_CONTEXT('2D SPACE',''
  ) );
#6045 = PCURVE('',#660,#6046);
#6046 = DEFINITIONAL_REPRESENTATION('',(#6047),#6051);
#6047 = LINE('',#6048,#6049);
#6048 = CARTESIAN_POINT('',(0.,28.));
#6049 = VECTOR('',#6050,1.);
#6050 = DIRECTION('',(1.,0.));
#6051 = ( GEOMETRIC_REPRESENTATION_CONTEXT(2) 
PARAMETRIC_REPRESENTATION_CONTEXT() REPRESENTATION_CONTEXT('2D SPACE',''
  ) );
#6052 = ORIENTED_EDGE('',*,*,#6053,.F.);
#6053 = EDGE_CURVE('',#5953,#6031,#6054,.T.);
#6054 = SURFACE_CURVE('',#6055,(#6059,#6066),.PCURVE_S1.);
#6055 = LINE('',#6056,#6057);
#6056 = CARTESIAN_POINT('',(-77.5,-46.,4.4));
#6057 = VECTOR('',#6058,1.);
#6058 = DIRECTION('',(-0.,1.,0.));
#6059 = PCURVE('',#685,#6060);
#6060 = DEFINITIONAL_REPRESENTATION('',(#6061),#6065);
#6061 = LINE('',#6062,#6063);
#6062 = CARTESIAN_POINT('',(6.,0.));
#6063 = VECTOR('',#6064,1.);
#6064 = DIRECTION('',(0.,-1.));
#6065 = ( GEOMETRIC_REPRESENTATION_CONTEXT(2) 
PARAMETRIC_REPRESENTATION_CONTEXT() REPRESENTATION_CONTEXT('2D SPACE',''
  ) );
#6066 = PCURVE('',#6013,#6067);
#6067 = DEFINITIONAL_REPRESENTATION('',(#6068),#6072);
#6068 = LINE('',#6069,#6070);
#6069 = CARTESIAN_POINT('',(28.,0.));
#6070 = VECTOR('',#6071,1.);
#6071 = DIRECTION('',(0.,1.));
#6072 = ( GEOMETRIC_REPRESENTATION_CONTEXT(2) 
PARAMETRIC_REPRESENTATION_CONTEXT() REPRESENTATION_CONTEXT('2D SPACE',''
  ) );
#6073 = ADVANCED_FACE('',(#6074),#633,.T.);
#6074 = FACE_BOUND('',#6075,.T.);
#6075 = EDGE_LOOP('',(#6076,#6077,#6078,#6101));
#6076 = ORIENTED_EDGE('',*,*,#5976,.F.);
#6077 = ORIENTED_EDGE('',*,*,#617,.T.);
#6078 = ORIENTED_EDGE('',*,*,#6079,.T.);
#6079 = EDGE_CURVE('',#618,#6080,#6082,.T.);
#6080 = VERTEX_POINT('',#6081);
#6081 = CARTESIAN_POINT('',(-105.5,-18.,4.4));
#6082 = SURFACE_CURVE('',#6083,(#6087,#6094),.PCURVE_S1.);
#6083 = LINE('',#6084,#6085);
#6084 = CARTESIAN_POINT('',(-105.5,-18.,-1.6));
#6085 = VECTOR('',#6086,1.);
#6086 = DIRECTION('',(0.,0.,1.));
#6087 = PCURVE('',#633,#6088);
#6088 = DEFINITIONAL_REPRESENTATION('',(#6089),#6093);
#6089 = LINE('',#6090,#6091);
#6090 = CARTESIAN_POINT('',(0.,-28.));
#6091 = VECTOR('',#6092,1.);
#6092 = DIRECTION('',(1.,0.));
#6093 = ( GEOMETRIC_REPRESENTATION_CONTEXT(2) 
PARAMETRIC_REPRESENTATION_CONTEXT() REPRESENTATION_CONTEXT('2D SPACE',''
  ) );
#6094 = PCURVE('',#660,#6095);
#6095 = DEFINITIONAL_REPRESENTATION('',(#6096),#6100);
#6096 = LINE('',#6097,#6098);
#6097 = CARTESIAN_POINT('',(0.,0.));
#6098 = VECTOR('',#6099,1.);
#6099 = DIRECTION('',(1.,0.));
#6100 = ( GEOMETRIC_REPRESENTATION_CONTEXT(2) 
PARAMETRIC_REPRESENTATION_CONTEXT() REPRESENTATION_CONTEXT('2D SPACE',''
  ) );
#6101 = ORIENTED_EDGE('',*,*,#6102,.F.);
#6102 = EDGE_CURVE('',#5977,#6080,#6103,.T.);
#6103 = SURFACE_CURVE('',#6104,(#6108,#6115),.PCURVE_S1.);
#6104 = LINE('',#6105,#6106);
#6105 = CARTESIAN_POINT('',(-105.5,-46.,4.4));
#6106 = VECTOR('',#6107,1.);
#6107 = DIRECTION('',(-0.,1.,0.));
#6108 = PCURVE('',#633,#6109);
#6109 = DEFINITIONAL_REPRESENTATION('',(#6110),#6114);
#6110 = LINE('',#6111,#6112);
#6111 = CARTESIAN_POINT('',(6.,0.));
#6112 = VECTOR('',#6113,1.);
#6113 = DIRECTION('',(0.,-1.));
#6114 = ( GEOMETRIC_REPRESENTATION_CONTEXT(2) 
PARAMETRIC_REPRESENTATION_CONTEXT() REPRESENTATION_CONTEXT('2D SPACE',''
  ) );
#6115 = PCURVE('',#6013,#6116);
#6116 = DEFINITIONAL_REPRESENTATION('',(#6117),#6121);
#6117 = LINE('',#6118,#6119);
#6118 = CARTESIAN_POINT('',(0.,0.));
#6119 = VECTOR('',#6120,1.);
#6120 = DIRECTION('',(0.,1.));
#6121 = ( GEOMETRIC_REPRESENTATION_CONTEXT(2) 
PARAMETRIC_REPRESENTATION_CONTEXT() REPRESENTATION_CONTEXT('2D SPACE',''
  ) );
#6122 = ADVANCED_FACE('',(#6123),#660,.F.);
#6123 = FACE_BOUND('',#6124,.F.);
#6124 = EDGE_LOOP('',(#6125,#6126,#6127,#6128));
#6125 = ORIENTED_EDGE('',*,*,#6030,.F.);
#6126 = ORIENTED_EDGE('',*,*,#644,.T.);
#6127 = ORIENTED_EDGE('',*,*,#6079,.T.);
#6128 = ORIENTED_EDGE('',*,*,#6129,.T.);
#6129 = EDGE_CURVE('',#6080,#6031,#6130,.T.);
#6130 = SURFACE_CURVE('',#6131,(#6135,#6142),.PCURVE_S1.);
#6131 = LINE('',#6132,#6133);
#6132 = CARTESIAN_POINT('',(-105.5,-18.,4.4));
#6133 = VECTOR('',#6134,1.);
#6134 = DIRECTION('',(1.,0.,-0.));
#6135 = PCURVE('',#660,#6136);
#6136 = DEFINITIONAL_REPRESENTATION('',(#6137),#6141);
#6137 = LINE('',#6138,#6139);
#6138 = CARTESIAN_POINT('',(6.,0.));
#6139 = VECTOR('',#6140,1.);
#6140 = DIRECTION('',(0.,1.));
#6141 = ( GEOMETRIC_REPRESENTATION_CONTEXT(2) 
PARAMETRIC_REPRESENTATION_CONTEXT() REPRESENTATION_CONTEXT('2D SPACE',''
  ) );
#6142 = PCURVE('',#6013,#6143);
#6143 = DEFINITIONAL_REPRESENTATION('',(#6144),#6148);
#6144 = LINE('',#6145,#6146);
#6145 = CARTESIAN_POINT('',(0.,28.));
#6146 = VECTOR('',#6147,1.);
#6147 = DIRECTION('',(1.,0.));
#6148 = ( GEOMETRIC_REPRESENTATION_CONTEXT(2) 
PARAMETRIC_REPRESENTATION_CONTEXT() REPRESENTATION_CONTEXT('2D SPACE',''
  ) );
#6149 = ADVANCED_FACE('',(#6150),#716,.T.);
#6150 = FACE_BOUND('',#6151,.T.);
#6151 = EDGE_LOOP('',(#6152,#6175,#6176,#6199));
#6152 = ORIENTED_EDGE('',*,*,#6153,.F.);
#6153 = EDGE_CURVE('',#699,#6154,#6156,.T.);
#6154 = VERTEX_POINT('',#6155);
#6155 = CARTESIAN_POINT('',(105.5,-46.,4.4));
#6156 = SURFACE_CURVE('',#6157,(#6161,#6168),.PCURVE_S1.);
#6157 = LINE('',#6158,#6159);
#6158 = CARTESIAN_POINT('',(105.5,-46.,-1.6));
#6159 = VECTOR('',#6160,1.);
#6160 = DIRECTION('',(0.,0.,1.));
#6161 = PCURVE('',#716,#6162);
#6162 = DEFINITIONAL_REPRESENTATION('',(#6163),#6167);
#6163 = LINE('',#6164,#6165);
#6164 = CARTESIAN_POINT('',(0.,28.));
#6165 = VECTOR('',#6166,1.);
#6166 = DIRECTION('',(1.,0.));
#6167 = ( GEOMETRIC_REPRESENTATION_CONTEXT(2) 
PARAMETRIC_REPRESENTATION_CONTEXT() REPRESENTATION_CONTEXT('2D SPACE',''
  ) );
#6168 = PCURVE('',#795,#6169);
#6169 = DEFINITIONAL_REPRESENTATION('',(#6170),#6174);
#6170 = LINE('',#6171,#6172);
#6171 = CARTESIAN_POINT('',(0.,0.));
#6172 = VECTOR('',#6173,1.);
#6173 = DIRECTION('',(1.,0.));
#6174 = ( GEOMETRIC_REPRESENTATION_CONTEXT(2) 
PARAMETRIC_REPRESENTATION_CONTEXT() REPRESENTATION_CONTEXT('2D SPACE',''
  ) );
#6175 = ORIENTED_EDGE('',*,*,#698,.T.);
#6176 = ORIENTED_EDGE('',*,*,#6177,.T.);
#6177 = EDGE_CURVE('',#701,#6178,#6180,.T.);
#6178 = VERTEX_POINT('',#6179);
#6179 = CARTESIAN_POINT('',(77.5,-46.,4.4));
#6180 = SURFACE_CURVE('',#6181,(#6185,#6192),.PCURVE_S1.);
#6181 = LINE('',#6182,#6183);
#6182 = CARTESIAN_POINT('',(77.5,-46.,-1.6));
#6183 = VECTOR('',#6184,1.);
#6184 = DIRECTION('',(0.,0.,1.));
#6185 = PCURVE('',#716,#6186);
#6186 = DEFINITIONAL_REPRESENTATION('',(#6187),#6191);
#6187 = LINE('',#6188,#6189);
#6188 = CARTESIAN_POINT('',(0.,0.));
#6189 = VECTOR('',#6190,1.);
#6190 = DIRECTION('',(1.,0.));
#6191 = ( GEOMETRIC_REPRESENTATION_CONTEXT(2) 
PARAMETRIC_REPRESENTATION_CONTEXT() REPRESENTATION_CONTEXT('2D SPACE',''
  ) );
#6192 = PCURVE('',#743,#6193);
#6193 = DEFINITIONAL_REPRESENTATION('',(#6194),#6198);
#6194 = LINE('',#6195,#6196);
#6195 = CARTESIAN_POINT('',(0.,0.));
#6196 = VECTOR('',#6197,1.);
#6197 = DIRECTION('',(1.,0.));
#6198 = ( GEOMETRIC_REPRESENTATION_CONTEXT(2) 
PARAMETRIC_REPRESENTATION_CONTEXT() REPRESENTATION_CONTEXT('2D SPACE',''
  ) );
#6199 = ORIENTED_EDGE('',*,*,#6200,.T.);
#6200 = EDGE_CURVE('',#6178,#6154,#6201,.T.);
#6201 = SURFACE_CURVE('',#6202,(#6206,#6213),.PCURVE_S1.);
#6202 = LINE('',#6203,#6204);
#6203 = CARTESIAN_POINT('',(77.5,-46.,4.4));
#6204 = VECTOR('',#6205,1.);
#6205 = DIRECTION('',(1.,0.,-0.));
#6206 = PCURVE('',#716,#6207);
#6207 = DEFINITIONAL_REPRESENTATION('',(#6208),#6212);
#6208 = LINE('',#6209,#6210);
#6209 = CARTESIAN_POINT('',(6.,0.));
#6210 = VECTOR('',#6211,1.);
#6211 = DIRECTION('',(0.,1.));
#6212 = ( GEOMETRIC_REPRESENTATION_CONTEXT(2) 
PARAMETRIC_REPRESENTATION_CONTEXT() REPRESENTATION_CONTEXT('2D SPACE',''
  ) );
#6213 = PCURVE('',#6214,#6219);
#6214 = PLANE('',#6215);
#6215 = AXIS2_PLACEMENT_3D('',#6216,#6217,#6218);
#6216 = CARTESIAN_POINT('',(77.5,-46.,4.4));
#6217 = DIRECTION('',(0.,0.,1.));
#6218 = DIRECTION('',(1.,0.,-0.));
#6219 = DEFINITIONAL_REPRESENTATION('',(#6220),#6224);
#6220 = LINE('',#6221,#6222);
#6221 = CARTESIAN_POINT('',(0.,0.));
#6222 = VECTOR('',#6223,1.);
#6223 = DIRECTION('',(1.,0.));
#6224 = ( GEOMETRIC_REPRESENTATION_CONTEXT(2) 
PARAMETRIC_REPRESENTATION_CONTEXT() REPRESENTATION_CONTEXT('2D SPACE',''
  ) );
#6225 = ADVANCED_FACE('',(#6226),#795,.F.);
#6226 = FACE_BOUND('',#6227,.F.);
#6227 = EDGE_LOOP('',(#6228,#6229,#6230,#6253));
#6228 = ORIENTED_EDGE('',*,*,#6153,.F.);
#6229 = ORIENTED_EDGE('',*,*,#781,.T.);
#6230 = ORIENTED_EDGE('',*,*,#6231,.T.);
#6231 = EDGE_CURVE('',#755,#6232,#6234,.T.);
#6232 = VERTEX_POINT('',#6233);
#6233 = CARTESIAN_POINT('',(105.5,-18.,4.4));
#6234 = SURFACE_CURVE('',#6235,(#6239,#6246),.PCURVE_S1.);
#6235 = LINE('',#6236,#6237);
#6236 = CARTESIAN_POINT('',(105.5,-18.,-1.6));
#6237 = VECTOR('',#6238,1.);
#6238 = DIRECTION('',(0.,0.,1.));
#6239 = PCURVE('',#795,#6240);
#6240 = DEFINITIONAL_REPRESENTATION('',(#6241),#6245);
#6241 = LINE('',#6242,#6243);
#6242 = CARTESIAN_POINT('',(0.,-28.));
#6243 = VECTOR('',#6244,1.);
#6244 = DIRECTION('',(1.,0.));
#6245 = ( GEOMETRIC_REPRESENTATION_CONTEXT(2) 
PARAMETRIC_REPRESENTATION_CONTEXT() REPRESENTATION_CONTEXT('2D SPACE',''
  ) );
#6246 = PCURVE('',#770,#6247);
#6247 = DEFINITIONAL_REPRESENTATION('',(#6248),#6252);
#6248 = LINE('',#6249,#6250);
#6249 = CARTESIAN_POINT('',(0.,28.));
#6250 = VECTOR('',#6251,1.);
#6251 = DIRECTION('',(1.,0.));
#6252 = ( GEOMETRIC_REPRESENTATION_CONTEXT(2) 
PARAMETRIC_REPRESENTATION_CONTEXT() REPRESENTATION_CONTEXT('2D SPACE',''
  ) );
#6253 = ORIENTED_EDGE('',*,*,#6254,.F.);
#6254 = EDGE_CURVE('',#6154,#6232,#6255,.T.);
#6255 = SURFACE_CURVE('',#6256,(#6260,#6267),.PCURVE_S1.);
#6256 = LINE('',#6257,#6258);
#6257 = CARTESIAN_POINT('',(105.5,-46.,4.4));
#6258 = VECTOR('',#6259,1.);
#6259 = DIRECTION('',(-0.,1.,0.));
#6260 = PCURVE('',#795,#6261);
#6261 = DEFINITIONAL_REPRESENTATION('',(#6262),#6266);
#6262 = LINE('',#6263,#6264);
#6263 = CARTESIAN_POINT('',(6.,0.));
#6264 = VECTOR('',#6265,1.);
#6265 = DIRECTION('',(0.,-1.));
#6266 = ( GEOMETRIC_REPRESENTATION_CONTEXT(2) 
PARAMETRIC_REPRESENTATION_CONTEXT() REPRESENTATION_CONTEXT('2D SPACE',''
  ) );
#6267 = PCURVE('',#6214,#6268);
#6268 = DEFINITIONAL_REPRESENTATION('',(#6269),#6273);
#6269 = LINE('',#6270,#6271);
#6270 = CARTESIAN_POINT('',(28.,0.));
#6271 = VECTOR('',#6272,1.);
#6272 = DIRECTION('',(0.,1.));
#6273 = ( GEOMETRIC_REPRESENTATION_CONTEXT(2) 
PARAMETRIC_REPRESENTATION_CONTEXT() REPRESENTATION_CONTEXT('2D SPACE',''
  ) );
#6274 = ADVANCED_FACE('',(#6275),#743,.T.);
#6275 = FACE_BOUND('',#6276,.T.);
#6276 = EDGE_LOOP('',(#6277,#6278,#6279,#6302));
#6277 = ORIENTED_EDGE('',*,*,#6177,.F.);
#6278 = ORIENTED_EDGE('',*,*,#727,.T.);
#6279 = ORIENTED_EDGE('',*,*,#6280,.T.);
#6280 = EDGE_CURVE('',#728,#6281,#6283,.T.);
#6281 = VERTEX_POINT('',#6282);
#6282 = CARTESIAN_POINT('',(77.5,-18.,4.4));
#6283 = SURFACE_CURVE('',#6284,(#6288,#6295),.PCURVE_S1.);
#6284 = LINE('',#6285,#6286);
#6285 = CARTESIAN_POINT('',(77.5,-18.,-1.6));
#6286 = VECTOR('',#6287,1.);
#6287 = DIRECTION('',(0.,0.,1.));
#6288 = PCURVE('',#743,#6289);
#6289 = DEFINITIONAL_REPRESENTATION('',(#6290),#6294);
#6290 = LINE('',#6291,#6292);
#6291 = CARTESIAN_POINT('',(0.,-28.));
#6292 = VECTOR('',#6293,1.);
#6293 = DIRECTION('',(1.,0.));
#6294 = ( GEOMETRIC_REPRESENTATION_CONTEXT(2) 
PARAMETRIC_REPRESENTATION_CONTEXT() REPRESENTATION_CONTEXT('2D SPACE',''
  ) );
#6295 = PCURVE('',#770,#6296);
#6296 = DEFINITIONAL_REPRESENTATION('',(#6297),#6301);
#6297 = LINE('',#6298,#6299);
#6298 = CARTESIAN_POINT('',(0.,0.));
#6299 = VECTOR('',#6300,1.);
#6300 = DIRECTION('',(1.,0.));
#6301 = ( GEOMETRIC_REPRESENTATION_CONTEXT(2) 
PARAMETRIC_REPRESENTATION_CONTEXT() REPRESENTATION_CONTEXT('2D SPACE',''
  ) );
#6302 = ORIENTED_EDGE('',*,*,#6303,.F.);
#6303 = EDGE_CURVE('',#6178,#6281,#6304,.T.);
#6304 = SURFACE_CURVE('',#6305,(#6309,#6316),.PCURVE_S1.);
#6305 = LINE('',#6306,#6307);
#6306 = CARTESIAN_POINT('',(77.5,-46.,4.4));
#6307 = VECTOR('',#6308,1.);
#6308 = DIRECTION('',(-0.,1.,0.));
#6309 = PCURVE('',#743,#6310);
#6310 = DEFINITIONAL_REPRESENTATION('',(#6311),#6315);
#6311 = LINE('',#6312,#6313);
#6312 = CARTESIAN_POINT('',(6.,0.));
#6313 = VECTOR('',#6314,1.);
#6314 = DIRECTION('',(0.,-1.));
#6315 = ( GEOMETRIC_REPRESENTATION_CONTEXT(2) 
PARAMETRIC_REPRESENTATION_CONTEXT() REPRESENTATION_CONTEXT('2D SPACE',''
  ) );
#6316 = PCURVE('',#6214,#6317);
#6317 = DEFINITIONAL_REPRESENTATION('',(#6318),#6322);
#6318 = LINE('',#6319,#6320);
#6319 = CARTESIAN_POINT('',(0.,0.));
#6320 = VECTOR('',#6321,1.);
#6321 = DIRECTION('',(0.,1.));
#6322 = ( GEOMETRIC_REPRESENTATION_CONTEXT(2) 
PARAMETRIC_REPRESENTATION_CONTEXT() REPRESENTATION_CONTEXT('2D SPACE',''
  ) );
#6323 = ADVANCED_FACE('',(#6324),#770,.F.);
#6324 = FACE_BOUND('',#6325,.F.);
#6325 = EDGE_LOOP('',(#6326,#6327,#6328,#6329));
#6326 = ORIENTED_EDGE('',*,*,#6231,.F.);
#6327 = ORIENTED_EDGE('',*,*,#754,.T.);
#6328 = ORIENTED_EDGE('',*,*,#6280,.T.);
#6329 = ORIENTED_EDGE('',*,*,#6330,.T.);
#6330 = EDGE_CURVE('',#6281,#6232,#6331,.T.);
#6331 = SURFACE_CURVE('',#6332,(#6336,#6343),.PCURVE_S1.);
#6332 = LINE('',#6333,#6334);
#6333 = CARTESIAN_POINT('',(77.5,-18.,4.4));
#6334 = VECTOR('',#6335,1.);
#6335 = DIRECTION('',(1.,0.,-0.));
#6336 = PCURVE('',#770,#6337);
#6337 = DEFINITIONAL_REPRESENTATION('',(#6338),#6342);
#6338 = LINE('',#6339,#6340);
#6339 = CARTESIAN_POINT('',(6.,0.));
#6340 = VECTOR('',#6341,1.);
#6341 = DIRECTION('',(0.,1.));
#6342 = ( GEOMETRIC_REPRESENTATION_CONTEXT(2) 
PARAMETRIC_REPRESENTATION_CONTEXT() REPRESENTATION_CONTEXT('2D SPACE',''
  ) );
#6343 = PCURVE('',#6214,#6344);
#6344 = DEFINITIONAL_REPRESENTATION('',(#6345),#6349);
#6345 = LINE('',#6346,#6347);
#6346 = CARTESIAN_POINT('',(0.,28.));
#6347 = VECTOR('',#6348,1.);
#6348 = DIRECTION('',(1.,0.));
#6349 = ( GEOMETRIC_REPRESENTATION_CONTEXT(2) 
PARAMETRIC_REPRESENTATION_CONTEXT() REPRESENTATION_CONTEXT('2D SPACE',''
  ) );
#6350 = ADVANCED_FACE('',(#6351),#826,.T.);
#6351 = FACE_BOUND('',#6352,.T.);
#6352 = EDGE_LOOP('',(#6353,#6376,#6377,#6400));
#6353 = ORIENTED_EDGE('',*,*,#6354,.F.);
#6354 = EDGE_CURVE('',#809,#6355,#6357,.T.);
#6355 = VERTEX_POINT('',#6356);
#6356 = CARTESIAN_POINT('',(-77.5,70.,4.4));
#6357 = SURFACE_CURVE('',#6358,(#6362,#6369),.PCURVE_S1.);
#6358 = LINE('',#6359,#6360);
#6359 = CARTESIAN_POINT('',(-77.5,70.,-1.6));
#6360 = VECTOR('',#6361,1.);
#6361 = DIRECTION('',(0.,0.,1.));
#6362 = PCURVE('',#826,#6363);
#6363 = DEFINITIONAL_REPRESENTATION('',(#6364),#6368);
#6364 = LINE('',#6365,#6366);
#6365 = CARTESIAN_POINT('',(0.,28.));
#6366 = VECTOR('',#6367,1.);
#6367 = DIRECTION('',(1.,0.));
#6368 = ( GEOMETRIC_REPRESENTATION_CONTEXT(2) 
PARAMETRIC_REPRESENTATION_CONTEXT() REPRESENTATION_CONTEXT('2D SPACE',''
  ) );
#6369 = PCURVE('',#905,#6370);
#6370 = DEFINITIONAL_REPRESENTATION('',(#6371),#6375);
#6371 = LINE('',#6372,#6373);
#6372 = CARTESIAN_POINT('',(0.,0.));
#6373 = VECTOR('',#6374,1.);
#6374 = DIRECTION('',(1.,0.));
#6375 = ( GEOMETRIC_REPRESENTATION_CONTEXT(2) 
PARAMETRIC_REPRESENTATION_CONTEXT() REPRESENTATION_CONTEXT('2D SPACE',''
  ) );
#6376 = ORIENTED_EDGE('',*,*,#808,.T.);
#6377 = ORIENTED_EDGE('',*,*,#6378,.T.);
#6378 = EDGE_CURVE('',#811,#6379,#6381,.T.);
#6379 = VERTEX_POINT('',#6380);
#6380 = CARTESIAN_POINT('',(-105.5,70.,4.4));
#6381 = SURFACE_CURVE('',#6382,(#6386,#6393),.PCURVE_S1.);
#6382 = LINE('',#6383,#6384);
#6383 = CARTESIAN_POINT('',(-105.5,70.,-1.6));
#6384 = VECTOR('',#6385,1.);
#6385 = DIRECTION('',(0.,0.,1.));
#6386 = PCURVE('',#826,#6387);
#6387 = DEFINITIONAL_REPRESENTATION('',(#6388),#6392);
#6388 = LINE('',#6389,#6390);
#6389 = CARTESIAN_POINT('',(0.,0.));
#6390 = VECTOR('',#6391,1.);
#6391 = DIRECTION('',(1.,0.));
#6392 = ( GEOMETRIC_REPRESENTATION_CONTEXT(2) 
PARAMETRIC_REPRESENTATION_CONTEXT() REPRESENTATION_CONTEXT('2D SPACE',''
  ) );
#6393 = PCURVE('',#853,#6394);
#6394 = DEFINITIONAL_REPRESENTATION('',(#6395),#6399);
#6395 = LINE('',#6396,#6397);
#6396 = CARTESIAN_POINT('',(0.,0.));
#6397 = VECTOR('',#6398,1.);
#6398 = DIRECTION('',(1.,0.));
#6399 = ( GEOMETRIC_REPRESENTATION_CONTEXT(2) 
PARAMETRIC_REPRESENTATION_CONTEXT() REPRESENTATION_CONTEXT('2D SPACE',''
  ) );
#6400 = ORIENTED_EDGE('',*,*,#6401,.T.);
#6401 = EDGE_CURVE('',#6379,#6355,#6402,.T.);
#6402 = SURFACE_CURVE('',#6403,(#6407,#6414),.PCURVE_S1.);
#6403 = LINE('',#6404,#6405);
#6404 = CARTESIAN_POINT('',(-105.5,70.,4.4));
#6405 = VECTOR('',#6406,1.);
#6406 = DIRECTION('',(1.,0.,-0.));
#6407 = PCURVE('',#826,#6408);
#6408 = DEFINITIONAL_REPRESENTATION('',(#6409),#6413);
#6409 = LINE('',#6410,#6411);
#6410 = CARTESIAN_POINT('',(6.,0.));
#6411 = VECTOR('',#6412,1.);
#6412 = DIRECTION('',(0.,1.));
#6413 = ( GEOMETRIC_REPRESENTATION_CONTEXT(2) 
PARAMETRIC_REPRESENTATION_CONTEXT() REPRESENTATION_CONTEXT('2D SPACE',''
  ) );
#6414 = PCURVE('',#6415,#6420);
#6415 = PLANE('',#6416);
#6416 = AXIS2_PLACEMENT_3D('',#6417,#6418,#6419);
#6417 = CARTESIAN_POINT('',(-105.5,70.,4.4));
#6418 = DIRECTION('',(0.,0.,1.));
#6419 = DIRECTION('',(1.,0.,-0.));
#6420 = DEFINITIONAL_REPRESENTATION('',(#6421),#6425);
#6421 = LINE('',#6422,#6423);
#6422 = CARTESIAN_POINT('',(0.,0.));
#6423 = VECTOR('',#6424,1.);
#6424 = DIRECTION('',(1.,0.));
#6425 = ( GEOMETRIC_REPRESENTATION_CONTEXT(2) 
PARAMETRIC_REPRESENTATION_CONTEXT() REPRESENTATION_CONTEXT('2D SPACE',''
  ) );
#6426 = ADVANCED_FACE('',(#6427),#905,.F.);
#6427 = FACE_BOUND('',#6428,.F.);
#6428 = EDGE_LOOP('',(#6429,#6430,#6431,#6454));
#6429 = ORIENTED_EDGE('',*,*,#6354,.F.);
#6430 = ORIENTED_EDGE('',*,*,#891,.T.);
#6431 = ORIENTED_EDGE('',*,*,#6432,.T.);
#6432 = EDGE_CURVE('',#865,#6433,#6435,.T.);
#6433 = VERTEX_POINT('',#6434);
#6434 = CARTESIAN_POINT('',(-77.5,98.,4.4));
#6435 = SURFACE_CURVE('',#6436,(#6440,#6447),.PCURVE_S1.);
#6436 = LINE('',#6437,#6438);
#6437 = CARTESIAN_POINT('',(-77.5,98.,-1.6));
#6438 = VECTOR('',#6439,1.);
#6439 = DIRECTION('',(0.,0.,1.));
#6440 = PCURVE('',#905,#6441);
#6441 = DEFINITIONAL_REPRESENTATION('',(#6442),#6446);
#6442 = LINE('',#6443,#6444);
#6443 = CARTESIAN_POINT('',(0.,-28.));
#6444 = VECTOR('',#6445,1.);
#6445 = DIRECTION('',(1.,0.));
#6446 = ( GEOMETRIC_REPRESENTATION_CONTEXT(2) 
PARAMETRIC_REPRESENTATION_CONTEXT() REPRESENTATION_CONTEXT('2D SPACE',''
  ) );
#6447 = PCURVE('',#880,#6448);
#6448 = DEFINITIONAL_REPRESENTATION('',(#6449),#6453);
#6449 = LINE('',#6450,#6451);
#6450 = CARTESIAN_POINT('',(0.,28.));
#6451 = VECTOR('',#6452,1.);
#6452 = DIRECTION('',(1.,0.));
#6453 = ( GEOMETRIC_REPRESENTATION_CONTEXT(2) 
PARAMETRIC_REPRESENTATION_CONTEXT() REPRESENTATION_CONTEXT('2D SPACE',''
  ) );
#6454 = ORIENTED_EDGE('',*,*,#6455,.F.);
#6455 = EDGE_CURVE('',#6355,#6433,#6456,.T.);
#6456 = SURFACE_CURVE('',#6457,(#6461,#6468),.PCURVE_S1.);
#6457 = LINE('',#6458,#6459);
#6458 = CARTESIAN_POINT('',(-77.5,70.,4.4));
#6459 = VECTOR('',#6460,1.);
#6460 = DIRECTION('',(-0.,1.,0.));
#6461 = PCURVE('',#905,#6462);
#6462 = DEFINITIONAL_REPRESENTATION('',(#6463),#6467);
#6463 = LINE('',#6464,#6465);
#6464 = CARTESIAN_POINT('',(6.,0.));
#6465 = VECTOR('',#6466,1.);
#6466 = DIRECTION('',(0.,-1.));
#6467 = ( GEOMETRIC_REPRESENTATION_CONTEXT(2) 
PARAMETRIC_REPRESENTATION_CONTEXT() REPRESENTATION_CONTEXT('2D SPACE',''
  ) );
#6468 = PCURVE('',#6415,#6469);
#6469 = DEFINITIONAL_REPRESENTATION('',(#6470),#6474);
#6470 = LINE('',#6471,#6472);
#6471 = CARTESIAN_POINT('',(28.,0.));
#6472 = VECTOR('',#6473,1.);
#6473 = DIRECTION('',(0.,1.));
#6474 = ( GEOMETRIC_REPRESENTATION_CONTEXT(2) 
PARAMETRIC_REPRESENTATION_CONTEXT() REPRESENTATION_CONTEXT('2D SPACE',''
  ) );
#6475 = ADVANCED_FACE('',(#6476),#853,.T.);
#6476 = FACE_BOUND('',#6477,.T.);
#6477 = EDGE_LOOP('',(#6478,#6479,#6480,#6503));
#6478 = ORIENTED_EDGE('',*,*,#6378,.F.);
#6479 = ORIENTED_EDGE('',*,*,#837,.T.);
#6480 = ORIENTED_EDGE('',*,*,#6481,.T.);
#6481 = EDGE_CURVE('',#838,#6482,#6484,.T.);
#6482 = VERTEX_POINT('',#6483);
#6483 = CARTESIAN_POINT('',(-105.5,98.,4.4));
#6484 = SURFACE_CURVE('',#6485,(#6489,#6496),.PCURVE_S1.);
#6485 = LINE('',#6486,#6487);
#6486 = CARTESIAN_POINT('',(-105.5,98.,-1.6));
#6487 = VECTOR('',#6488,1.);
#6488 = DIRECTION('',(0.,0.,1.));
#6489 = PCURVE('',#853,#6490);
#6490 = DEFINITIONAL_REPRESENTATION('',(#6491),#6495);
#6491 = LINE('',#6492,#6493);
#6492 = CARTESIAN_POINT('',(0.,-28.));
#6493 = VECTOR('',#6494,1.);
#6494 = DIRECTION('',(1.,0.));
#6495 = ( GEOMETRIC_REPRESENTATION_CONTEXT(2) 
PARAMETRIC_REPRESENTATION_CONTEXT() REPRESENTATION_CONTEXT('2D SPACE',''
  ) );
#6496 = PCURVE('',#880,#6497);
#6497 = DEFINITIONAL_REPRESENTATION('',(#6498),#6502);
#6498 = LINE('',#6499,#6500);
#6499 = CARTESIAN_POINT('',(0.,0.));
#6500 = VECTOR('',#6501,1.);
#6501 = DIRECTION('',(1.,0.));
#6502 = ( GEOMETRIC_REPRESENTATION_CONTEXT(2) 
PARAMETRIC_REPRESENTATION_CONTEXT() REPRESENTATION_CONTEXT('2D SPACE',''
  ) );
#6503 = ORIENTED_EDGE('',*,*,#6504,.F.);
#6504 = EDGE_CURVE('',#6379,#6482,#6505,.T.);
#6505 = SURFACE_CURVE('',#6506,(#6510,#6517),.PCURVE_S1.);
#6506 = LINE('',#6507,#6508);
#6507 = CARTESIAN_POINT('',(-105.5,70.,4.4));
#6508 = VECTOR('',#6509,1.);
#6509 = DIRECTION('',(-0.,1.,0.));
#6510 = PCURVE('',#853,#6511);
#6511 = DEFINITIONAL_REPRESENTATION('',(#6512),#6516);
#6512 = LINE('',#6513,#6514);
#6513 = CARTESIAN_POINT('',(6.,0.));
#6514 = VECTOR('',#6515,1.);
#6515 = DIRECTION('',(0.,-1.));
#6516 = ( GEOMETRIC_REPRESENTATION_CONTEXT(2) 
PARAMETRIC_REPRESENTATION_CONTEXT() REPRESENTATION_CONTEXT('2D SPACE',''
  ) );
#6517 = PCURVE('',#6415,#6518);
#6518 = DEFINITIONAL_REPRESENTATION('',(#6519),#6523);
#6519 = LINE('',#6520,#6521);
#6520 = CARTESIAN_POINT('',(0.,0.));
#6521 = VECTOR('',#6522,1.);
#6522 = DIRECTION('',(0.,1.));
#6523 = ( GEOMETRIC_REPRESENTATION_CONTEXT(2) 
PARAMETRIC_REPRESENTATION_CONTEXT() REPRESENTATION_CONTEXT('2D SPACE',''
  ) );
#6524 = ADVANCED_FACE('',(#6525),#880,.F.);
#6525 = FACE_BOUND('',#6526,.F.);
#6526 = EDGE_LOOP('',(#6527,#6528,#6529,#6530));
#6527 = ORIENTED_EDGE('',*,*,#6432,.F.);
#6528 = ORIENTED_EDGE('',*,*,#864,.T.);
#6529 = ORIENTED_EDGE('',*,*,#6481,.T.);
#6530 = ORIENTED_EDGE('',*,*,#6531,.T.);
#6531 = EDGE_CURVE('',#6482,#6433,#6532,.T.);
#6532 = SURFACE_CURVE('',#6533,(#6537,#6544),.PCURVE_S1.);
#6533 = LINE('',#6534,#6535);
#6534 = CARTESIAN_POINT('',(-105.5,98.,4.4));
#6535 = VECTOR('',#6536,1.);
#6536 = DIRECTION('',(1.,0.,-0.));
#6537 = PCURVE('',#880,#6538);
#6538 = DEFINITIONAL_REPRESENTATION('',(#6539),#6543);
#6539 = LINE('',#6540,#6541);
#6540 = CARTESIAN_POINT('',(6.,0.));
#6541 = VECTOR('',#6542,1.);
#6542 = DIRECTION('',(0.,1.));
#6543 = ( GEOMETRIC_REPRESENTATION_CONTEXT(2) 
PARAMETRIC_REPRESENTATION_CONTEXT() REPRESENTATION_CONTEXT('2D SPACE',''
  ) );
#6544 = PCURVE('',#6415,#6545);
#6545 = DEFINITIONAL_REPRESENTATION('',(#6546),#6550);
#6546 = LINE('',#6547,#6548);
#6547 = CARTESIAN_POINT('',(0.,28.));
#6548 = VECTOR('',#6549,1.);
#6549 = DIRECTION('',(1.,0.));
#6550 = ( GEOMETRIC_REPRESENTATION_CONTEXT(2) 
PARAMETRIC_REPRESENTATION_CONTEXT() REPRESENTATION_CONTEXT('2D SPACE',''
  ) );
#6551 = ADVANCED_FACE('',(#6552),#935,.T.);
#6552 = FACE_BOUND('',#6553,.T.);
#6553 = EDGE_LOOP('',(#6554,#6577,#6578,#6601));
#6554 = ORIENTED_EDGE('',*,*,#6555,.F.);
#6555 = EDGE_CURVE('',#919,#6556,#6558,.T.);
#6556 = VERTEX_POINT('',#6557);
#6557 = CARTESIAN_POINT('',(105.5,70.,4.4));
#6558 = SURFACE_CURVE('',#6559,(#6563,#6570),.PCURVE_S1.);
#6559 = LINE('',#6560,#6561);
#6560 = CARTESIAN_POINT('',(105.5,70.,-1.6));
#6561 = VECTOR('',#6562,1.);
#6562 = DIRECTION('',(0.,0.,1.));
#6563 = PCURVE('',#935,#6564);
#6564 = DEFINITIONAL_REPRESENTATION('',(#6565),#6569);
#6565 = LINE('',#6566,#6567);
#6566 = CARTESIAN_POINT('',(0.,28.));
#6567 = VECTOR('',#6568,1.);
#6568 = DIRECTION('',(1.,0.));
#6569 = ( GEOMETRIC_REPRESENTATION_CONTEXT(2) 
PARAMETRIC_REPRESENTATION_CONTEXT() REPRESENTATION_CONTEXT('2D SPACE',''
  ) );
#6570 = PCURVE('',#1011,#6571);
#6571 = DEFINITIONAL_REPRESENTATION('',(#6572),#6576);
#6572 = LINE('',#6573,#6574);
#6573 = CARTESIAN_POINT('',(0.,0.));
#6574 = VECTOR('',#6575,1.);
#6575 = DIRECTION('',(1.,0.));
#6576 = ( GEOMETRIC_REPRESENTATION_CONTEXT(2) 
PARAMETRIC_REPRESENTATION_CONTEXT() REPRESENTATION_CONTEXT('2D SPACE',''
  ) );
#6577 = ORIENTED_EDGE('',*,*,#918,.T.);
#6578 = ORIENTED_EDGE('',*,*,#6579,.T.);
#6579 = EDGE_CURVE('',#921,#6580,#6582,.T.);
#6580 = VERTEX_POINT('',#6581);
#6581 = CARTESIAN_POINT('',(77.5,70.,4.4));
#6582 = SURFACE_CURVE('',#6583,(#6587,#6594),.PCURVE_S1.);
#6583 = LINE('',#6584,#6585);
#6584 = CARTESIAN_POINT('',(77.5,70.,-1.6));
#6585 = VECTOR('',#6586,1.);
#6586 = DIRECTION('',(0.,0.,1.));
#6587 = PCURVE('',#935,#6588);
#6588 = DEFINITIONAL_REPRESENTATION('',(#6589),#6593);
#6589 = LINE('',#6590,#6591);
#6590 = CARTESIAN_POINT('',(0.,0.));
#6591 = VECTOR('',#6592,1.);
#6592 = DIRECTION('',(1.,0.));
#6593 = ( GEOMETRIC_REPRESENTATION_CONTEXT(2) 
PARAMETRIC_REPRESENTATION_CONTEXT() REPRESENTATION_CONTEXT('2D SPACE',''
  ) );
#6594 = PCURVE('',#961,#6595);
#6595 = DEFINITIONAL_REPRESENTATION('',(#6596),#6600);
#6596 = LINE('',#6597,#6598);
#6597 = CARTESIAN_POINT('',(0.,0.));
#6598 = VECTOR('',#6599,1.);
#6599 = DIRECTION('',(1.,0.));
#6600 = ( GEOMETRIC_REPRESENTATION_CONTEXT(2) 
PARAMETRIC_REPRESENTATION_CONTEXT() REPRESENTATION_CONTEXT('2D SPACE',''
  ) );
#6601 = ORIENTED_EDGE('',*,*,#6602,.T.);
#6602 = EDGE_CURVE('',#6580,#6556,#6603,.T.);
#6603 = SURFACE_CURVE('',#6604,(#6608,#6615),.PCURVE_S1.);
#6604 = LINE('',#6605,#6606);
#6605 = CARTESIAN_POINT('',(77.5,70.,4.4));
#6606 = VECTOR('',#6607,1.);
#6607 = DIRECTION('',(1.,0.,-0.));
#6608 = PCURVE('',#935,#6609);
#6609 = DEFINITIONAL_REPRESENTATION('',(#6610),#6614);
#6610 = LINE('',#6611,#6612);
#6611 = CARTESIAN_POINT('',(6.,0.));
#6612 = VECTOR('',#6613,1.);
#6613 = DIRECTION('',(0.,1.));
#6614 = ( GEOMETRIC_REPRESENTATION_CONTEXT(2) 
PARAMETRIC_REPRESENTATION_CONTEXT() REPRESENTATION_CONTEXT('2D SPACE',''
  ) );
#6615 = PCURVE('',#6616,#6621);
#6616 = PLANE('',#6617);
#6617 = AXIS2_PLACEMENT_3D('',#6618,#6619,#6620);
#6618 = CARTESIAN_POINT('',(77.5,70.,4.4));
#6619 = DIRECTION('',(0.,0.,1.));
#6620 = DIRECTION('',(1.,0.,-0.));
#6621 = DEFINITIONAL_REPRESENTATION('',(#6622),#6626);
#6622 = LINE('',#6623,#6624);
#6623 = CARTESIAN_POINT('',(0.,0.));
#6624 = VECTOR('',#6625,1.);
#6625 = DIRECTION('',(1.,0.));
#6626 = ( GEOMETRIC_REPRESENTATION_CONTEXT(2) 
PARAMETRIC_REPRESENTATION_CONTEXT() REPRESENTATION_CONTEXT('2D SPACE',''
  ) );
#6627 = ADVANCED_FACE('',(#6628),#1011,.F.);
#6628 = FACE_BOUND('',#6629,.F.);
#6629 = EDGE_LOOP('',(#6630,#6631,#6632,#6655));
#6630 = ORIENTED_EDGE('',*,*,#6555,.F.);
#6631 = ORIENTED_EDGE('',*,*,#998,.T.);
#6632 = ORIENTED_EDGE('',*,*,#6633,.T.);
#6633 = EDGE_CURVE('',#973,#6634,#6636,.T.);
#6634 = VERTEX_POINT('',#6635);
#6635 = CARTESIAN_POINT('',(105.5,98.,4.4));
#6636 = SURFACE_CURVE('',#6637,(#6641,#6648),.PCURVE_S1.);
#6637 = LINE('',#6638,#6639);
#6638 = CARTESIAN_POINT('',(105.5,98.,-1.6));
#6639 = VECTOR('',#6640,1.);
#6640 = DIRECTION('',(0.,0.,1.));
#6641 = PCURVE('',#1011,#6642);
#6642 = DEFINITIONAL_REPRESENTATION('',(#6643),#6647);
#6643 = LINE('',#6644,#6645);
#6644 = CARTESIAN_POINT('',(0.,-28.));
#6645 = VECTOR('',#6646,1.);
#6646 = DIRECTION('',(1.,0.));
#6647 = ( GEOMETRIC_REPRESENTATION_CONTEXT(2) 
PARAMETRIC_REPRESENTATION_CONTEXT() REPRESENTATION_CONTEXT('2D SPACE',''
  ) );
#6648 = PCURVE('',#987,#6649);
#6649 = DEFINITIONAL_REPRESENTATION('',(#6650),#6654);
#6650 = LINE('',#6651,#6652);
#6651 = CARTESIAN_POINT('',(0.,28.));
#6652 = VECTOR('',#6653,1.);
#6653 = DIRECTION('',(1.,0.));
#6654 = ( GEOMETRIC_REPRESENTATION_CONTEXT(2) 
PARAMETRIC_REPRESENTATION_CONTEXT() REPRESENTATION_CONTEXT('2D SPACE',''
  ) );
#6655 = ORIENTED_EDGE('',*,*,#6656,.F.);
#6656 = EDGE_CURVE('',#6556,#6634,#6657,.T.);
#6657 = SURFACE_CURVE('',#6658,(#6662,#6669),.PCURVE_S1.);
#6658 = LINE('',#6659,#6660);
#6659 = CARTESIAN_POINT('',(105.5,70.,4.4));
#6660 = VECTOR('',#6661,1.);
#6661 = DIRECTION('',(-0.,1.,0.));
#6662 = PCURVE('',#1011,#6663);
#6663 = DEFINITIONAL_REPRESENTATION('',(#6664),#6668);
#6664 = LINE('',#6665,#6666);
#6665 = CARTESIAN_POINT('',(6.,0.));
#6666 = VECTOR('',#6667,1.);
#6667 = DIRECTION('',(0.,-1.));
#6668 = ( GEOMETRIC_REPRESENTATION_CONTEXT(2) 
PARAMETRIC_REPRESENTATION_CONTEXT() REPRESENTATION_CONTEXT('2D SPACE',''
  ) );
#6669 = PCURVE('',#6616,#6670);
#6670 = DEFINITIONAL_REPRESENTATION('',(#6671),#6675);
#6671 = LINE('',#6672,#6673);
#6672 = CARTESIAN_POINT('',(28.,0.));
#6673 = VECTOR('',#6674,1.);
#6674 = DIRECTION('',(0.,1.));
#6675 = ( GEOMETRIC_REPRESENTATION_CONTEXT(2) 
PARAMETRIC_REPRESENTATION_CONTEXT() REPRESENTATION_CONTEXT('2D SPACE',''
  ) );
#6676 = ADVANCED_FACE('',(#6677),#987,.F.);
#6677 = FACE_BOUND('',#6678,.F.);
#6678 = EDGE_LOOP('',(#6679,#6680,#6681,#6704));
#6679 = ORIENTED_EDGE('',*,*,#6633,.F.);
#6680 = ORIENTED_EDGE('',*,*,#972,.T.);
#6681 = ORIENTED_EDGE('',*,*,#6682,.T.);
#6682 = EDGE_CURVE('',#947,#6683,#6685,.T.);
#6683 = VERTEX_POINT('',#6684);
#6684 = CARTESIAN_POINT('',(77.5,98.,4.4));
#6685 = SURFACE_CURVE('',#6686,(#6690,#6697),.PCURVE_S1.);
#6686 = LINE('',#6687,#6688);
#6687 = CARTESIAN_POINT('',(77.5,98.,-1.6));
#6688 = VECTOR('',#6689,1.);
#6689 = DIRECTION('',(0.,0.,1.));
#6690 = PCURVE('',#987,#6691);
#6691 = DEFINITIONAL_REPRESENTATION('',(#6692),#6696);
#6692 = LINE('',#6693,#6694);
#6693 = CARTESIAN_POINT('',(0.,0.));
#6694 = VECTOR('',#6695,1.);
#6695 = DIRECTION('',(1.,0.));
#6696 = ( GEOMETRIC_REPRESENTATION_CONTEXT(2) 
PARAMETRIC_REPRESENTATION_CONTEXT() REPRESENTATION_CONTEXT('2D SPACE',''
  ) );
#6697 = PCURVE('',#961,#6698);
#6698 = DEFINITIONAL_REPRESENTATION('',(#6699),#6703);
#6699 = LINE('',#6700,#6701);
#6700 = CARTESIAN_POINT('',(0.,-28.));
#6701 = VECTOR('',#6702,1.);
#6702 = DIRECTION('',(1.,0.));
#6703 = ( GEOMETRIC_REPRESENTATION_CONTEXT(2) 
PARAMETRIC_REPRESENTATION_CONTEXT() REPRESENTATION_CONTEXT('2D SPACE',''
  ) );
#6704 = ORIENTED_EDGE('',*,*,#6705,.T.);
#6705 = EDGE_CURVE('',#6683,#6634,#6706,.T.);
#6706 = SURFACE_CURVE('',#6707,(#6711,#6718),.PCURVE_S1.);
#6707 = LINE('',#6708,#6709);
#6708 = CARTESIAN_POINT('',(77.5,98.,4.4));
#6709 = VECTOR('',#6710,1.);
#6710 = DIRECTION('',(1.,0.,-0.));
#6711 = PCURVE('',#987,#6712);
#6712 = DEFINITIONAL_REPRESENTATION('',(#6713),#6717);
#6713 = LINE('',#6714,#6715);
#6714 = CARTESIAN_POINT('',(6.,0.));
#6715 = VECTOR('',#6716,1.);
#6716 = DIRECTION('',(0.,1.));
#6717 = ( GEOMETRIC_REPRESENTATION_CONTEXT(2) 
PARAMETRIC_REPRESENTATION_CONTEXT() REPRESENTATION_CONTEXT('2D SPACE',''
  ) );
#6718 = PCURVE('',#6616,#6719);
#6719 = DEFINITIONAL_REPRESENTATION('',(#6720),#6724);
#6720 = LINE('',#6721,#6722);
#6721 = CARTESIAN_POINT('',(0.,28.));
#6722 = VECTOR('',#6723,1.);
#6723 = DIRECTION('',(1.,0.));
#6724 = ( GEOMETRIC_REPRESENTATION_CONTEXT(2) 
PARAMETRIC_REPRESENTATION_CONTEXT() REPRESENTATION_CONTEXT('2D SPACE',''
  ) );
#6725 = ADVANCED_FACE('',(#6726),#961,.T.);
#6726 = FACE_BOUND('',#6727,.T.);
#6727 = EDGE_LOOP('',(#6728,#6729,#6730,#6731));
#6728 = ORIENTED_EDGE('',*,*,#6579,.F.);
#6729 = ORIENTED_EDGE('',*,*,#946,.T.);
#6730 = ORIENTED_EDGE('',*,*,#6682,.T.);
#6731 = ORIENTED_EDGE('',*,*,#6732,.F.);
#6732 = EDGE_CURVE('',#6580,#6683,#6733,.T.);
#6733 = SURFACE_CURVE('',#6734,(#6738,#6745),.PCURVE_S1.);
#6734 = LINE('',#6735,#6736);
#6735 = CARTESIAN_POINT('',(77.5,70.,4.4));
#6736 = VECTOR('',#6737,1.);
#6737 = DIRECTION('',(-0.,1.,0.));
#6738 = PCURVE('',#961,#6739);
#6739 = DEFINITIONAL_REPRESENTATION('',(#6740),#6744);
#6740 = LINE('',#6741,#6742);
#6741 = CARTESIAN_POINT('',(6.,0.));
#6742 = VECTOR('',#6743,1.);
#6743 = DIRECTION('',(0.,-1.));
#6744 = ( GEOMETRIC_REPRESENTATION_CONTEXT(2) 
PARAMETRIC_REPRESENTATION_CONTEXT() REPRESENTATION_CONTEXT('2D SPACE',''
  ) );
#6745 = PCURVE('',#6616,#6746);
#6746 = DEFINITIONAL_REPRESENTATION('',(#6747),#6751);
#6747 = LINE('',#6748,#6749);
#6748 = CARTESIAN_POINT('',(0.,0.));
#6749 = VECTOR('',#6750,1.);
#6750 = DIRECTION('',(0.,1.));
#6751 = ( GEOMETRIC_REPRESENTATION_CONTEXT(2) 
PARAMETRIC_REPRESENTATION_CONTEXT() REPRESENTATION_CONTEXT('2D SPACE',''
  ) );
#6752 = ADVANCED_FACE('',(#6753),#1065,.T.);
#6753 = FACE_BOUND('',#6754,.T.);
#6754 = EDGE_LOOP('',(#6755,#6756,#6757,#6758));
#6755 = ORIENTED_EDGE('',*,*,#1049,.F.);
#6756 = ORIENTED_EDGE('',*,*,#1124,.F.);
#6757 = ORIENTED_EDGE('',*,*,#2482,.T.);
#6758 = ORIENTED_EDGE('',*,*,#1150,.T.);
#6759 = ADVANCED_FACE('',(#6760),#1404,.T.);
#6760 = FACE_BOUND('',#6761,.T.);
#6761 = EDGE_LOOP('',(#6762,#6763,#6764,#6765,#6766,#6788,#6789));
#6762 = ORIENTED_EDGE('',*,*,#2874,.F.);
#6763 = ORIENTED_EDGE('',*,*,#2627,.F.);
#6764 = ORIENTED_EDGE('',*,*,#2550,.T.);
#6765 = ORIENTED_EDGE('',*,*,#1389,.T.);
#6766 = ORIENTED_EDGE('',*,*,#6767,.F.);
#6767 = EDGE_CURVE('',#3073,#1362,#6768,.T.);
#6768 = SURFACE_CURVE('',#6769,(#6774,#6781),.PCURVE_S1.);
#6769 = CIRCLE('',#6770,14.366975720903);
#6770 = AXIS2_PLACEMENT_3D('',#6771,#6772,#6773);
#6771 = CARTESIAN_POINT('',(-85.54885938043,78.048859365317,6.));
#6772 = DIRECTION('',(0.,0.,1.));
#6773 = DIRECTION('',(1.,0.,-0.));
#6774 = PCURVE('',#1404,#6775);
#6775 = DEFINITIONAL_REPRESENTATION('',(#6776),#6780);
#6776 = CIRCLE('',#6777,14.366975720903);
#6777 = AXIS2_PLACEMENT_2D('',#6778,#6779);
#6778 = CARTESIAN_POINT('',(21.951140619563,10.048859365317));
#6779 = DIRECTION('',(1.,0.));
#6780 = ( GEOMETRIC_REPRESENTATION_CONTEXT(2) 
PARAMETRIC_REPRESENTATION_CONTEXT() REPRESENTATION_CONTEXT('2D SPACE',''
  ) );
#6781 = PCURVE('',#1377,#6782);
#6782 = DEFINITIONAL_REPRESENTATION('',(#6783),#6787);
#6783 = LINE('',#6784,#6785);
#6784 = CARTESIAN_POINT('',(0.,6.));
#6785 = VECTOR('',#6786,1.);
#6786 = DIRECTION('',(1.,0.));
#6787 = ( GEOMETRIC_REPRESENTATION_CONTEXT(2) 
PARAMETRIC_REPRESENTATION_CONTEXT() REPRESENTATION_CONTEXT('2D SPACE',''
  ) );
#6788 = ORIENTED_EDGE('',*,*,#3072,.T.);
#6789 = ORIENTED_EDGE('',*,*,#2970,.T.);
#6790 = ADVANCED_FACE('',(#6791),#1377,.T.);
#6791 = FACE_BOUND('',#6792,.T.);
#6792 = EDGE_LOOP('',(#6793,#6794,#6795,#6796));
#6793 = ORIENTED_EDGE('',*,*,#3093,.T.);
#6794 = ORIENTED_EDGE('',*,*,#6767,.T.);
#6795 = ORIENTED_EDGE('',*,*,#1361,.F.);
#6796 = ORIENTED_EDGE('',*,*,#6797,.F.);
#6797 = EDGE_CURVE('',#3094,#1334,#6798,.T.);
#6798 = SURFACE_CURVE('',#6799,(#6804,#6811),.PCURVE_S1.);
#6799 = CIRCLE('',#6800,21.951140619563);
#6800 = AXIS2_PLACEMENT_3D('',#6801,#6802,#6803);
#6801 = CARTESIAN_POINT('',(-85.54885938043,78.048859365317,130.));
#6802 = DIRECTION('',(0.,0.,1.));
#6803 = DIRECTION('',(1.,0.,0.));
#6804 = PCURVE('',#1377,#6805);
#6805 = DEFINITIONAL_REPRESENTATION('',(#6806),#6810);
#6806 = LINE('',#6807,#6808);
#6807 = CARTESIAN_POINT('',(0.,130.));
#6808 = VECTOR('',#6809,1.);
#6809 = DIRECTION('',(1.,0.));
#6810 = ( GEOMETRIC_REPRESENTATION_CONTEXT(2) 
PARAMETRIC_REPRESENTATION_CONTEXT() REPRESENTATION_CONTEXT('2D SPACE',''
  ) );
#6811 = PCURVE('',#1349,#6812);
#6812 = DEFINITIONAL_REPRESENTATION('',(#6813),#6817);
#6813 = CIRCLE('',#6814,21.951140619563);
#6814 = AXIS2_PLACEMENT_2D('',#6815,#6816);
#6815 = CARTESIAN_POINT('',(0.,156.09771874575));
#6816 = DIRECTION('',(1.,0.));
#6817 = ( GEOMETRIC_REPRESENTATION_CONTEXT(2) 
PARAMETRIC_REPRESENTATION_CONTEXT() REPRESENTATION_CONTEXT('2D SPACE',''
  ) );
#6818 = ADVANCED_FACE('',(#6819),#1349,.T.);
#6819 = FACE_BOUND('',#6820,.T.);
#6820 = EDGE_LOOP('',(#6821,#6822,#6845,#6871,#6900,#6926,#6955,#6981,
    #7002,#7003,#7025,#7026));
#6821 = ORIENTED_EDGE('',*,*,#1333,.F.);
#6822 = ORIENTED_EDGE('',*,*,#6823,.T.);
#6823 = EDGE_CURVE('',#1301,#6824,#6826,.T.);
#6824 = VERTEX_POINT('',#6825);
#6825 = CARTESIAN_POINT('',(-104.1776747596,-39.71572875253,130.));
#6826 = SURFACE_CURVE('',#6827,(#6831,#6838),.PCURVE_S1.);
#6827 = LINE('',#6828,#6829);
#6828 = CARTESIAN_POINT('',(-137.5,-39.71572875253,130.));
#6829 = VECTOR('',#6830,1.);
#6830 = DIRECTION('',(1.,0.,0.));
#6831 = PCURVE('',#1349,#6832);
#6832 = DEFINITIONAL_REPRESENTATION('',(#6833),#6837);
#6833 = LINE('',#6834,#6835);
#6834 = CARTESIAN_POINT('',(-51.95114061956,38.3331306279));
#6835 = VECTOR('',#6836,1.);
#6836 = DIRECTION('',(1.,0.));
#6837 = ( GEOMETRIC_REPRESENTATION_CONTEXT(2) 
PARAMETRIC_REPRESENTATION_CONTEXT() REPRESENTATION_CONTEXT('2D SPACE',''
  ) );
#6838 = PCURVE('',#1317,#6839);
#6839 = DEFINITIONAL_REPRESENTATION('',(#6840),#6844);
#6840 = LINE('',#6841,#6842);
#6841 = CARTESIAN_POINT('',(1.570796326795,-137.5));
#6842 = VECTOR('',#6843,1.);
#6843 = DIRECTION('',(-0.,1.));
#6844 = ( GEOMETRIC_REPRESENTATION_CONTEXT(2) 
PARAMETRIC_REPRESENTATION_CONTEXT() REPRESENTATION_CONTEXT('2D SPACE',''
  ) );
#6845 = ORIENTED_EDGE('',*,*,#6846,.F.);
#6846 = EDGE_CURVE('',#6847,#6824,#6849,.T.);
#6847 = VERTEX_POINT('',#6848);
#6848 = CARTESIAN_POINT('',(-104.1776747596,77.848859362713,130.));
#6849 = SURFACE_CURVE('',#6850,(#6854,#6860),.PCURVE_S1.);
#6850 = LINE('',#6851,#6852);
#6851 = CARTESIAN_POINT('',(-104.1776747596,-39.02442969021,130.));
#6852 = VECTOR('',#6853,1.);
#6853 = DIRECTION('',(-0.,-1.,0.));
#6854 = PCURVE('',#1349,#6855);
#6855 = DEFINITIONAL_REPRESENTATION('',(#6856),#6859);
#6856 = B_SPLINE_CURVE_WITH_KNOTS('',1,(#6857,#6858),.UNSPECIFIED.,.F.,
  .F.,(2,2),(-116.8732890529,38.824429690221),.PIECEWISE_BEZIER_KNOTS.);
#6857 = CARTESIAN_POINT('',(-18.62881537926,155.89771874315));
#6858 = CARTESIAN_POINT('',(-18.62881537926,0.199999999999));
#6859 = ( GEOMETRIC_REPRESENTATION_CONTEXT(2) 
PARAMETRIC_REPRESENTATION_CONTEXT() REPRESENTATION_CONTEXT('2D SPACE',''
  ) );
#6860 = PCURVE('',#6861,#6866);
#6861 = PLANE('',#6862);
#6862 = AXIS2_PLACEMENT_3D('',#6863,#6864,#6865);
#6863 = CARTESIAN_POINT('',(-104.3,1.939781668625E-12,132.));
#6864 = DIRECTION('',(-0.998134798422,0.,-6.104853953486E-02));
#6865 = DIRECTION('',(0.,-1.,-0.));
#6866 = DEFINITIONAL_REPRESENTATION('',(#6867),#6870);
#6867 = B_SPLINE_CURVE_WITH_KNOTS('',1,(#6868,#6869),.UNSPECIFIED.,.F.,
  .F.,(2,2),(-116.8732890529,38.824429690221),.PIECEWISE_BEZIER_KNOTS.);
#6868 = CARTESIAN_POINT('',(-77.84885936271,-2.003737374112));
#6869 = CARTESIAN_POINT('',(77.848859380441,-2.003737374112));
#6870 = ( GEOMETRIC_REPRESENTATION_CONTEXT(2) 
PARAMETRIC_REPRESENTATION_CONTEXT() REPRESENTATION_CONTEXT('2D SPACE',''
  ) );
#6871 = ORIENTED_EDGE('',*,*,#6872,.F.);
#6872 = EDGE_CURVE('',#6873,#6847,#6875,.T.);
#6873 = VERTEX_POINT('',#6874);
#6874 = CARTESIAN_POINT('',(-85.34885938043,96.677674742111,130.));
#6875 = SURFACE_CURVE('',#6876,(#6881,#6888),.PCURVE_S1.);
#6876 = CIRCLE('',#6877,18.828815379262);
#6877 = AXIS2_PLACEMENT_3D('',#6878,#6879,#6880);
#6878 = CARTESIAN_POINT('',(-85.34885938043,77.848859362713,130.));
#6879 = DIRECTION('',(0.,-0.,1.));
#6880 = DIRECTION('',(-1.,0.,0.));
#6881 = PCURVE('',#1349,#6882);
#6882 = DEFINITIONAL_REPRESENTATION('',(#6883),#6887);
#6883 = CIRCLE('',#6884,18.828815379262);
#6884 = AXIS2_PLACEMENT_2D('',#6885,#6886);
#6885 = CARTESIAN_POINT('',(0.2,155.89771874315));
#6886 = DIRECTION('',(-1.,0.));
#6887 = ( GEOMETRIC_REPRESENTATION_CONTEXT(2) 
PARAMETRIC_REPRESENTATION_CONTEXT() REPRESENTATION_CONTEXT('2D SPACE',''
  ) );
#6888 = PCURVE('',#6889,#6894);
#6889 = CONICAL_SURFACE('',#6890,11.,6.10865238198E-02);
#6890 = AXIS2_PLACEMENT_3D('',#6891,#6892,#6893);
#6891 = CARTESIAN_POINT('',(-85.34885938043,77.848859362713,2.));
#6892 = DIRECTION('',(-0.,-0.,1.));
#6893 = DIRECTION('',(-1.,0.,0.));
#6894 = DEFINITIONAL_REPRESENTATION('',(#6895),#6899);
#6895 = LINE('',#6896,#6897);
#6896 = CARTESIAN_POINT('',(0.,128.));
#6897 = VECTOR('',#6898,1.);
#6898 = DIRECTION('',(1.,0.));
#6899 = ( GEOMETRIC_REPRESENTATION_CONTEXT(2) 
PARAMETRIC_REPRESENTATION_CONTEXT() REPRESENTATION_CONTEXT('2D SPACE',''
  ) );
#6900 = ORIENTED_EDGE('',*,*,#6901,.F.);
#6901 = EDGE_CURVE('',#6902,#6873,#6904,.T.);
#6902 = VERTEX_POINT('',#6903);
#6903 = CARTESIAN_POINT('',(85.348859380437,96.677674742111,130.));
#6904 = SURFACE_CURVE('',#6905,(#6909,#6915),.PCURVE_S1.);
#6905 = LINE('',#6906,#6907);
#6906 = CARTESIAN_POINT('',(-85.44885938043,96.677674742248,130.));
#6907 = VECTOR('',#6908,1.);
#6908 = DIRECTION('',(-1.,0.,0.));
#6909 = PCURVE('',#1349,#6910);
#6910 = DEFINITIONAL_REPRESENTATION('',(#6911),#6914);
#6911 = B_SPLINE_CURVE_WITH_KNOTS('',1,(#6912,#6913),.UNSPECIFIED.,.F.,
  .F.,(2,2),(-170.7977187608,-9.999999999999E-02),
  .PIECEWISE_BEZIER_KNOTS.);
#6912 = CARTESIAN_POINT('',(170.89771876087,174.72653412268));
#6913 = CARTESIAN_POINT('',(0.2,174.72653412268));
#6914 = ( GEOMETRIC_REPRESENTATION_CONTEXT(2) 
PARAMETRIC_REPRESENTATION_CONTEXT() REPRESENTATION_CONTEXT('2D SPACE',''
  ) );
#6915 = PCURVE('',#6916,#6921);
#6916 = PLANE('',#6917);
#6917 = AXIS2_PLACEMENT_3D('',#6918,#6919,#6920);
#6918 = CARTESIAN_POINT('',(-85.34885938043,96.799999982276,132.));
#6919 = DIRECTION('',(0.,0.99813479843,-6.104853939927E-02));
#6920 = DIRECTION('',(-1.,0.,-0.));
#6921 = DEFINITIONAL_REPRESENTATION('',(#6922),#6925);
#6922 = B_SPLINE_CURVE_WITH_KNOTS('',1,(#6923,#6924),.UNSPECIFIED.,.F.,
  .F.,(2,2),(-170.7977187608,-9.999999999999E-02),
  .PIECEWISE_BEZIER_KNOTS.);
#6923 = CARTESIAN_POINT('',(-170.6977187608,-2.003737374096));
#6924 = CARTESIAN_POINT('',(0.,-2.003737374096));
#6925 = ( GEOMETRIC_REPRESENTATION_CONTEXT(2) 
PARAMETRIC_REPRESENTATION_CONTEXT() REPRESENTATION_CONTEXT('2D SPACE',''
  ) );
#6926 = ORIENTED_EDGE('',*,*,#6927,.F.);
#6927 = EDGE_CURVE('',#6928,#6902,#6930,.T.);
#6928 = VERTEX_POINT('',#6929);
#6929 = CARTESIAN_POINT('',(104.17767475969,77.848859362713,130.));
#6930 = SURFACE_CURVE('',#6931,(#6936,#6943),.PCURVE_S1.);
#6931 = CIRCLE('',#6932,18.828815379262);
#6932 = AXIS2_PLACEMENT_3D('',#6933,#6934,#6935);
#6933 = CARTESIAN_POINT('',(85.348859380437,77.848859362713,130.));
#6934 = DIRECTION('',(0.,-0.,1.));
#6935 = DIRECTION('',(-1.,0.,0.));
#6936 = PCURVE('',#1349,#6937);
#6937 = DEFINITIONAL_REPRESENTATION('',(#6938),#6942);
#6938 = CIRCLE('',#6939,18.828815379262);
#6939 = AXIS2_PLACEMENT_2D('',#6940,#6941);
#6940 = CARTESIAN_POINT('',(170.89771876087,155.89771874315));
#6941 = DIRECTION('',(-1.,0.));
#6942 = ( GEOMETRIC_REPRESENTATION_CONTEXT(2) 
PARAMETRIC_REPRESENTATION_CONTEXT() REPRESENTATION_CONTEXT('2D SPACE',''
  ) );
#6943 = PCURVE('',#6944,#6949);
#6944 = CONICAL_SURFACE('',#6945,11.,6.10865238198E-02);
#6945 = AXIS2_PLACEMENT_3D('',#6946,#6947,#6948);
#6946 = CARTESIAN_POINT('',(85.348859380437,77.848859362713,2.));
#6947 = DIRECTION('',(-0.,-0.,1.));
#6948 = DIRECTION('',(-1.,0.,0.));
#6949 = DEFINITIONAL_REPRESENTATION('',(#6950),#6954);
#6950 = LINE('',#6951,#6952);
#6951 = CARTESIAN_POINT('',(0.,128.));
#6952 = VECTOR('',#6953,1.);
#6953 = DIRECTION('',(1.,0.));
#6954 = ( GEOMETRIC_REPRESENTATION_CONTEXT(2) 
PARAMETRIC_REPRESENTATION_CONTEXT() REPRESENTATION_CONTEXT('2D SPACE',''
  ) );
#6955 = ORIENTED_EDGE('',*,*,#6956,.F.);
#6956 = EDGE_CURVE('',#6957,#6928,#6959,.T.);
#6957 = VERTEX_POINT('',#6958);
#6958 = CARTESIAN_POINT('',(104.17767475969,-39.71572875253,130.));
#6959 = SURFACE_CURVE('',#6960,(#6964,#6970),.PCURVE_S1.);
#6960 = LINE('',#6961,#6962);
#6961 = CARTESIAN_POINT('',(104.17767475969,-39.02442969021,130.));
#6962 = VECTOR('',#6963,1.);
#6963 = DIRECTION('',(-0.,1.,0.));
#6964 = PCURVE('',#1349,#6965);
#6965 = DEFINITIONAL_REPRESENTATION('',(#6966),#6969);
#6966 = B_SPLINE_CURVE_WITH_KNOTS('',1,(#6967,#6968),.UNSPECIFIED.,.F.,
  .F.,(2,2),(-38.82442969022,116.87328905293),.PIECEWISE_BEZIER_KNOTS.);
#6967 = CARTESIAN_POINT('',(189.72653414013,0.199999999999));
#6968 = CARTESIAN_POINT('',(189.72653414013,155.89771874315));
#6969 = ( GEOMETRIC_REPRESENTATION_CONTEXT(2) 
PARAMETRIC_REPRESENTATION_CONTEXT() REPRESENTATION_CONTEXT('2D SPACE',''
  ) );
#6970 = PCURVE('',#6971,#6976);
#6971 = PLANE('',#6972);
#6972 = AXIS2_PLACEMENT_3D('',#6973,#6974,#6975);
#6973 = CARTESIAN_POINT('',(104.3,1.939781668625E-12,132.));
#6974 = DIRECTION('',(0.998134798422,0.,-6.104853953486E-02));
#6975 = DIRECTION('',(0.,1.,0.));
#6976 = DEFINITIONAL_REPRESENTATION('',(#6977),#6980);
#6977 = B_SPLINE_CURVE_WITH_KNOTS('',1,(#6978,#6979),.UNSPECIFIED.,.F.,
  .F.,(2,2),(-38.82442969022,116.87328905293),.PIECEWISE_BEZIER_KNOTS.);
#6978 = CARTESIAN_POINT('',(-77.84885938044,-2.003737374112));
#6979 = CARTESIAN_POINT('',(77.848859362711,-2.003737374112));
#6980 = ( GEOMETRIC_REPRESENTATION_CONTEXT(2) 
PARAMETRIC_REPRESENTATION_CONTEXT() REPRESENTATION_CONTEXT('2D SPACE',''
  ) );
#6981 = ORIENTED_EDGE('',*,*,#6982,.T.);
#6982 = EDGE_CURVE('',#6957,#4779,#6983,.T.);
#6983 = SURFACE_CURVE('',#6984,(#6988,#6995),.PCURVE_S1.);
#6984 = LINE('',#6985,#6986);
#6985 = CARTESIAN_POINT('',(-137.5,-39.71572875253,130.));
#6986 = VECTOR('',#6987,1.);
#6987 = DIRECTION('',(1.,0.,0.));
#6988 = PCURVE('',#1349,#6989);
#6989 = DEFINITIONAL_REPRESENTATION('',(#6990),#6994);
#6990 = LINE('',#6991,#6992);
#6991 = CARTESIAN_POINT('',(-51.95114061956,38.3331306279));
#6992 = VECTOR('',#6993,1.);
#6993 = DIRECTION('',(1.,0.));
#6994 = ( GEOMETRIC_REPRESENTATION_CONTEXT(2) 
PARAMETRIC_REPRESENTATION_CONTEXT() REPRESENTATION_CONTEXT('2D SPACE',''
  ) );
#6995 = PCURVE('',#4818,#6996);
#6996 = DEFINITIONAL_REPRESENTATION('',(#6997),#7001);
#6997 = LINE('',#6998,#6999);
#6998 = CARTESIAN_POINT('',(1.570796326795,-137.5));
#6999 = VECTOR('',#7000,1.);
#7000 = DIRECTION('',(-0.,1.));
#7001 = ( GEOMETRIC_REPRESENTATION_CONTEXT(2) 
PARAMETRIC_REPRESENTATION_CONTEXT() REPRESENTATION_CONTEXT('2D SPACE',''
  ) );
#7002 = ORIENTED_EDGE('',*,*,#4778,.T.);
#7003 = ORIENTED_EDGE('',*,*,#7004,.T.);
#7004 = EDGE_CURVE('',#4756,#3117,#7005,.T.);
#7005 = SURFACE_CURVE('',#7006,(#7011,#7018),.PCURVE_S1.);
#7006 = CIRCLE('',#7007,21.951140619563);
#7007 = AXIS2_PLACEMENT_3D('',#7008,#7009,#7010);
#7008 = CARTESIAN_POINT('',(85.548859380437,78.048859365317,130.));
#7009 = DIRECTION('',(0.,0.,1.));
#7010 = DIRECTION('',(1.,0.,0.));
#7011 = PCURVE('',#1349,#7012);
#7012 = DEFINITIONAL_REPRESENTATION('',(#7013),#7017);
#7013 = CIRCLE('',#7014,21.951140619563);
#7014 = AXIS2_PLACEMENT_2D('',#7015,#7016);
#7015 = CARTESIAN_POINT('',(171.09771876087,156.09771874575));
#7016 = DIRECTION('',(1.,0.));
#7017 = ( GEOMETRIC_REPRESENTATION_CONTEXT(2) 
PARAMETRIC_REPRESENTATION_CONTEXT() REPRESENTATION_CONTEXT('2D SPACE',''
  ) );
#7018 = PCURVE('',#3155,#7019);
#7019 = DEFINITIONAL_REPRESENTATION('',(#7020),#7024);
#7020 = LINE('',#7021,#7022);
#7021 = CARTESIAN_POINT('',(-6.28318530718,130.));
#7022 = VECTOR('',#7023,1.);
#7023 = DIRECTION('',(1.,0.));
#7024 = ( GEOMETRIC_REPRESENTATION_CONTEXT(2) 
PARAMETRIC_REPRESENTATION_CONTEXT() REPRESENTATION_CONTEXT('2D SPACE',''
  ) );
#7025 = ORIENTED_EDGE('',*,*,#3116,.F.);
#7026 = ORIENTED_EDGE('',*,*,#6797,.T.);
#7027 = ADVANCED_FACE('',(#7028),#1317,.T.);
#7028 = FACE_BOUND('',#7029,.T.);
#7029 = EDGE_LOOP('',(#7030,#7031,#7032,#7055));
#7030 = ORIENTED_EDGE('',*,*,#6823,.F.);
#7031 = ORIENTED_EDGE('',*,*,#1300,.F.);
#7032 = ORIENTED_EDGE('',*,*,#7033,.T.);
#7033 = EDGE_CURVE('',#1275,#7034,#7036,.T.);
#7034 = VERTEX_POINT('',#7035);
#7035 = CARTESIAN_POINT('',(-103.8193924259,-53.85786437626,
    124.14213562373));
#7036 = SURFACE_CURVE('',#7037,(#7041,#7048),.PCURVE_S1.);
#7037 = LINE('',#7038,#7039);
#7038 = CARTESIAN_POINT('',(-137.5,-53.85786437626,124.14213562373));
#7039 = VECTOR('',#7040,1.);
#7040 = DIRECTION('',(1.,0.,0.));
#7041 = PCURVE('',#1317,#7042);
#7042 = DEFINITIONAL_REPRESENTATION('',(#7043),#7047);
#7043 = LINE('',#7044,#7045);
#7044 = CARTESIAN_POINT('',(2.356194490192,-137.5));
#7045 = VECTOR('',#7046,1.);
#7046 = DIRECTION('',(-0.,1.));
#7047 = ( GEOMETRIC_REPRESENTATION_CONTEXT(2) 
PARAMETRIC_REPRESENTATION_CONTEXT() REPRESENTATION_CONTEXT('2D SPACE',''
  ) );
#7048 = PCURVE('',#1289,#7049);
#7049 = DEFINITIONAL_REPRESENTATION('',(#7050),#7054);
#7050 = LINE('',#7051,#7052);
#7051 = CARTESIAN_POINT('',(-0.,-137.5));
#7052 = VECTOR('',#7053,1.);
#7053 = DIRECTION('',(0.,1.));
#7054 = ( GEOMETRIC_REPRESENTATION_CONTEXT(2) 
PARAMETRIC_REPRESENTATION_CONTEXT() REPRESENTATION_CONTEXT('2D SPACE',''
  ) );
#7055 = ORIENTED_EDGE('',*,*,#7056,.T.);
#7056 = EDGE_CURVE('',#7034,#6824,#7057,.T.);
#7057 = SURFACE_CURVE('',#7058,(#7063,#7074),.PCURVE_S1.);
#7058 = ELLIPSE('',#7059,20.037373741124,20.);
#7059 = AXIS2_PLACEMENT_3D('',#7060,#7061,#7062);
#7060 = CARTESIAN_POINT('',(-102.9544223566,-39.71572875253,110.));
#7061 = DIRECTION('',(-0.998134798422,0.,-6.104853953486E-02));
#7062 = DIRECTION('',(6.104853953486E-02,0.,-0.998134798422));
#7063 = PCURVE('',#1317,#7064);
#7064 = DEFINITIONAL_REPRESENTATION('',(#7065),#7073);
#7065 = B_SPLINE_CURVE_WITH_KNOTS('',6,(#7066,#7067,#7068,#7069,#7070,
    #7071,#7072),.UNSPECIFIED.,.F.,.F.,(7,7),(2.356194490192,
    3.14159265359),.PIECEWISE_BEZIER_KNOTS.);
#7066 = CARTESIAN_POINT('',(2.356194490192,-103.8193924259));
#7067 = CARTESIAN_POINT('',(2.225294796293,-103.9326167432));
#7068 = CARTESIAN_POINT('',(2.094395102393,-104.0280557193));
#7069 = CARTESIAN_POINT('',(1.963495408494,-104.1022180389));
#7070 = CARTESIAN_POINT('',(1.832595714594,-104.1525227303));
#7071 = CARTESIAN_POINT('',(1.701696020694,-104.1776747596));
#7072 = CARTESIAN_POINT('',(1.570796326795,-104.1776747596));
#7073 = ( GEOMETRIC_REPRESENTATION_CONTEXT(2) 
PARAMETRIC_REPRESENTATION_CONTEXT() REPRESENTATION_CONTEXT('2D SPACE',''
  ) );
#7074 = PCURVE('',#6861,#7075);
#7075 = DEFINITIONAL_REPRESENTATION('',(#7076),#7080);
#7076 = ELLIPSE('',#7077,20.037373741124,20.);
#7077 = AXIS2_PLACEMENT_2D('',#7078,#7079);
#7078 = CARTESIAN_POINT('',(39.71572875254,-22.04111111523));
#7079 = DIRECTION('',(0.,-1.));
#7080 = ( GEOMETRIC_REPRESENTATION_CONTEXT(2) 
PARAMETRIC_REPRESENTATION_CONTEXT() REPRESENTATION_CONTEXT('2D SPACE',''
  ) );
#7081 = ADVANCED_FACE('',(#7082),#1289,.T.);
#7082 = FACE_BOUND('',#7083,.T.);
#7083 = EDGE_LOOP('',(#7084,#7085,#7086,#7116,#7144,#7172,#7173,#7196,
    #7217,#7243,#7264,#7299,#7325,#7360,#7381,#7402));
#7084 = ORIENTED_EDGE('',*,*,#7033,.F.);
#7085 = ORIENTED_EDGE('',*,*,#1274,.F.);
#7086 = ORIENTED_EDGE('',*,*,#7087,.T.);
#7087 = EDGE_CURVE('',#1247,#7088,#7090,.T.);
#7088 = VERTEX_POINT('',#7089);
#7089 = CARTESIAN_POINT('',(-90.08244445999,-96.4852813638,
    81.514718657072));
#7090 = SURFACE_CURVE('',#7091,(#7096,#7103),.PCURVE_S1.);
#7091 = ELLIPSE('',#7092,28.55127085713,20.151000059283);
#7092 = AXIS2_PLACEMENT_3D('',#7093,#7094,#7095);
#7093 = CARTESIAN_POINT('',(-85.54885938043,-76.81405964388,
    101.18594035611));
#7094 = DIRECTION('',(0.,-0.707106781187,0.707106781187));
#7095 = DIRECTION('',(0.,0.707106781187,0.707106781187));
#7096 = PCURVE('',#1289,#7097);
#7097 = DEFINITIONAL_REPRESENTATION('',(#7098),#7102);
#7098 = ELLIPSE('',#7099,28.55127085713,20.151000059283);
#7099 = AXIS2_PLACEMENT_2D('',#7100,#7101);
#7100 = CARTESIAN_POINT('',(32.464962687948,-85.54885938043));
#7101 = DIRECTION('',(-1.,0.));
#7102 = ( GEOMETRIC_REPRESENTATION_CONTEXT(2) 
PARAMETRIC_REPRESENTATION_CONTEXT() REPRESENTATION_CONTEXT('2D SPACE',''
  ) );
#7103 = PCURVE('',#1262,#7104);
#7104 = DEFINITIONAL_REPRESENTATION('',(#7105),#7115);
#7105 = B_SPLINE_CURVE_WITH_KNOTS('',8,(#7106,#7107,#7108,#7109,#7110,
    #7111,#7112,#7113,#7114),.UNSPECIFIED.,.F.,.F.,(9,9),(1.631997144811
    ,3.14159265359),.PIECEWISE_BEZIER_KNOTS.);
#7106 = CARTESIAN_POINT('',(3.14159265359,99.951140619562));
#7107 = CARTESIAN_POINT('',(3.330646035204,96.1486582212));
#7108 = CARTESIAN_POINT('',(3.52219771645,92.396424445773));
#7109 = CARTESIAN_POINT('',(3.716286347944,88.900764113104));
#7110 = CARTESIAN_POINT('',(3.912760042604,85.864153232637));
#7111 = CARTESIAN_POINT('',(4.111248951091,83.461844261758));
#7112 = CARTESIAN_POINT('',(4.311156223247,81.818711875139));
#7113 = CARTESIAN_POINT('',(4.511772598602,80.997143121544));
#7114 = CARTESIAN_POINT('',(4.712388980385,80.997143121544));
#7115 = ( GEOMETRIC_REPRESENTATION_CONTEXT(2) 
PARAMETRIC_REPRESENTATION_CONTEXT() REPRESENTATION_CONTEXT('2D SPACE',''
  ) );
#7116 = ORIENTED_EDGE('',*,*,#7117,.T.);
#7117 = EDGE_CURVE('',#7088,#7118,#7120,.T.);
#7118 = VERTEX_POINT('',#7119);
#7119 = CARTESIAN_POINT('',(90.082444459996,-96.4852813638,
    81.514718657072));
#7120 = SURFACE_CURVE('',#7121,(#7125,#7132),.PCURVE_S1.);
#7121 = LINE('',#7122,#7123);
#7122 = CARTESIAN_POINT('',(-137.5,-96.4852813638,81.514718657072));
#7123 = VECTOR('',#7124,1.);
#7124 = DIRECTION('',(1.,0.,0.));
#7125 = PCURVE('',#1289,#7126);
#7126 = DEFINITIONAL_REPRESENTATION('',(#7127),#7131);
#7127 = LINE('',#7128,#7129);
#7128 = CARTESIAN_POINT('',(60.284271217942,-137.5));
#7129 = VECTOR('',#7130,1.);
#7130 = DIRECTION('',(0.,1.));
#7131 = ( GEOMETRIC_REPRESENTATION_CONTEXT(2) 
PARAMETRIC_REPRESENTATION_CONTEXT() REPRESENTATION_CONTEXT('2D SPACE',''
  ) );
#7132 = PCURVE('',#7133,#7138);
#7133 = CYLINDRICAL_SURFACE('',#7134,12.);
#7134 = AXIS2_PLACEMENT_3D('',#7135,#7136,#7137);
#7135 = CARTESIAN_POINT('',(0.,-88.,73.02943729327));
#7136 = DIRECTION('',(1.,0.,0.));
#7137 = DIRECTION('',(0.,1.,0.));
#7138 = DEFINITIONAL_REPRESENTATION('',(#7139),#7143);
#7139 = LINE('',#7140,#7141);
#7140 = CARTESIAN_POINT('',(2.356194490192,-137.5));
#7141 = VECTOR('',#7142,1.);
#7142 = DIRECTION('',(-0.,1.));
#7143 = ( GEOMETRIC_REPRESENTATION_CONTEXT(2) 
PARAMETRIC_REPRESENTATION_CONTEXT() REPRESENTATION_CONTEXT('2D SPACE',''
  ) );
#7144 = ORIENTED_EDGE('',*,*,#7145,.T.);
#7145 = EDGE_CURVE('',#7118,#4644,#7146,.T.);
#7146 = SURFACE_CURVE('',#7147,(#7152,#7159),.PCURVE_S1.);
#7147 = ELLIPSE('',#7148,28.55127085713,20.151000059283);
#7148 = AXIS2_PLACEMENT_3D('',#7149,#7150,#7151);
#7149 = CARTESIAN_POINT('',(85.548859380437,-76.81405964388,
    101.18594035611));
#7150 = DIRECTION('',(0.,-0.707106781187,0.707106781187));
#7151 = DIRECTION('',(0.,0.707106781187,0.707106781187));
#7152 = PCURVE('',#1289,#7153);
#7153 = DEFINITIONAL_REPRESENTATION('',(#7154),#7158);
#7154 = ELLIPSE('',#7155,28.55127085713,20.151000059283);
#7155 = AXIS2_PLACEMENT_2D('',#7156,#7157);
#7156 = CARTESIAN_POINT('',(32.464962687948,85.548859380437));
#7157 = DIRECTION('',(-1.,0.));
#7158 = ( GEOMETRIC_REPRESENTATION_CONTEXT(2) 
PARAMETRIC_REPRESENTATION_CONTEXT() REPRESENTATION_CONTEXT('2D SPACE',''
  ) );
#7159 = PCURVE('',#4659,#7160);
#7160 = DEFINITIONAL_REPRESENTATION('',(#7161),#7171);
#7161 = B_SPLINE_CURVE_WITH_KNOTS('',8,(#7162,#7163,#7164,#7165,#7166,
    #7167,#7168,#7169,#7170),.UNSPECIFIED.,.F.,.F.,(9,9),(3.14159265359,
    4.651188162369),.PIECEWISE_BEZIER_KNOTS.);
#7162 = CARTESIAN_POINT('',(4.712388980385,80.997143121544));
#7163 = CARTESIAN_POINT('',(4.913005362167,80.997143121544));
#7164 = CARTESIAN_POINT('',(5.11362173752,81.818711875256));
#7165 = CARTESIAN_POINT('',(5.313529009676,83.461844261583));
#7166 = CARTESIAN_POINT('',(5.512017918165,85.864153233276));
#7167 = CARTESIAN_POINT('',(5.708491612815,88.90076411322));
#7168 = CARTESIAN_POINT('',(5.902580244316,92.396424445875));
#7169 = CARTESIAN_POINT('',(6.094131925565,96.1486582212));
#7170 = CARTESIAN_POINT('',(6.28318530718,99.951140619562));
#7171 = ( GEOMETRIC_REPRESENTATION_CONTEXT(2) 
PARAMETRIC_REPRESENTATION_CONTEXT() REPRESENTATION_CONTEXT('2D SPACE',''
  ) );
#7172 = ORIENTED_EDGE('',*,*,#4834,.F.);
#7173 = ORIENTED_EDGE('',*,*,#7174,.F.);
#7174 = EDGE_CURVE('',#7175,#4802,#7177,.T.);
#7175 = VERTEX_POINT('',#7176);
#7176 = CARTESIAN_POINT('',(103.81939242596,-53.85786437626,
    124.14213562373));
#7177 = SURFACE_CURVE('',#7178,(#7182,#7189),.PCURVE_S1.);
#7178 = LINE('',#7179,#7180);
#7179 = CARTESIAN_POINT('',(-137.5,-53.85786437626,124.14213562373));
#7180 = VECTOR('',#7181,1.);
#7181 = DIRECTION('',(1.,0.,0.));
#7182 = PCURVE('',#1289,#7183);
#7183 = DEFINITIONAL_REPRESENTATION('',(#7184),#7188);
#7184 = LINE('',#7185,#7186);
#7185 = CARTESIAN_POINT('',(-0.,-137.5));
#7186 = VECTOR('',#7187,1.);
#7187 = DIRECTION('',(0.,1.));
#7188 = ( GEOMETRIC_REPRESENTATION_CONTEXT(2) 
PARAMETRIC_REPRESENTATION_CONTEXT() REPRESENTATION_CONTEXT('2D SPACE',''
  ) );
#7189 = PCURVE('',#4818,#7190);
#7190 = DEFINITIONAL_REPRESENTATION('',(#7191),#7195);
#7191 = LINE('',#7192,#7193);
#7192 = CARTESIAN_POINT('',(2.356194490192,-137.5));
#7193 = VECTOR('',#7194,1.);
#7194 = DIRECTION('',(-0.,1.));
#7195 = ( GEOMETRIC_REPRESENTATION_CONTEXT(2) 
PARAMETRIC_REPRESENTATION_CONTEXT() REPRESENTATION_CONTEXT('2D SPACE',''
  ) );
#7196 = ORIENTED_EDGE('',*,*,#7197,.T.);
#7197 = EDGE_CURVE('',#7175,#7198,#7200,.T.);
#7198 = VERTEX_POINT('',#7199);
#7199 = CARTESIAN_POINT('',(103.56604855819,-58.,120.));
#7200 = SURFACE_CURVE('',#7201,(#7205,#7211),.PCURVE_S1.);
#7201 = LINE('',#7202,#7203);
#7202 = CARTESIAN_POINT('',(104.66484085067,-40.03490481974,
    137.96509518026));
#7203 = VECTOR('',#7204,1.);
#7204 = DIRECTION('',(-4.320811339974E-02,-0.706446409481,
    -0.706446409481));
#7205 = PCURVE('',#1289,#7206);
#7206 = DEFINITIONAL_REPRESENTATION('',(#7207),#7210);
#7207 = B_SPLINE_CURVE_WITH_KNOTS('',1,(#7208,#7209),.UNSPECIFIED.,.F.,
  .F.,(2,2),(19.566890525623,25.430230714124),.PIECEWISE_BEZIER_KNOTS.);
#7208 = CARTESIAN_POINT('',(-3.552713678801E-15,103.81939242596));
#7209 = CARTESIAN_POINT('',(5.857864376269,103.56604855819));
#7210 = ( GEOMETRIC_REPRESENTATION_CONTEXT(2) 
PARAMETRIC_REPRESENTATION_CONTEXT() REPRESENTATION_CONTEXT('2D SPACE',''
  ) );
#7211 = PCURVE('',#6971,#7212);
#7212 = DEFINITIONAL_REPRESENTATION('',(#7213),#7216);
#7213 = B_SPLINE_CURVE_WITH_KNOTS('',1,(#7214,#7215),.UNSPECIFIED.,.F.,
  .F.,(2,2),(19.566890525623,25.430230714124),.PIECEWISE_BEZIER_KNOTS.);
#7214 = CARTESIAN_POINT('',(-53.85786437627,-7.872548265718));
#7215 = CARTESIAN_POINT('',(-58.,-12.02242424467));
#7216 = ( GEOMETRIC_REPRESENTATION_CONTEXT(2) 
PARAMETRIC_REPRESENTATION_CONTEXT() REPRESENTATION_CONTEXT('2D SPACE',''
  ) );
#7217 = ORIENTED_EDGE('',*,*,#7218,.T.);
#7218 = EDGE_CURVE('',#7198,#7219,#7221,.T.);
#7219 = VERTEX_POINT('',#7220);
#7220 = CARTESIAN_POINT('',(105.36604855819,-58.,120.));
#7221 = SURFACE_CURVE('',#7222,(#7226,#7232),.PCURVE_S1.);
#7222 = LINE('',#7223,#7224);
#7223 = CARTESIAN_POINT('',(-4.57404797072E-16,-58.,120.));
#7224 = VECTOR('',#7225,1.);
#7225 = DIRECTION('',(1.,0.,-0.));
#7226 = PCURVE('',#1289,#7227);
#7227 = DEFINITIONAL_REPRESENTATION('',(#7228),#7231);
#7228 = B_SPLINE_CURVE_WITH_KNOTS('',1,(#7229,#7230),.UNSPECIFIED.,.F.,
  .F.,(2,2),(-105.3660485581,105.36604855819),.PIECEWISE_BEZIER_KNOTS.);
#7229 = CARTESIAN_POINT('',(5.857864376269,-105.3660485581));
#7230 = CARTESIAN_POINT('',(5.857864376269,105.36604855819));
#7231 = ( GEOMETRIC_REPRESENTATION_CONTEXT(2) 
PARAMETRIC_REPRESENTATION_CONTEXT() REPRESENTATION_CONTEXT('2D SPACE',''
  ) );
#7232 = PCURVE('',#7233,#7238);
#7233 = PLANE('',#7234);
#7234 = AXIS2_PLACEMENT_3D('',#7235,#7236,#7237);
#7235 = CARTESIAN_POINT('',(-9.14809594144E-16,1.066213285921E-09,120.)
  );
#7236 = DIRECTION('',(0.,0.,1.));
#7237 = DIRECTION('',(1.,0.,-0.));
#7238 = DEFINITIONAL_REPRESENTATION('',(#7239),#7242);
#7239 = B_SPLINE_CURVE_WITH_KNOTS('',1,(#7240,#7241),.UNSPECIFIED.,.F.,
  .F.,(2,2),(-105.3660485581,105.36604855819),.PIECEWISE_BEZIER_KNOTS.);
#7240 = CARTESIAN_POINT('',(-105.3660485581,-58.00000000106));
#7241 = CARTESIAN_POINT('',(105.36604855819,-58.00000000106));
#7242 = ( GEOMETRIC_REPRESENTATION_CONTEXT(2) 
PARAMETRIC_REPRESENTATION_CONTEXT() REPRESENTATION_CONTEXT('2D SPACE',''
  ) );
#7243 = ORIENTED_EDGE('',*,*,#7244,.T.);
#7244 = EDGE_CURVE('',#7219,#7245,#7247,.T.);
#7245 = VERTEX_POINT('',#7246);
#7246 = CARTESIAN_POINT('',(104.10311021536,-78.64885938043,
    99.351140619561));
#7247 = SURFACE_CURVE('',#7248,(#7252,#7258),.PCURVE_S1.);
#7248 = LINE('',#7249,#7250);
#7249 = CARTESIAN_POINT('',(106.46316060371,-40.06237661465,
    137.93762338534));
#7250 = VECTOR('',#7251,1.);
#7251 = DIRECTION('',(-4.320811339974E-02,-0.706446409481,
    -0.706446409481));
#7252 = PCURVE('',#1289,#7253);
#7253 = DEFINITIONAL_REPRESENTATION('',(#7254),#7257);
#7254 = B_SPLINE_CURVE_WITH_KNOTS('',1,(#7255,#7256),.UNSPECIFIED.,.F.,
  .F.,(2,2),(25.391343412064,54.620537733565),.PIECEWISE_BEZIER_KNOTS.);
#7255 = CARTESIAN_POINT('',(5.857864376269,105.36604855819));
#7256 = CARTESIAN_POINT('',(35.05976135962,104.10311021536));
#7257 = ( GEOMETRIC_REPRESENTATION_CONTEXT(2) 
PARAMETRIC_REPRESENTATION_CONTEXT() REPRESENTATION_CONTEXT('2D SPACE',''
  ) );
#7258 = PCURVE('',#2857,#7259);
#7259 = DEFINITIONAL_REPRESENTATION('',(#7260),#7263);
#7260 = B_SPLINE_CURVE_WITH_KNOTS('',1,(#7261,#7262),.UNSPECIFIED.,.F.,
  .F.,(2,2),(25.391343412064,54.620537733565),.PIECEWISE_BEZIER_KNOTS.);
#7261 = CARTESIAN_POINT('',(-58.,-12.02242424467));
#7262 = CARTESIAN_POINT('',(-78.64885938044,-32.70986988136));
#7263 = ( GEOMETRIC_REPRESENTATION_CONTEXT(2) 
PARAMETRIC_REPRESENTATION_CONTEXT() REPRESENTATION_CONTEXT('2D SPACE',''
  ) );
#7264 = ORIENTED_EDGE('',*,*,#7265,.F.);
#7265 = EDGE_CURVE('',#7266,#7245,#7268,.T.);
#7266 = VERTEX_POINT('',#7267);
#7267 = CARTESIAN_POINT('',(86.148859380437,-95.56827445782,
    82.431725542178));
#7268 = SURFACE_CURVE('',#7269,(#7274,#7281),.PCURVE_S1.);
#7269 = ELLIPSE('',#7270,25.486486566706,17.987927573751);
#7270 = AXIS2_PLACEMENT_3D('',#7271,#7272,#7273);
#7271 = CARTESIAN_POINT('',(86.148859380437,-77.54660697788,
    100.45339302211));
#7272 = DIRECTION('',(0.,-0.707106781187,0.707106781187));
#7273 = DIRECTION('',(-0.,0.707106781187,0.707106781187));
#7274 = PCURVE('',#1289,#7275);
#7275 = DEFINITIONAL_REPRESENTATION('',(#7276),#7280);
#7276 = ELLIPSE('',#7277,25.486486566706,17.987927573751);
#7277 = AXIS2_PLACEMENT_2D('',#7278,#7279);
#7278 = CARTESIAN_POINT('',(33.500941062771,86.148859380437));
#7279 = DIRECTION('',(-1.,0.));
#7280 = ( GEOMETRIC_REPRESENTATION_CONTEXT(2) 
PARAMETRIC_REPRESENTATION_CONTEXT() REPRESENTATION_CONTEXT('2D SPACE',''
  ) );
#7281 = PCURVE('',#7282,#7287);
#7282 = CONICAL_SURFACE('',#7283,12.,6.10865238198E-02);
#7283 = AXIS2_PLACEMENT_3D('',#7284,#7285,#7286);
#7284 = CARTESIAN_POINT('',(86.148859380437,-78.64885938043,2.));
#7285 = DIRECTION('',(-0.,-0.,1.));
#7286 = DIRECTION('',(-1.,0.,0.));
#7287 = DEFINITIONAL_REPRESENTATION('',(#7288),#7298);
#7288 = B_SPLINE_CURVE_WITH_KNOTS('',8,(#7289,#7290,#7291,#7292,#7293,
    #7294,#7295,#7296,#7297),.UNSPECIFIED.,.F.,.F.,(9,9),(3.14159265359,
    4.651188162369),.PIECEWISE_BEZIER_KNOTS.);
#7289 = CARTESIAN_POINT('',(1.570796326795,80.431725542177));
#7290 = CARTESIAN_POINT('',(1.771412708577,80.431725542177));
#7291 = CARTESIAN_POINT('',(1.97202908393,81.165104490878));
#7292 = CARTESIAN_POINT('',(2.171936356097,82.631857817091));
#7293 = CARTESIAN_POINT('',(2.370425264586,84.776295296693));
#7294 = CARTESIAN_POINT('',(2.56689895923,87.486946699854));
#7295 = CARTESIAN_POINT('',(2.760987590725,90.607371726041));
#7296 = CARTESIAN_POINT('',(2.952539271975,93.956828784865));
#7297 = CARTESIAN_POINT('',(3.14159265359,97.351140619561));
#7298 = ( GEOMETRIC_REPRESENTATION_CONTEXT(2) 
PARAMETRIC_REPRESENTATION_CONTEXT() REPRESENTATION_CONTEXT('2D SPACE',''
  ) );
#7299 = ORIENTED_EDGE('',*,*,#7300,.T.);
#7300 = EDGE_CURVE('',#7266,#7301,#7303,.T.);
#7301 = VERTEX_POINT('',#7302);
#7302 = CARTESIAN_POINT('',(-86.14885938043,-95.56827445782,
    82.43172554218));
#7303 = SURFACE_CURVE('',#7304,(#7308,#7314),.PCURVE_S1.);
#7304 = LINE('',#7305,#7306);
#7305 = CARTESIAN_POINT('',(1.972152263053E-31,-95.56827445782,
    82.43172554218));
#7306 = VECTOR('',#7307,1.);
#7307 = DIRECTION('',(-1.,-0.,0.));
#7308 = PCURVE('',#1289,#7309);
#7309 = DEFINITIONAL_REPRESENTATION('',(#7310),#7313);
#7310 = B_SPLINE_CURVE_WITH_KNOTS('',1,(#7311,#7312),.UNSPECIFIED.,.F.,
  .F.,(2,2),(-86.14885938043,86.148859380437),.PIECEWISE_BEZIER_KNOTS.);
#7311 = CARTESIAN_POINT('',(58.987427629472,86.148859380437));
#7312 = CARTESIAN_POINT('',(58.987427629472,-86.14885938043));
#7313 = ( GEOMETRIC_REPRESENTATION_CONTEXT(2) 
PARAMETRIC_REPRESENTATION_CONTEXT() REPRESENTATION_CONTEXT('2D SPACE',''
  ) );
#7314 = PCURVE('',#7315,#7320);
#7315 = PLANE('',#7316);
#7316 = AXIS2_PLACEMENT_3D('',#7317,#7318,#7319);
#7317 = CARTESIAN_POINT('',(3.944304526105E-31,-98.59999999999,132.));
#7318 = DIRECTION('',(0.,-0.998134798422,-6.104853953486E-02));
#7319 = DIRECTION('',(1.,0.,0.));
#7320 = DEFINITIONAL_REPRESENTATION('',(#7321),#7324);
#7321 = B_SPLINE_CURVE_WITH_KNOTS('',1,(#7322,#7323),.UNSPECIFIED.,.F.,
  .F.,(2,2),(-86.14885938043,86.148859380437),.PIECEWISE_BEZIER_KNOTS.);
#7322 = CARTESIAN_POINT('',(86.148859380437,-49.66090205069));
#7323 = CARTESIAN_POINT('',(-86.14885938043,-49.66090205069));
#7324 = ( GEOMETRIC_REPRESENTATION_CONTEXT(2) 
PARAMETRIC_REPRESENTATION_CONTEXT() REPRESENTATION_CONTEXT('2D SPACE',''
  ) );
#7325 = ORIENTED_EDGE('',*,*,#7326,.F.);
#7326 = EDGE_CURVE('',#7327,#7301,#7329,.T.);
#7327 = VERTEX_POINT('',#7328);
#7328 = CARTESIAN_POINT('',(-104.1031102153,-78.64885938043,
    99.351140619561));
#7329 = SURFACE_CURVE('',#7330,(#7335,#7342),.PCURVE_S1.);
#7330 = ELLIPSE('',#7331,25.486486566706,17.987927573751);
#7331 = AXIS2_PLACEMENT_3D('',#7332,#7333,#7334);
#7332 = CARTESIAN_POINT('',(-86.14885938043,-77.54660697788,
    100.45339302211));
#7333 = DIRECTION('',(0.,-0.707106781187,0.707106781187));
#7334 = DIRECTION('',(-0.,0.707106781187,0.707106781187));
#7335 = PCURVE('',#1289,#7336);
#7336 = DEFINITIONAL_REPRESENTATION('',(#7337),#7341);
#7337 = ELLIPSE('',#7338,25.486486566706,17.987927573751);
#7338 = AXIS2_PLACEMENT_2D('',#7339,#7340);
#7339 = CARTESIAN_POINT('',(33.500941062771,-86.14885938043));
#7340 = DIRECTION('',(-1.,0.));
#7341 = ( GEOMETRIC_REPRESENTATION_CONTEXT(2) 
PARAMETRIC_REPRESENTATION_CONTEXT() REPRESENTATION_CONTEXT('2D SPACE',''
  ) );
#7342 = PCURVE('',#7343,#7348);
#7343 = CONICAL_SURFACE('',#7344,12.,6.10865238198E-02);
#7344 = AXIS2_PLACEMENT_3D('',#7345,#7346,#7347);
#7345 = CARTESIAN_POINT('',(-86.14885938043,-78.64885938043,2.));
#7346 = DIRECTION('',(-0.,-0.,1.));
#7347 = DIRECTION('',(-1.,0.,0.));
#7348 = DEFINITIONAL_REPRESENTATION('',(#7349),#7359);
#7349 = B_SPLINE_CURVE_WITH_KNOTS('',8,(#7350,#7351,#7352,#7353,#7354,
    #7355,#7356,#7357,#7358),.UNSPECIFIED.,.F.,.F.,(9,9),(1.631997144811
    ,3.14159265359),.PIECEWISE_BEZIER_KNOTS.);
#7350 = CARTESIAN_POINT('',(0.,97.351140619561));
#7351 = CARTESIAN_POINT('',(0.189053381614,93.956828784865));
#7352 = CARTESIAN_POINT('',(0.380605062862,90.607371725997));
#7353 = CARTESIAN_POINT('',(0.574693694361,87.48694669997));
#7354 = CARTESIAN_POINT('',(0.771167388992,84.776295296867));
#7355 = CARTESIAN_POINT('',(0.969656297499,82.631857816975));
#7356 = CARTESIAN_POINT('',(1.169563569656,81.165104490878));
#7357 = CARTESIAN_POINT('',(1.370179945013,80.431725542177));
#7358 = CARTESIAN_POINT('',(1.570796326795,80.431725542177));
#7359 = ( GEOMETRIC_REPRESENTATION_CONTEXT(2) 
PARAMETRIC_REPRESENTATION_CONTEXT() REPRESENTATION_CONTEXT('2D SPACE',''
  ) );
#7360 = ORIENTED_EDGE('',*,*,#7361,.T.);
#7361 = EDGE_CURVE('',#7327,#7362,#7364,.T.);
#7362 = VERTEX_POINT('',#7363);
#7363 = CARTESIAN_POINT('',(-105.3660485581,-58.,120.));
#7364 = SURFACE_CURVE('',#7365,(#7369,#7375),.PCURVE_S1.);
#7365 = LINE('',#7366,#7367);
#7366 = CARTESIAN_POINT('',(-106.4631606037,-40.06237661465,
    137.93762338534));
#7367 = VECTOR('',#7368,1.);
#7368 = DIRECTION('',(-4.320811339974E-02,0.706446409481,0.706446409481)
  );
#7369 = PCURVE('',#1289,#7370);
#7370 = DEFINITIONAL_REPRESENTATION('',(#7371),#7374);
#7371 = B_SPLINE_CURVE_WITH_KNOTS('',1,(#7372,#7373),.UNSPECIFIED.,.F.,
  .F.,(2,2),(-54.62053773356,-25.39134341206),.PIECEWISE_BEZIER_KNOTS.);
#7372 = CARTESIAN_POINT('',(35.05976135962,-104.1031102153));
#7373 = CARTESIAN_POINT('',(5.857864376269,-105.3660485581));
#7374 = ( GEOMETRIC_REPRESENTATION_CONTEXT(2) 
PARAMETRIC_REPRESENTATION_CONTEXT() REPRESENTATION_CONTEXT('2D SPACE',''
  ) );
#7375 = PCURVE('',#2700,#7376);
#7376 = DEFINITIONAL_REPRESENTATION('',(#7377),#7380);
#7377 = B_SPLINE_CURVE_WITH_KNOTS('',1,(#7378,#7379),.UNSPECIFIED.,.F.,
  .F.,(2,2),(-54.62053773356,-25.39134341206),.PIECEWISE_BEZIER_KNOTS.);
#7378 = CARTESIAN_POINT('',(78.64885938044,-32.70986988136));
#7379 = CARTESIAN_POINT('',(58.000000000002,-12.02242424467));
#7380 = ( GEOMETRIC_REPRESENTATION_CONTEXT(2) 
PARAMETRIC_REPRESENTATION_CONTEXT() REPRESENTATION_CONTEXT('2D SPACE',''
  ) );
#7381 = ORIENTED_EDGE('',*,*,#7382,.T.);
#7382 = EDGE_CURVE('',#7362,#7383,#7385,.T.);
#7383 = VERTEX_POINT('',#7384);
#7384 = CARTESIAN_POINT('',(-103.5660485581,-58.,120.));
#7385 = SURFACE_CURVE('',#7386,(#7390,#7396),.PCURVE_S1.);
#7386 = LINE('',#7387,#7388);
#7387 = CARTESIAN_POINT('',(-4.57404797072E-16,-58.,120.));
#7388 = VECTOR('',#7389,1.);
#7389 = DIRECTION('',(1.,0.,-0.));
#7390 = PCURVE('',#1289,#7391);
#7391 = DEFINITIONAL_REPRESENTATION('',(#7392),#7395);
#7392 = B_SPLINE_CURVE_WITH_KNOTS('',1,(#7393,#7394),.UNSPECIFIED.,.F.,
  .F.,(2,2),(-105.3660485581,105.36604855819),.PIECEWISE_BEZIER_KNOTS.);
#7393 = CARTESIAN_POINT('',(5.857864376269,-105.3660485581));
#7394 = CARTESIAN_POINT('',(5.857864376269,105.36604855819));
#7395 = ( GEOMETRIC_REPRESENTATION_CONTEXT(2) 
PARAMETRIC_REPRESENTATION_CONTEXT() REPRESENTATION_CONTEXT('2D SPACE',''
  ) );
#7396 = PCURVE('',#7233,#7397);
#7397 = DEFINITIONAL_REPRESENTATION('',(#7398),#7401);
#7398 = B_SPLINE_CURVE_WITH_KNOTS('',1,(#7399,#7400),.UNSPECIFIED.,.F.,
  .F.,(2,2),(-105.3660485581,105.36604855819),.PIECEWISE_BEZIER_KNOTS.);
#7399 = CARTESIAN_POINT('',(-105.3660485581,-58.00000000106));
#7400 = CARTESIAN_POINT('',(105.36604855819,-58.00000000106));
#7401 = ( GEOMETRIC_REPRESENTATION_CONTEXT(2) 
PARAMETRIC_REPRESENTATION_CONTEXT() REPRESENTATION_CONTEXT('2D SPACE',''
  ) );
#7402 = ORIENTED_EDGE('',*,*,#7403,.T.);
#7403 = EDGE_CURVE('',#7383,#7034,#7404,.T.);
#7404 = SURFACE_CURVE('',#7405,(#7409,#7415),.PCURVE_S1.);
#7405 = LINE('',#7406,#7407);
#7406 = CARTESIAN_POINT('',(-104.6648408506,-40.03490481974,
    137.96509518026));
#7407 = VECTOR('',#7408,1.);
#7408 = DIRECTION('',(-4.320811339974E-02,0.706446409481,0.706446409481)
  );
#7409 = PCURVE('',#1289,#7410);
#7410 = DEFINITIONAL_REPRESENTATION('',(#7411),#7414);
#7411 = B_SPLINE_CURVE_WITH_KNOTS('',1,(#7412,#7413),.UNSPECIFIED.,.F.,
  .F.,(2,2),(-25.43023071412,-19.56689052562),.PIECEWISE_BEZIER_KNOTS.);
#7412 = CARTESIAN_POINT('',(5.857864376269,-103.5660485581));
#7413 = CARTESIAN_POINT('',(-3.552713678801E-15,-103.8193924259));
#7414 = ( GEOMETRIC_REPRESENTATION_CONTEXT(2) 
PARAMETRIC_REPRESENTATION_CONTEXT() REPRESENTATION_CONTEXT('2D SPACE',''
  ) );
#7415 = PCURVE('',#6861,#7416);
#7416 = DEFINITIONAL_REPRESENTATION('',(#7417),#7420);
#7417 = B_SPLINE_CURVE_WITH_KNOTS('',1,(#7418,#7419),.UNSPECIFIED.,.F.,
  .F.,(2,2),(-25.43023071412,-19.56689052562),.PIECEWISE_BEZIER_KNOTS.);
#7418 = CARTESIAN_POINT('',(58.000000000002,-12.02242424467));
#7419 = CARTESIAN_POINT('',(53.857864376271,-7.872548265718));
#7420 = ( GEOMETRIC_REPRESENTATION_CONTEXT(2) 
PARAMETRIC_REPRESENTATION_CONTEXT() REPRESENTATION_CONTEXT('2D SPACE',''
  ) );
#7421 = ADVANCED_FACE('',(#7422),#1262,.T.);
#7422 = FACE_BOUND('',#7423,.T.);
#7423 = EDGE_LOOP('',(#7424,#7425,#7455,#7483,#7549));
#7424 = ORIENTED_EDGE('',*,*,#1246,.F.);
#7425 = ORIENTED_EDGE('',*,*,#7426,.F.);
#7426 = EDGE_CURVE('',#7427,#1221,#7429,.T.);
#7427 = VERTEX_POINT('',#7428);
#7428 = CARTESIAN_POINT('',(-85.54885938043,-94.91851893189,
    46.918518931891));
#7429 = SURFACE_CURVE('',#7430,(#7435,#7448),.PCURVE_S1.);
#7430 = ELLIPSE('',#7431,22.482229280655,15.867574015682);
#7431 = AXIS2_PLACEMENT_3D('',#7432,#7433,#7434);
#7432 = CARTESIAN_POINT('',(-85.54885938043,-79.02118215135,
    31.021182151351));
#7433 = DIRECTION('',(0.,-0.707106781187,-0.707106781187));
#7434 = DIRECTION('',(0.,-0.707106781187,0.707106781187));
#7435 = PCURVE('',#1262,#7436);
#7436 = DEFINITIONAL_REPRESENTATION('',(#7437),#7447);
#7437 = B_SPLINE_CURVE_WITH_KNOTS('',8,(#7438,#7439,#7440,#7441,#7442,
    #7443,#7444,#7445,#7446),.UNSPECIFIED.,.F.,.F.,(9,9),(0.,
    1.631997144811),.PIECEWISE_BEZIER_KNOTS.);
#7438 = CARTESIAN_POINT('',(4.712388980385,46.918518931893));
#7439 = CARTESIAN_POINT('',(4.520507251758,46.918518931893));
#7440 = CARTESIAN_POINT('',(4.328625513268,46.162425100775));
#7441 = CARTESIAN_POINT('',(4.136042518512,44.650246083463));
#7442 = CARTESIAN_POINT('',(3.942056522439,42.449071978319));
#7443 = CARTESIAN_POINT('',(3.746028502659,39.693253045191));
#7444 = CARTESIAN_POINT('',(3.547437353666,36.569063946979));
#7445 = CARTESIAN_POINT('',(3.34597493826,33.285838816522));
#7446 = CARTESIAN_POINT('',(3.14159265359,30.048859380438));
#7447 = ( GEOMETRIC_REPRESENTATION_CONTEXT(2) 
PARAMETRIC_REPRESENTATION_CONTEXT() REPRESENTATION_CONTEXT('2D SPACE',''
  ) );
#7448 = PCURVE('',#1235,#7449);
#7449 = DEFINITIONAL_REPRESENTATION('',(#7450),#7454);
#7450 = ELLIPSE('',#7451,22.482229280655,15.867574015682);
#7451 = AXIS2_PLACEMENT_2D('',#7452,#7453);
#7452 = CARTESIAN_POINT('',(24.697965987473,-85.54885938043));
#7453 = DIRECTION('',(-1.,0.));
#7454 = ( GEOMETRIC_REPRESENTATION_CONTEXT(2) 
PARAMETRIC_REPRESENTATION_CONTEXT() REPRESENTATION_CONTEXT('2D SPACE',''
  ) );
#7455 = ORIENTED_EDGE('',*,*,#7456,.T.);
#7456 = EDGE_CURVE('',#7427,#7457,#7459,.T.);
#7457 = VERTEX_POINT('',#7458);
#7458 = CARTESIAN_POINT('',(-85.54885938043,-97.00092986523,
    80.965636733881));
#7459 = SURFACE_CURVE('',#7460,(#7464,#7471),.PCURVE_S1.);
#7460 = LINE('',#7461,#7462);
#7461 = CARTESIAN_POINT('',(-85.54885938043,-92.04885938043,0.));
#7462 = VECTOR('',#7463,1.);
#7463 = DIRECTION('',(0.,-6.104853953485E-02,0.998134798422));
#7464 = PCURVE('',#1262,#7465);
#7465 = DEFINITIONAL_REPRESENTATION('',(#7466),#7470);
#7466 = LINE('',#7467,#7468);
#7467 = CARTESIAN_POINT('',(4.712388980385,-7.793403900154E-14));
#7468 = VECTOR('',#7469,1.);
#7469 = DIRECTION('',(0.,1.));
#7470 = ( GEOMETRIC_REPRESENTATION_CONTEXT(2) 
PARAMETRIC_REPRESENTATION_CONTEXT() REPRESENTATION_CONTEXT('2D SPACE',''
  ) );
#7471 = PCURVE('',#7472,#7477);
#7472 = PLANE('',#7473);
#7473 = AXIS2_PLACEMENT_3D('',#7474,#7475,#7476);
#7474 = CARTESIAN_POINT('',(0.,-99.99999999999,130.));
#7475 = DIRECTION('',(0.,-0.998134798422,-6.104853953486E-02));
#7476 = DIRECTION('',(1.,0.,0.));
#7477 = DEFINITIONAL_REPRESENTATION('',(#7478),#7482);
#7478 = LINE('',#7479,#7480);
#7479 = CARTESIAN_POINT('',(-85.54885938043,-130.2429293173));
#7480 = VECTOR('',#7481,1.);
#7481 = DIRECTION('',(0.,1.));
#7482 = ( GEOMETRIC_REPRESENTATION_CONTEXT(2) 
PARAMETRIC_REPRESENTATION_CONTEXT() REPRESENTATION_CONTEXT('2D SPACE',''
  ) );
#7483 = ORIENTED_EDGE('',*,*,#7484,.F.);
#7484 = EDGE_CURVE('',#7088,#7457,#7485,.T.);
#7485 = SURFACE_CURVE('',#7486,(#7505,#7527),.PCURVE_S1.);
#7486 = B_SPLINE_CURVE_WITH_KNOTS('',5,(#7487,#7488,#7489,#7490,#7491,
    #7492,#7493,#7494,#7495,#7496,#7497,#7498,#7499,#7500,#7501,#7502,
    #7503,#7504),.UNSPECIFIED.,.F.,.F.,(6,4,4,4,6),(0.,0.220327372541,
    0.413712900706,0.626460313045,1.),.UNSPECIFIED.);
#7487 = CARTESIAN_POINT('',(-90.08244442022,-96.48528137423,
    81.514718667508));
#7488 = CARTESIAN_POINT('',(-89.88761204712,-96.53035258627,
    81.469647455475));
#7489 = CARTESIAN_POINT('',(-89.69207367913,-96.57300146952,
    81.426399908101));
#7490 = CARTESIAN_POINT('',(-89.49584760222,-96.61322280561,
    81.385094615596));
#7491 = CARTESIAN_POINT('',(-89.29895933889,-96.65100901678,
    81.345846783391));
#7492 = CARTESIAN_POINT('',(-88.92807661198,-96.71736976509,
    81.276223682032));
#7493 = CARTESIAN_POINT('',(-88.75422675025,-96.74650581077,
    81.245349996724));
#7494 = CARTESIAN_POINT('',(-88.57991444508,-96.77375158257,
    81.216222767907));
#7495 = CARTESIAN_POINT('',(-88.40516699127,-96.79909985933,
    81.188912631385));
#7496 = CARTESIAN_POINT('',(-88.03733003061,-96.84833311323,
    81.135512098599));
#7497 = CARTESIAN_POINT('',(-87.84415567888,-96.87181763408,
    81.109817124135));
#7498 = CARTESIAN_POINT('',(-87.65053680158,-96.89298611776,
    81.086488017831));
#7499 = CARTESIAN_POINT('',(-87.45652343293,-96.9118289653,
    81.065600243414));
#7500 = CARTESIAN_POINT('',(-86.92093283186,-96.95732257954,
    81.014940042345));
#7501 = CARTESIAN_POINT('',(-86.57864804976,-96.97911167747,
    80.990382848251));
#7502 = CARTESIAN_POINT('',(-86.2356357413,-96.99365723437,
    80.973884820502));
#7503 = CARTESIAN_POINT('',(-85.89224490266,-97.00092986523,
    80.965636733879));
#7504 = CARTESIAN_POINT('',(-85.54885938043,-97.00092986523,
    80.965636733879));
#7505 = PCURVE('',#1262,#7506);
#7506 = DEFINITIONAL_REPRESENTATION('',(#7507),#7526);
#7507 = B_SPLINE_CURVE_WITH_KNOTS('',5,(#7508,#7509,#7510,#7511,#7512,
    #7513,#7514,#7515,#7516,#7517,#7518,#7519,#7520,#7521,#7522,#7523,
    #7524,#7525),.UNSPECIFIED.,.F.,.F.,(6,4,4,4,6),(0.,0.220327372541,
    0.413712900706,0.626460313045,1.),.UNSPECIFIED.);
#7508 = CARTESIAN_POINT('',(4.471269325185,81.514718667508));
#7509 = CARTESIAN_POINT('',(4.481801417964,81.469647455475));
#7510 = CARTESIAN_POINT('',(4.492342977591,81.426399908101));
#7511 = CARTESIAN_POINT('',(4.502895132904,81.385094615596));
#7512 = CARTESIAN_POINT('',(4.51345860078,81.345846783391));
#7513 = CARTESIAN_POINT('',(4.533315639808,81.276223682032));
#7514 = CARTESIAN_POINT('',(4.542606540785,81.245349996724));
#7515 = CARTESIAN_POINT('',(4.551906584442,81.216222767907));
#7516 = CARTESIAN_POINT('',(4.561215701905,81.188912631385));
#7517 = CARTESIAN_POINT('',(4.580784328164,81.135512098599));
#7518 = CARTESIAN_POINT('',(4.591045682156,81.109817124135));
#7519 = CARTESIAN_POINT('',(4.601317159251,81.086488017831));
#7520 = CARTESIAN_POINT('',(4.611597942866,81.065600243414));
#7521 = CARTESIAN_POINT('',(4.639952040528,81.014940042345));
#7522 = CARTESIAN_POINT('',(4.658042525317,80.990382848251));
#7523 = CARTESIAN_POINT('',(4.676151443596,80.973884820502));
#7524 = CARTESIAN_POINT('',(4.694270352,80.965636733879));
#7525 = CARTESIAN_POINT('',(4.712388980385,80.965636733879));
#7526 = ( GEOMETRIC_REPRESENTATION_CONTEXT(2) 
PARAMETRIC_REPRESENTATION_CONTEXT() REPRESENTATION_CONTEXT('2D SPACE',''
  ) );
#7527 = PCURVE('',#7133,#7528);
#7528 = DEFINITIONAL_REPRESENTATION('',(#7529),#7548);
#7529 = B_SPLINE_CURVE_WITH_KNOTS('',5,(#7530,#7531,#7532,#7533,#7534,
    #7535,#7536,#7537,#7538,#7539,#7540,#7541,#7542,#7543,#7544,#7545,
    #7546,#7547),.UNSPECIFIED.,.F.,.F.,(6,4,4,4,6),(0.,0.220327372541,
    0.413712900706,0.626460313045,1.),.UNSPECIFIED.);
#7530 = CARTESIAN_POINT('',(2.356194490192,-90.08244442022));
#7531 = CARTESIAN_POINT('',(2.36150618347,-89.88761204712));
#7532 = CARTESIAN_POINT('',(2.366567682342,-89.69207367913));
#7533 = CARTESIAN_POINT('',(2.371371991041,-89.49584760222));
#7534 = CARTESIAN_POINT('',(2.375912028448,-89.29895933889));
#7535 = CARTESIAN_POINT('',(2.383927259245,-88.92807661198));
#7536 = CARTESIAN_POINT('',(2.387464806774,-88.75422675025));
#7537 = CARTESIAN_POINT('',(2.3907884274,-88.57991444508));
#7538 = CARTESIAN_POINT('',(2.393893491142,-88.40516699127));
#7539 = CARTESIAN_POINT('',(2.399946228235,-88.03733003061));
#7540 = CARTESIAN_POINT('',(2.402847058656,-87.84415567888));
#7541 = CARTESIAN_POINT('',(2.405472172297,-87.65053680158));
#7542 = CARTESIAN_POINT('',(2.407816416859,-87.45652343293));
#7543 = CARTESIAN_POINT('',(2.41349050814,-86.92093283186));
#7544 = CARTESIAN_POINT('',(2.416226309537,-86.57864804976));
#7545 = CARTESIAN_POINT('',(2.418059197067,-86.2356357413));
#7546 = CARTESIAN_POINT('',(2.418975565567,-85.89224490266));
#7547 = CARTESIAN_POINT('',(2.418975565567,-85.54885938043));
#7548 = ( GEOMETRIC_REPRESENTATION_CONTEXT(2) 
PARAMETRIC_REPRESENTATION_CONTEXT() REPRESENTATION_CONTEXT('2D SPACE',''
  ) );
#7549 = ORIENTED_EDGE('',*,*,#7087,.F.);
#7550 = ADVANCED_FACE('',(#7551),#1235,.T.);
#7551 = FACE_BOUND('',#7552,.T.);
#7552 = EDGE_LOOP('',(#7553,#7554,#7555,#7576,#7606,#7627,#7662,#7681));
#7553 = ORIENTED_EDGE('',*,*,#1220,.F.);
#7554 = ORIENTED_EDGE('',*,*,#2712,.F.);
#7555 = ORIENTED_EDGE('',*,*,#7556,.T.);
#7556 = EDGE_CURVE('',#2680,#7557,#7559,.T.);
#7557 = VERTEX_POINT('',#7558);
#7558 = CARTESIAN_POINT('',(-99.90109868446,-78.64885938043,
    30.648859380439));
#7559 = SURFACE_CURVE('',#7560,(#7564,#7570),.PCURVE_S1.);
#7560 = LINE('',#7561,#7562);
#7561 = CARTESIAN_POINT('',(-100.7045579271,-91.78530187883,
    43.785301878835));
#7562 = VECTOR('',#7563,1.);
#7563 = DIRECTION('',(-4.320811339974E-02,-0.706446409481,0.706446409481
    ));
#7564 = PCURVE('',#1235,#7565);
#7565 = DEFINITIONAL_REPRESENTATION('',(#7566),#7569);
#7566 = B_SPLINE_CURVE_WITH_KNOTS('',1,(#7567,#7568),.UNSPECIFIED.,.F.,
  .F.,(2,2),(-53.68763573903,-18.59510123075),.PIECEWISE_BEZIER_KNOTS.);
#7567 = CARTESIAN_POINT('',(60.284271257577,-98.38481647394));
#7568 = CARTESIAN_POINT('',(25.224509899677,-99.90109868446));
#7569 = ( GEOMETRIC_REPRESENTATION_CONTEXT(2) 
PARAMETRIC_REPRESENTATION_CONTEXT() REPRESENTATION_CONTEXT('2D SPACE',''
  ) );
#7570 = PCURVE('',#2700,#7571);
#7571 = DEFINITIONAL_REPRESENTATION('',(#7572),#7575);
#7572 = B_SPLINE_CURVE_WITH_KNOTS('',1,(#7573,#7574),.UNSPECIFIED.,.F.,
  .F.,(2,2),(-53.68763573903,-18.59510123075),.PIECEWISE_BEZIER_KNOTS.);
#7573 = CARTESIAN_POINT('',(53.857864377488,-126.3778557985));
#7574 = CARTESIAN_POINT('',(78.64885938044,-101.5405341841));
#7575 = ( GEOMETRIC_REPRESENTATION_CONTEXT(2) 
PARAMETRIC_REPRESENTATION_CONTEXT() REPRESENTATION_CONTEXT('2D SPACE',''
  ) );
#7576 = ORIENTED_EDGE('',*,*,#7577,.F.);
#7577 = EDGE_CURVE('',#7578,#7557,#7580,.T.);
#7578 = VERTEX_POINT('',#7579);
#7579 = CARTESIAN_POINT('',(-86.14885938043,-93.29701847507,
    45.297018475076));
#7580 = SURFACE_CURVE('',#7581,(#7586,#7593),.PCURVE_S1.);
#7581 = ELLIPSE('',#7582,19.521631144999,13.778034341401);
#7582 = AXIS2_PLACEMENT_3D('',#7583,#7584,#7585);
#7583 = CARTESIAN_POINT('',(-86.14885938043,-79.49314071262,
    31.493140712627));
#7584 = DIRECTION('',(0.,-0.707106781187,-0.707106781187));
#7585 = DIRECTION('',(0.,-0.707106781187,0.707106781187));
#7586 = PCURVE('',#1235,#7587);
#7587 = DEFINITIONAL_REPRESENTATION('',(#7588),#7592);
#7588 = ELLIPSE('',#7589,19.521631144999,13.778034341401);
#7589 = AXIS2_PLACEMENT_2D('',#7590,#7591);
#7590 = CARTESIAN_POINT('',(24.030515789238,-86.14885938043));
#7591 = DIRECTION('',(-1.,0.));
#7592 = ( GEOMETRIC_REPRESENTATION_CONTEXT(2) 
PARAMETRIC_REPRESENTATION_CONTEXT() REPRESENTATION_CONTEXT('2D SPACE',''
  ) );
#7593 = PCURVE('',#7343,#7594);
#7594 = DEFINITIONAL_REPRESENTATION('',(#7595),#7605);
#7595 = B_SPLINE_CURVE_WITH_KNOTS('',8,(#7596,#7597,#7598,#7599,#7600,
    #7601,#7602,#7603,#7604),.UNSPECIFIED.,.F.,.F.,(9,9),(0.,
    1.631997144811),.PIECEWISE_BEZIER_KNOTS.);
#7596 = CARTESIAN_POINT('',(1.570796326795,43.297018475078));
#7597 = CARTESIAN_POINT('',(1.378914598168,43.297018475078));
#7598 = CARTESIAN_POINT('',(1.187032859681,42.640491726829));
#7599 = CARTESIAN_POINT('',(0.994449864918,41.327445737177));
#7600 = CARTESIAN_POINT('',(0.800463868863,39.416135766703));
#7601 = CARTESIAN_POINT('',(0.604435849065,37.023220009703));
#7602 = CARTESIAN_POINT('',(0.405844700079,34.310443334055));
#7603 = CARTESIAN_POINT('',(0.20438228467,31.459573468723));
#7604 = CARTESIAN_POINT('',(0.,28.648859380439));
#7605 = ( GEOMETRIC_REPRESENTATION_CONTEXT(2) 
PARAMETRIC_REPRESENTATION_CONTEXT() REPRESENTATION_CONTEXT('2D SPACE',''
  ) );
#7606 = ORIENTED_EDGE('',*,*,#7607,.T.);
#7607 = EDGE_CURVE('',#7578,#7608,#7610,.T.);
#7608 = VERTEX_POINT('',#7609);
#7609 = CARTESIAN_POINT('',(-64.30149563038,-93.29701847507,
    45.297018475075));
#7610 = SURFACE_CURVE('',#7611,(#7615,#7621),.PCURVE_S1.);
#7611 = LINE('',#7612,#7613);
#7612 = CARTESIAN_POINT('',(1.972152263053E-31,-93.29701847507,
    45.297018475075));
#7613 = VECTOR('',#7614,1.);
#7614 = DIRECTION('',(1.,0.,0.));
#7615 = PCURVE('',#1235,#7616);
#7616 = DEFINITIONAL_REPRESENTATION('',(#7617),#7620);
#7617 = B_SPLINE_CURVE_WITH_KNOTS('',1,(#7618,#7619),.UNSPECIFIED.,.F.,
  .F.,(2,2),(-86.14885938043,86.148859380437),.PIECEWISE_BEZIER_KNOTS.);
#7618 = CARTESIAN_POINT('',(4.508884644244,-86.14885938043));
#7619 = CARTESIAN_POINT('',(4.508884644244,86.148859380437));
#7620 = ( GEOMETRIC_REPRESENTATION_CONTEXT(2) 
PARAMETRIC_REPRESENTATION_CONTEXT() REPRESENTATION_CONTEXT('2D SPACE',''
  ) );
#7621 = PCURVE('',#7315,#7622);
#7622 = DEFINITIONAL_REPRESENTATION('',(#7623),#7626);
#7623 = B_SPLINE_CURVE_WITH_KNOTS('',1,(#7624,#7625),.UNSPECIFIED.,.F.,
  .F.,(2,2),(-86.14885938043,86.148859380437),.PIECEWISE_BEZIER_KNOTS.);
#7624 = CARTESIAN_POINT('',(-86.14885938043,-86.86500226423));
#7625 = CARTESIAN_POINT('',(86.148859380437,-86.86500226423));
#7626 = ( GEOMETRIC_REPRESENTATION_CONTEXT(2) 
PARAMETRIC_REPRESENTATION_CONTEXT() REPRESENTATION_CONTEXT('2D SPACE',''
  ) );
#7627 = ORIENTED_EDGE('',*,*,#7628,.F.);
#7628 = EDGE_CURVE('',#7629,#7608,#7631,.T.);
#7629 = VERTEX_POINT('',#7630);
#7630 = CARTESIAN_POINT('',(-65.79828495677,-94.91851893189,
    46.91851893189));
#7631 = SURFACE_CURVE('',#7632,(#7637,#7644),.PCURVE_S1.);
#7632 = ELLIPSE('',#7633,4.242640687119,3.);
#7633 = AXIS2_PLACEMENT_3D('',#7634,#7635,#7636);
#7634 = CARTESIAN_POINT('',(-63.,-96.,48.));
#7635 = DIRECTION('',(0.,-0.707106781187,-0.707106781187));
#7636 = DIRECTION('',(0.,-0.707106781187,0.707106781187));
#7637 = PCURVE('',#1235,#7638);
#7638 = DEFINITIONAL_REPRESENTATION('',(#7639),#7643);
#7639 = ELLIPSE('',#7640,4.242640687119,3.);
#7640 = AXIS2_PLACEMENT_2D('',#7641,#7642);
#7641 = CARTESIAN_POINT('',(0.686291512851,-63.));
#7642 = DIRECTION('',(-1.,0.));
#7643 = ( GEOMETRIC_REPRESENTATION_CONTEXT(2) 
PARAMETRIC_REPRESENTATION_CONTEXT() REPRESENTATION_CONTEXT('2D SPACE',''
  ) );
#7644 = PCURVE('',#7645,#7650);
#7645 = CYLINDRICAL_SURFACE('',#7646,3.);
#7646 = AXIS2_PLACEMENT_3D('',#7647,#7648,#7649);
#7647 = CARTESIAN_POINT('',(-63.,130.,48.));
#7648 = DIRECTION('',(0.,-1.,2.22044604925E-16));
#7649 = DIRECTION('',(1.,0.,0.));
#7650 = DEFINITIONAL_REPRESENTATION('',(#7651),#7661);
#7651 = B_SPLINE_CURVE_WITH_KNOTS('',8,(#7652,#7653,#7654,#7655,#7656,
    #7657,#7658,#7659,#7660),.UNSPECIFIED.,.F.,.F.,(9,9),(8.2227787504,
    8.976036572294),.PIECEWISE_BEZIER_KNOTS.);
#7652 = CARTESIAN_POINT('',(9.793575077191,224.91851890663));
#7653 = CARTESIAN_POINT('',(9.887732304927,224.65504016497));
#7654 = CARTESIAN_POINT('',(9.981889532663,224.40251911198));
#7655 = CARTESIAN_POINT('',(10.0760467604,224.16451519049));
#7656 = CARTESIAN_POINT('',(10.170203988137,223.9443805716));
#7657 = CARTESIAN_POINT('',(10.264361215874,223.74515920403));
#7658 = CARTESIAN_POINT('',(10.358518443612,223.56949573869));
#7659 = CARTESIAN_POINT('',(10.45267567135,223.41956366672));
#7660 = CARTESIAN_POINT('',(10.546832899088,223.29701846717));
#7661 = ( GEOMETRIC_REPRESENTATION_CONTEXT(2) 
PARAMETRIC_REPRESENTATION_CONTEXT() REPRESENTATION_CONTEXT('2D SPACE',''
  ) );
#7662 = ORIENTED_EDGE('',*,*,#7663,.F.);
#7663 = EDGE_CURVE('',#7427,#7629,#7664,.T.);
#7664 = SURFACE_CURVE('',#7665,(#7669,#7675),.PCURVE_S1.);
#7665 = LINE('',#7666,#7667);
#7666 = CARTESIAN_POINT('',(0.,-94.91851893189,46.91851893189));
#7667 = VECTOR('',#7668,1.);
#7668 = DIRECTION('',(1.,0.,0.));
#7669 = PCURVE('',#1235,#7670);
#7670 = DEFINITIONAL_REPRESENTATION('',(#7671),#7674);
#7671 = B_SPLINE_CURVE_WITH_KNOTS('',1,(#7672,#7673),.UNSPECIFIED.,.F.,
  .F.,(2,2),(-85.54885938043,85.548859380437),.PIECEWISE_BEZIER_KNOTS.);
#7672 = CARTESIAN_POINT('',(2.215736706822,-85.54885938043));
#7673 = CARTESIAN_POINT('',(2.215736706822,85.548859380437));
#7674 = ( GEOMETRIC_REPRESENTATION_CONTEXT(2) 
PARAMETRIC_REPRESENTATION_CONTEXT() REPRESENTATION_CONTEXT('2D SPACE',''
  ) );
#7675 = PCURVE('',#7472,#7676);
#7676 = DEFINITIONAL_REPRESENTATION('',(#7677),#7680);
#7677 = B_SPLINE_CURVE_WITH_KNOTS('',1,(#7678,#7679),.UNSPECIFIED.,.F.,
  .F.,(2,2),(-85.54885938043,85.548859380437),.PIECEWISE_BEZIER_KNOTS.);
#7678 = CARTESIAN_POINT('',(-85.54885938043,-83.23673435639));
#7679 = CARTESIAN_POINT('',(85.548859380437,-83.23673435639));
#7680 = ( GEOMETRIC_REPRESENTATION_CONTEXT(2) 
PARAMETRIC_REPRESENTATION_CONTEXT() REPRESENTATION_CONTEXT('2D SPACE',''
  ) );
#7681 = ORIENTED_EDGE('',*,*,#7426,.T.);
#7682 = ADVANCED_FACE('',(#7683),#1453,.F.);
#7683 = FACE_BOUND('',#7684,.F.);
#7684 = EDGE_LOOP('',(#7685,#7729,#7750,#7751));
#7685 = ORIENTED_EDGE('',*,*,#7686,.T.);
#7686 = EDGE_CURVE('',#7687,#7687,#7689,.T.);
#7687 = VERTEX_POINT('',#7688);
#7688 = CARTESIAN_POINT('',(-100.7788520469,42.,45.));
#7689 = SURFACE_CURVE('',#7690,(#7695,#7722),.PCURVE_S1.);
#7690 = ELLIPSE('',#7691,3.005606061169,3.);
#7691 = AXIS2_PLACEMENT_3D('',#7692,#7693,#7694);
#7692 = CARTESIAN_POINT('',(-100.9623399073,42.,48.));
#7693 = DIRECTION('',(-0.998134798422,0.,-6.104853953486E-02));
#7694 = DIRECTION('',(6.104853953486E-02,0.,-0.998134798422));
#7695 = PCURVE('',#1453,#7696);
#7696 = DEFINITIONAL_REPRESENTATION('',(#7697),#7721);
#7697 = B_SPLINE_CURVE_WITH_KNOTS('',8,(#7698,#7699,#7700,#7701,#7702,
    #7703,#7704,#7705,#7706,#7707,#7708,#7709,#7710,#7711,#7712,#7713,
    #7714,#7715,#7716,#7717,#7718,#7719,#7720),.UNSPECIFIED.,.F.,.F.,(9,
    7,7,9),(0.,1.570796326795,3.926990816987,6.28318530718),
  .UNSPECIFIED.);
#7698 = CARTESIAN_POINT('',(6.28318530718,36.721147953092));
#7699 = CARTESIAN_POINT('',(6.08683576633,36.721147953092));
#7700 = CARTESIAN_POINT('',(5.890486225481,36.713063201908));
#7701 = CARTESIAN_POINT('',(5.694136684632,36.696894676907));
#7702 = CARTESIAN_POINT('',(5.497787143782,36.673304349488));
#7703 = CARTESIAN_POINT('',(5.301437602933,36.643627273515));
#7704 = CARTESIAN_POINT('',(5.105088062083,36.609715481551));
#7705 = CARTESIAN_POINT('',(4.908738521234,36.573687849792));
#7706 = CARTESIAN_POINT('',(4.417864669111,36.483618456914));
#7707 = CARTESIAN_POINT('',(4.123340357839,36.429576625374));
#7708 = CARTESIAN_POINT('',(3.828816046559,36.382679792659));
#7709 = CARTESIAN_POINT('',(3.534291735298,36.350062779442));
#7710 = CARTESIAN_POINT('',(3.239767424019,36.336912948012));
#7711 = CARTESIAN_POINT('',(2.945243112744,36.344350837637));
#7712 = CARTESIAN_POINT('',(2.650718801466,36.369701375161));
#7713 = CARTESIAN_POINT('',(2.061670178918,36.446127789339));
#7714 = CARTESIAN_POINT('',(1.767145867644,36.497203942919));
#7715 = CARTESIAN_POINT('',(1.472621556367,36.556088189871));
#7716 = CARTESIAN_POINT('',(1.178097245105,36.615365444071));
#7717 = CARTESIAN_POINT('',(0.883572933824,36.666579127137));
#7718 = CARTESIAN_POINT('',(0.589048622551,36.702957195535));
#7719 = CARTESIAN_POINT('',(0.294524311274,36.721147953092));
#7720 = CARTESIAN_POINT('',(1.15463194561E-14,36.721147953092));
#7721 = ( GEOMETRIC_REPRESENTATION_CONTEXT(2) 
PARAMETRIC_REPRESENTATION_CONTEXT() REPRESENTATION_CONTEXT('2D SPACE',''
  ) );
#7722 = PCURVE('',#2700,#7723);
#7723 = DEFINITIONAL_REPRESENTATION('',(#7724),#7728);
#7724 = ELLIPSE('',#7725,3.005606061169,3.);
#7725 = AXIS2_PLACEMENT_2D('',#7726,#7727);
#7726 = CARTESIAN_POINT('',(-41.99999999999,-84.15696971271));
#7727 = DIRECTION('',(0.,-1.));
#7728 = ( GEOMETRIC_REPRESENTATION_CONTEXT(2) 
PARAMETRIC_REPRESENTATION_CONTEXT() REPRESENTATION_CONTEXT('2D SPACE',''
  ) );
#7729 = ORIENTED_EDGE('',*,*,#7730,.F.);
#7730 = EDGE_CURVE('',#1437,#7687,#7731,.T.);
#7731 = SEAM_CURVE('',#7732,(#7736,#7743),.PCURVE_S1.);
#7732 = LINE('',#7733,#7734);
#7733 = CARTESIAN_POINT('',(-137.5,42.,45.));
#7734 = VECTOR('',#7735,1.);
#7735 = DIRECTION('',(1.,0.,2.22044604925E-16));
#7736 = PCURVE('',#1453,#7737);
#7737 = DEFINITIONAL_REPRESENTATION('',(#7738),#7742);
#7738 = LINE('',#7739,#7740);
#7739 = CARTESIAN_POINT('',(6.28318530718,-0.));
#7740 = VECTOR('',#7741,1.);
#7741 = DIRECTION('',(0.,1.));
#7742 = ( GEOMETRIC_REPRESENTATION_CONTEXT(2) 
PARAMETRIC_REPRESENTATION_CONTEXT() REPRESENTATION_CONTEXT('2D SPACE',''
  ) );
#7743 = PCURVE('',#1453,#7744);
#7744 = DEFINITIONAL_REPRESENTATION('',(#7745),#7749);
#7745 = LINE('',#7746,#7747);
#7746 = CARTESIAN_POINT('',(0.,-0.));
#7747 = VECTOR('',#7748,1.);
#7748 = DIRECTION('',(0.,1.));
#7749 = ( GEOMETRIC_REPRESENTATION_CONTEXT(2) 
PARAMETRIC_REPRESENTATION_CONTEXT() REPRESENTATION_CONTEXT('2D SPACE',''
  ) );
#7750 = ORIENTED_EDGE('',*,*,#1436,.F.);
#7751 = ORIENTED_EDGE('',*,*,#7730,.T.);
#7752 = ADVANCED_FACE('',(#7753),#1504,.F.);
#7753 = FACE_BOUND('',#7754,.F.);
#7754 = EDGE_LOOP('',(#7755,#7799,#7820,#7821));
#7755 = ORIENTED_EDGE('',*,*,#7756,.T.);
#7756 = EDGE_CURVE('',#7757,#7757,#7759,.T.);
#7757 = VERTEX_POINT('',#7758);
#7758 = CARTESIAN_POINT('',(-100.7788520469,21.,45.));
#7759 = SURFACE_CURVE('',#7760,(#7765,#7792),.PCURVE_S1.);
#7760 = ELLIPSE('',#7761,3.005606061169,3.);
#7761 = AXIS2_PLACEMENT_3D('',#7762,#7763,#7764);
#7762 = CARTESIAN_POINT('',(-100.9623399073,21.,48.));
#7763 = DIRECTION('',(-0.998134798422,0.,-6.104853953486E-02));
#7764 = DIRECTION('',(6.104853953486E-02,0.,-0.998134798422));
#7765 = PCURVE('',#1504,#7766);
#7766 = DEFINITIONAL_REPRESENTATION('',(#7767),#7791);
#7767 = B_SPLINE_CURVE_WITH_KNOTS('',8,(#7768,#7769,#7770,#7771,#7772,
    #7773,#7774,#7775,#7776,#7777,#7778,#7779,#7780,#7781,#7782,#7783,
    #7784,#7785,#7786,#7787,#7788,#7789,#7790),.UNSPECIFIED.,.F.,.F.,(9,
    7,7,9),(0.,1.570796326795,3.926990816987,6.28318530718),
  .UNSPECIFIED.);
#7768 = CARTESIAN_POINT('',(6.28318530718,36.721147953092));
#7769 = CARTESIAN_POINT('',(6.08683576633,36.721147953092));
#7770 = CARTESIAN_POINT('',(5.890486225481,36.713063201908));
#7771 = CARTESIAN_POINT('',(5.694136684632,36.696894676907));
#7772 = CARTESIAN_POINT('',(5.497787143782,36.673304349488));
#7773 = CARTESIAN_POINT('',(5.301437602933,36.643627273515));
#7774 = CARTESIAN_POINT('',(5.105088062083,36.609715481551));
#7775 = CARTESIAN_POINT('',(4.908738521234,36.573687849792));
#7776 = CARTESIAN_POINT('',(4.417864669111,36.483618456914));
#7777 = CARTESIAN_POINT('',(4.123340357837,36.429576625374));
#7778 = CARTESIAN_POINT('',(3.828816046572,36.382679792659));
#7779 = CARTESIAN_POINT('',(3.534291735282,36.350062779442));
#7780 = CARTESIAN_POINT('',(3.239767424029,36.336912948012));
#7781 = CARTESIAN_POINT('',(2.945243112741,36.344350837637));
#7782 = CARTESIAN_POINT('',(2.650718801466,36.369701375161));
#7783 = CARTESIAN_POINT('',(2.061670178918,36.446127789339));
#7784 = CARTESIAN_POINT('',(1.767145867644,36.497203942919));
#7785 = CARTESIAN_POINT('',(1.472621556367,36.556088189871));
#7786 = CARTESIAN_POINT('',(1.17809724509,36.615365444071));
#7787 = CARTESIAN_POINT('',(0.883572933824,36.666579127137));
#7788 = CARTESIAN_POINT('',(0.589048622551,36.702957195535));
#7789 = CARTESIAN_POINT('',(0.294524311274,36.721147953092));
#7790 = CARTESIAN_POINT('',(1.15463194561E-14,36.721147953092));
#7791 = ( GEOMETRIC_REPRESENTATION_CONTEXT(2) 
PARAMETRIC_REPRESENTATION_CONTEXT() REPRESENTATION_CONTEXT('2D SPACE',''
  ) );
#7792 = PCURVE('',#2700,#7793);
#7793 = DEFINITIONAL_REPRESENTATION('',(#7794),#7798);
#7794 = ELLIPSE('',#7795,3.005606061169,3.);
#7795 = AXIS2_PLACEMENT_2D('',#7796,#7797);
#7796 = CARTESIAN_POINT('',(-20.99999999999,-84.15696971271));
#7797 = DIRECTION('',(0.,-1.));
#7798 = ( GEOMETRIC_REPRESENTATION_CONTEXT(2) 
PARAMETRIC_REPRESENTATION_CONTEXT() REPRESENTATION_CONTEXT('2D SPACE',''
  ) );
#7799 = ORIENTED_EDGE('',*,*,#7800,.F.);
#7800 = EDGE_CURVE('',#1488,#7757,#7801,.T.);
#7801 = SEAM_CURVE('',#7802,(#7806,#7813),.PCURVE_S1.);
#7802 = LINE('',#7803,#7804);
#7803 = CARTESIAN_POINT('',(-137.5,21.,45.));
#7804 = VECTOR('',#7805,1.);
#7805 = DIRECTION('',(1.,0.,2.22044604925E-16));
#7806 = PCURVE('',#1504,#7807);
#7807 = DEFINITIONAL_REPRESENTATION('',(#7808),#7812);
#7808 = LINE('',#7809,#7810);
#7809 = CARTESIAN_POINT('',(6.28318530718,-0.));
#7810 = VECTOR('',#7811,1.);
#7811 = DIRECTION('',(0.,1.));
#7812 = ( GEOMETRIC_REPRESENTATION_CONTEXT(2) 
PARAMETRIC_REPRESENTATION_CONTEXT() REPRESENTATION_CONTEXT('2D SPACE',''
  ) );
#7813 = PCURVE('',#1504,#7814);
#7814 = DEFINITIONAL_REPRESENTATION('',(#7815),#7819);
#7815 = LINE('',#7816,#7817);
#7816 = CARTESIAN_POINT('',(0.,-0.));
#7817 = VECTOR('',#7818,1.);
#7818 = DIRECTION('',(0.,1.));
#7819 = ( GEOMETRIC_REPRESENTATION_CONTEXT(2) 
PARAMETRIC_REPRESENTATION_CONTEXT() REPRESENTATION_CONTEXT('2D SPACE',''
  ) );
#7820 = ORIENTED_EDGE('',*,*,#1487,.F.);
#7821 = ORIENTED_EDGE('',*,*,#7800,.T.);
#7822 = ADVANCED_FACE('',(#7823),#1555,.F.);
#7823 = FACE_BOUND('',#7824,.F.);
#7824 = EDGE_LOOP('',(#7825,#7869,#7890,#7891));
#7825 = ORIENTED_EDGE('',*,*,#7826,.T.);
#7826 = EDGE_CURVE('',#7827,#7827,#7829,.T.);
#7827 = VERTEX_POINT('',#7828);
#7828 = CARTESIAN_POINT('',(-101.9715231398,42.,64.5));
#7829 = SURFACE_CURVE('',#7830,(#7835,#7862),.PCURVE_S1.);
#7830 = ELLIPSE('',#7831,4.508409091753,4.5);
#7831 = AXIS2_PLACEMENT_3D('',#7832,#7833,#7834);
#7832 = CARTESIAN_POINT('',(-102.2467549305,42.,69.));
#7833 = DIRECTION('',(-0.998134798422,0.,-6.104853953486E-02));
#7834 = DIRECTION('',(6.104853953486E-02,0.,-0.998134798422));
#7835 = PCURVE('',#1555,#7836);
#7836 = DEFINITIONAL_REPRESENTATION('',(#7837),#7861);
#7837 = B_SPLINE_CURVE_WITH_KNOTS('',8,(#7838,#7839,#7840,#7841,#7842,
    #7843,#7844,#7845,#7846,#7847,#7848,#7849,#7850,#7851,#7852,#7853,
    #7854,#7855,#7856,#7857,#7858,#7859,#7860),.UNSPECIFIED.,.F.,.F.,(9,
    7,7,9),(0.,1.570796326795,3.926990816987,6.28318530718),
  .UNSPECIFIED.);
#7838 = CARTESIAN_POINT('',(6.28318530718,35.528476860158));
#7839 = CARTESIAN_POINT('',(6.08683576633,35.528476860158));
#7840 = CARTESIAN_POINT('',(5.890486225481,35.516349733386));
#7841 = CARTESIAN_POINT('',(5.694136684631,35.49209694587));
#7842 = CARTESIAN_POINT('',(5.497787143782,35.456711454746));
#7843 = CARTESIAN_POINT('',(5.301437602933,35.412195840798));
#7844 = CARTESIAN_POINT('',(5.105088062083,35.361328152843));
#7845 = CARTESIAN_POINT('',(4.908738521234,35.307286705207));
#7846 = CARTESIAN_POINT('',(4.417864669111,35.172182615891));
#7847 = CARTESIAN_POINT('',(4.12334035784,35.091119868572));
#7848 = CARTESIAN_POINT('',(3.828816046552,35.020774619799));
#7849 = CARTESIAN_POINT('',(3.534291735306,34.9718490995));
#7850 = CARTESIAN_POINT('',(3.239767424005,34.95212435264));
#7851 = CARTESIAN_POINT('',(2.945243112745,34.96328118696));
#7852 = CARTESIAN_POINT('',(2.650718801466,35.001306993262));
#7853 = CARTESIAN_POINT('',(2.061670178918,35.115946614528));
#7854 = CARTESIAN_POINT('',(1.767145867648,35.192560844869));
#7855 = CARTESIAN_POINT('',(1.472621556365,35.280887215558));
#7856 = CARTESIAN_POINT('',(1.178097245105,35.369803096459));
#7857 = CARTESIAN_POINT('',(0.883572933831,35.446623621407));
#7858 = CARTESIAN_POINT('',(0.58904862255,35.501190723808));
#7859 = CARTESIAN_POINT('',(0.294524311274,35.528476860158));
#7860 = CARTESIAN_POINT('',(1.06581410364E-14,35.528476860158));
#7861 = ( GEOMETRIC_REPRESENTATION_CONTEXT(2) 
PARAMETRIC_REPRESENTATION_CONTEXT() REPRESENTATION_CONTEXT('2D SPACE',''
  ) );
#7862 = PCURVE('',#2700,#7863);
#7863 = DEFINITIONAL_REPRESENTATION('',(#7864),#7868);
#7864 = ELLIPSE('',#7865,4.508409091753,4.5);
#7865 = AXIS2_PLACEMENT_2D('',#7866,#7867);
#7866 = CARTESIAN_POINT('',(-41.99999999999,-63.11772728453));
#7867 = DIRECTION('',(0.,-1.));
#7868 = ( GEOMETRIC_REPRESENTATION_CONTEXT(2) 
PARAMETRIC_REPRESENTATION_CONTEXT() REPRESENTATION_CONTEXT('2D SPACE',''
  ) );
#7869 = ORIENTED_EDGE('',*,*,#7870,.F.);
#7870 = EDGE_CURVE('',#1539,#7827,#7871,.T.);
#7871 = SEAM_CURVE('',#7872,(#7876,#7883),.PCURVE_S1.);
#7872 = LINE('',#7873,#7874);
#7873 = CARTESIAN_POINT('',(-137.5,42.,64.5));
#7874 = VECTOR('',#7875,1.);
#7875 = DIRECTION('',(1.,0.,2.22044604925E-16));
#7876 = PCURVE('',#1555,#7877);
#7877 = DEFINITIONAL_REPRESENTATION('',(#7878),#7882);
#7878 = LINE('',#7879,#7880);
#7879 = CARTESIAN_POINT('',(6.28318530718,-0.));
#7880 = VECTOR('',#7881,1.);
#7881 = DIRECTION('',(0.,1.));
#7882 = ( GEOMETRIC_REPRESENTATION_CONTEXT(2) 
PARAMETRIC_REPRESENTATION_CONTEXT() REPRESENTATION_CONTEXT('2D SPACE',''
  ) );
#7883 = PCURVE('',#1555,#7884);
#7884 = DEFINITIONAL_REPRESENTATION('',(#7885),#7889);
#7885 = LINE('',#7886,#7887);
#7886 = CARTESIAN_POINT('',(0.,-0.));
#7887 = VECTOR('',#7888,1.);
#7888 = DIRECTION('',(0.,1.));
#7889 = ( GEOMETRIC_REPRESENTATION_CONTEXT(2) 
PARAMETRIC_REPRESENTATION_CONTEXT() REPRESENTATION_CONTEXT('2D SPACE',''
  ) );
#7890 = ORIENTED_EDGE('',*,*,#1538,.F.);
#7891 = ORIENTED_EDGE('',*,*,#7870,.T.);
#7892 = ADVANCED_FACE('',(#7893),#1606,.F.);
#7893 = FACE_BOUND('',#7894,.F.);
#7894 = EDGE_LOOP('',(#7895,#7939,#7960,#7961));
#7895 = ORIENTED_EDGE('',*,*,#7896,.T.);
#7896 = EDGE_CURVE('',#7897,#7897,#7899,.T.);
#7897 = VERTEX_POINT('',#7898);
#7898 = CARTESIAN_POINT('',(-101.9715231398,21.,64.5));
#7899 = SURFACE_CURVE('',#7900,(#7905,#7932),.PCURVE_S1.);
#7900 = ELLIPSE('',#7901,4.508409091753,4.5);
#7901 = AXIS2_PLACEMENT_3D('',#7902,#7903,#7904);
#7902 = CARTESIAN_POINT('',(-102.2467549305,21.,69.));
#7903 = DIRECTION('',(-0.998134798422,0.,-6.104853953486E-02));
#7904 = DIRECTION('',(6.104853953486E-02,0.,-0.998134798422));
#7905 = PCURVE('',#1606,#7906);
#7906 = DEFINITIONAL_REPRESENTATION('',(#7907),#7931);
#7907 = B_SPLINE_CURVE_WITH_KNOTS('',8,(#7908,#7909,#7910,#7911,#7912,
    #7913,#7914,#7915,#7916,#7917,#7918,#7919,#7920,#7921,#7922,#7923,
    #7924,#7925,#7926,#7927,#7928,#7929,#7930),.UNSPECIFIED.,.F.,.F.,(9,
    7,7,9),(0.,1.570796326795,3.926990816987,6.28318530718),
  .UNSPECIFIED.);
#7908 = CARTESIAN_POINT('',(6.28318530718,35.528476860158));
#7909 = CARTESIAN_POINT('',(6.08683576633,35.528476860158));
#7910 = CARTESIAN_POINT('',(5.890486225481,35.516349733386));
#7911 = CARTESIAN_POINT('',(5.694136684632,35.49209694587));
#7912 = CARTESIAN_POINT('',(5.497787143782,35.456711454746));
#7913 = CARTESIAN_POINT('',(5.301437602933,35.412195840798));
#7914 = CARTESIAN_POINT('',(5.105088062084,35.361328152843));
#7915 = CARTESIAN_POINT('',(4.908738521234,35.307286705207));
#7916 = CARTESIAN_POINT('',(4.417864669111,35.172182615891));
#7917 = CARTESIAN_POINT('',(4.123340357835,35.091119868572));
#7918 = CARTESIAN_POINT('',(3.828816046565,35.020774619799));
#7919 = CARTESIAN_POINT('',(3.534291735288,34.9718490995));
#7920 = CARTESIAN_POINT('',(3.239767424019,34.95212435264));
#7921 = CARTESIAN_POINT('',(2.94524311274,34.96328118696));
#7922 = CARTESIAN_POINT('',(2.650718801466,35.001306993262));
#7923 = CARTESIAN_POINT('',(2.061670178918,35.115946614528));
#7924 = CARTESIAN_POINT('',(1.76714586765,35.192560844869));
#7925 = CARTESIAN_POINT('',(1.472621556387,35.280887215558));
#7926 = CARTESIAN_POINT('',(1.178097245134,35.369803096459));
#7927 = CARTESIAN_POINT('',(0.883572933816,35.446623621407));
#7928 = CARTESIAN_POINT('',(0.58904862255,35.501190723808));
#7929 = CARTESIAN_POINT('',(0.294524311274,35.528476860158));
#7930 = CARTESIAN_POINT('',(1.15463194561E-14,35.528476860158));
#7931 = ( GEOMETRIC_REPRESENTATION_CONTEXT(2) 
PARAMETRIC_REPRESENTATION_CONTEXT() REPRESENTATION_CONTEXT('2D SPACE',''
  ) );
#7932 = PCURVE('',#2700,#7933);
#7933 = DEFINITIONAL_REPRESENTATION('',(#7934),#7938);
#7934 = ELLIPSE('',#7935,4.508409091753,4.5);
#7935 = AXIS2_PLACEMENT_2D('',#7936,#7937);
#7936 = CARTESIAN_POINT('',(-20.99999999999,-63.11772728453));
#7937 = DIRECTION('',(0.,-1.));
#7938 = ( GEOMETRIC_REPRESENTATION_CONTEXT(2) 
PARAMETRIC_REPRESENTATION_CONTEXT() REPRESENTATION_CONTEXT('2D SPACE',''
  ) );
#7939 = ORIENTED_EDGE('',*,*,#7940,.F.);
#7940 = EDGE_CURVE('',#1590,#7897,#7941,.T.);
#7941 = SEAM_CURVE('',#7942,(#7946,#7953),.PCURVE_S1.);
#7942 = LINE('',#7943,#7944);
#7943 = CARTESIAN_POINT('',(-137.5,21.,64.5));
#7944 = VECTOR('',#7945,1.);
#7945 = DIRECTION('',(1.,0.,2.22044604925E-16));
#7946 = PCURVE('',#1606,#7947);
#7947 = DEFINITIONAL_REPRESENTATION('',(#7948),#7952);
#7948 = LINE('',#7949,#7950);
#7949 = CARTESIAN_POINT('',(6.28318530718,-0.));
#7950 = VECTOR('',#7951,1.);
#7951 = DIRECTION('',(0.,1.));
#7952 = ( GEOMETRIC_REPRESENTATION_CONTEXT(2) 
PARAMETRIC_REPRESENTATION_CONTEXT() REPRESENTATION_CONTEXT('2D SPACE',''
  ) );
#7953 = PCURVE('',#1606,#7954);
#7954 = DEFINITIONAL_REPRESENTATION('',(#7955),#7959);
#7955 = LINE('',#7956,#7957);
#7956 = CARTESIAN_POINT('',(0.,-0.));
#7957 = VECTOR('',#7958,1.);
#7958 = DIRECTION('',(0.,1.));
#7959 = ( GEOMETRIC_REPRESENTATION_CONTEXT(2) 
PARAMETRIC_REPRESENTATION_CONTEXT() REPRESENTATION_CONTEXT('2D SPACE',''
  ) );
#7960 = ORIENTED_EDGE('',*,*,#1589,.F.);
#7961 = ORIENTED_EDGE('',*,*,#7940,.T.);
#7962 = ADVANCED_FACE('',(#7963),#1657,.F.);
#7963 = FACE_BOUND('',#7964,.F.);
#7964 = EDGE_LOOP('',(#7965,#8009,#8030,#8031));
#7965 = ORIENTED_EDGE('',*,*,#7966,.T.);
#7966 = EDGE_CURVE('',#7967,#7967,#7969,.T.);
#7967 = VERTEX_POINT('',#7968);
#7968 = CARTESIAN_POINT('',(-100.7788520469,-7.347880794884E-16,45.));
#7969 = SURFACE_CURVE('',#7970,(#7975,#8002),.PCURVE_S1.);
#7970 = ELLIPSE('',#7971,3.005606061169,3.);
#7971 = AXIS2_PLACEMENT_3D('',#7972,#7973,#7974);
#7972 = CARTESIAN_POINT('',(-100.9623399073,0.,48.));
#7973 = DIRECTION('',(-0.998134798422,0.,-6.104853953486E-02));
#7974 = DIRECTION('',(6.104853953486E-02,0.,-0.998134798422));
#7975 = PCURVE('',#1657,#7976);
#7976 = DEFINITIONAL_REPRESENTATION('',(#7977),#8001);
#7977 = B_SPLINE_CURVE_WITH_KNOTS('',8,(#7978,#7979,#7980,#7981,#7982,
    #7983,#7984,#7985,#7986,#7987,#7988,#7989,#7990,#7991,#7992,#7993,
    #7994,#7995,#7996,#7997,#7998,#7999,#8000),.UNSPECIFIED.,.F.,.F.,(9,
    7,7,9),(0.,1.570796326795,3.926990816987,6.28318530718),
  .UNSPECIFIED.);
#7978 = CARTESIAN_POINT('',(6.28318530718,36.721147953092));
#7979 = CARTESIAN_POINT('',(6.08683576633,36.721147953092));
#7980 = CARTESIAN_POINT('',(5.890486225481,36.713063201908));
#7981 = CARTESIAN_POINT('',(5.694136684632,36.696894676907));
#7982 = CARTESIAN_POINT('',(5.497787143782,36.673304349488));
#7983 = CARTESIAN_POINT('',(5.301437602933,36.643627273515));
#7984 = CARTESIAN_POINT('',(5.105088062084,36.609715481551));
#7985 = CARTESIAN_POINT('',(4.908738521234,36.573687849792));
#7986 = CARTESIAN_POINT('',(4.417864669111,36.483618456914));
#7987 = CARTESIAN_POINT('',(4.123340357837,36.429576625374));
#7988 = CARTESIAN_POINT('',(3.828816046576,36.382679792659));
#7989 = CARTESIAN_POINT('',(3.534291735282,36.350062779442));
#7990 = CARTESIAN_POINT('',(3.239767424029,36.336912948012));
#7991 = CARTESIAN_POINT('',(2.945243112742,36.344350837637));
#7992 = CARTESIAN_POINT('',(2.650718801466,36.369701375161));
#7993 = CARTESIAN_POINT('',(2.061670178918,36.446127789339));
#7994 = CARTESIAN_POINT('',(1.767145867642,36.497203942919));
#7995 = CARTESIAN_POINT('',(1.472621556405,36.556088189871));
#7996 = CARTESIAN_POINT('',(1.178097245108,36.615365444071));
#7997 = CARTESIAN_POINT('',(0.883572933845,36.666579127137));
#7998 = CARTESIAN_POINT('',(0.589048622543,36.702957195535));
#7999 = CARTESIAN_POINT('',(0.294524311274,36.721147953092));
#8000 = CARTESIAN_POINT('',(0.,36.721147953092));
#8001 = ( GEOMETRIC_REPRESENTATION_CONTEXT(2) 
PARAMETRIC_REPRESENTATION_CONTEXT() REPRESENTATION_CONTEXT('2D SPACE',''
  ) );
#8002 = PCURVE('',#2700,#8003);
#8003 = DEFINITIONAL_REPRESENTATION('',(#8004),#8008);
#8004 = ELLIPSE('',#8005,3.005606061169,3.);
#8005 = AXIS2_PLACEMENT_2D('',#8006,#8007);
#8006 = CARTESIAN_POINT('',(1.698197138467E-12,-84.15696971271));
#8007 = DIRECTION('',(0.,-1.));
#8008 = ( GEOMETRIC_REPRESENTATION_CONTEXT(2) 
PARAMETRIC_REPRESENTATION_CONTEXT() REPRESENTATION_CONTEXT('2D SPACE',''
  ) );
#8009 = ORIENTED_EDGE('',*,*,#8010,.F.);
#8010 = EDGE_CURVE('',#1641,#7967,#8011,.T.);
#8011 = SEAM_CURVE('',#8012,(#8016,#8023),.PCURVE_S1.);
#8012 = LINE('',#8013,#8014);
#8013 = CARTESIAN_POINT('',(-137.5,-7.347880794884E-16,45.));
#8014 = VECTOR('',#8015,1.);
#8015 = DIRECTION('',(1.,0.,2.22044604925E-16));
#8016 = PCURVE('',#1657,#8017);
#8017 = DEFINITIONAL_REPRESENTATION('',(#8018),#8022);
#8018 = LINE('',#8019,#8020);
#8019 = CARTESIAN_POINT('',(6.28318530718,-0.));
#8020 = VECTOR('',#8021,1.);
#8021 = DIRECTION('',(0.,1.));
#8022 = ( GEOMETRIC_REPRESENTATION_CONTEXT(2) 
PARAMETRIC_REPRESENTATION_CONTEXT() REPRESENTATION_CONTEXT('2D SPACE',''
  ) );
#8023 = PCURVE('',#1657,#8024);
#8024 = DEFINITIONAL_REPRESENTATION('',(#8025),#8029);
#8025 = LINE('',#8026,#8027);
#8026 = CARTESIAN_POINT('',(0.,-0.));
#8027 = VECTOR('',#8028,1.);
#8028 = DIRECTION('',(0.,1.));
#8029 = ( GEOMETRIC_REPRESENTATION_CONTEXT(2) 
PARAMETRIC_REPRESENTATION_CONTEXT() REPRESENTATION_CONTEXT('2D SPACE',''
  ) );
#8030 = ORIENTED_EDGE('',*,*,#1640,.F.);
#8031 = ORIENTED_EDGE('',*,*,#8010,.T.);
#8032 = ADVANCED_FACE('',(#8033),#1708,.F.);
#8033 = FACE_BOUND('',#8034,.F.);
#8034 = EDGE_LOOP('',(#8035,#8079,#8100,#8101));
#8035 = ORIENTED_EDGE('',*,*,#8036,.T.);
#8036 = EDGE_CURVE('',#8037,#8037,#8039,.T.);
#8037 = VERTEX_POINT('',#8038);
#8038 = CARTESIAN_POINT('',(-100.7788520469,-21.,45.));
#8039 = SURFACE_CURVE('',#8040,(#8045,#8072),.PCURVE_S1.);
#8040 = ELLIPSE('',#8041,3.005606061169,3.);
#8041 = AXIS2_PLACEMENT_3D('',#8042,#8043,#8044);
#8042 = CARTESIAN_POINT('',(-100.9623399073,-21.,48.));
#8043 = DIRECTION('',(-0.998134798422,0.,-6.104853953486E-02));
#8044 = DIRECTION('',(6.104853953486E-02,0.,-0.998134798422));
#8045 = PCURVE('',#1708,#8046);
#8046 = DEFINITIONAL_REPRESENTATION('',(#8047),#8071);
#8047 = B_SPLINE_CURVE_WITH_KNOTS('',8,(#8048,#8049,#8050,#8051,#8052,
    #8053,#8054,#8055,#8056,#8057,#8058,#8059,#8060,#8061,#8062,#8063,
    #8064,#8065,#8066,#8067,#8068,#8069,#8070),.UNSPECIFIED.,.F.,.F.,(9,
    7,7,9),(0.,1.570796326795,3.926990816987,6.28318530718),
  .UNSPECIFIED.);
#8048 = CARTESIAN_POINT('',(6.28318530718,36.721147953092));
#8049 = CARTESIAN_POINT('',(6.08683576633,36.721147953092));
#8050 = CARTESIAN_POINT('',(5.890486225481,36.713063201908));
#8051 = CARTESIAN_POINT('',(5.694136684632,36.696894676907));
#8052 = CARTESIAN_POINT('',(5.497787143782,36.673304349488));
#8053 = CARTESIAN_POINT('',(5.301437602933,36.643627273515));
#8054 = CARTESIAN_POINT('',(5.105088062083,36.609715481551));
#8055 = CARTESIAN_POINT('',(4.908738521234,36.573687849792));
#8056 = CARTESIAN_POINT('',(4.417864669111,36.483618456914));
#8057 = CARTESIAN_POINT('',(4.123340357837,36.429576625374));
#8058 = CARTESIAN_POINT('',(3.828816046572,36.382679792659));
#8059 = CARTESIAN_POINT('',(3.534291735282,36.350062779442));
#8060 = CARTESIAN_POINT('',(3.239767424029,36.336912948012));
#8061 = CARTESIAN_POINT('',(2.945243112741,36.344350837637));
#8062 = CARTESIAN_POINT('',(2.650718801466,36.369701375161));
#8063 = CARTESIAN_POINT('',(2.061670178918,36.446127789339));
#8064 = CARTESIAN_POINT('',(1.767145867644,36.497203942919));
#8065 = CARTESIAN_POINT('',(1.472621556367,36.556088189871));
#8066 = CARTESIAN_POINT('',(1.17809724509,36.615365444071));
#8067 = CARTESIAN_POINT('',(0.883572933824,36.666579127137));
#8068 = CARTESIAN_POINT('',(0.589048622551,36.702957195535));
#8069 = CARTESIAN_POINT('',(0.294524311274,36.721147953092));
#8070 = CARTESIAN_POINT('',(1.15463194561E-14,36.721147953092));
#8071 = ( GEOMETRIC_REPRESENTATION_CONTEXT(2) 
PARAMETRIC_REPRESENTATION_CONTEXT() REPRESENTATION_CONTEXT('2D SPACE',''
  ) );
#8072 = PCURVE('',#2700,#8073);
#8073 = DEFINITIONAL_REPRESENTATION('',(#8074),#8078);
#8074 = ELLIPSE('',#8075,3.005606061169,3.);
#8075 = AXIS2_PLACEMENT_2D('',#8076,#8077);
#8076 = CARTESIAN_POINT('',(21.000000000002,-84.15696971271));
#8077 = DIRECTION('',(0.,-1.));
#8078 = ( GEOMETRIC_REPRESENTATION_CONTEXT(2) 
PARAMETRIC_REPRESENTATION_CONTEXT() REPRESENTATION_CONTEXT('2D SPACE',''
  ) );
#8079 = ORIENTED_EDGE('',*,*,#8080,.F.);
#8080 = EDGE_CURVE('',#1692,#8037,#8081,.T.);
#8081 = SEAM_CURVE('',#8082,(#8086,#8093),.PCURVE_S1.);
#8082 = LINE('',#8083,#8084);
#8083 = CARTESIAN_POINT('',(-137.5,-21.,45.));
#8084 = VECTOR('',#8085,1.);
#8085 = DIRECTION('',(1.,0.,2.22044604925E-16));
#8086 = PCURVE('',#1708,#8087);
#8087 = DEFINITIONAL_REPRESENTATION('',(#8088),#8092);
#8088 = LINE('',#8089,#8090);
#8089 = CARTESIAN_POINT('',(6.28318530718,-0.));
#8090 = VECTOR('',#8091,1.);
#8091 = DIRECTION('',(0.,1.));
#8092 = ( GEOMETRIC_REPRESENTATION_CONTEXT(2) 
PARAMETRIC_REPRESENTATION_CONTEXT() REPRESENTATION_CONTEXT('2D SPACE',''
  ) );
#8093 = PCURVE('',#1708,#8094);
#8094 = DEFINITIONAL_REPRESENTATION('',(#8095),#8099);
#8095 = LINE('',#8096,#8097);
#8096 = CARTESIAN_POINT('',(0.,-0.));
#8097 = VECTOR('',#8098,1.);
#8098 = DIRECTION('',(0.,1.));
#8099 = ( GEOMETRIC_REPRESENTATION_CONTEXT(2) 
PARAMETRIC_REPRESENTATION_CONTEXT() REPRESENTATION_CONTEXT('2D SPACE',''
  ) );
#8100 = ORIENTED_EDGE('',*,*,#1691,.F.);
#8101 = ORIENTED_EDGE('',*,*,#8080,.T.);
#8102 = ADVANCED_FACE('',(#8103),#1759,.F.);
#8103 = FACE_BOUND('',#8104,.F.);
#8104 = EDGE_LOOP('',(#8105,#8149,#8170,#8171));
#8105 = ORIENTED_EDGE('',*,*,#8106,.T.);
#8106 = EDGE_CURVE('',#8107,#8107,#8109,.T.);
#8107 = VERTEX_POINT('',#8108);
#8108 = CARTESIAN_POINT('',(-100.7788520469,-42.,45.));
#8109 = SURFACE_CURVE('',#8110,(#8115,#8142),.PCURVE_S1.);
#8110 = ELLIPSE('',#8111,3.005606061169,3.);
#8111 = AXIS2_PLACEMENT_3D('',#8112,#8113,#8114);
#8112 = CARTESIAN_POINT('',(-100.9623399073,-42.,48.));
#8113 = DIRECTION('',(-0.998134798422,0.,-6.104853953486E-02));
#8114 = DIRECTION('',(6.104853953486E-02,0.,-0.998134798422));
#8115 = PCURVE('',#1759,#8116);
#8116 = DEFINITIONAL_REPRESENTATION('',(#8117),#8141);
#8117 = B_SPLINE_CURVE_WITH_KNOTS('',8,(#8118,#8119,#8120,#8121,#8122,
    #8123,#8124,#8125,#8126,#8127,#8128,#8129,#8130,#8131,#8132,#8133,
    #8134,#8135,#8136,#8137,#8138,#8139,#8140),.UNSPECIFIED.,.F.,.F.,(9,
    7,7,9),(0.,1.570796326795,3.926990816987,6.28318530718),
  .UNSPECIFIED.);
#8118 = CARTESIAN_POINT('',(6.28318530718,36.721147953092));
#8119 = CARTESIAN_POINT('',(6.08683576633,36.721147953092));
#8120 = CARTESIAN_POINT('',(5.890486225481,36.713063201908));
#8121 = CARTESIAN_POINT('',(5.694136684632,36.696894676907));
#8122 = CARTESIAN_POINT('',(5.497787143782,36.673304349488));
#8123 = CARTESIAN_POINT('',(5.301437602933,36.643627273515));
#8124 = CARTESIAN_POINT('',(5.105088062083,36.609715481551));
#8125 = CARTESIAN_POINT('',(4.908738521234,36.573687849792));
#8126 = CARTESIAN_POINT('',(4.417864669111,36.483618456914));
#8127 = CARTESIAN_POINT('',(4.123340357839,36.429576625374));
#8128 = CARTESIAN_POINT('',(3.828816046559,36.382679792659));
#8129 = CARTESIAN_POINT('',(3.534291735298,36.350062779442));
#8130 = CARTESIAN_POINT('',(3.239767424019,36.336912948012));
#8131 = CARTESIAN_POINT('',(2.945243112744,36.344350837637));
#8132 = CARTESIAN_POINT('',(2.650718801466,36.369701375161));
#8133 = CARTESIAN_POINT('',(2.061670178918,36.446127789339));
#8134 = CARTESIAN_POINT('',(1.767145867644,36.497203942919));
#8135 = CARTESIAN_POINT('',(1.472621556367,36.556088189871));
#8136 = CARTESIAN_POINT('',(1.178097245105,36.615365444071));
#8137 = CARTESIAN_POINT('',(0.883572933824,36.666579127137));
#8138 = CARTESIAN_POINT('',(0.589048622551,36.702957195535));
#8139 = CARTESIAN_POINT('',(0.294524311274,36.721147953092));
#8140 = CARTESIAN_POINT('',(1.15463194561E-14,36.721147953092));
#8141 = ( GEOMETRIC_REPRESENTATION_CONTEXT(2) 
PARAMETRIC_REPRESENTATION_CONTEXT() REPRESENTATION_CONTEXT('2D SPACE',''
  ) );
#8142 = PCURVE('',#2700,#8143);
#8143 = DEFINITIONAL_REPRESENTATION('',(#8144),#8148);
#8144 = ELLIPSE('',#8145,3.005606061169,3.);
#8145 = AXIS2_PLACEMENT_2D('',#8146,#8147);
#8146 = CARTESIAN_POINT('',(42.000000000002,-84.15696971271));
#8147 = DIRECTION('',(0.,-1.));
#8148 = ( GEOMETRIC_REPRESENTATION_CONTEXT(2) 
PARAMETRIC_REPRESENTATION_CONTEXT() REPRESENTATION_CONTEXT('2D SPACE',''
  ) );
#8149 = ORIENTED_EDGE('',*,*,#8150,.F.);
#8150 = EDGE_CURVE('',#1743,#8107,#8151,.T.);
#8151 = SEAM_CURVE('',#8152,(#8156,#8163),.PCURVE_S1.);
#8152 = LINE('',#8153,#8154);
#8153 = CARTESIAN_POINT('',(-137.5,-42.,45.));
#8154 = VECTOR('',#8155,1.);
#8155 = DIRECTION('',(1.,0.,2.22044604925E-16));
#8156 = PCURVE('',#1759,#8157);
#8157 = DEFINITIONAL_REPRESENTATION('',(#8158),#8162);
#8158 = LINE('',#8159,#8160);
#8159 = CARTESIAN_POINT('',(6.28318530718,-0.));
#8160 = VECTOR('',#8161,1.);
#8161 = DIRECTION('',(0.,1.));
#8162 = ( GEOMETRIC_REPRESENTATION_CONTEXT(2) 
PARAMETRIC_REPRESENTATION_CONTEXT() REPRESENTATION_CONTEXT('2D SPACE',''
  ) );
#8163 = PCURVE('',#1759,#8164);
#8164 = DEFINITIONAL_REPRESENTATION('',(#8165),#8169);
#8165 = LINE('',#8166,#8167);
#8166 = CARTESIAN_POINT('',(0.,-0.));
#8167 = VECTOR('',#8168,1.);
#8168 = DIRECTION('',(0.,1.));
#8169 = ( GEOMETRIC_REPRESENTATION_CONTEXT(2) 
PARAMETRIC_REPRESENTATION_CONTEXT() REPRESENTATION_CONTEXT('2D SPACE',''
  ) );
#8170 = ORIENTED_EDGE('',*,*,#1742,.F.);
#8171 = ORIENTED_EDGE('',*,*,#8150,.T.);
#8172 = ADVANCED_FACE('',(#8173),#1810,.F.);
#8173 = FACE_BOUND('',#8174,.F.);
#8174 = EDGE_LOOP('',(#8175,#8219,#8240,#8241));
#8175 = ORIENTED_EDGE('',*,*,#8176,.T.);
#8176 = EDGE_CURVE('',#8177,#8177,#8179,.T.);
#8177 = VERTEX_POINT('',#8178);
#8178 = CARTESIAN_POINT('',(-101.9715231398,-1.102182119233E-15,64.5));
#8179 = SURFACE_CURVE('',#8180,(#8185,#8212),.PCURVE_S1.);
#8180 = ELLIPSE('',#8181,4.508409091753,4.5);
#8181 = AXIS2_PLACEMENT_3D('',#8182,#8183,#8184);
#8182 = CARTESIAN_POINT('',(-102.2467549305,0.,69.));
#8183 = DIRECTION('',(-0.998134798422,0.,-6.104853953486E-02));
#8184 = DIRECTION('',(6.104853953486E-02,0.,-0.998134798422));
#8185 = PCURVE('',#1810,#8186);
#8186 = DEFINITIONAL_REPRESENTATION('',(#8187),#8211);
#8187 = B_SPLINE_CURVE_WITH_KNOTS('',8,(#8188,#8189,#8190,#8191,#8192,
    #8193,#8194,#8195,#8196,#8197,#8198,#8199,#8200,#8201,#8202,#8203,
    #8204,#8205,#8206,#8207,#8208,#8209,#8210),.UNSPECIFIED.,.F.,.F.,(9,
    7,7,9),(0.,1.570796326795,3.926990816987,6.28318530718),
  .UNSPECIFIED.);
#8188 = CARTESIAN_POINT('',(6.28318530718,35.528476860158));
#8189 = CARTESIAN_POINT('',(6.08683576633,35.528476860158));
#8190 = CARTESIAN_POINT('',(5.890486225481,35.516349733386));
#8191 = CARTESIAN_POINT('',(5.694136684631,35.49209694587));
#8192 = CARTESIAN_POINT('',(5.497787143782,35.456711454746));
#8193 = CARTESIAN_POINT('',(5.301437602933,35.412195840798));
#8194 = CARTESIAN_POINT('',(5.105088062083,35.361328152843));
#8195 = CARTESIAN_POINT('',(4.908738521234,35.307286705207));
#8196 = CARTESIAN_POINT('',(4.417864669111,35.172182615891));
#8197 = CARTESIAN_POINT('',(4.123340357837,35.091119868572));
#8198 = CARTESIAN_POINT('',(3.828816046557,35.020774619799));
#8199 = CARTESIAN_POINT('',(3.534291735295,34.9718490995));
#8200 = CARTESIAN_POINT('',(3.239767424012,34.95212435264));
#8201 = CARTESIAN_POINT('',(2.945243112742,34.96328118696));
#8202 = CARTESIAN_POINT('',(2.650718801466,35.001306993262));
#8203 = CARTESIAN_POINT('',(2.061670178918,35.115946614528));
#8204 = CARTESIAN_POINT('',(1.767145867644,35.192560844869));
#8205 = CARTESIAN_POINT('',(1.472621556391,35.280887215558));
#8206 = CARTESIAN_POINT('',(1.178097245094,35.369803096459));
#8207 = CARTESIAN_POINT('',(0.883572933838,35.446623621407));
#8208 = CARTESIAN_POINT('',(0.589048622547,35.501190723808));
#8209 = CARTESIAN_POINT('',(0.294524311274,35.528476860158));
#8210 = CARTESIAN_POINT('',(0.,35.528476860158));
#8211 = ( GEOMETRIC_REPRESENTATION_CONTEXT(2) 
PARAMETRIC_REPRESENTATION_CONTEXT() REPRESENTATION_CONTEXT('2D SPACE',''
  ) );
#8212 = PCURVE('',#2700,#8213);
#8213 = DEFINITIONAL_REPRESENTATION('',(#8214),#8218);
#8214 = ELLIPSE('',#8215,4.508409091753,4.5);
#8215 = AXIS2_PLACEMENT_2D('',#8216,#8217);
#8216 = CARTESIAN_POINT('',(1.698197138467E-12,-63.11772728453));
#8217 = DIRECTION('',(0.,-1.));
#8218 = ( GEOMETRIC_REPRESENTATION_CONTEXT(2) 
PARAMETRIC_REPRESENTATION_CONTEXT() REPRESENTATION_CONTEXT('2D SPACE',''
  ) );
#8219 = ORIENTED_EDGE('',*,*,#8220,.F.);
#8220 = EDGE_CURVE('',#1794,#8177,#8221,.T.);
#8221 = SEAM_CURVE('',#8222,(#8226,#8233),.PCURVE_S1.);
#8222 = LINE('',#8223,#8224);
#8223 = CARTESIAN_POINT('',(-137.5,-1.102182119233E-15,64.5));
#8224 = VECTOR('',#8225,1.);
#8225 = DIRECTION('',(1.,0.,2.22044604925E-16));
#8226 = PCURVE('',#1810,#8227);
#8227 = DEFINITIONAL_REPRESENTATION('',(#8228),#8232);
#8228 = LINE('',#8229,#8230);
#8229 = CARTESIAN_POINT('',(6.28318530718,-0.));
#8230 = VECTOR('',#8231,1.);
#8231 = DIRECTION('',(0.,1.));
#8232 = ( GEOMETRIC_REPRESENTATION_CONTEXT(2) 
PARAMETRIC_REPRESENTATION_CONTEXT() REPRESENTATION_CONTEXT('2D SPACE',''
  ) );
#8233 = PCURVE('',#1810,#8234);
#8234 = DEFINITIONAL_REPRESENTATION('',(#8235),#8239);
#8235 = LINE('',#8236,#8237);
#8236 = CARTESIAN_POINT('',(0.,-0.));
#8237 = VECTOR('',#8238,1.);
#8238 = DIRECTION('',(0.,1.));
#8239 = ( GEOMETRIC_REPRESENTATION_CONTEXT(2) 
PARAMETRIC_REPRESENTATION_CONTEXT() REPRESENTATION_CONTEXT('2D SPACE',''
  ) );
#8240 = ORIENTED_EDGE('',*,*,#1793,.F.);
#8241 = ORIENTED_EDGE('',*,*,#8220,.T.);
#8242 = ADVANCED_FACE('',(#8243),#1861,.F.);
#8243 = FACE_BOUND('',#8244,.F.);
#8244 = EDGE_LOOP('',(#8245,#8289,#8310,#8311));
#8245 = ORIENTED_EDGE('',*,*,#8246,.T.);
#8246 = EDGE_CURVE('',#8247,#8247,#8249,.T.);
#8247 = VERTEX_POINT('',#8248);
#8248 = CARTESIAN_POINT('',(-101.9715231398,-21.,64.5));
#8249 = SURFACE_CURVE('',#8250,(#8255,#8282),.PCURVE_S1.);
#8250 = ELLIPSE('',#8251,4.508409091753,4.5);
#8251 = AXIS2_PLACEMENT_3D('',#8252,#8253,#8254);
#8252 = CARTESIAN_POINT('',(-102.2467549305,-21.,69.));
#8253 = DIRECTION('',(-0.998134798422,0.,-6.104853953486E-02));
#8254 = DIRECTION('',(6.104853953486E-02,0.,-0.998134798422));
#8255 = PCURVE('',#1861,#8256);
#8256 = DEFINITIONAL_REPRESENTATION('',(#8257),#8281);
#8257 = B_SPLINE_CURVE_WITH_KNOTS('',8,(#8258,#8259,#8260,#8261,#8262,
    #8263,#8264,#8265,#8266,#8267,#8268,#8269,#8270,#8271,#8272,#8273,
    #8274,#8275,#8276,#8277,#8278,#8279,#8280),.UNSPECIFIED.,.F.,.F.,(9,
    7,7,9),(0.,1.570796326795,3.926990816987,6.28318530718),
  .UNSPECIFIED.);
#8258 = CARTESIAN_POINT('',(6.28318530718,35.528476860158));
#8259 = CARTESIAN_POINT('',(6.08683576633,35.528476860158));
#8260 = CARTESIAN_POINT('',(5.890486225481,35.516349733386));
#8261 = CARTESIAN_POINT('',(5.694136684632,35.49209694587));
#8262 = CARTESIAN_POINT('',(5.497787143782,35.456711454746));
#8263 = CARTESIAN_POINT('',(5.301437602933,35.412195840798));
#8264 = CARTESIAN_POINT('',(5.105088062084,35.361328152843));
#8265 = CARTESIAN_POINT('',(4.908738521234,35.307286705207));
#8266 = CARTESIAN_POINT('',(4.417864669111,35.172182615891));
#8267 = CARTESIAN_POINT('',(4.123340357835,35.091119868572));
#8268 = CARTESIAN_POINT('',(3.828816046565,35.020774619799));
#8269 = CARTESIAN_POINT('',(3.534291735288,34.9718490995));
#8270 = CARTESIAN_POINT('',(3.239767424019,34.95212435264));
#8271 = CARTESIAN_POINT('',(2.94524311274,34.96328118696));
#8272 = CARTESIAN_POINT('',(2.650718801466,35.001306993262));
#8273 = CARTESIAN_POINT('',(2.061670178918,35.115946614528));
#8274 = CARTESIAN_POINT('',(1.76714586765,35.192560844869));
#8275 = CARTESIAN_POINT('',(1.472621556387,35.280887215558));
#8276 = CARTESIAN_POINT('',(1.178097245134,35.369803096459));
#8277 = CARTESIAN_POINT('',(0.883572933816,35.446623621407));
#8278 = CARTESIAN_POINT('',(0.58904862255,35.501190723808));
#8279 = CARTESIAN_POINT('',(0.294524311274,35.528476860158));
#8280 = CARTESIAN_POINT('',(1.15463194561E-14,35.528476860158));
#8281 = ( GEOMETRIC_REPRESENTATION_CONTEXT(2) 
PARAMETRIC_REPRESENTATION_CONTEXT() REPRESENTATION_CONTEXT('2D SPACE',''
  ) );
#8282 = PCURVE('',#2700,#8283);
#8283 = DEFINITIONAL_REPRESENTATION('',(#8284),#8288);
#8284 = ELLIPSE('',#8285,4.508409091753,4.5);
#8285 = AXIS2_PLACEMENT_2D('',#8286,#8287);
#8286 = CARTESIAN_POINT('',(21.000000000002,-63.11772728453));
#8287 = DIRECTION('',(0.,-1.));
#8288 = ( GEOMETRIC_REPRESENTATION_CONTEXT(2) 
PARAMETRIC_REPRESENTATION_CONTEXT() REPRESENTATION_CONTEXT('2D SPACE',''
  ) );
#8289 = ORIENTED_EDGE('',*,*,#8290,.F.);
#8290 = EDGE_CURVE('',#1845,#8247,#8291,.T.);
#8291 = SEAM_CURVE('',#8292,(#8296,#8303),.PCURVE_S1.);
#8292 = LINE('',#8293,#8294);
#8293 = CARTESIAN_POINT('',(-137.5,-21.,64.5));
#8294 = VECTOR('',#8295,1.);
#8295 = DIRECTION('',(1.,0.,2.22044604925E-16));
#8296 = PCURVE('',#1861,#8297);
#8297 = DEFINITIONAL_REPRESENTATION('',(#8298),#8302);
#8298 = LINE('',#8299,#8300);
#8299 = CARTESIAN_POINT('',(6.28318530718,-0.));
#8300 = VECTOR('',#8301,1.);
#8301 = DIRECTION('',(0.,1.));
#8302 = ( GEOMETRIC_REPRESENTATION_CONTEXT(2) 
PARAMETRIC_REPRESENTATION_CONTEXT() REPRESENTATION_CONTEXT('2D SPACE',''
  ) );
#8303 = PCURVE('',#1861,#8304);
#8304 = DEFINITIONAL_REPRESENTATION('',(#8305),#8309);
#8305 = LINE('',#8306,#8307);
#8306 = CARTESIAN_POINT('',(0.,-0.));
#8307 = VECTOR('',#8308,1.);
#8308 = DIRECTION('',(0.,1.));
#8309 = ( GEOMETRIC_REPRESENTATION_CONTEXT(2) 
PARAMETRIC_REPRESENTATION_CONTEXT() REPRESENTATION_CONTEXT('2D SPACE',''
  ) );
#8310 = ORIENTED_EDGE('',*,*,#1844,.F.);
#8311 = ORIENTED_EDGE('',*,*,#8290,.T.);
#8312 = ADVANCED_FACE('',(#8313),#1912,.F.);
#8313 = FACE_BOUND('',#8314,.F.);
#8314 = EDGE_LOOP('',(#8315,#8359,#8380,#8381));
#8315 = ORIENTED_EDGE('',*,*,#8316,.T.);
#8316 = EDGE_CURVE('',#8317,#8317,#8319,.T.);
#8317 = VERTEX_POINT('',#8318);
#8318 = CARTESIAN_POINT('',(-101.9715231398,-42.,64.5));
#8319 = SURFACE_CURVE('',#8320,(#8325,#8352),.PCURVE_S1.);
#8320 = ELLIPSE('',#8321,4.508409091753,4.5);
#8321 = AXIS2_PLACEMENT_3D('',#8322,#8323,#8324);
#8322 = CARTESIAN_POINT('',(-102.2467549305,-42.,69.));
#8323 = DIRECTION('',(-0.998134798422,0.,-6.104853953486E-02));
#8324 = DIRECTION('',(6.104853953486E-02,0.,-0.998134798422));
#8325 = PCURVE('',#1912,#8326);
#8326 = DEFINITIONAL_REPRESENTATION('',(#8327),#8351);
#8327 = B_SPLINE_CURVE_WITH_KNOTS('',8,(#8328,#8329,#8330,#8331,#8332,
    #8333,#8334,#8335,#8336,#8337,#8338,#8339,#8340,#8341,#8342,#8343,
    #8344,#8345,#8346,#8347,#8348,#8349,#8350),.UNSPECIFIED.,.F.,.F.,(9,
    7,7,9),(0.,1.570796326795,3.926990816987,6.28318530718),
  .UNSPECIFIED.);
#8328 = CARTESIAN_POINT('',(6.28318530718,35.528476860158));
#8329 = CARTESIAN_POINT('',(6.08683576633,35.528476860158));
#8330 = CARTESIAN_POINT('',(5.890486225481,35.516349733386));
#8331 = CARTESIAN_POINT('',(5.694136684631,35.49209694587));
#8332 = CARTESIAN_POINT('',(5.497787143782,35.456711454746));
#8333 = CARTESIAN_POINT('',(5.301437602933,35.412195840798));
#8334 = CARTESIAN_POINT('',(5.105088062083,35.361328152843));
#8335 = CARTESIAN_POINT('',(4.908738521234,35.307286705207));
#8336 = CARTESIAN_POINT('',(4.417864669111,35.172182615891));
#8337 = CARTESIAN_POINT('',(4.12334035784,35.091119868572));
#8338 = CARTESIAN_POINT('',(3.828816046552,35.020774619799));
#8339 = CARTESIAN_POINT('',(3.534291735306,34.9718490995));
#8340 = CARTESIAN_POINT('',(3.239767424005,34.95212435264));
#8341 = CARTESIAN_POINT('',(2.945243112745,34.96328118696));
#8342 = CARTESIAN_POINT('',(2.650718801466,35.001306993262));
#8343 = CARTESIAN_POINT('',(2.061670178918,35.115946614528));
#8344 = CARTESIAN_POINT('',(1.767145867648,35.192560844869));
#8345 = CARTESIAN_POINT('',(1.472621556365,35.280887215558));
#8346 = CARTESIAN_POINT('',(1.178097245105,35.369803096459));
#8347 = CARTESIAN_POINT('',(0.883572933831,35.446623621407));
#8348 = CARTESIAN_POINT('',(0.58904862255,35.501190723808));
#8349 = CARTESIAN_POINT('',(0.294524311274,35.528476860158));
#8350 = CARTESIAN_POINT('',(1.06581410364E-14,35.528476860158));
#8351 = ( GEOMETRIC_REPRESENTATION_CONTEXT(2) 
PARAMETRIC_REPRESENTATION_CONTEXT() REPRESENTATION_CONTEXT('2D SPACE',''
  ) );
#8352 = PCURVE('',#2700,#8353);
#8353 = DEFINITIONAL_REPRESENTATION('',(#8354),#8358);
#8354 = ELLIPSE('',#8355,4.508409091753,4.5);
#8355 = AXIS2_PLACEMENT_2D('',#8356,#8357);
#8356 = CARTESIAN_POINT('',(42.000000000002,-63.11772728453));
#8357 = DIRECTION('',(0.,-1.));
#8358 = ( GEOMETRIC_REPRESENTATION_CONTEXT(2) 
PARAMETRIC_REPRESENTATION_CONTEXT() REPRESENTATION_CONTEXT('2D SPACE',''
  ) );
#8359 = ORIENTED_EDGE('',*,*,#8360,.F.);
#8360 = EDGE_CURVE('',#1896,#8317,#8361,.T.);
#8361 = SEAM_CURVE('',#8362,(#8366,#8373),.PCURVE_S1.);
#8362 = LINE('',#8363,#8364);
#8363 = CARTESIAN_POINT('',(-137.5,-42.,64.5));
#8364 = VECTOR('',#8365,1.);
#8365 = DIRECTION('',(1.,0.,2.22044604925E-16));
#8366 = PCURVE('',#1912,#8367);
#8367 = DEFINITIONAL_REPRESENTATION('',(#8368),#8372);
#8368 = LINE('',#8369,#8370);
#8369 = CARTESIAN_POINT('',(6.28318530718,-0.));
#8370 = VECTOR('',#8371,1.);
#8371 = DIRECTION('',(0.,1.));
#8372 = ( GEOMETRIC_REPRESENTATION_CONTEXT(2) 
PARAMETRIC_REPRESENTATION_CONTEXT() REPRESENTATION_CONTEXT('2D SPACE',''
  ) );
#8373 = PCURVE('',#1912,#8374);
#8374 = DEFINITIONAL_REPRESENTATION('',(#8375),#8379);
#8375 = LINE('',#8376,#8377);
#8376 = CARTESIAN_POINT('',(0.,-0.));
#8377 = VECTOR('',#8378,1.);
#8378 = DIRECTION('',(0.,1.));
#8379 = ( GEOMETRIC_REPRESENTATION_CONTEXT(2) 
PARAMETRIC_REPRESENTATION_CONTEXT() REPRESENTATION_CONTEXT('2D SPACE',''
  ) );
#8380 = ORIENTED_EDGE('',*,*,#1895,.F.);
#8381 = ORIENTED_EDGE('',*,*,#8360,.T.);
#8382 = ADVANCED_FACE('',(#8383),#1963,.F.);
#8383 = FACE_BOUND('',#8384,.F.);
#8384 = EDGE_LOOP('',(#8385,#8429,#8450,#8451));
#8385 = ORIENTED_EDGE('',*,*,#8386,.T.);
#8386 = EDGE_CURVE('',#8387,#8387,#8389,.T.);
#8387 = VERTEX_POINT('',#8388);
#8388 = CARTESIAN_POINT('',(-103.1641942327,42.,84.));
#8389 = SURFACE_CURVE('',#8390,(#8395,#8422),.PCURVE_S1.);
#8390 = ELLIPSE('',#8391,6.011212122337,6.);
#8391 = AXIS2_PLACEMENT_3D('',#8392,#8393,#8394);
#8392 = CARTESIAN_POINT('',(-103.5311699536,42.,90.));
#8393 = DIRECTION('',(-0.998134798422,0.,-6.104853953486E-02));
#8394 = DIRECTION('',(6.104853953486E-02,0.,-0.998134798422));
#8395 = PCURVE('',#1963,#8396);
#8396 = DEFINITIONAL_REPRESENTATION('',(#8397),#8421);
#8397 = B_SPLINE_CURVE_WITH_KNOTS('',8,(#8398,#8399,#8400,#8401,#8402,
    #8403,#8404,#8405,#8406,#8407,#8408,#8409,#8410,#8411,#8412,#8413,
    #8414,#8415,#8416,#8417,#8418,#8419,#8420),.UNSPECIFIED.,.F.,.F.,(9,
    7,7,9),(0.,1.570796326795,3.926990816987,6.28318530718),
  .UNSPECIFIED.);
#8398 = CARTESIAN_POINT('',(6.28318530718,34.335805767223));
#8399 = CARTESIAN_POINT('',(6.08683576633,34.335805767223));
#8400 = CARTESIAN_POINT('',(5.890486225481,34.31963626486));
#8401 = CARTESIAN_POINT('',(5.694136684632,34.287299214842));
#8402 = CARTESIAN_POINT('',(5.497787143782,34.240118560007));
#8403 = CARTESIAN_POINT('',(5.301437602932,34.18076440807));
#8404 = CARTESIAN_POINT('',(5.105088062084,34.112940824134));
#8405 = CARTESIAN_POINT('',(4.908738521234,34.040885560622));
#8406 = CARTESIAN_POINT('',(4.417864669111,33.860746774867));
#8407 = CARTESIAN_POINT('',(4.123340357838,33.752663111733));
#8408 = CARTESIAN_POINT('',(3.828816046559,33.65886944691));
#8409 = CARTESIAN_POINT('',(3.534291735298,33.593635419646));
#8410 = CARTESIAN_POINT('',(3.239767424005,33.567335757369));
#8411 = CARTESIAN_POINT('',(2.945243112743,33.582211536246));
#8412 = CARTESIAN_POINT('',(2.650718801466,33.632912611362));
#8413 = CARTESIAN_POINT('',(2.061670178918,33.785765439716));
#8414 = CARTESIAN_POINT('',(1.767145867654,33.887917746913));
#8415 = CARTESIAN_POINT('',(1.472621556369,34.005686240867));
#8416 = CARTESIAN_POINT('',(1.17809724513,34.124240749341));
#8417 = CARTESIAN_POINT('',(0.883572933805,34.226668115283));
#8418 = CARTESIAN_POINT('',(0.589048622553,34.299424252175));
#8419 = CARTESIAN_POINT('',(0.294524311274,34.335805767223));
#8420 = CARTESIAN_POINT('',(1.15463194561E-14,34.335805767223));
#8421 = ( GEOMETRIC_REPRESENTATION_CONTEXT(2) 
PARAMETRIC_REPRESENTATION_CONTEXT() REPRESENTATION_CONTEXT('2D SPACE',''
  ) );
#8422 = PCURVE('',#2700,#8423);
#8423 = DEFINITIONAL_REPRESENTATION('',(#8424),#8428);
#8424 = ELLIPSE('',#8425,6.011212122337,6.);
#8425 = AXIS2_PLACEMENT_2D('',#8426,#8427);
#8426 = CARTESIAN_POINT('',(-41.99999999999,-42.07848485636));
#8427 = DIRECTION('',(0.,-1.));
#8428 = ( GEOMETRIC_REPRESENTATION_CONTEXT(2) 
PARAMETRIC_REPRESENTATION_CONTEXT() REPRESENTATION_CONTEXT('2D SPACE',''
  ) );
#8429 = ORIENTED_EDGE('',*,*,#8430,.F.);
#8430 = EDGE_CURVE('',#1947,#8387,#8431,.T.);
#8431 = SEAM_CURVE('',#8432,(#8436,#8443),.PCURVE_S1.);
#8432 = LINE('',#8433,#8434);
#8433 = CARTESIAN_POINT('',(-137.5,42.,84.));
#8434 = VECTOR('',#8435,1.);
#8435 = DIRECTION('',(1.,0.,2.22044604925E-16));
#8436 = PCURVE('',#1963,#8437);
#8437 = DEFINITIONAL_REPRESENTATION('',(#8438),#8442);
#8438 = LINE('',#8439,#8440);
#8439 = CARTESIAN_POINT('',(6.28318530718,-0.));
#8440 = VECTOR('',#8441,1.);
#8441 = DIRECTION('',(0.,1.));
#8442 = ( GEOMETRIC_REPRESENTATION_CONTEXT(2) 
PARAMETRIC_REPRESENTATION_CONTEXT() REPRESENTATION_CONTEXT('2D SPACE',''
  ) );
#8443 = PCURVE('',#1963,#8444);
#8444 = DEFINITIONAL_REPRESENTATION('',(#8445),#8449);
#8445 = LINE('',#8446,#8447);
#8446 = CARTESIAN_POINT('',(0.,-0.));
#8447 = VECTOR('',#8448,1.);
#8448 = DIRECTION('',(0.,1.));
#8449 = ( GEOMETRIC_REPRESENTATION_CONTEXT(2) 
PARAMETRIC_REPRESENTATION_CONTEXT() REPRESENTATION_CONTEXT('2D SPACE',''
  ) );
#8450 = ORIENTED_EDGE('',*,*,#1946,.F.);
#8451 = ORIENTED_EDGE('',*,*,#8430,.T.);
#8452 = ADVANCED_FACE('',(#8453),#2014,.F.);
#8453 = FACE_BOUND('',#8454,.F.);
#8454 = EDGE_LOOP('',(#8455,#8499,#8520,#8521));
#8455 = ORIENTED_EDGE('',*,*,#8456,.T.);
#8456 = EDGE_CURVE('',#8457,#8457,#8459,.T.);
#8457 = VERTEX_POINT('',#8458);
#8458 = CARTESIAN_POINT('',(-103.1641942327,21.,84.));
#8459 = SURFACE_CURVE('',#8460,(#8465,#8492),.PCURVE_S1.);
#8460 = ELLIPSE('',#8461,6.011212122337,6.);
#8461 = AXIS2_PLACEMENT_3D('',#8462,#8463,#8464);
#8462 = CARTESIAN_POINT('',(-103.5311699536,21.,90.));
#8463 = DIRECTION('',(-0.998134798422,0.,-6.104853953486E-02));
#8464 = DIRECTION('',(6.104853953486E-02,0.,-0.998134798422));
#8465 = PCURVE('',#2014,#8466);
#8466 = DEFINITIONAL_REPRESENTATION('',(#8467),#8491);
#8467 = B_SPLINE_CURVE_WITH_KNOTS('',8,(#8468,#8469,#8470,#8471,#8472,
    #8473,#8474,#8475,#8476,#8477,#8478,#8479,#8480,#8481,#8482,#8483,
    #8484,#8485,#8486,#8487,#8488,#8489,#8490),.UNSPECIFIED.,.F.,.F.,(9,
    7,7,9),(0.,1.570796326795,3.926990816987,6.28318530718),
  .UNSPECIFIED.);
#8468 = CARTESIAN_POINT('',(6.28318530718,34.335805767223));
#8469 = CARTESIAN_POINT('',(6.08683576633,34.335805767223));
#8470 = CARTESIAN_POINT('',(5.890486225481,34.31963626486));
#8471 = CARTESIAN_POINT('',(5.694136684632,34.287299214842));
#8472 = CARTESIAN_POINT('',(5.497787143782,34.240118560007));
#8473 = CARTESIAN_POINT('',(5.301437602933,34.18076440807));
#8474 = CARTESIAN_POINT('',(5.105088062083,34.112940824134));
#8475 = CARTESIAN_POINT('',(4.908738521234,34.040885560622));
#8476 = CARTESIAN_POINT('',(4.417864669111,33.860746774867));
#8477 = CARTESIAN_POINT('',(4.12334035784,33.752663111733));
#8478 = CARTESIAN_POINT('',(3.828816046559,33.65886944691));
#8479 = CARTESIAN_POINT('',(3.534291735298,33.593635419646));
#8480 = CARTESIAN_POINT('',(3.239767424001,33.567335757369));
#8481 = CARTESIAN_POINT('',(2.945243112744,33.582211536246));
#8482 = CARTESIAN_POINT('',(2.650718801466,33.632912611362));
#8483 = CARTESIAN_POINT('',(2.061670178918,33.785765439716));
#8484 = CARTESIAN_POINT('',(1.767145867654,33.887917746913));
#8485 = CARTESIAN_POINT('',(1.472621556369,34.005686240867));
#8486 = CARTESIAN_POINT('',(1.17809724513,34.124240749341));
#8487 = CARTESIAN_POINT('',(0.883572933805,34.226668115283));
#8488 = CARTESIAN_POINT('',(0.589048622553,34.299424252175));
#8489 = CARTESIAN_POINT('',(0.294524311274,34.335805767223));
#8490 = CARTESIAN_POINT('',(1.15463194561E-14,34.335805767223));
#8491 = ( GEOMETRIC_REPRESENTATION_CONTEXT(2) 
PARAMETRIC_REPRESENTATION_CONTEXT() REPRESENTATION_CONTEXT('2D SPACE',''
  ) );
#8492 = PCURVE('',#2700,#8493);
#8493 = DEFINITIONAL_REPRESENTATION('',(#8494),#8498);
#8494 = ELLIPSE('',#8495,6.011212122337,6.);
#8495 = AXIS2_PLACEMENT_2D('',#8496,#8497);
#8496 = CARTESIAN_POINT('',(-20.99999999999,-42.07848485636));
#8497 = DIRECTION('',(0.,-1.));
#8498 = ( GEOMETRIC_REPRESENTATION_CONTEXT(2) 
PARAMETRIC_REPRESENTATION_CONTEXT() REPRESENTATION_CONTEXT('2D SPACE',''
  ) );
#8499 = ORIENTED_EDGE('',*,*,#8500,.F.);
#8500 = EDGE_CURVE('',#1998,#8457,#8501,.T.);
#8501 = SEAM_CURVE('',#8502,(#8506,#8513),.PCURVE_S1.);
#8502 = LINE('',#8503,#8504);
#8503 = CARTESIAN_POINT('',(-137.5,21.,84.));
#8504 = VECTOR('',#8505,1.);
#8505 = DIRECTION('',(1.,0.,2.22044604925E-16));
#8506 = PCURVE('',#2014,#8507);
#8507 = DEFINITIONAL_REPRESENTATION('',(#8508),#8512);
#8508 = LINE('',#8509,#8510);
#8509 = CARTESIAN_POINT('',(6.28318530718,-0.));
#8510 = VECTOR('',#8511,1.);
#8511 = DIRECTION('',(0.,1.));
#8512 = ( GEOMETRIC_REPRESENTATION_CONTEXT(2) 
PARAMETRIC_REPRESENTATION_CONTEXT() REPRESENTATION_CONTEXT('2D SPACE',''
  ) );
#8513 = PCURVE('',#2014,#8514);
#8514 = DEFINITIONAL_REPRESENTATION('',(#8515),#8519);
#8515 = LINE('',#8516,#8517);
#8516 = CARTESIAN_POINT('',(0.,-0.));
#8517 = VECTOR('',#8518,1.);
#8518 = DIRECTION('',(0.,1.));
#8519 = ( GEOMETRIC_REPRESENTATION_CONTEXT(2) 
PARAMETRIC_REPRESENTATION_CONTEXT() REPRESENTATION_CONTEXT('2D SPACE',''
  ) );
#8520 = ORIENTED_EDGE('',*,*,#1997,.F.);
#8521 = ORIENTED_EDGE('',*,*,#8500,.T.);
#8522 = ADVANCED_FACE('',(#8523),#2065,.F.);
#8523 = FACE_BOUND('',#8524,.F.);
#8524 = EDGE_LOOP('',(#8525,#8569,#8590,#8591));
#8525 = ORIENTED_EDGE('',*,*,#8526,.T.);
#8526 = EDGE_CURVE('',#8527,#8527,#8529,.T.);
#8527 = VERTEX_POINT('',#8528);
#8528 = CARTESIAN_POINT('',(-104.3568653257,42.,103.5));
#8529 = SURFACE_CURVE('',#8530,(#8535,#8562),.PCURVE_S1.);
#8530 = ELLIPSE('',#8531,7.514015152921,7.5);
#8531 = AXIS2_PLACEMENT_3D('',#8532,#8533,#8534);
#8532 = CARTESIAN_POINT('',(-104.8155849768,42.,111.));
#8533 = DIRECTION('',(-0.998134798422,0.,-6.104853953486E-02));
#8534 = DIRECTION('',(6.104853953486E-02,0.,-0.998134798422));
#8535 = PCURVE('',#2065,#8536);
#8536 = DEFINITIONAL_REPRESENTATION('',(#8537),#8561);
#8537 = B_SPLINE_CURVE_WITH_KNOTS('',8,(#8538,#8539,#8540,#8541,#8542,
    #8543,#8544,#8545,#8546,#8547,#8548,#8549,#8550,#8551,#8552,#8553,
    #8554,#8555,#8556,#8557,#8558,#8559,#8560),.UNSPECIFIED.,.F.,.F.,(9,
    7,7,9),(0.,1.570796326795,3.926990816987,6.28318530718),
  .UNSPECIFIED.);
#8538 = CARTESIAN_POINT('',(6.28318530718,33.143134674289));
#8539 = CARTESIAN_POINT('',(6.08683576633,33.143134674289));
#8540 = CARTESIAN_POINT('',(5.890486225481,33.122922796337));
#8541 = CARTESIAN_POINT('',(5.694136684632,33.082501483815));
#8542 = CARTESIAN_POINT('',(5.497787143782,33.02352566528));
#8543 = CARTESIAN_POINT('',(5.301437602933,32.949332975359));
#8544 = CARTESIAN_POINT('',(5.105088062084,32.864553495424));
#8545 = CARTESIAN_POINT('',(4.908738521234,32.774484416038));
#8546 = CARTESIAN_POINT('',(4.417864669111,32.549310933844));
#8547 = CARTESIAN_POINT('',(4.123340357839,32.414206354937));
#8548 = CARTESIAN_POINT('',(3.828816046559,32.296964273657));
#8549 = CARTESIAN_POINT('',(3.534291735298,32.215421739966));
#8550 = CARTESIAN_POINT('',(3.239767424012,32.182547161821));
#8551 = CARTESIAN_POINT('',(2.945243112744,32.201141885584));
#8552 = CARTESIAN_POINT('',(2.650718801466,32.264518229462));
#8553 = CARTESIAN_POINT('',(2.061670178918,32.455584264905));
#8554 = CARTESIAN_POINT('',(1.767145867649,32.583274648849));
#8555 = CARTESIAN_POINT('',(1.472621556362,32.730485266482));
#8556 = CARTESIAN_POINT('',(1.17809724513,32.878678401728));
#8557 = CARTESIAN_POINT('',(0.88357293382,33.006712609567));
#8558 = CARTESIAN_POINT('',(0.589048622556,33.09765778041));
#8559 = CARTESIAN_POINT('',(0.294524311274,33.143134674289));
#8560 = CARTESIAN_POINT('',(1.15463194561E-14,33.143134674289));
#8561 = ( GEOMETRIC_REPRESENTATION_CONTEXT(2) 
PARAMETRIC_REPRESENTATION_CONTEXT() REPRESENTATION_CONTEXT('2D SPACE',''
  ) );
#8562 = PCURVE('',#2700,#8563);
#8563 = DEFINITIONAL_REPRESENTATION('',(#8564),#8568);
#8564 = ELLIPSE('',#8565,7.514015152921,7.5);
#8565 = AXIS2_PLACEMENT_2D('',#8566,#8567);
#8566 = CARTESIAN_POINT('',(-41.99999999999,-21.03924242818));
#8567 = DIRECTION('',(0.,-1.));
#8568 = ( GEOMETRIC_REPRESENTATION_CONTEXT(2) 
PARAMETRIC_REPRESENTATION_CONTEXT() REPRESENTATION_CONTEXT('2D SPACE',''
  ) );
#8569 = ORIENTED_EDGE('',*,*,#8570,.F.);
#8570 = EDGE_CURVE('',#2049,#8527,#8571,.T.);
#8571 = SEAM_CURVE('',#8572,(#8576,#8583),.PCURVE_S1.);
#8572 = LINE('',#8573,#8574);
#8573 = CARTESIAN_POINT('',(-137.5,42.,103.5));
#8574 = VECTOR('',#8575,1.);
#8575 = DIRECTION('',(1.,0.,2.22044604925E-16));
#8576 = PCURVE('',#2065,#8577);
#8577 = DEFINITIONAL_REPRESENTATION('',(#8578),#8582);
#8578 = LINE('',#8579,#8580);
#8579 = CARTESIAN_POINT('',(6.28318530718,-0.));
#8580 = VECTOR('',#8581,1.);
#8581 = DIRECTION('',(0.,1.));
#8582 = ( GEOMETRIC_REPRESENTATION_CONTEXT(2) 
PARAMETRIC_REPRESENTATION_CONTEXT() REPRESENTATION_CONTEXT('2D SPACE',''
  ) );
#8583 = PCURVE('',#2065,#8584);
#8584 = DEFINITIONAL_REPRESENTATION('',(#8585),#8589);
#8585 = LINE('',#8586,#8587);
#8586 = CARTESIAN_POINT('',(0.,-0.));
#8587 = VECTOR('',#8588,1.);
#8588 = DIRECTION('',(0.,1.));
#8589 = ( GEOMETRIC_REPRESENTATION_CONTEXT(2) 
PARAMETRIC_REPRESENTATION_CONTEXT() REPRESENTATION_CONTEXT('2D SPACE',''
  ) );
#8590 = ORIENTED_EDGE('',*,*,#2048,.F.);
#8591 = ORIENTED_EDGE('',*,*,#8570,.T.);
#8592 = ADVANCED_FACE('',(#8593),#2116,.F.);
#8593 = FACE_BOUND('',#8594,.F.);
#8594 = EDGE_LOOP('',(#8595,#8639,#8660,#8661));
#8595 = ORIENTED_EDGE('',*,*,#8596,.T.);
#8596 = EDGE_CURVE('',#8597,#8597,#8599,.T.);
#8597 = VERTEX_POINT('',#8598);
#8598 = CARTESIAN_POINT('',(-104.3568653257,21.,103.5));
#8599 = SURFACE_CURVE('',#8600,(#8605,#8632),.PCURVE_S1.);
#8600 = ELLIPSE('',#8601,7.514015152921,7.5);
#8601 = AXIS2_PLACEMENT_3D('',#8602,#8603,#8604);
#8602 = CARTESIAN_POINT('',(-104.8155849768,21.,111.));
#8603 = DIRECTION('',(-0.998134798422,0.,-6.104853953486E-02));
#8604 = DIRECTION('',(6.104853953486E-02,0.,-0.998134798422));
#8605 = PCURVE('',#2116,#8606);
#8606 = DEFINITIONAL_REPRESENTATION('',(#8607),#8631);
#8607 = B_SPLINE_CURVE_WITH_KNOTS('',8,(#8608,#8609,#8610,#8611,#8612,
    #8613,#8614,#8615,#8616,#8617,#8618,#8619,#8620,#8621,#8622,#8623,
    #8624,#8625,#8626,#8627,#8628,#8629,#8630),.UNSPECIFIED.,.F.,.F.,(9,
    7,7,9),(0.,1.570796326795,3.926990816987,6.28318530718),
  .UNSPECIFIED.);
#8608 = CARTESIAN_POINT('',(6.28318530718,33.143134674289));
#8609 = CARTESIAN_POINT('',(6.08683576633,33.143134674289));
#8610 = CARTESIAN_POINT('',(5.890486225481,33.122922796337));
#8611 = CARTESIAN_POINT('',(5.694136684632,33.082501483815));
#8612 = CARTESIAN_POINT('',(5.497787143782,33.02352566528));
#8613 = CARTESIAN_POINT('',(5.301437602933,32.949332975359));
#8614 = CARTESIAN_POINT('',(5.105088062083,32.864553495424));
#8615 = CARTESIAN_POINT('',(4.908738521234,32.774484416038));
#8616 = CARTESIAN_POINT('',(4.417864669111,32.549310933844));
#8617 = CARTESIAN_POINT('',(4.12334035784,32.414206354937));
#8618 = CARTESIAN_POINT('',(3.828816046559,32.296964273657));
#8619 = CARTESIAN_POINT('',(3.534291735298,32.215421739966));
#8620 = CARTESIAN_POINT('',(3.239767424009,32.182547161821));
#8621 = CARTESIAN_POINT('',(2.945243112744,32.201141885584));
#8622 = CARTESIAN_POINT('',(2.650718801466,32.264518229462));
#8623 = CARTESIAN_POINT('',(2.061670178918,32.455584264905));
#8624 = CARTESIAN_POINT('',(1.767145867643,32.583274648849));
#8625 = CARTESIAN_POINT('',(1.472621556389,32.730485266482));
#8626 = CARTESIAN_POINT('',(1.178097245097,32.878678401728));
#8627 = CARTESIAN_POINT('',(0.883572933842,33.006712609567));
#8628 = CARTESIAN_POINT('',(0.589048622547,33.09765778041));
#8629 = CARTESIAN_POINT('',(0.294524311274,33.143134674289));
#8630 = CARTESIAN_POINT('',(8.881784197001E-16,33.143134674289));
#8631 = ( GEOMETRIC_REPRESENTATION_CONTEXT(2) 
PARAMETRIC_REPRESENTATION_CONTEXT() REPRESENTATION_CONTEXT('2D SPACE',''
  ) );
#8632 = PCURVE('',#2700,#8633);
#8633 = DEFINITIONAL_REPRESENTATION('',(#8634),#8638);
#8634 = ELLIPSE('',#8635,7.514015152921,7.5);
#8635 = AXIS2_PLACEMENT_2D('',#8636,#8637);
#8636 = CARTESIAN_POINT('',(-20.99999999999,-21.03924242818));
#8637 = DIRECTION('',(0.,-1.));
#8638 = ( GEOMETRIC_REPRESENTATION_CONTEXT(2) 
PARAMETRIC_REPRESENTATION_CONTEXT() REPRESENTATION_CONTEXT('2D SPACE',''
  ) );
#8639 = ORIENTED_EDGE('',*,*,#8640,.F.);
#8640 = EDGE_CURVE('',#2100,#8597,#8641,.T.);
#8641 = SEAM_CURVE('',#8642,(#8646,#8653),.PCURVE_S1.);
#8642 = LINE('',#8643,#8644);
#8643 = CARTESIAN_POINT('',(-137.5,21.,103.5));
#8644 = VECTOR('',#8645,1.);
#8645 = DIRECTION('',(1.,0.,2.22044604925E-16));
#8646 = PCURVE('',#2116,#8647);
#8647 = DEFINITIONAL_REPRESENTATION('',(#8648),#8652);
#8648 = LINE('',#8649,#8650);
#8649 = CARTESIAN_POINT('',(6.28318530718,-0.));
#8650 = VECTOR('',#8651,1.);
#8651 = DIRECTION('',(0.,1.));
#8652 = ( GEOMETRIC_REPRESENTATION_CONTEXT(2) 
PARAMETRIC_REPRESENTATION_CONTEXT() REPRESENTATION_CONTEXT('2D SPACE',''
  ) );
#8653 = PCURVE('',#2116,#8654);
#8654 = DEFINITIONAL_REPRESENTATION('',(#8655),#8659);
#8655 = LINE('',#8656,#8657);
#8656 = CARTESIAN_POINT('',(0.,-0.));
#8657 = VECTOR('',#8658,1.);
#8658 = DIRECTION('',(0.,1.));
#8659 = ( GEOMETRIC_REPRESENTATION_CONTEXT(2) 
PARAMETRIC_REPRESENTATION_CONTEXT() REPRESENTATION_CONTEXT('2D SPACE',''
  ) );
#8660 = ORIENTED_EDGE('',*,*,#2099,.F.);
#8661 = ORIENTED_EDGE('',*,*,#8640,.T.);
#8662 = ADVANCED_FACE('',(#8663),#2167,.F.);
#8663 = FACE_BOUND('',#8664,.F.);
#8664 = EDGE_LOOP('',(#8665,#8709,#8730,#8731));
#8665 = ORIENTED_EDGE('',*,*,#8666,.T.);
#8666 = EDGE_CURVE('',#8667,#8667,#8669,.T.);
#8667 = VERTEX_POINT('',#8668);
#8668 = CARTESIAN_POINT('',(-103.1641942327,-1.469576158977E-15,84.));
#8669 = SURFACE_CURVE('',#8670,(#8675,#8702),.PCURVE_S1.);
#8670 = ELLIPSE('',#8671,6.011212122337,6.);
#8671 = AXIS2_PLACEMENT_3D('',#8672,#8673,#8674);
#8672 = CARTESIAN_POINT('',(-103.5311699536,0.,90.));
#8673 = DIRECTION('',(-0.998134798422,0.,-6.104853953486E-02));
#8674 = DIRECTION('',(6.104853953486E-02,0.,-0.998134798422));
#8675 = PCURVE('',#2167,#8676);
#8676 = DEFINITIONAL_REPRESENTATION('',(#8677),#8701);
#8677 = B_SPLINE_CURVE_WITH_KNOTS('',8,(#8678,#8679,#8680,#8681,#8682,
    #8683,#8684,#8685,#8686,#8687,#8688,#8689,#8690,#8691,#8692,#8693,
    #8694,#8695,#8696,#8697,#8698,#8699,#8700),.UNSPECIFIED.,.F.,.F.,(9,
    7,7,9),(0.,1.570796326795,3.926990816987,6.28318530718),
  .UNSPECIFIED.);
#8678 = CARTESIAN_POINT('',(6.28318530718,34.335805767223));
#8679 = CARTESIAN_POINT('',(6.08683576633,34.335805767223));
#8680 = CARTESIAN_POINT('',(5.890486225481,34.31963626486));
#8681 = CARTESIAN_POINT('',(5.694136684632,34.287299214842));
#8682 = CARTESIAN_POINT('',(5.497787143782,34.240118560007));
#8683 = CARTESIAN_POINT('',(5.301437602933,34.18076440807));
#8684 = CARTESIAN_POINT('',(5.105088062083,34.112940824134));
#8685 = CARTESIAN_POINT('',(4.908738521234,34.040885560622));
#8686 = CARTESIAN_POINT('',(4.417864669111,33.860746774867));
#8687 = CARTESIAN_POINT('',(4.12334035784,33.752663111733));
#8688 = CARTESIAN_POINT('',(3.828816046559,33.65886944691));
#8689 = CARTESIAN_POINT('',(3.534291735298,33.593635419646));
#8690 = CARTESIAN_POINT('',(3.239767424009,33.567335757369));
#8691 = CARTESIAN_POINT('',(2.945243112744,33.582211536246));
#8692 = CARTESIAN_POINT('',(2.650718801466,33.632912611362));
#8693 = CARTESIAN_POINT('',(2.061670178918,33.785765439716));
#8694 = CARTESIAN_POINT('',(1.76714586764,33.887917746913));
#8695 = CARTESIAN_POINT('',(1.472621556405,34.005686240867));
#8696 = CARTESIAN_POINT('',(1.17809724505,34.124240749341));
#8697 = CARTESIAN_POINT('',(0.883572933853,34.226668115283));
#8698 = CARTESIAN_POINT('',(0.589048622544,34.299424252175));
#8699 = CARTESIAN_POINT('',(0.294524311274,34.335805767223));
#8700 = CARTESIAN_POINT('',(0.,34.335805767223));
#8701 = ( GEOMETRIC_REPRESENTATION_CONTEXT(2) 
PARAMETRIC_REPRESENTATION_CONTEXT() REPRESENTATION_CONTEXT('2D SPACE',''
  ) );
#8702 = PCURVE('',#2700,#8703);
#8703 = DEFINITIONAL_REPRESENTATION('',(#8704),#8708);
#8704 = ELLIPSE('',#8705,6.011212122337,6.);
#8705 = AXIS2_PLACEMENT_2D('',#8706,#8707);
#8706 = CARTESIAN_POINT('',(1.698197138467E-12,-42.07848485636));
#8707 = DIRECTION('',(0.,-1.));
#8708 = ( GEOMETRIC_REPRESENTATION_CONTEXT(2) 
PARAMETRIC_REPRESENTATION_CONTEXT() REPRESENTATION_CONTEXT('2D SPACE',''
  ) );
#8709 = ORIENTED_EDGE('',*,*,#8710,.F.);
#8710 = EDGE_CURVE('',#2151,#8667,#8711,.T.);
#8711 = SEAM_CURVE('',#8712,(#8716,#8723),.PCURVE_S1.);
#8712 = LINE('',#8713,#8714);
#8713 = CARTESIAN_POINT('',(-137.5,-1.469576158977E-15,84.));
#8714 = VECTOR('',#8715,1.);
#8715 = DIRECTION('',(1.,0.,2.22044604925E-16));
#8716 = PCURVE('',#2167,#8717);
#8717 = DEFINITIONAL_REPRESENTATION('',(#8718),#8722);
#8718 = LINE('',#8719,#8720);
#8719 = CARTESIAN_POINT('',(6.28318530718,-0.));
#8720 = VECTOR('',#8721,1.);
#8721 = DIRECTION('',(0.,1.));
#8722 = ( GEOMETRIC_REPRESENTATION_CONTEXT(2) 
PARAMETRIC_REPRESENTATION_CONTEXT() REPRESENTATION_CONTEXT('2D SPACE',''
  ) );
#8723 = PCURVE('',#2167,#8724);
#8724 = DEFINITIONAL_REPRESENTATION('',(#8725),#8729);
#8725 = LINE('',#8726,#8727);
#8726 = CARTESIAN_POINT('',(0.,-0.));
#8727 = VECTOR('',#8728,1.);
#8728 = DIRECTION('',(0.,1.));
#8729 = ( GEOMETRIC_REPRESENTATION_CONTEXT(2) 
PARAMETRIC_REPRESENTATION_CONTEXT() REPRESENTATION_CONTEXT('2D SPACE',''
  ) );
#8730 = ORIENTED_EDGE('',*,*,#2150,.F.);
#8731 = ORIENTED_EDGE('',*,*,#8710,.T.);
#8732 = ADVANCED_FACE('',(#8733),#2218,.F.);
#8733 = FACE_BOUND('',#8734,.F.);
#8734 = EDGE_LOOP('',(#8735,#8779,#8800,#8801));
#8735 = ORIENTED_EDGE('',*,*,#8736,.T.);
#8736 = EDGE_CURVE('',#8737,#8737,#8739,.T.);
#8737 = VERTEX_POINT('',#8738);
#8738 = CARTESIAN_POINT('',(-103.1641942327,-21.,84.));
#8739 = SURFACE_CURVE('',#8740,(#8745,#8772),.PCURVE_S1.);
#8740 = ELLIPSE('',#8741,6.011212122337,6.);
#8741 = AXIS2_PLACEMENT_3D('',#8742,#8743,#8744);
#8742 = CARTESIAN_POINT('',(-103.5311699536,-21.,90.));
#8743 = DIRECTION('',(-0.998134798422,0.,-6.104853953486E-02));
#8744 = DIRECTION('',(6.104853953486E-02,0.,-0.998134798422));
#8745 = PCURVE('',#2218,#8746);
#8746 = DEFINITIONAL_REPRESENTATION('',(#8747),#8771);
#8747 = B_SPLINE_CURVE_WITH_KNOTS('',8,(#8748,#8749,#8750,#8751,#8752,
    #8753,#8754,#8755,#8756,#8757,#8758,#8759,#8760,#8761,#8762,#8763,
    #8764,#8765,#8766,#8767,#8768,#8769,#8770),.UNSPECIFIED.,.F.,.F.,(9,
    7,7,9),(0.,1.570796326795,3.926990816987,6.28318530718),
  .UNSPECIFIED.);
#8748 = CARTESIAN_POINT('',(6.28318530718,34.335805767223));
#8749 = CARTESIAN_POINT('',(6.08683576633,34.335805767223));
#8750 = CARTESIAN_POINT('',(5.890486225481,34.31963626486));
#8751 = CARTESIAN_POINT('',(5.694136684632,34.287299214842));
#8752 = CARTESIAN_POINT('',(5.497787143782,34.240118560007));
#8753 = CARTESIAN_POINT('',(5.301437602932,34.18076440807));
#8754 = CARTESIAN_POINT('',(5.105088062084,34.112940824134));
#8755 = CARTESIAN_POINT('',(4.908738521234,34.040885560622));
#8756 = CARTESIAN_POINT('',(4.417864669111,33.860746774867));
#8757 = CARTESIAN_POINT('',(4.12334035784,33.752663111733));
#8758 = CARTESIAN_POINT('',(3.828816046559,33.65886944691));
#8759 = CARTESIAN_POINT('',(3.534291735298,33.593635419646));
#8760 = CARTESIAN_POINT('',(3.239767424001,33.567335757369));
#8761 = CARTESIAN_POINT('',(2.945243112744,33.582211536246));
#8762 = CARTESIAN_POINT('',(2.650718801466,33.632912611362));
#8763 = CARTESIAN_POINT('',(2.061670178918,33.785765439716));
#8764 = CARTESIAN_POINT('',(1.767145867654,33.887917746913));
#8765 = CARTESIAN_POINT('',(1.472621556369,34.005686240867));
#8766 = CARTESIAN_POINT('',(1.17809724513,34.124240749341));
#8767 = CARTESIAN_POINT('',(0.883572933805,34.226668115283));
#8768 = CARTESIAN_POINT('',(0.589048622553,34.299424252175));
#8769 = CARTESIAN_POINT('',(0.294524311274,34.335805767223));
#8770 = CARTESIAN_POINT('',(1.15463194561E-14,34.335805767223));
#8771 = ( GEOMETRIC_REPRESENTATION_CONTEXT(2) 
PARAMETRIC_REPRESENTATION_CONTEXT() REPRESENTATION_CONTEXT('2D SPACE',''
  ) );
#8772 = PCURVE('',#2700,#8773);
#8773 = DEFINITIONAL_REPRESENTATION('',(#8774),#8778);
#8774 = ELLIPSE('',#8775,6.011212122337,6.);
#8775 = AXIS2_PLACEMENT_2D('',#8776,#8777);
#8776 = CARTESIAN_POINT('',(21.000000000002,-42.07848485636));
#8777 = DIRECTION('',(0.,-1.));
#8778 = ( GEOMETRIC_REPRESENTATION_CONTEXT(2) 
PARAMETRIC_REPRESENTATION_CONTEXT() REPRESENTATION_CONTEXT('2D SPACE',''
  ) );
#8779 = ORIENTED_EDGE('',*,*,#8780,.F.);
#8780 = EDGE_CURVE('',#2202,#8737,#8781,.T.);
#8781 = SEAM_CURVE('',#8782,(#8786,#8793),.PCURVE_S1.);
#8782 = LINE('',#8783,#8784);
#8783 = CARTESIAN_POINT('',(-137.5,-21.,84.));
#8784 = VECTOR('',#8785,1.);
#8785 = DIRECTION('',(1.,0.,2.22044604925E-16));
#8786 = PCURVE('',#2218,#8787);
#8787 = DEFINITIONAL_REPRESENTATION('',(#8788),#8792);
#8788 = LINE('',#8789,#8790);
#8789 = CARTESIAN_POINT('',(6.28318530718,-0.));
#8790 = VECTOR('',#8791,1.);
#8791 = DIRECTION('',(0.,1.));
#8792 = ( GEOMETRIC_REPRESENTATION_CONTEXT(2) 
PARAMETRIC_REPRESENTATION_CONTEXT() REPRESENTATION_CONTEXT('2D SPACE',''
  ) );
#8793 = PCURVE('',#2218,#8794);
#8794 = DEFINITIONAL_REPRESENTATION('',(#8795),#8799);
#8795 = LINE('',#8796,#8797);
#8796 = CARTESIAN_POINT('',(0.,-0.));
#8797 = VECTOR('',#8798,1.);
#8798 = DIRECTION('',(0.,1.));
#8799 = ( GEOMETRIC_REPRESENTATION_CONTEXT(2) 
PARAMETRIC_REPRESENTATION_CONTEXT() REPRESENTATION_CONTEXT('2D SPACE',''
  ) );
#8800 = ORIENTED_EDGE('',*,*,#2201,.F.);
#8801 = ORIENTED_EDGE('',*,*,#8780,.T.);
#8802 = ADVANCED_FACE('',(#8803),#2269,.F.);
#8803 = FACE_BOUND('',#8804,.F.);
#8804 = EDGE_LOOP('',(#8805,#8849,#8870,#8871));
#8805 = ORIENTED_EDGE('',*,*,#8806,.T.);
#8806 = EDGE_CURVE('',#8807,#8807,#8809,.T.);
#8807 = VERTEX_POINT('',#8808);
#8808 = CARTESIAN_POINT('',(-103.1641942327,-42.,84.));
#8809 = SURFACE_CURVE('',#8810,(#8815,#8842),.PCURVE_S1.);
#8810 = ELLIPSE('',#8811,6.011212122337,6.);
#8811 = AXIS2_PLACEMENT_3D('',#8812,#8813,#8814);
#8812 = CARTESIAN_POINT('',(-103.5311699536,-42.,90.));
#8813 = DIRECTION('',(-0.998134798422,0.,-6.104853953486E-02));
#8814 = DIRECTION('',(6.104853953486E-02,0.,-0.998134798422));
#8815 = PCURVE('',#2269,#8816);
#8816 = DEFINITIONAL_REPRESENTATION('',(#8817),#8841);
#8817 = B_SPLINE_CURVE_WITH_KNOTS('',8,(#8818,#8819,#8820,#8821,#8822,
    #8823,#8824,#8825,#8826,#8827,#8828,#8829,#8830,#8831,#8832,#8833,
    #8834,#8835,#8836,#8837,#8838,#8839,#8840),.UNSPECIFIED.,.F.,.F.,(9,
    7,7,9),(0.,1.570796326795,3.926990816987,6.28318530718),
  .UNSPECIFIED.);
#8818 = CARTESIAN_POINT('',(6.28318530718,34.335805767223));
#8819 = CARTESIAN_POINT('',(6.08683576633,34.335805767223));
#8820 = CARTESIAN_POINT('',(5.890486225481,34.31963626486));
#8821 = CARTESIAN_POINT('',(5.694136684632,34.287299214842));
#8822 = CARTESIAN_POINT('',(5.497787143782,34.240118560007));
#8823 = CARTESIAN_POINT('',(5.301437602932,34.18076440807));
#8824 = CARTESIAN_POINT('',(5.105088062084,34.112940824134));
#8825 = CARTESIAN_POINT('',(4.908738521234,34.040885560622));
#8826 = CARTESIAN_POINT('',(4.417864669111,33.860746774867));
#8827 = CARTESIAN_POINT('',(4.123340357838,33.752663111733));
#8828 = CARTESIAN_POINT('',(3.828816046559,33.65886944691));
#8829 = CARTESIAN_POINT('',(3.534291735298,33.593635419646));
#8830 = CARTESIAN_POINT('',(3.239767424005,33.567335757369));
#8831 = CARTESIAN_POINT('',(2.945243112743,33.582211536246));
#8832 = CARTESIAN_POINT('',(2.650718801466,33.632912611362));
#8833 = CARTESIAN_POINT('',(2.061670178918,33.785765439716));
#8834 = CARTESIAN_POINT('',(1.767145867654,33.887917746913));
#8835 = CARTESIAN_POINT('',(1.472621556369,34.005686240867));
#8836 = CARTESIAN_POINT('',(1.17809724513,34.124240749341));
#8837 = CARTESIAN_POINT('',(0.883572933805,34.226668115283));
#8838 = CARTESIAN_POINT('',(0.589048622553,34.299424252175));
#8839 = CARTESIAN_POINT('',(0.294524311274,34.335805767223));
#8840 = CARTESIAN_POINT('',(1.15463194561E-14,34.335805767223));
#8841 = ( GEOMETRIC_REPRESENTATION_CONTEXT(2) 
PARAMETRIC_REPRESENTATION_CONTEXT() REPRESENTATION_CONTEXT('2D SPACE',''
  ) );
#8842 = PCURVE('',#2700,#8843);
#8843 = DEFINITIONAL_REPRESENTATION('',(#8844),#8848);
#8844 = ELLIPSE('',#8845,6.011212122337,6.);
#8845 = AXIS2_PLACEMENT_2D('',#8846,#8847);
#8846 = CARTESIAN_POINT('',(42.000000000002,-42.07848485636));
#8847 = DIRECTION('',(0.,-1.));
#8848 = ( GEOMETRIC_REPRESENTATION_CONTEXT(2) 
PARAMETRIC_REPRESENTATION_CONTEXT() REPRESENTATION_CONTEXT('2D SPACE',''
  ) );
#8849 = ORIENTED_EDGE('',*,*,#8850,.F.);
#8850 = EDGE_CURVE('',#2253,#8807,#8851,.T.);
#8851 = SEAM_CURVE('',#8852,(#8856,#8863),.PCURVE_S1.);
#8852 = LINE('',#8853,#8854);
#8853 = CARTESIAN_POINT('',(-137.5,-42.,84.));
#8854 = VECTOR('',#8855,1.);
#8855 = DIRECTION('',(1.,0.,2.22044604925E-16));
#8856 = PCURVE('',#2269,#8857);
#8857 = DEFINITIONAL_REPRESENTATION('',(#8858),#8862);
#8858 = LINE('',#8859,#8860);
#8859 = CARTESIAN_POINT('',(6.28318530718,-0.));
#8860 = VECTOR('',#8861,1.);
#8861 = DIRECTION('',(0.,1.));
#8862 = ( GEOMETRIC_REPRESENTATION_CONTEXT(2) 
PARAMETRIC_REPRESENTATION_CONTEXT() REPRESENTATION_CONTEXT('2D SPACE',''
  ) );
#8863 = PCURVE('',#2269,#8864);
#8864 = DEFINITIONAL_REPRESENTATION('',(#8865),#8869);
#8865 = LINE('',#8866,#8867);
#8866 = CARTESIAN_POINT('',(0.,-0.));
#8867 = VECTOR('',#8868,1.);
#8868 = DIRECTION('',(0.,1.));
#8869 = ( GEOMETRIC_REPRESENTATION_CONTEXT(2) 
PARAMETRIC_REPRESENTATION_CONTEXT() REPRESENTATION_CONTEXT('2D SPACE',''
  ) );
#8870 = ORIENTED_EDGE('',*,*,#2252,.F.);
#8871 = ORIENTED_EDGE('',*,*,#8850,.T.);
#8872 = ADVANCED_FACE('',(#8873),#2320,.F.);
#8873 = FACE_BOUND('',#8874,.F.);
#8874 = EDGE_LOOP('',(#8875,#8919,#8940,#8941));
#8875 = ORIENTED_EDGE('',*,*,#8876,.T.);
#8876 = EDGE_CURVE('',#8877,#8877,#8879,.T.);
#8877 = VERTEX_POINT('',#8878);
#8878 = CARTESIAN_POINT('',(-104.3568653257,-1.836970198721E-15,103.5));
#8879 = SURFACE_CURVE('',#8880,(#8885,#8912),.PCURVE_S1.);
#8880 = ELLIPSE('',#8881,7.514015152921,7.5);
#8881 = AXIS2_PLACEMENT_3D('',#8882,#8883,#8884);
#8882 = CARTESIAN_POINT('',(-104.8155849768,0.,111.));
#8883 = DIRECTION('',(-0.998134798422,0.,-6.104853953486E-02));
#8884 = DIRECTION('',(6.104853953486E-02,0.,-0.998134798422));
#8885 = PCURVE('',#2320,#8886);
#8886 = DEFINITIONAL_REPRESENTATION('',(#8887),#8911);
#8887 = B_SPLINE_CURVE_WITH_KNOTS('',8,(#8888,#8889,#8890,#8891,#8892,
    #8893,#8894,#8895,#8896,#8897,#8898,#8899,#8900,#8901,#8902,#8903,
    #8904,#8905,#8906,#8907,#8908,#8909,#8910),.UNSPECIFIED.,.F.,.F.,(9,
    7,7,9),(0.,1.570796326795,3.926990816987,6.28318530718),
  .UNSPECIFIED.);
#8888 = CARTESIAN_POINT('',(6.28318530718,33.143134674289));
#8889 = CARTESIAN_POINT('',(6.08683576633,33.143134674289));
#8890 = CARTESIAN_POINT('',(5.890486225481,33.122922796337));
#8891 = CARTESIAN_POINT('',(5.694136684632,33.082501483815));
#8892 = CARTESIAN_POINT('',(5.497787143782,33.02352566528));
#8893 = CARTESIAN_POINT('',(5.301437602933,32.949332975359));
#8894 = CARTESIAN_POINT('',(5.105088062083,32.864553495424));
#8895 = CARTESIAN_POINT('',(4.908738521234,32.774484416038));
#8896 = CARTESIAN_POINT('',(4.417864669111,32.549310933844));
#8897 = CARTESIAN_POINT('',(4.12334035784,32.414206354937));
#8898 = CARTESIAN_POINT('',(3.828816046559,32.296964273657));
#8899 = CARTESIAN_POINT('',(3.534291735298,32.215421739966));
#8900 = CARTESIAN_POINT('',(3.239767424009,32.182547161821));
#8901 = CARTESIAN_POINT('',(2.945243112744,32.201141885584));
#8902 = CARTESIAN_POINT('',(2.650718801466,32.264518229462));
#8903 = CARTESIAN_POINT('',(2.061670178918,32.455584264905));
#8904 = CARTESIAN_POINT('',(1.767145867641,32.583274648849));
#8905 = CARTESIAN_POINT('',(1.472621556393,32.730485266482));
#8906 = CARTESIAN_POINT('',(1.178097245086,32.878678401728));
#8907 = CARTESIAN_POINT('',(0.883572933845,33.006712609567));
#8908 = CARTESIAN_POINT('',(0.589048622545,33.09765778041));
#8909 = CARTESIAN_POINT('',(0.294524311274,33.143134674289));
#8910 = CARTESIAN_POINT('',(0.,33.143134674289));
#8911 = ( GEOMETRIC_REPRESENTATION_CONTEXT(2) 
PARAMETRIC_REPRESENTATION_CONTEXT() REPRESENTATION_CONTEXT('2D SPACE',''
  ) );
#8912 = PCURVE('',#2700,#8913);
#8913 = DEFINITIONAL_REPRESENTATION('',(#8914),#8918);
#8914 = ELLIPSE('',#8915,7.514015152921,7.5);
#8915 = AXIS2_PLACEMENT_2D('',#8916,#8917);
#8916 = CARTESIAN_POINT('',(1.698197138467E-12,-21.03924242818));
#8917 = DIRECTION('',(0.,-1.));
#8918 = ( GEOMETRIC_REPRESENTATION_CONTEXT(2) 
PARAMETRIC_REPRESENTATION_CONTEXT() REPRESENTATION_CONTEXT('2D SPACE',''
  ) );
#8919 = ORIENTED_EDGE('',*,*,#8920,.F.);
#8920 = EDGE_CURVE('',#2304,#8877,#8921,.T.);
#8921 = SEAM_CURVE('',#8922,(#8926,#8933),.PCURVE_S1.);
#8922 = LINE('',#8923,#8924);
#8923 = CARTESIAN_POINT('',(-137.5,-1.836970198721E-15,103.5));
#8924 = VECTOR('',#8925,1.);
#8925 = DIRECTION('',(1.,0.,2.22044604925E-16));
#8926 = PCURVE('',#2320,#8927);
#8927 = DEFINITIONAL_REPRESENTATION('',(#8928),#8932);
#8928 = LINE('',#8929,#8930);
#8929 = CARTESIAN_POINT('',(6.28318530718,-0.));
#8930 = VECTOR('',#8931,1.);
#8931 = DIRECTION('',(0.,1.));
#8932 = ( GEOMETRIC_REPRESENTATION_CONTEXT(2) 
PARAMETRIC_REPRESENTATION_CONTEXT() REPRESENTATION_CONTEXT('2D SPACE',''
  ) );
#8933 = PCURVE('',#2320,#8934);
#8934 = DEFINITIONAL_REPRESENTATION('',(#8935),#8939);
#8935 = LINE('',#8936,#8937);
#8936 = CARTESIAN_POINT('',(0.,-0.));
#8937 = VECTOR('',#8938,1.);
#8938 = DIRECTION('',(0.,1.));
#8939 = ( GEOMETRIC_REPRESENTATION_CONTEXT(2) 
PARAMETRIC_REPRESENTATION_CONTEXT() REPRESENTATION_CONTEXT('2D SPACE',''
  ) );
#8940 = ORIENTED_EDGE('',*,*,#2303,.F.);
#8941 = ORIENTED_EDGE('',*,*,#8920,.T.);
#8942 = ADVANCED_FACE('',(#8943),#2371,.F.);
#8943 = FACE_BOUND('',#8944,.F.);
#8944 = EDGE_LOOP('',(#8945,#8989,#9010,#9011));
#8945 = ORIENTED_EDGE('',*,*,#8946,.T.);
#8946 = EDGE_CURVE('',#8947,#8947,#8949,.T.);
#8947 = VERTEX_POINT('',#8948);
#8948 = CARTESIAN_POINT('',(-104.3568653257,-21.,103.5));
#8949 = SURFACE_CURVE('',#8950,(#8955,#8982),.PCURVE_S1.);
#8950 = ELLIPSE('',#8951,7.514015152921,7.5);
#8951 = AXIS2_PLACEMENT_3D('',#8952,#8953,#8954);
#8952 = CARTESIAN_POINT('',(-104.8155849768,-21.,111.));
#8953 = DIRECTION('',(-0.998134798422,0.,-6.104853953486E-02));
#8954 = DIRECTION('',(6.104853953486E-02,0.,-0.998134798422));
#8955 = PCURVE('',#2371,#8956);
#8956 = DEFINITIONAL_REPRESENTATION('',(#8957),#8981);
#8957 = B_SPLINE_CURVE_WITH_KNOTS('',8,(#8958,#8959,#8960,#8961,#8962,
    #8963,#8964,#8965,#8966,#8967,#8968,#8969,#8970,#8971,#8972,#8973,
    #8974,#8975,#8976,#8977,#8978,#8979,#8980),.UNSPECIFIED.,.F.,.F.,(9,
    7,7,9),(0.,1.570796326795,3.926990816987,6.28318530718),
  .UNSPECIFIED.);
#8958 = CARTESIAN_POINT('',(6.28318530718,33.143134674289));
#8959 = CARTESIAN_POINT('',(6.08683576633,33.143134674289));
#8960 = CARTESIAN_POINT('',(5.890486225481,33.122922796337));
#8961 = CARTESIAN_POINT('',(5.694136684632,33.082501483815));
#8962 = CARTESIAN_POINT('',(5.497787143782,33.02352566528));
#8963 = CARTESIAN_POINT('',(5.301437602933,32.949332975359));
#8964 = CARTESIAN_POINT('',(5.105088062083,32.864553495424));
#8965 = CARTESIAN_POINT('',(4.908738521234,32.774484416038));
#8966 = CARTESIAN_POINT('',(4.417864669111,32.549310933844));
#8967 = CARTESIAN_POINT('',(4.12334035784,32.414206354937));
#8968 = CARTESIAN_POINT('',(3.828816046559,32.296964273657));
#8969 = CARTESIAN_POINT('',(3.534291735298,32.215421739966));
#8970 = CARTESIAN_POINT('',(3.239767424009,32.182547161821));
#8971 = CARTESIAN_POINT('',(2.945243112744,32.201141885584));
#8972 = CARTESIAN_POINT('',(2.650718801466,32.264518229462));
#8973 = CARTESIAN_POINT('',(2.061670178918,32.455584264905));
#8974 = CARTESIAN_POINT('',(1.767145867643,32.583274648849));
#8975 = CARTESIAN_POINT('',(1.472621556389,32.730485266482));
#8976 = CARTESIAN_POINT('',(1.178097245097,32.878678401728));
#8977 = CARTESIAN_POINT('',(0.883572933842,33.006712609567));
#8978 = CARTESIAN_POINT('',(0.589048622547,33.09765778041));
#8979 = CARTESIAN_POINT('',(0.294524311274,33.143134674289));
#8980 = CARTESIAN_POINT('',(8.881784197001E-16,33.143134674289));
#8981 = ( GEOMETRIC_REPRESENTATION_CONTEXT(2) 
PARAMETRIC_REPRESENTATION_CONTEXT() REPRESENTATION_CONTEXT('2D SPACE',''
  ) );
#8982 = PCURVE('',#2700,#8983);
#8983 = DEFINITIONAL_REPRESENTATION('',(#8984),#8988);
#8984 = ELLIPSE('',#8985,7.514015152921,7.5);
#8985 = AXIS2_PLACEMENT_2D('',#8986,#8987);
#8986 = CARTESIAN_POINT('',(21.000000000002,-21.03924242818));
#8987 = DIRECTION('',(0.,-1.));
#8988 = ( GEOMETRIC_REPRESENTATION_CONTEXT(2) 
PARAMETRIC_REPRESENTATION_CONTEXT() REPRESENTATION_CONTEXT('2D SPACE',''
  ) );
#8989 = ORIENTED_EDGE('',*,*,#8990,.F.);
#8990 = EDGE_CURVE('',#2355,#8947,#8991,.T.);
#8991 = SEAM_CURVE('',#8992,(#8996,#9003),.PCURVE_S1.);
#8992 = LINE('',#8993,#8994);
#8993 = CARTESIAN_POINT('',(-137.5,-21.,103.5));
#8994 = VECTOR('',#8995,1.);
#8995 = DIRECTION('',(1.,0.,2.22044604925E-16));
#8996 = PCURVE('',#2371,#8997);
#8997 = DEFINITIONAL_REPRESENTATION('',(#8998),#9002);
#8998 = LINE('',#8999,#9000);
#8999 = CARTESIAN_POINT('',(6.28318530718,-0.));
#9000 = VECTOR('',#9001,1.);
#9001 = DIRECTION('',(0.,1.));
#9002 = ( GEOMETRIC_REPRESENTATION_CONTEXT(2) 
PARAMETRIC_REPRESENTATION_CONTEXT() REPRESENTATION_CONTEXT('2D SPACE',''
  ) );
#9003 = PCURVE('',#2371,#9004);
#9004 = DEFINITIONAL_REPRESENTATION('',(#9005),#9009);
#9005 = LINE('',#9006,#9007);
#9006 = CARTESIAN_POINT('',(0.,-0.));
#9007 = VECTOR('',#9008,1.);
#9008 = DIRECTION('',(0.,1.));
#9009 = ( GEOMETRIC_REPRESENTATION_CONTEXT(2) 
PARAMETRIC_REPRESENTATION_CONTEXT() REPRESENTATION_CONTEXT('2D SPACE',''
  ) );
#9010 = ORIENTED_EDGE('',*,*,#2354,.F.);
#9011 = ORIENTED_EDGE('',*,*,#8990,.T.);
#9012 = ADVANCED_FACE('',(#9013),#2422,.F.);
#9013 = FACE_BOUND('',#9014,.F.);
#9014 = EDGE_LOOP('',(#9015,#9059,#9080,#9081));
#9015 = ORIENTED_EDGE('',*,*,#9016,.T.);
#9016 = EDGE_CURVE('',#9017,#9017,#9019,.T.);
#9017 = VERTEX_POINT('',#9018);
#9018 = CARTESIAN_POINT('',(-104.3568653257,-42.,103.5));
#9019 = SURFACE_CURVE('',#9020,(#9025,#9052),.PCURVE_S1.);
#9020 = ELLIPSE('',#9021,7.514015152921,7.5);
#9021 = AXIS2_PLACEMENT_3D('',#9022,#9023,#9024);
#9022 = CARTESIAN_POINT('',(-104.8155849768,-42.,111.));
#9023 = DIRECTION('',(-0.998134798422,0.,-6.104853953486E-02));
#9024 = DIRECTION('',(6.104853953486E-02,0.,-0.998134798422));
#9025 = PCURVE('',#2422,#9026);
#9026 = DEFINITIONAL_REPRESENTATION('',(#9027),#9051);
#9027 = B_SPLINE_CURVE_WITH_KNOTS('',8,(#9028,#9029,#9030,#9031,#9032,
    #9033,#9034,#9035,#9036,#9037,#9038,#9039,#9040,#9041,#9042,#9043,
    #9044,#9045,#9046,#9047,#9048,#9049,#9050),.UNSPECIFIED.,.F.,.F.,(9,
    7,7,9),(0.,1.570796326795,3.926990816987,6.28318530718),
  .UNSPECIFIED.);
#9028 = CARTESIAN_POINT('',(6.28318530718,33.143134674289));
#9029 = CARTESIAN_POINT('',(6.08683576633,33.143134674289));
#9030 = CARTESIAN_POINT('',(5.890486225481,33.122922796337));
#9031 = CARTESIAN_POINT('',(5.694136684632,33.082501483815));
#9032 = CARTESIAN_POINT('',(5.497787143782,33.02352566528));
#9033 = CARTESIAN_POINT('',(5.301437602933,32.949332975359));
#9034 = CARTESIAN_POINT('',(5.105088062084,32.864553495424));
#9035 = CARTESIAN_POINT('',(4.908738521234,32.774484416038));
#9036 = CARTESIAN_POINT('',(4.417864669111,32.549310933844));
#9037 = CARTESIAN_POINT('',(4.123340357839,32.414206354937));
#9038 = CARTESIAN_POINT('',(3.828816046559,32.296964273657));
#9039 = CARTESIAN_POINT('',(3.534291735298,32.215421739966));
#9040 = CARTESIAN_POINT('',(3.239767424012,32.182547161821));
#9041 = CARTESIAN_POINT('',(2.945243112744,32.201141885584));
#9042 = CARTESIAN_POINT('',(2.650718801466,32.264518229462));
#9043 = CARTESIAN_POINT('',(2.061670178918,32.455584264905));
#9044 = CARTESIAN_POINT('',(1.767145867649,32.583274648849));
#9045 = CARTESIAN_POINT('',(1.472621556362,32.730485266482));
#9046 = CARTESIAN_POINT('',(1.17809724513,32.878678401728));
#9047 = CARTESIAN_POINT('',(0.88357293382,33.006712609567));
#9048 = CARTESIAN_POINT('',(0.589048622556,33.09765778041));
#9049 = CARTESIAN_POINT('',(0.294524311274,33.143134674289));
#9050 = CARTESIAN_POINT('',(1.15463194561E-14,33.143134674289));
#9051 = ( GEOMETRIC_REPRESENTATION_CONTEXT(2) 
PARAMETRIC_REPRESENTATION_CONTEXT() REPRESENTATION_CONTEXT('2D SPACE',''
  ) );
#9052 = PCURVE('',#2700,#9053);
#9053 = DEFINITIONAL_REPRESENTATION('',(#9054),#9058);
#9054 = ELLIPSE('',#9055,7.514015152921,7.5);
#9055 = AXIS2_PLACEMENT_2D('',#9056,#9057);
#9056 = CARTESIAN_POINT('',(42.000000000002,-21.03924242818));
#9057 = DIRECTION('',(0.,-1.));
#9058 = ( GEOMETRIC_REPRESENTATION_CONTEXT(2) 
PARAMETRIC_REPRESENTATION_CONTEXT() REPRESENTATION_CONTEXT('2D SPACE',''
  ) );
#9059 = ORIENTED_EDGE('',*,*,#9060,.F.);
#9060 = EDGE_CURVE('',#2406,#9017,#9061,.T.);
#9061 = SEAM_CURVE('',#9062,(#9066,#9073),.PCURVE_S1.);
#9062 = LINE('',#9063,#9064);
#9063 = CARTESIAN_POINT('',(-137.5,-42.,103.5));
#9064 = VECTOR('',#9065,1.);
#9065 = DIRECTION('',(1.,0.,2.22044604925E-16));
#9066 = PCURVE('',#2422,#9067);
#9067 = DEFINITIONAL_REPRESENTATION('',(#9068),#9072);
#9068 = LINE('',#9069,#9070);
#9069 = CARTESIAN_POINT('',(6.28318530718,-0.));
#9070 = VECTOR('',#9071,1.);
#9071 = DIRECTION('',(0.,1.));
#9072 = ( GEOMETRIC_REPRESENTATION_CONTEXT(2) 
PARAMETRIC_REPRESENTATION_CONTEXT() REPRESENTATION_CONTEXT('2D SPACE',''
  ) );
#9073 = PCURVE('',#2422,#9074);
#9074 = DEFINITIONAL_REPRESENTATION('',(#9075),#9079);
#9075 = LINE('',#9076,#9077);
#9076 = CARTESIAN_POINT('',(0.,-0.));
#9077 = VECTOR('',#9078,1.);
#9078 = DIRECTION('',(0.,1.));
#9079 = ( GEOMETRIC_REPRESENTATION_CONTEXT(2) 
PARAMETRIC_REPRESENTATION_CONTEXT() REPRESENTATION_CONTEXT('2D SPACE',''
  ) );
#9080 = ORIENTED_EDGE('',*,*,#2405,.F.);
#9081 = ORIENTED_EDGE('',*,*,#9060,.T.);
#9082 = ADVANCED_FACE('',(#9083),#2668,.F.);
#9083 = FACE_BOUND('',#9084,.F.);
#9084 = EDGE_LOOP('',(#9085,#9086,#9109,#9135,#9161,#9187,#9210,#9236,
    #9262,#9290,#9316,#9342,#9365,#9391,#9417,#9443));
#9085 = ORIENTED_EDGE('',*,*,#2651,.F.);
#9086 = ORIENTED_EDGE('',*,*,#9087,.T.);
#9087 = EDGE_CURVE('',#2652,#9088,#9090,.T.);
#9088 = VERTEX_POINT('',#9089);
#9089 = CARTESIAN_POINT('',(-98.14885938043,-48.,2.));
#9090 = SURFACE_CURVE('',#9091,(#9095,#9102),.PCURVE_S1.);
#9091 = LINE('',#9092,#9093);
#9092 = CARTESIAN_POINT('',(-98.14885938043,1.698197138467E-12,2.));
#9093 = VECTOR('',#9094,1.);
#9094 = DIRECTION('',(0.,1.,0.));
#9095 = PCURVE('',#2668,#9096);
#9096 = DEFINITIONAL_REPRESENTATION('',(#9097),#9101);
#9097 = LINE('',#9098,#9099);
#9098 = CARTESIAN_POINT('',(12.,78.64885938044));
#9099 = VECTOR('',#9100,1.);
#9100 = DIRECTION('',(0.,1.));
#9101 = ( GEOMETRIC_REPRESENTATION_CONTEXT(2) 
PARAMETRIC_REPRESENTATION_CONTEXT() REPRESENTATION_CONTEXT('2D SPACE',''
  ) );
#9102 = PCURVE('',#2700,#9103);
#9103 = DEFINITIONAL_REPRESENTATION('',(#9104),#9108);
#9104 = LINE('',#9105,#9106);
#9105 = CARTESIAN_POINT('',(0.,-130.2429293173));
#9106 = VECTOR('',#9107,1.);
#9107 = DIRECTION('',(-1.,0.));
#9108 = ( GEOMETRIC_REPRESENTATION_CONTEXT(2) 
PARAMETRIC_REPRESENTATION_CONTEXT() REPRESENTATION_CONTEXT('2D SPACE',''
  ) );
#9109 = ORIENTED_EDGE('',*,*,#9110,.T.);
#9110 = EDGE_CURVE('',#9088,#9111,#9113,.T.);
#9111 = VERTEX_POINT('',#9112);
#9112 = CARTESIAN_POINT('',(-75.5,-48.,2.));
#9113 = SURFACE_CURVE('',#9114,(#9118,#9124),.PCURVE_S1.);
#9114 = LINE('',#9115,#9116);
#9115 = CARTESIAN_POINT('',(-96.82442969021,-48.,2.));
#9116 = VECTOR('',#9117,1.);
#9117 = DIRECTION('',(1.,0.,0.));
#9118 = PCURVE('',#2668,#9119);
#9119 = DEFINITIONAL_REPRESENTATION('',(#9120),#9123);
#9120 = B_SPLINE_CURVE_WITH_KNOTS('',1,(#9121,#9122),.UNSPECIFIED.,.F.,
  .F.,(2,2),(-1.324429690219,21.324429690219),.PIECEWISE_BEZIER_KNOTS.);
#9121 = CARTESIAN_POINT('',(12.,30.648859380439));
#9122 = CARTESIAN_POINT('',(-10.64885938043,30.648859380439));
#9123 = ( GEOMETRIC_REPRESENTATION_CONTEXT(2) 
PARAMETRIC_REPRESENTATION_CONTEXT() REPRESENTATION_CONTEXT('2D SPACE',''
  ) );
#9124 = PCURVE('',#9125,#9130);
#9125 = PLANE('',#9126);
#9126 = AXIS2_PLACEMENT_3D('',#9127,#9128,#9129);
#9127 = CARTESIAN_POINT('',(-107.5,-48.,0.));
#9128 = DIRECTION('',(-0.,1.,0.));
#9129 = DIRECTION('',(0.,0.,1.));
#9130 = DEFINITIONAL_REPRESENTATION('',(#9131),#9134);
#9131 = B_SPLINE_CURVE_WITH_KNOTS('',1,(#9132,#9133),.UNSPECIFIED.,.F.,
  .F.,(2,2),(-1.324429690219,21.324429690219),.PIECEWISE_BEZIER_KNOTS.);
#9132 = CARTESIAN_POINT('',(2.,9.351140619563));
#9133 = CARTESIAN_POINT('',(2.,32.));
#9134 = ( GEOMETRIC_REPRESENTATION_CONTEXT(2) 
PARAMETRIC_REPRESENTATION_CONTEXT() REPRESENTATION_CONTEXT('2D SPACE',''
  ) );
#9135 = ORIENTED_EDGE('',*,*,#9136,.F.);
#9136 = EDGE_CURVE('',#9137,#9111,#9139,.T.);
#9137 = VERTEX_POINT('',#9138);
#9138 = CARTESIAN_POINT('',(-75.5,-16.,2.));
#9139 = SURFACE_CURVE('',#9140,(#9144,#9150),.PCURVE_S1.);
#9140 = LINE('',#9141,#9142);
#9141 = CARTESIAN_POINT('',(-75.5,-63.32442969021,2.));
#9142 = VECTOR('',#9143,1.);
#9143 = DIRECTION('',(0.,-1.,0.));
#9144 = PCURVE('',#2668,#9145);
#9145 = DEFINITIONAL_REPRESENTATION('',(#9146),#9149);
#9146 = B_SPLINE_CURVE_WITH_KNOTS('',1,(#9147,#9148),.UNSPECIFIED.,.F.,
  .F.,(2,2),(-47.32442969021,-15.32442969021),.PIECEWISE_BEZIER_KNOTS.);
#9147 = CARTESIAN_POINT('',(-10.64885938043,62.648859380439));
#9148 = CARTESIAN_POINT('',(-10.64885938043,30.648859380439));
#9149 = ( GEOMETRIC_REPRESENTATION_CONTEXT(2) 
PARAMETRIC_REPRESENTATION_CONTEXT() REPRESENTATION_CONTEXT('2D SPACE',''
  ) );
#9150 = PCURVE('',#9151,#9156);
#9151 = PLANE('',#9152);
#9152 = AXIS2_PLACEMENT_3D('',#9153,#9154,#9155);
#9153 = CARTESIAN_POINT('',(-75.5,-48.,0.));
#9154 = DIRECTION('',(1.,0.,-0.));
#9155 = DIRECTION('',(0.,0.,1.));
#9156 = DEFINITIONAL_REPRESENTATION('',(#9157),#9160);
#9157 = B_SPLINE_CURVE_WITH_KNOTS('',1,(#9158,#9159),.UNSPECIFIED.,.F.,
  .F.,(2,2),(-47.32442969021,-15.32442969021),.PIECEWISE_BEZIER_KNOTS.);
#9158 = CARTESIAN_POINT('',(2.,-32.));
#9159 = CARTESIAN_POINT('',(2.,0.));
#9160 = ( GEOMETRIC_REPRESENTATION_CONTEXT(2) 
PARAMETRIC_REPRESENTATION_CONTEXT() REPRESENTATION_CONTEXT('2D SPACE',''
  ) );
#9161 = ORIENTED_EDGE('',*,*,#9162,.F.);
#9162 = EDGE_CURVE('',#9163,#9137,#9165,.T.);
#9163 = VERTEX_POINT('',#9164);
#9164 = CARTESIAN_POINT('',(-98.14885938043,-16.,2.));
#9165 = SURFACE_CURVE('',#9166,(#9170,#9176),.PCURVE_S1.);
#9166 = LINE('',#9167,#9168);
#9167 = CARTESIAN_POINT('',(-96.82442969021,-16.,2.));
#9168 = VECTOR('',#9169,1.);
#9169 = DIRECTION('',(1.,0.,0.));
#9170 = PCURVE('',#2668,#9171);
#9171 = DEFINITIONAL_REPRESENTATION('',(#9172),#9175);
#9172 = B_SPLINE_CURVE_WITH_KNOTS('',1,(#9173,#9174),.UNSPECIFIED.,.F.,
  .F.,(2,2),(-1.324429690219,21.324429690219),.PIECEWISE_BEZIER_KNOTS.);
#9173 = CARTESIAN_POINT('',(12.,62.648859380439));
#9174 = CARTESIAN_POINT('',(-10.64885938043,62.648859380439));
#9175 = ( GEOMETRIC_REPRESENTATION_CONTEXT(2) 
PARAMETRIC_REPRESENTATION_CONTEXT() REPRESENTATION_CONTEXT('2D SPACE',''
  ) );
#9176 = PCURVE('',#9177,#9182);
#9177 = PLANE('',#9178);
#9178 = AXIS2_PLACEMENT_3D('',#9179,#9180,#9181);
#9179 = CARTESIAN_POINT('',(-107.5,-16.,0.));
#9180 = DIRECTION('',(-0.,1.,0.));
#9181 = DIRECTION('',(0.,0.,1.));
#9182 = DEFINITIONAL_REPRESENTATION('',(#9183),#9186);
#9183 = B_SPLINE_CURVE_WITH_KNOTS('',1,(#9184,#9185),.UNSPECIFIED.,.F.,
  .F.,(2,2),(-1.324429690219,21.324429690219),.PIECEWISE_BEZIER_KNOTS.);
#9184 = CARTESIAN_POINT('',(2.,9.351140619563));
#9185 = CARTESIAN_POINT('',(2.,32.));
#9186 = ( GEOMETRIC_REPRESENTATION_CONTEXT(2) 
PARAMETRIC_REPRESENTATION_CONTEXT() REPRESENTATION_CONTEXT('2D SPACE',''
  ) );
#9187 = ORIENTED_EDGE('',*,*,#9188,.T.);
#9188 = EDGE_CURVE('',#9163,#9189,#9191,.T.);
#9189 = VERTEX_POINT('',#9190);
#9190 = CARTESIAN_POINT('',(-98.14885938043,68.,2.));
#9191 = SURFACE_CURVE('',#9192,(#9196,#9203),.PCURVE_S1.);
#9192 = LINE('',#9193,#9194);
#9193 = CARTESIAN_POINT('',(-98.14885938043,1.698197138467E-12,2.));
#9194 = VECTOR('',#9195,1.);
#9195 = DIRECTION('',(0.,1.,0.));
#9196 = PCURVE('',#2668,#9197);
#9197 = DEFINITIONAL_REPRESENTATION('',(#9198),#9202);
#9198 = LINE('',#9199,#9200);
#9199 = CARTESIAN_POINT('',(12.,78.64885938044));
#9200 = VECTOR('',#9201,1.);
#9201 = DIRECTION('',(0.,1.));
#9202 = ( GEOMETRIC_REPRESENTATION_CONTEXT(2) 
PARAMETRIC_REPRESENTATION_CONTEXT() REPRESENTATION_CONTEXT('2D SPACE',''
  ) );
#9203 = PCURVE('',#2700,#9204);
#9204 = DEFINITIONAL_REPRESENTATION('',(#9205),#9209);
#9205 = LINE('',#9206,#9207);
#9206 = CARTESIAN_POINT('',(0.,-130.2429293173));
#9207 = VECTOR('',#9208,1.);
#9208 = DIRECTION('',(-1.,0.));
#9209 = ( GEOMETRIC_REPRESENTATION_CONTEXT(2) 
PARAMETRIC_REPRESENTATION_CONTEXT() REPRESENTATION_CONTEXT('2D SPACE',''
  ) );
#9210 = ORIENTED_EDGE('',*,*,#9211,.T.);
#9211 = EDGE_CURVE('',#9189,#9212,#9214,.T.);
#9212 = VERTEX_POINT('',#9213);
#9213 = CARTESIAN_POINT('',(-75.5,68.,2.));
#9214 = SURFACE_CURVE('',#9215,(#9219,#9225),.PCURVE_S1.);
#9215 = LINE('',#9216,#9217);
#9216 = CARTESIAN_POINT('',(-96.82442969021,68.,2.));
#9217 = VECTOR('',#9218,1.);
#9218 = DIRECTION('',(1.,0.,0.));
#9219 = PCURVE('',#2668,#9220);
#9220 = DEFINITIONAL_REPRESENTATION('',(#9221),#9224);
#9221 = B_SPLINE_CURVE_WITH_KNOTS('',1,(#9222,#9223),.UNSPECIFIED.,.F.,
  .F.,(2,2),(-1.324429690219,21.324429690219),.PIECEWISE_BEZIER_KNOTS.);
#9222 = CARTESIAN_POINT('',(12.,146.64885938043));
#9223 = CARTESIAN_POINT('',(-10.64885938043,146.64885938043));
#9224 = ( GEOMETRIC_REPRESENTATION_CONTEXT(2) 
PARAMETRIC_REPRESENTATION_CONTEXT() REPRESENTATION_CONTEXT('2D SPACE',''
  ) );
#9225 = PCURVE('',#9226,#9231);
#9226 = PLANE('',#9227);
#9227 = AXIS2_PLACEMENT_3D('',#9228,#9229,#9230);
#9228 = CARTESIAN_POINT('',(-107.5,68.,0.));
#9229 = DIRECTION('',(-0.,1.,0.));
#9230 = DIRECTION('',(0.,0.,1.));
#9231 = DEFINITIONAL_REPRESENTATION('',(#9232),#9235);
#9232 = B_SPLINE_CURVE_WITH_KNOTS('',1,(#9233,#9234),.UNSPECIFIED.,.F.,
  .F.,(2,2),(-1.324429690219,21.324429690219),.PIECEWISE_BEZIER_KNOTS.);
#9233 = CARTESIAN_POINT('',(2.,9.351140619563));
#9234 = CARTESIAN_POINT('',(2.,32.));
#9235 = ( GEOMETRIC_REPRESENTATION_CONTEXT(2) 
PARAMETRIC_REPRESENTATION_CONTEXT() REPRESENTATION_CONTEXT('2D SPACE',''
  ) );
#9236 = ORIENTED_EDGE('',*,*,#9237,.F.);
#9237 = EDGE_CURVE('',#9238,#9212,#9240,.T.);
#9238 = VERTEX_POINT('',#9239);
#9239 = CARTESIAN_POINT('',(-75.5,90.648859380439,2.));
#9240 = SURFACE_CURVE('',#9241,(#9245,#9251),.PCURVE_S1.);
#9241 = LINE('',#9242,#9243);
#9242 = CARTESIAN_POINT('',(-75.5,-5.324429690219,2.));
#9243 = VECTOR('',#9244,1.);
#9244 = DIRECTION('',(0.,-1.,0.));
#9245 = PCURVE('',#2668,#9246);
#9246 = DEFINITIONAL_REPRESENTATION('',(#9247),#9250);
#9247 = B_SPLINE_CURVE_WITH_KNOTS('',1,(#9248,#9249),.UNSPECIFIED.,.F.,
  .F.,(2,2),(-95.97328907065,-73.32442969021),.PIECEWISE_BEZIER_KNOTS.);
#9248 = CARTESIAN_POINT('',(-10.64885938043,169.29771876087));
#9249 = CARTESIAN_POINT('',(-10.64885938043,146.64885938043));
#9250 = ( GEOMETRIC_REPRESENTATION_CONTEXT(2) 
PARAMETRIC_REPRESENTATION_CONTEXT() REPRESENTATION_CONTEXT('2D SPACE',''
  ) );
#9251 = PCURVE('',#9252,#9257);
#9252 = PLANE('',#9253);
#9253 = AXIS2_PLACEMENT_3D('',#9254,#9255,#9256);
#9254 = CARTESIAN_POINT('',(-75.5,68.,0.));
#9255 = DIRECTION('',(1.,0.,-0.));
#9256 = DIRECTION('',(0.,0.,1.));
#9257 = DEFINITIONAL_REPRESENTATION('',(#9258),#9261);
#9258 = B_SPLINE_CURVE_WITH_KNOTS('',1,(#9259,#9260),.UNSPECIFIED.,.F.,
  .F.,(2,2),(-95.97328907065,-73.32442969021),.PIECEWISE_BEZIER_KNOTS.);
#9259 = CARTESIAN_POINT('',(2.,-22.64885938043));
#9260 = CARTESIAN_POINT('',(2.,0.));
#9261 = ( GEOMETRIC_REPRESENTATION_CONTEXT(2) 
PARAMETRIC_REPRESENTATION_CONTEXT() REPRESENTATION_CONTEXT('2D SPACE',''
  ) );
#9262 = ORIENTED_EDGE('',*,*,#9263,.T.);
#9263 = EDGE_CURVE('',#9238,#9264,#9266,.T.);
#9264 = VERTEX_POINT('',#9265);
#9265 = CARTESIAN_POINT('',(75.5,90.648859380439,2.));
#9266 = SURFACE_CURVE('',#9267,(#9271,#9278),.PCURVE_S1.);
#9267 = LINE('',#9268,#9269);
#9268 = CARTESIAN_POINT('',(0.,90.648859380439,2.));
#9269 = VECTOR('',#9270,1.);
#9270 = DIRECTION('',(1.,0.,0.));
#9271 = PCURVE('',#2668,#9272);
#9272 = DEFINITIONAL_REPRESENTATION('',(#9273),#9277);
#9273 = LINE('',#9274,#9275);
#9274 = CARTESIAN_POINT('',(-86.14885938043,169.29771876087));
#9275 = VECTOR('',#9276,1.);
#9276 = DIRECTION('',(-1.,0.));
#9277 = ( GEOMETRIC_REPRESENTATION_CONTEXT(2) 
PARAMETRIC_REPRESENTATION_CONTEXT() REPRESENTATION_CONTEXT('2D SPACE',''
  ) );
#9278 = PCURVE('',#9279,#9284);
#9279 = PLANE('',#9280);
#9280 = AXIS2_PLACEMENT_3D('',#9281,#9282,#9283);
#9281 = CARTESIAN_POINT('',(-86.14885938043,98.599999982977,132.));
#9282 = DIRECTION('',(0.,0.99813479843,-6.104853940463E-02));
#9283 = DIRECTION('',(-1.,0.,-0.));
#9284 = DEFINITIONAL_REPRESENTATION('',(#9285),#9289);
#9285 = LINE('',#9286,#9287);
#9286 = CARTESIAN_POINT('',(-86.14885938043,-130.2429293162));
#9287 = VECTOR('',#9288,1.);
#9288 = DIRECTION('',(-1.,0.));
#9289 = ( GEOMETRIC_REPRESENTATION_CONTEXT(2) 
PARAMETRIC_REPRESENTATION_CONTEXT() REPRESENTATION_CONTEXT('2D SPACE',''
  ) );
#9290 = ORIENTED_EDGE('',*,*,#9291,.T.);
#9291 = EDGE_CURVE('',#9264,#9292,#9294,.T.);
#9292 = VERTEX_POINT('',#9293);
#9293 = CARTESIAN_POINT('',(75.5,68.,2.));
#9294 = SURFACE_CURVE('',#9295,(#9299,#9305),.PCURVE_S1.);
#9295 = LINE('',#9296,#9297);
#9296 = CARTESIAN_POINT('',(75.5,-5.324429690219,2.));
#9297 = VECTOR('',#9298,1.);
#9298 = DIRECTION('',(0.,-1.,0.));
#9299 = PCURVE('',#2668,#9300);
#9300 = DEFINITIONAL_REPRESENTATION('',(#9301),#9304);
#9301 = B_SPLINE_CURVE_WITH_KNOTS('',1,(#9302,#9303),.UNSPECIFIED.,.F.,
  .F.,(2,2),(-95.97328907065,-73.32442969021),.PIECEWISE_BEZIER_KNOTS.);
#9302 = CARTESIAN_POINT('',(-161.6488593804,169.29771876087));
#9303 = CARTESIAN_POINT('',(-161.6488593804,146.64885938043));
#9304 = ( GEOMETRIC_REPRESENTATION_CONTEXT(2) 
PARAMETRIC_REPRESENTATION_CONTEXT() REPRESENTATION_CONTEXT('2D SPACE',''
  ) );
#9305 = PCURVE('',#9306,#9311);
#9306 = PLANE('',#9307);
#9307 = AXIS2_PLACEMENT_3D('',#9308,#9309,#9310);
#9308 = CARTESIAN_POINT('',(75.5,68.,0.));
#9309 = DIRECTION('',(1.,0.,-0.));
#9310 = DIRECTION('',(0.,0.,1.));
#9311 = DEFINITIONAL_REPRESENTATION('',(#9312),#9315);
#9312 = B_SPLINE_CURVE_WITH_KNOTS('',1,(#9313,#9314),.UNSPECIFIED.,.F.,
  .F.,(2,2),(-95.97328907065,-73.32442969021),.PIECEWISE_BEZIER_KNOTS.);
#9313 = CARTESIAN_POINT('',(2.,-22.64885938043));
#9314 = CARTESIAN_POINT('',(2.,0.));
#9315 = ( GEOMETRIC_REPRESENTATION_CONTEXT(2) 
PARAMETRIC_REPRESENTATION_CONTEXT() REPRESENTATION_CONTEXT('2D SPACE',''
  ) );
#9316 = ORIENTED_EDGE('',*,*,#9317,.T.);
#9317 = EDGE_CURVE('',#9292,#9318,#9320,.T.);
#9318 = VERTEX_POINT('',#9319);
#9319 = CARTESIAN_POINT('',(98.148859380437,68.,2.));
#9320 = SURFACE_CURVE('',#9321,(#9325,#9331),.PCURVE_S1.);
#9321 = LINE('',#9322,#9323);
#9322 = CARTESIAN_POINT('',(-5.324429690219,68.,2.));
#9323 = VECTOR('',#9324,1.);
#9324 = DIRECTION('',(1.,0.,0.));
#9325 = PCURVE('',#2668,#9326);
#9326 = DEFINITIONAL_REPRESENTATION('',(#9327),#9330);
#9327 = B_SPLINE_CURVE_WITH_KNOTS('',1,(#9328,#9329),.UNSPECIFIED.,.F.,
  .F.,(2,2),(80.824429690219,103.47328907065),.PIECEWISE_BEZIER_KNOTS.);
#9328 = CARTESIAN_POINT('',(-161.6488593804,146.64885938043));
#9329 = CARTESIAN_POINT('',(-184.2977187608,146.64885938043));
#9330 = ( GEOMETRIC_REPRESENTATION_CONTEXT(2) 
PARAMETRIC_REPRESENTATION_CONTEXT() REPRESENTATION_CONTEXT('2D SPACE',''
  ) );
#9331 = PCURVE('',#9332,#9337);
#9332 = PLANE('',#9333);
#9333 = AXIS2_PLACEMENT_3D('',#9334,#9335,#9336);
#9334 = CARTESIAN_POINT('',(75.5,68.,0.));
#9335 = DIRECTION('',(-0.,1.,0.));
#9336 = DIRECTION('',(0.,0.,1.));
#9337 = DEFINITIONAL_REPRESENTATION('',(#9338),#9341);
#9338 = B_SPLINE_CURVE_WITH_KNOTS('',1,(#9339,#9340),.UNSPECIFIED.,.F.,
  .F.,(2,2),(80.824429690219,103.47328907065),.PIECEWISE_BEZIER_KNOTS.);
#9339 = CARTESIAN_POINT('',(2.,0.));
#9340 = CARTESIAN_POINT('',(2.,22.648859380437));
#9341 = ( GEOMETRIC_REPRESENTATION_CONTEXT(2) 
PARAMETRIC_REPRESENTATION_CONTEXT() REPRESENTATION_CONTEXT('2D SPACE',''
  ) );
#9342 = ORIENTED_EDGE('',*,*,#9343,.F.);
#9343 = EDGE_CURVE('',#9344,#9318,#9346,.T.);
#9344 = VERTEX_POINT('',#9345);
#9345 = CARTESIAN_POINT('',(98.148859380437,-16.,2.));
#9346 = SURFACE_CURVE('',#9347,(#9351,#9358),.PCURVE_S1.);
#9347 = LINE('',#9348,#9349);
#9348 = CARTESIAN_POINT('',(98.148859380437,1.698197138467E-12,2.));
#9349 = VECTOR('',#9350,1.);
#9350 = DIRECTION('',(0.,1.,0.));
#9351 = PCURVE('',#2668,#9352);
#9352 = DEFINITIONAL_REPRESENTATION('',(#9353),#9357);
#9353 = LINE('',#9354,#9355);
#9354 = CARTESIAN_POINT('',(-184.2977187608,78.64885938044));
#9355 = VECTOR('',#9356,1.);
#9356 = DIRECTION('',(0.,1.));
#9357 = ( GEOMETRIC_REPRESENTATION_CONTEXT(2) 
PARAMETRIC_REPRESENTATION_CONTEXT() REPRESENTATION_CONTEXT('2D SPACE',''
  ) );
#9358 = PCURVE('',#2857,#9359);
#9359 = DEFINITIONAL_REPRESENTATION('',(#9360),#9364);
#9360 = LINE('',#9361,#9362);
#9361 = CARTESIAN_POINT('',(0.,-130.2429293173));
#9362 = VECTOR('',#9363,1.);
#9363 = DIRECTION('',(1.,0.));
#9364 = ( GEOMETRIC_REPRESENTATION_CONTEXT(2) 
PARAMETRIC_REPRESENTATION_CONTEXT() REPRESENTATION_CONTEXT('2D SPACE',''
  ) );
#9365 = ORIENTED_EDGE('',*,*,#9366,.F.);
#9366 = EDGE_CURVE('',#9367,#9344,#9369,.T.);
#9367 = VERTEX_POINT('',#9368);
#9368 = CARTESIAN_POINT('',(75.5,-16.,2.));
#9369 = SURFACE_CURVE('',#9370,(#9374,#9380),.PCURVE_S1.);
#9370 = LINE('',#9371,#9372);
#9371 = CARTESIAN_POINT('',(-5.324429690219,-16.,2.));
#9372 = VECTOR('',#9373,1.);
#9373 = DIRECTION('',(1.,0.,0.));
#9374 = PCURVE('',#2668,#9375);
#9375 = DEFINITIONAL_REPRESENTATION('',(#9376),#9379);
#9376 = B_SPLINE_CURVE_WITH_KNOTS('',1,(#9377,#9378),.UNSPECIFIED.,.F.,
  .F.,(2,2),(80.824429690219,103.47328907065),.PIECEWISE_BEZIER_KNOTS.);
#9377 = CARTESIAN_POINT('',(-161.6488593804,62.648859380439));
#9378 = CARTESIAN_POINT('',(-184.2977187608,62.648859380439));
#9379 = ( GEOMETRIC_REPRESENTATION_CONTEXT(2) 
PARAMETRIC_REPRESENTATION_CONTEXT() REPRESENTATION_CONTEXT('2D SPACE',''
  ) );
#9380 = PCURVE('',#9381,#9386);
#9381 = PLANE('',#9382);
#9382 = AXIS2_PLACEMENT_3D('',#9383,#9384,#9385);
#9383 = CARTESIAN_POINT('',(75.5,-16.,0.));
#9384 = DIRECTION('',(-0.,1.,0.));
#9385 = DIRECTION('',(0.,0.,1.));
#9386 = DEFINITIONAL_REPRESENTATION('',(#9387),#9390);
#9387 = B_SPLINE_CURVE_WITH_KNOTS('',1,(#9388,#9389),.UNSPECIFIED.,.F.,
  .F.,(2,2),(80.824429690219,103.47328907065),.PIECEWISE_BEZIER_KNOTS.);
#9388 = CARTESIAN_POINT('',(2.,0.));
#9389 = CARTESIAN_POINT('',(2.,22.648859380437));
#9390 = ( GEOMETRIC_REPRESENTATION_CONTEXT(2) 
PARAMETRIC_REPRESENTATION_CONTEXT() REPRESENTATION_CONTEXT('2D SPACE',''
  ) );
#9391 = ORIENTED_EDGE('',*,*,#9392,.T.);
#9392 = EDGE_CURVE('',#9367,#9393,#9395,.T.);
#9393 = VERTEX_POINT('',#9394);
#9394 = CARTESIAN_POINT('',(75.5,-48.,2.));
#9395 = SURFACE_CURVE('',#9396,(#9400,#9406),.PCURVE_S1.);
#9396 = LINE('',#9397,#9398);
#9397 = CARTESIAN_POINT('',(75.5,-63.32442969021,2.));
#9398 = VECTOR('',#9399,1.);
#9399 = DIRECTION('',(0.,-1.,0.));
#9400 = PCURVE('',#2668,#9401);
#9401 = DEFINITIONAL_REPRESENTATION('',(#9402),#9405);
#9402 = B_SPLINE_CURVE_WITH_KNOTS('',1,(#9403,#9404),.UNSPECIFIED.,.F.,
  .F.,(2,2),(-47.32442969021,-15.32442969021),.PIECEWISE_BEZIER_KNOTS.);
#9403 = CARTESIAN_POINT('',(-161.6488593804,62.648859380439));
#9404 = CARTESIAN_POINT('',(-161.6488593804,30.648859380439));
#9405 = ( GEOMETRIC_REPRESENTATION_CONTEXT(2) 
PARAMETRIC_REPRESENTATION_CONTEXT() REPRESENTATION_CONTEXT('2D SPACE',''
  ) );
#9406 = PCURVE('',#9407,#9412);
#9407 = PLANE('',#9408);
#9408 = AXIS2_PLACEMENT_3D('',#9409,#9410,#9411);
#9409 = CARTESIAN_POINT('',(75.5,-48.,0.));
#9410 = DIRECTION('',(1.,0.,-0.));
#9411 = DIRECTION('',(0.,0.,1.));
#9412 = DEFINITIONAL_REPRESENTATION('',(#9413),#9416);
#9413 = B_SPLINE_CURVE_WITH_KNOTS('',1,(#9414,#9415),.UNSPECIFIED.,.F.,
  .F.,(2,2),(-47.32442969021,-15.32442969021),.PIECEWISE_BEZIER_KNOTS.);
#9414 = CARTESIAN_POINT('',(2.,-32.));
#9415 = CARTESIAN_POINT('',(2.,0.));
#9416 = ( GEOMETRIC_REPRESENTATION_CONTEXT(2) 
PARAMETRIC_REPRESENTATION_CONTEXT() REPRESENTATION_CONTEXT('2D SPACE',''
  ) );
#9417 = ORIENTED_EDGE('',*,*,#9418,.T.);
#9418 = EDGE_CURVE('',#9393,#9419,#9421,.T.);
#9419 = VERTEX_POINT('',#9420);
#9420 = CARTESIAN_POINT('',(98.148859380437,-48.,2.));
#9421 = SURFACE_CURVE('',#9422,(#9426,#9432),.PCURVE_S1.);
#9422 = LINE('',#9423,#9424);
#9423 = CARTESIAN_POINT('',(-5.324429690219,-48.,2.));
#9424 = VECTOR('',#9425,1.);
#9425 = DIRECTION('',(1.,0.,0.));
#9426 = PCURVE('',#2668,#9427);
#9427 = DEFINITIONAL_REPRESENTATION('',(#9428),#9431);
#9428 = B_SPLINE_CURVE_WITH_KNOTS('',1,(#9429,#9430),.UNSPECIFIED.,.F.,
  .F.,(2,2),(80.824429690219,103.47328907065),.PIECEWISE_BEZIER_KNOTS.);
#9429 = CARTESIAN_POINT('',(-161.6488593804,30.648859380439));
#9430 = CARTESIAN_POINT('',(-184.2977187608,30.648859380439));
#9431 = ( GEOMETRIC_REPRESENTATION_CONTEXT(2) 
PARAMETRIC_REPRESENTATION_CONTEXT() REPRESENTATION_CONTEXT('2D SPACE',''
  ) );
#9432 = PCURVE('',#9433,#9438);
#9433 = PLANE('',#9434);
#9434 = AXIS2_PLACEMENT_3D('',#9435,#9436,#9437);
#9435 = CARTESIAN_POINT('',(75.5,-48.,0.));
#9436 = DIRECTION('',(-0.,1.,0.));
#9437 = DIRECTION('',(0.,0.,1.));
#9438 = DEFINITIONAL_REPRESENTATION('',(#9439),#9442);
#9439 = B_SPLINE_CURVE_WITH_KNOTS('',1,(#9440,#9441),.UNSPECIFIED.,.F.,
  .F.,(2,2),(80.824429690219,103.47328907065),.PIECEWISE_BEZIER_KNOTS.);
#9440 = CARTESIAN_POINT('',(2.,0.));
#9441 = CARTESIAN_POINT('',(2.,22.648859380437));
#9442 = ( GEOMETRIC_REPRESENTATION_CONTEXT(2) 
PARAMETRIC_REPRESENTATION_CONTEXT() REPRESENTATION_CONTEXT('2D SPACE',''
  ) );
#9443 = ORIENTED_EDGE('',*,*,#9444,.F.);
#9444 = EDGE_CURVE('',#2654,#9419,#9445,.T.);
#9445 = SURFACE_CURVE('',#9446,(#9450,#9457),.PCURVE_S1.);
#9446 = LINE('',#9447,#9448);
#9447 = CARTESIAN_POINT('',(98.148859380437,1.698197138467E-12,2.));
#9448 = VECTOR('',#9449,1.);
#9449 = DIRECTION('',(0.,1.,0.));
#9450 = PCURVE('',#2668,#9451);
#9451 = DEFINITIONAL_REPRESENTATION('',(#9452),#9456);
#9452 = LINE('',#9453,#9454);
#9453 = CARTESIAN_POINT('',(-184.2977187608,78.64885938044));
#9454 = VECTOR('',#9455,1.);
#9455 = DIRECTION('',(0.,1.));
#9456 = ( GEOMETRIC_REPRESENTATION_CONTEXT(2) 
PARAMETRIC_REPRESENTATION_CONTEXT() REPRESENTATION_CONTEXT('2D SPACE',''
  ) );
#9457 = PCURVE('',#2857,#9458);
#9458 = DEFINITIONAL_REPRESENTATION('',(#9459),#9463);
#9459 = LINE('',#9460,#9461);
#9460 = CARTESIAN_POINT('',(0.,-130.2429293173));
#9461 = VECTOR('',#9462,1.);
#9462 = DIRECTION('',(1.,0.));
#9463 = ( GEOMETRIC_REPRESENTATION_CONTEXT(2) 
PARAMETRIC_REPRESENTATION_CONTEXT() REPRESENTATION_CONTEXT('2D SPACE',''
  ) );
#9464 = ADVANCED_FACE('',(#9465,#9667,#9713,#9759,#9805,#9851,#9897,
    #9943,#9989,#10035,#10081,#10127,#10173,#10219,#10265,#10311,#10357,
    #10403,#10449,#10495,#10541),#2857,.F.);
#9465 = FACE_BOUND('',#9466,.F.);
#9466 = EDGE_LOOP('',(#9467,#9487,#9506,#9507,#9508,#9529,#9555,#9574,
    #9575,#9596,#9622,#9647,#9666));
#9467 = ORIENTED_EDGE('',*,*,#9468,.F.);
#9468 = EDGE_CURVE('',#9469,#7245,#9471,.T.);
#9469 = VERTEX_POINT('',#9470);
#9470 = CARTESIAN_POINT('',(99.901098684467,-78.64885938043,
    30.648859380439));
#9471 = SURFACE_CURVE('',#9472,(#9475,#9481),.PCURVE_S1.);
#9472 = B_SPLINE_CURVE_WITH_KNOTS('',1,(#9473,#9474),.UNSPECIFIED.,.F.,
  .F.,(2,2),(0.,1.),.PIECEWISE_BEZIER_KNOTS.);
#9473 = CARTESIAN_POINT('',(98.148859380437,-78.64885938043,2.));
#9474 = CARTESIAN_POINT('',(106.1,-78.64885938043,132.));
#9475 = PCURVE('',#2857,#9476);
#9476 = DEFINITIONAL_REPRESENTATION('',(#9477),#9480);
#9477 = B_SPLINE_CURVE_WITH_KNOTS('',1,(#9478,#9479),.UNSPECIFIED.,.F.,
  .F.,(2,2),(0.,1.),.PIECEWISE_BEZIER_KNOTS.);
#9478 = CARTESIAN_POINT('',(-78.64885938044,-130.2429293173));
#9479 = CARTESIAN_POINT('',(-78.64885938044,0.));
#9480 = ( GEOMETRIC_REPRESENTATION_CONTEXT(2) 
PARAMETRIC_REPRESENTATION_CONTEXT() REPRESENTATION_CONTEXT('2D SPACE',''
  ) );
#9481 = PCURVE('',#7282,#9482);
#9482 = DEFINITIONAL_REPRESENTATION('',(#9483),#9486);
#9483 = B_SPLINE_CURVE_WITH_KNOTS('',1,(#9484,#9485),.UNSPECIFIED.,.F.,
  .F.,(2,2),(0.,1.),.PIECEWISE_BEZIER_KNOTS.);
#9484 = CARTESIAN_POINT('',(3.14159265359,0.));
#9485 = CARTESIAN_POINT('',(3.14159265359,130.));
#9486 = ( GEOMETRIC_REPRESENTATION_CONTEXT(2) 
PARAMETRIC_REPRESENTATION_CONTEXT() REPRESENTATION_CONTEXT('2D SPACE',''
  ) );
#9487 = ORIENTED_EDGE('',*,*,#9488,.T.);
#9488 = EDGE_CURVE('',#9469,#2811,#9489,.T.);
#9489 = SURFACE_CURVE('',#9490,(#9494,#9500),.PCURVE_S1.);
#9490 = LINE('',#9491,#9492);
#9491 = CARTESIAN_POINT('',(100.70455792712,-91.78530187883,
    43.785301878835));
#9492 = VECTOR('',#9493,1.);
#9493 = DIRECTION('',(-4.320811339974E-02,0.706446409481,-0.706446409481
    ));
#9494 = PCURVE('',#2857,#9495);
#9495 = DEFINITIONAL_REPRESENTATION('',(#9496),#9499);
#9496 = B_SPLINE_CURVE_WITH_KNOTS('',1,(#9497,#9498),.UNSPECIFIED.,.F.,
  .F.,(2,2),(18.595101230754,53.687635739033),.PIECEWISE_BEZIER_KNOTS.);
#9497 = CARTESIAN_POINT('',(-78.64885938044,-101.5405341841));
#9498 = CARTESIAN_POINT('',(-53.85786437748,-126.3778557985));
#9499 = ( GEOMETRIC_REPRESENTATION_CONTEXT(2) 
PARAMETRIC_REPRESENTATION_CONTEXT() REPRESENTATION_CONTEXT('2D SPACE',''
  ) );
#9500 = PCURVE('',#2826,#9501);
#9501 = DEFINITIONAL_REPRESENTATION('',(#9502),#9505);
#9502 = B_SPLINE_CURVE_WITH_KNOTS('',1,(#9503,#9504),.UNSPECIFIED.,.F.,
  .F.,(2,2),(18.595101230754,53.687635739033),.PIECEWISE_BEZIER_KNOTS.);
#9503 = CARTESIAN_POINT('',(25.224509899677,99.901098684467));
#9504 = CARTESIAN_POINT('',(60.284271257577,98.384816473949));
#9505 = ( GEOMETRIC_REPRESENTATION_CONTEXT(2) 
PARAMETRIC_REPRESENTATION_CONTEXT() REPRESENTATION_CONTEXT('2D SPACE',''
  ) );
#9506 = ORIENTED_EDGE('',*,*,#2838,.T.);
#9507 = ORIENTED_EDGE('',*,*,#9444,.T.);
#9508 = ORIENTED_EDGE('',*,*,#9509,.T.);
#9509 = EDGE_CURVE('',#9419,#9510,#9512,.T.);
#9510 = VERTEX_POINT('',#9511);
#9511 = CARTESIAN_POINT('',(98.393509861039,-48.,6.));
#9512 = SURFACE_CURVE('',#9513,(#9517,#9523),.PCURVE_S1.);
#9513 = LINE('',#9514,#9515);
#9514 = CARTESIAN_POINT('',(102.02128972768,-48.,65.313676518787));
#9515 = VECTOR('',#9516,1.);
#9516 = DIRECTION('',(6.104853953486E-02,0.,0.998134798422));
#9517 = PCURVE('',#2857,#9518);
#9518 = DEFINITIONAL_REPRESENTATION('',(#9519),#9522);
#9519 = B_SPLINE_CURVE_WITH_KNOTS('',1,(#9520,#9521),.UNSPECIFIED.,.F.,
  .F.,(2,2),(-63.43198996657,-59.42451521835),.PIECEWISE_BEZIER_KNOTS.);
#9520 = CARTESIAN_POINT('',(-48.,-130.2429293173));
#9521 = CARTESIAN_POINT('',(-48.,-126.235454569));
#9522 = ( GEOMETRIC_REPRESENTATION_CONTEXT(2) 
PARAMETRIC_REPRESENTATION_CONTEXT() REPRESENTATION_CONTEXT('2D SPACE',''
  ) );
#9523 = PCURVE('',#9433,#9524);
#9524 = DEFINITIONAL_REPRESENTATION('',(#9525),#9528);
#9525 = B_SPLINE_CURVE_WITH_KNOTS('',1,(#9526,#9527),.UNSPECIFIED.,.F.,
  .F.,(2,2),(-63.43198996657,-59.42451521835),.PIECEWISE_BEZIER_KNOTS.);
#9526 = CARTESIAN_POINT('',(2.,22.648859380437));
#9527 = CARTESIAN_POINT('',(6.,22.893509861039));
#9528 = ( GEOMETRIC_REPRESENTATION_CONTEXT(2) 
PARAMETRIC_REPRESENTATION_CONTEXT() REPRESENTATION_CONTEXT('2D SPACE',''
  ) );
#9529 = ORIENTED_EDGE('',*,*,#9530,.F.);
#9530 = EDGE_CURVE('',#9531,#9510,#9533,.T.);
#9531 = VERTEX_POINT('',#9532);
#9532 = CARTESIAN_POINT('',(98.393509861039,-16.,6.));
#9533 = SURFACE_CURVE('',#9534,(#9538,#9544),.PCURVE_S1.);
#9534 = LINE('',#9535,#9536);
#9535 = CARTESIAN_POINT('',(98.393509861039,-23.99999999999,6.));
#9536 = VECTOR('',#9537,1.);
#9537 = DIRECTION('',(0.,-1.,0.));
#9538 = PCURVE('',#2857,#9539);
#9539 = DEFINITIONAL_REPRESENTATION('',(#9540),#9543);
#9540 = B_SPLINE_CURVE_WITH_KNOTS('',1,(#9541,#9542),.UNSPECIFIED.,.F.,
  .F.,(2,2),(-7.999999999999,24.000000000001),.PIECEWISE_BEZIER_KNOTS.);
#9541 = CARTESIAN_POINT('',(-16.,-126.235454569));
#9542 = CARTESIAN_POINT('',(-48.,-126.235454569));
#9543 = ( GEOMETRIC_REPRESENTATION_CONTEXT(2) 
PARAMETRIC_REPRESENTATION_CONTEXT() REPRESENTATION_CONTEXT('2D SPACE',''
  ) );
#9544 = PCURVE('',#9545,#9550);
#9545 = PLANE('',#9546);
#9546 = AXIS2_PLACEMENT_3D('',#9547,#9548,#9549);
#9547 = CARTESIAN_POINT('',(75.5,-48.,6.));
#9548 = DIRECTION('',(0.,0.,1.));
#9549 = DIRECTION('',(1.,0.,-0.));
#9550 = DEFINITIONAL_REPRESENTATION('',(#9551),#9554);
#9551 = B_SPLINE_CURVE_WITH_KNOTS('',1,(#9552,#9553),.UNSPECIFIED.,.F.,
  .F.,(2,2),(-7.999999999999,24.000000000001),.PIECEWISE_BEZIER_KNOTS.);
#9552 = CARTESIAN_POINT('',(22.893509861039,32.));
#9553 = CARTESIAN_POINT('',(22.893509861039,0.));
#9554 = ( GEOMETRIC_REPRESENTATION_CONTEXT(2) 
PARAMETRIC_REPRESENTATION_CONTEXT() REPRESENTATION_CONTEXT('2D SPACE',''
  ) );
#9555 = ORIENTED_EDGE('',*,*,#9556,.F.);
#9556 = EDGE_CURVE('',#9344,#9531,#9557,.T.);
#9557 = SURFACE_CURVE('',#9558,(#9562,#9568),.PCURVE_S1.);
#9558 = LINE('',#9559,#9560);
#9559 = CARTESIAN_POINT('',(102.02128972768,-16.,65.313676518787));
#9560 = VECTOR('',#9561,1.);
#9561 = DIRECTION('',(6.104853953486E-02,0.,0.998134798422));
#9562 = PCURVE('',#2857,#9563);
#9563 = DEFINITIONAL_REPRESENTATION('',(#9564),#9567);
#9564 = B_SPLINE_CURVE_WITH_KNOTS('',1,(#9565,#9566),.UNSPECIFIED.,.F.,
  .F.,(2,2),(-63.43198996657,-59.42451521835),.PIECEWISE_BEZIER_KNOTS.);
#9565 = CARTESIAN_POINT('',(-16.,-130.2429293173));
#9566 = CARTESIAN_POINT('',(-16.,-126.235454569));
#9567 = ( GEOMETRIC_REPRESENTATION_CONTEXT(2) 
PARAMETRIC_REPRESENTATION_CONTEXT() REPRESENTATION_CONTEXT('2D SPACE',''
  ) );
#9568 = PCURVE('',#9381,#9569);
#9569 = DEFINITIONAL_REPRESENTATION('',(#9570),#9573);
#9570 = B_SPLINE_CURVE_WITH_KNOTS('',1,(#9571,#9572),.UNSPECIFIED.,.F.,
  .F.,(2,2),(-63.43198996657,-59.42451521835),.PIECEWISE_BEZIER_KNOTS.);
#9571 = CARTESIAN_POINT('',(2.,22.648859380437));
#9572 = CARTESIAN_POINT('',(6.,22.893509861039));
#9573 = ( GEOMETRIC_REPRESENTATION_CONTEXT(2) 
PARAMETRIC_REPRESENTATION_CONTEXT() REPRESENTATION_CONTEXT('2D SPACE',''
  ) );
#9574 = ORIENTED_EDGE('',*,*,#9343,.T.);
#9575 = ORIENTED_EDGE('',*,*,#9576,.T.);
#9576 = EDGE_CURVE('',#9318,#9577,#9579,.T.);
#9577 = VERTEX_POINT('',#9578);
#9578 = CARTESIAN_POINT('',(98.393509861039,68.,6.));
#9579 = SURFACE_CURVE('',#9580,(#9584,#9590),.PCURVE_S1.);
#9580 = LINE('',#9581,#9582);
#9581 = CARTESIAN_POINT('',(102.02128972768,68.,65.313676518787));
#9582 = VECTOR('',#9583,1.);
#9583 = DIRECTION('',(6.104853953486E-02,0.,0.998134798422));
#9584 = PCURVE('',#2857,#9585);
#9585 = DEFINITIONAL_REPRESENTATION('',(#9586),#9589);
#9586 = B_SPLINE_CURVE_WITH_KNOTS('',1,(#9587,#9588),.UNSPECIFIED.,.F.,
  .F.,(2,2),(-63.43198996657,-59.42451521835),.PIECEWISE_BEZIER_KNOTS.);
#9587 = CARTESIAN_POINT('',(67.999999999998,-130.2429293173));
#9588 = CARTESIAN_POINT('',(67.999999999998,-126.235454569));
#9589 = ( GEOMETRIC_REPRESENTATION_CONTEXT(2) 
PARAMETRIC_REPRESENTATION_CONTEXT() REPRESENTATION_CONTEXT('2D SPACE',''
  ) );
#9590 = PCURVE('',#9332,#9591);
#9591 = DEFINITIONAL_REPRESENTATION('',(#9592),#9595);
#9592 = B_SPLINE_CURVE_WITH_KNOTS('',1,(#9593,#9594),.UNSPECIFIED.,.F.,
  .F.,(2,2),(-63.43198996657,-59.42451521835),.PIECEWISE_BEZIER_KNOTS.);
#9593 = CARTESIAN_POINT('',(2.,22.648859380437));
#9594 = CARTESIAN_POINT('',(6.,22.893509861039));
#9595 = ( GEOMETRIC_REPRESENTATION_CONTEXT(2) 
PARAMETRIC_REPRESENTATION_CONTEXT() REPRESENTATION_CONTEXT('2D SPACE',''
  ) );
#9596 = ORIENTED_EDGE('',*,*,#9597,.F.);
#9597 = EDGE_CURVE('',#9598,#9577,#9600,.T.);
#9598 = VERTEX_POINT('',#9599);
#9599 = CARTESIAN_POINT('',(98.393509861039,78.648859363414,6.));
#9600 = SURFACE_CURVE('',#9601,(#9605,#9611),.PCURVE_S1.);
#9601 = LINE('',#9602,#9603);
#9602 = CARTESIAN_POINT('',(98.393509861039,34.000000000001,6.));
#9603 = VECTOR('',#9604,1.);
#9604 = DIRECTION('',(0.,-1.,0.));
#9605 = PCURVE('',#2857,#9606);
#9606 = DEFINITIONAL_REPRESENTATION('',(#9607),#9610);
#9607 = B_SPLINE_CURVE_WITH_KNOTS('',1,(#9608,#9609),.UNSPECIFIED.,.F.,
  .F.,(2,2),(-44.64885936341,-33.99999999999),.PIECEWISE_BEZIER_KNOTS.);
#9608 = CARTESIAN_POINT('',(78.648859363412,-126.235454569));
#9609 = CARTESIAN_POINT('',(67.999999999998,-126.235454569));
#9610 = ( GEOMETRIC_REPRESENTATION_CONTEXT(2) 
PARAMETRIC_REPRESENTATION_CONTEXT() REPRESENTATION_CONTEXT('2D SPACE',''
  ) );
#9611 = PCURVE('',#9612,#9617);
#9612 = PLANE('',#9613);
#9613 = AXIS2_PLACEMENT_3D('',#9614,#9615,#9616);
#9614 = CARTESIAN_POINT('',(75.5,68.,6.));
#9615 = DIRECTION('',(0.,0.,1.));
#9616 = DIRECTION('',(1.,0.,-0.));
#9617 = DEFINITIONAL_REPRESENTATION('',(#9618),#9621);
#9618 = B_SPLINE_CURVE_WITH_KNOTS('',1,(#9619,#9620),.UNSPECIFIED.,.F.,
  .F.,(2,2),(-44.64885936341,-33.99999999999),.PIECEWISE_BEZIER_KNOTS.);
#9619 = CARTESIAN_POINT('',(22.893509861039,10.648859363414));
#9620 = CARTESIAN_POINT('',(22.893509861039,0.));
#9621 = ( GEOMETRIC_REPRESENTATION_CONTEXT(2) 
PARAMETRIC_REPRESENTATION_CONTEXT() REPRESENTATION_CONTEXT('2D SPACE',''
  ) );
#9622 = ORIENTED_EDGE('',*,*,#9623,.T.);
#9623 = EDGE_CURVE('',#9598,#9624,#9626,.T.);
#9624 = VERTEX_POINT('',#9625);
#9625 = CARTESIAN_POINT('',(105.36604855819,78.648859363414,120.));
#9626 = SURFACE_CURVE('',#9627,(#9630,#9636),.PCURVE_S1.);
#9627 = B_SPLINE_CURVE_WITH_KNOTS('',1,(#9628,#9629),.UNSPECIFIED.,.F.,
  .F.,(2,2),(0.,1.),.PIECEWISE_BEZIER_KNOTS.);
#9628 = CARTESIAN_POINT('',(98.148859380437,78.648859363414,2.));
#9629 = CARTESIAN_POINT('',(106.1,78.648859363414,132.));
#9630 = PCURVE('',#2857,#9631);
#9631 = DEFINITIONAL_REPRESENTATION('',(#9632),#9635);
#9632 = B_SPLINE_CURVE_WITH_KNOTS('',1,(#9633,#9634),.UNSPECIFIED.,.F.,
  .F.,(2,2),(0.,1.),.PIECEWISE_BEZIER_KNOTS.);
#9633 = CARTESIAN_POINT('',(78.648859363412,-130.2429293173));
#9634 = CARTESIAN_POINT('',(78.648859363412,0.));
#9635 = ( GEOMETRIC_REPRESENTATION_CONTEXT(2) 
PARAMETRIC_REPRESENTATION_CONTEXT() REPRESENTATION_CONTEXT('2D SPACE',''
  ) );
#9636 = PCURVE('',#9637,#9642);
#9637 = CONICAL_SURFACE('',#9638,12.,6.10865238198E-02);
#9638 = AXIS2_PLACEMENT_3D('',#9639,#9640,#9641);
#9639 = CARTESIAN_POINT('',(86.148859380437,78.648859363414,2.));
#9640 = DIRECTION('',(-0.,-0.,1.));
#9641 = DIRECTION('',(-1.,0.,0.));
#9642 = DEFINITIONAL_REPRESENTATION('',(#9643),#9646);
#9643 = B_SPLINE_CURVE_WITH_KNOTS('',1,(#9644,#9645),.UNSPECIFIED.,.F.,
  .F.,(2,2),(0.,1.),.PIECEWISE_BEZIER_KNOTS.);
#9644 = CARTESIAN_POINT('',(3.14159265359,0.));
#9645 = CARTESIAN_POINT('',(3.14159265359,130.));
#9646 = ( GEOMETRIC_REPRESENTATION_CONTEXT(2) 
PARAMETRIC_REPRESENTATION_CONTEXT() REPRESENTATION_CONTEXT('2D SPACE',''
  ) );
#9647 = ORIENTED_EDGE('',*,*,#9648,.T.);
#9648 = EDGE_CURVE('',#9624,#7219,#9649,.T.);
#9649 = SURFACE_CURVE('',#9650,(#9654,#9660),.PCURVE_S1.);
#9650 = LINE('',#9651,#9652);
#9651 = CARTESIAN_POINT('',(105.36604855819,5.339557415299E-10,120.));
#9652 = VECTOR('',#9653,1.);
#9653 = DIRECTION('',(0.,-1.,0.));
#9654 = PCURVE('',#2857,#9655);
#9655 = DEFINITIONAL_REPRESENTATION('',(#9656),#9659);
#9656 = B_SPLINE_CURVE_WITH_KNOTS('',1,(#9657,#9658),.UNSPECIFIED.,.F.,
  .F.,(2,2),(-78.64885936288,78.648859380973),.PIECEWISE_BEZIER_KNOTS.);
#9657 = CARTESIAN_POINT('',(78.648859363412,-12.02242424467));
#9658 = CARTESIAN_POINT('',(-78.64885938044,-12.02242424467));
#9659 = ( GEOMETRIC_REPRESENTATION_CONTEXT(2) 
PARAMETRIC_REPRESENTATION_CONTEXT() REPRESENTATION_CONTEXT('2D SPACE',''
  ) );
#9660 = PCURVE('',#7233,#9661);
#9661 = DEFINITIONAL_REPRESENTATION('',(#9662),#9665);
#9662 = B_SPLINE_CURVE_WITH_KNOTS('',1,(#9663,#9664),.UNSPECIFIED.,.F.,
  .F.,(2,2),(-78.64885936288,78.648859380973),.PIECEWISE_BEZIER_KNOTS.);
#9663 = CARTESIAN_POINT('',(105.36604855819,78.648859362348));
#9664 = CARTESIAN_POINT('',(105.36604855819,-78.6488593815));
#9665 = ( GEOMETRIC_REPRESENTATION_CONTEXT(2) 
PARAMETRIC_REPRESENTATION_CONTEXT() REPRESENTATION_CONTEXT('2D SPACE',''
  ) );
#9666 = ORIENTED_EDGE('',*,*,#7244,.T.);
#9667 = FACE_BOUND('',#9668,.F.);
#9668 = EDGE_LOOP('',(#9669));
#9669 = ORIENTED_EDGE('',*,*,#9670,.F.);
#9670 = EDGE_CURVE('',#9671,#9671,#9673,.T.);
#9671 = VERTEX_POINT('',#9672);
#9672 = CARTESIAN_POINT('',(100.7788520469,-42.,45.));
#9673 = SURFACE_CURVE('',#9674,(#9679,#9686),.PCURVE_S1.);
#9674 = ELLIPSE('',#9675,3.005606061169,3.);
#9675 = AXIS2_PLACEMENT_3D('',#9676,#9677,#9678);
#9676 = CARTESIAN_POINT('',(100.96233990735,-42.,48.));
#9677 = DIRECTION('',(0.998134798422,0.,-6.104853953486E-02));
#9678 = DIRECTION('',(6.104853953486E-02,0.,0.998134798422));
#9679 = PCURVE('',#2857,#9680);
#9680 = DEFINITIONAL_REPRESENTATION('',(#9681),#9685);
#9681 = ELLIPSE('',#9682,3.005606061169,3.);
#9682 = AXIS2_PLACEMENT_2D('',#9683,#9684);
#9683 = CARTESIAN_POINT('',(-42.,-84.15696971271));
#9684 = DIRECTION('',(0.,1.));
#9685 = ( GEOMETRIC_REPRESENTATION_CONTEXT(2) 
PARAMETRIC_REPRESENTATION_CONTEXT() REPRESENTATION_CONTEXT('2D SPACE',''
  ) );
#9686 = PCURVE('',#4872,#9687);
#9687 = DEFINITIONAL_REPRESENTATION('',(#9688),#9712);
#9688 = B_SPLINE_CURVE_WITH_KNOTS('',8,(#9689,#9690,#9691,#9692,#9693,
    #9694,#9695,#9696,#9697,#9698,#9699,#9700,#9701,#9702,#9703,#9704,
    #9705,#9706,#9707,#9708,#9709,#9710,#9711),.UNSPECIFIED.,.F.,.F.,(9,
    7,7,9),(3.14159265359,4.712388980385,7.068583470577,9.424777960769),
  .UNSPECIFIED.);
#9689 = CARTESIAN_POINT('',(0.,238.2788520469));
#9690 = CARTESIAN_POINT('',(0.196349540849,238.2788520469));
#9691 = CARTESIAN_POINT('',(0.392699081699,238.28693679803));
#9692 = CARTESIAN_POINT('',(0.589048622548,238.30310532317));
#9693 = CARTESIAN_POINT('',(0.785398163397,238.32669565053));
#9694 = CARTESIAN_POINT('',(0.981747704247,238.35637272644));
#9695 = CARTESIAN_POINT('',(1.178097245096,238.39028451852));
#9696 = CARTESIAN_POINT('',(1.374446785946,238.4263121502));
#9697 = CARTESIAN_POINT('',(1.865320638069,238.51638154308));
#9698 = CARTESIAN_POINT('',(2.15984494934,238.57042337453));
#9699 = CARTESIAN_POINT('',(2.454369260628,238.61732020636));
#9700 = CARTESIAN_POINT('',(2.748893571877,238.64993722084));
#9701 = CARTESIAN_POINT('',(3.043417883175,238.66308705136));
#9702 = CARTESIAN_POINT('',(3.337942194436,238.6556491623));
#9703 = CARTESIAN_POINT('',(3.632466505713,238.63029862483));
#9704 = CARTESIAN_POINT('',(4.221515128261,238.55387221066));
#9705 = CARTESIAN_POINT('',(4.516039439536,238.50279605662));
#9706 = CARTESIAN_POINT('',(4.810563750812,238.4439118111));
#9707 = CARTESIAN_POINT('',(5.105088062075,238.38463455438));
#9708 = CARTESIAN_POINT('',(5.399612373356,238.33342087385));
#9709 = CARTESIAN_POINT('',(5.694136684629,238.29704280395));
#9710 = CARTESIAN_POINT('',(5.988660995906,238.2788520469));
#9711 = CARTESIAN_POINT('',(6.28318530718,238.2788520469));
#9712 = ( GEOMETRIC_REPRESENTATION_CONTEXT(2) 
PARAMETRIC_REPRESENTATION_CONTEXT() REPRESENTATION_CONTEXT('2D SPACE',''
  ) );
#9713 = FACE_BOUND('',#9714,.F.);
#9714 = EDGE_LOOP('',(#9715));
#9715 = ORIENTED_EDGE('',*,*,#9716,.F.);
#9716 = EDGE_CURVE('',#9717,#9717,#9719,.T.);
#9717 = VERTEX_POINT('',#9718);
#9718 = CARTESIAN_POINT('',(100.7788520469,-21.,45.));
#9719 = SURFACE_CURVE('',#9720,(#9725,#9732),.PCURVE_S1.);
#9720 = ELLIPSE('',#9721,3.005606061169,3.);
#9721 = AXIS2_PLACEMENT_3D('',#9722,#9723,#9724);
#9722 = CARTESIAN_POINT('',(100.96233990735,-21.,48.));
#9723 = DIRECTION('',(0.998134798422,0.,-6.104853953486E-02));
#9724 = DIRECTION('',(6.104853953486E-02,0.,0.998134798422));
#9725 = PCURVE('',#2857,#9726);
#9726 = DEFINITIONAL_REPRESENTATION('',(#9727),#9731);
#9727 = ELLIPSE('',#9728,3.005606061169,3.);
#9728 = AXIS2_PLACEMENT_2D('',#9729,#9730);
#9729 = CARTESIAN_POINT('',(-21.,-84.15696971271));
#9730 = DIRECTION('',(0.,1.));
#9731 = ( GEOMETRIC_REPRESENTATION_CONTEXT(2) 
PARAMETRIC_REPRESENTATION_CONTEXT() REPRESENTATION_CONTEXT('2D SPACE',''
  ) );
#9732 = PCURVE('',#4923,#9733);
#9733 = DEFINITIONAL_REPRESENTATION('',(#9734),#9758);
#9734 = B_SPLINE_CURVE_WITH_KNOTS('',8,(#9735,#9736,#9737,#9738,#9739,
    #9740,#9741,#9742,#9743,#9744,#9745,#9746,#9747,#9748,#9749,#9750,
    #9751,#9752,#9753,#9754,#9755,#9756,#9757),.UNSPECIFIED.,.F.,.F.,(9,
    7,7,9),(3.14159265359,4.712388980385,7.068583470577,9.424777960769),
  .UNSPECIFIED.);
#9735 = CARTESIAN_POINT('',(0.,238.2788520469));
#9736 = CARTESIAN_POINT('',(0.196349540849,238.2788520469));
#9737 = CARTESIAN_POINT('',(0.392699081699,238.28693679803));
#9738 = CARTESIAN_POINT('',(0.589048622548,238.30310532317));
#9739 = CARTESIAN_POINT('',(0.785398163398,238.32669565053));
#9740 = CARTESIAN_POINT('',(0.981747704247,238.35637272644));
#9741 = CARTESIAN_POINT('',(1.178097245096,238.39028451852));
#9742 = CARTESIAN_POINT('',(1.374446785946,238.4263121502));
#9743 = CARTESIAN_POINT('',(1.865320638069,238.51638154308));
#9744 = CARTESIAN_POINT('',(2.159844949339,238.57042337453));
#9745 = CARTESIAN_POINT('',(2.454369260631,238.61732020636));
#9746 = CARTESIAN_POINT('',(2.748893571867,238.64993722084));
#9747 = CARTESIAN_POINT('',(3.043417883178,238.66308705136));
#9748 = CARTESIAN_POINT('',(3.337942194435,238.6556491623));
#9749 = CARTESIAN_POINT('',(3.632466505713,238.63029862483));
#9750 = CARTESIAN_POINT('',(4.221515128261,238.55387221066));
#9751 = CARTESIAN_POINT('',(4.516039439533,238.50279605662));
#9752 = CARTESIAN_POINT('',(4.810563750807,238.4439118111));
#9753 = CARTESIAN_POINT('',(5.105088062082,238.38463455438));
#9754 = CARTESIAN_POINT('',(5.399612373363,238.33342087385));
#9755 = CARTESIAN_POINT('',(5.69413668463,238.29704280395));
#9756 = CARTESIAN_POINT('',(5.988660995906,238.2788520469));
#9757 = CARTESIAN_POINT('',(6.28318530718,238.2788520469));
#9758 = ( GEOMETRIC_REPRESENTATION_CONTEXT(2) 
PARAMETRIC_REPRESENTATION_CONTEXT() REPRESENTATION_CONTEXT('2D SPACE',''
  ) );
#9759 = FACE_BOUND('',#9760,.F.);
#9760 = EDGE_LOOP('',(#9761));
#9761 = ORIENTED_EDGE('',*,*,#9762,.F.);
#9762 = EDGE_CURVE('',#9763,#9763,#9765,.T.);
#9763 = VERTEX_POINT('',#9764);
#9764 = CARTESIAN_POINT('',(101.97152313984,-42.,64.5));
#9765 = SURFACE_CURVE('',#9766,(#9771,#9778),.PCURVE_S1.);
#9766 = ELLIPSE('',#9767,4.508409091753,4.5);
#9767 = AXIS2_PLACEMENT_3D('',#9768,#9769,#9770);
#9768 = CARTESIAN_POINT('',(102.24675493051,-42.,69.));
#9769 = DIRECTION('',(0.998134798422,0.,-6.104853953486E-02));
#9770 = DIRECTION('',(6.104853953486E-02,0.,0.998134798422));
#9771 = PCURVE('',#2857,#9772);
#9772 = DEFINITIONAL_REPRESENTATION('',(#9773),#9777);
#9773 = ELLIPSE('',#9774,4.508409091753,4.5);
#9774 = AXIS2_PLACEMENT_2D('',#9775,#9776);
#9775 = CARTESIAN_POINT('',(-42.,-63.11772728453));
#9776 = DIRECTION('',(0.,1.));
#9777 = ( GEOMETRIC_REPRESENTATION_CONTEXT(2) 
PARAMETRIC_REPRESENTATION_CONTEXT() REPRESENTATION_CONTEXT('2D SPACE',''
  ) );
#9778 = PCURVE('',#4974,#9779);
#9779 = DEFINITIONAL_REPRESENTATION('',(#9780),#9804);
#9780 = B_SPLINE_CURVE_WITH_KNOTS('',8,(#9781,#9782,#9783,#9784,#9785,
    #9786,#9787,#9788,#9789,#9790,#9791,#9792,#9793,#9794,#9795,#9796,
    #9797,#9798,#9799,#9800,#9801,#9802,#9803),.UNSPECIFIED.,.F.,.F.,(9,
    7,7,9),(3.14159265359,4.712388980385,7.068583470577,9.424777960769),
  .UNSPECIFIED.);
#9781 = CARTESIAN_POINT('',(0.,239.47152313984));
#9782 = CARTESIAN_POINT('',(0.196349540849,239.47152313984));
#9783 = CARTESIAN_POINT('',(0.392699081699,239.4836502666));
#9784 = CARTESIAN_POINT('',(0.589048622548,239.50790305414));
#9785 = CARTESIAN_POINT('',(0.785398163398,239.54328854526));
#9786 = CARTESIAN_POINT('',(0.981747704247,239.58780415919));
#9787 = CARTESIAN_POINT('',(1.178097245096,239.63867184715));
#9788 = CARTESIAN_POINT('',(1.374446785946,239.69271329479));
#9789 = CARTESIAN_POINT('',(1.865320638069,239.8278173841));
#9790 = CARTESIAN_POINT('',(2.159844949338,239.90888013155));
#9791 = CARTESIAN_POINT('',(2.454369260629,239.97922537929));
#9792 = CARTESIAN_POINT('',(2.748893571872,240.0281508998));
#9793 = CARTESIAN_POINT('',(3.043417883169,240.0478756465));
#9794 = CARTESIAN_POINT('',(3.337942194433,240.03671881306));
#9795 = CARTESIAN_POINT('',(3.632466505713,239.99869300673));
#9796 = CARTESIAN_POINT('',(4.221515128261,239.88405338547));
#9797 = CARTESIAN_POINT('',(4.516039439531,239.80743915494));
#9798 = CARTESIAN_POINT('',(4.810563750816,239.71911278436));
#9799 = CARTESIAN_POINT('',(5.105088062079,239.63019690266));
#9800 = CARTESIAN_POINT('',(5.399612373367,239.55337637872));
#9801 = CARTESIAN_POINT('',(5.694136684631,239.49880927588));
#9802 = CARTESIAN_POINT('',(5.988660995906,239.47152313984));
#9803 = CARTESIAN_POINT('',(6.28318530718,239.47152313984));
#9804 = ( GEOMETRIC_REPRESENTATION_CONTEXT(2) 
PARAMETRIC_REPRESENTATION_CONTEXT() REPRESENTATION_CONTEXT('2D SPACE',''
  ) );
#9805 = FACE_BOUND('',#9806,.F.);
#9806 = EDGE_LOOP('',(#9807));
#9807 = ORIENTED_EDGE('',*,*,#9808,.F.);
#9808 = EDGE_CURVE('',#9809,#9809,#9811,.T.);
#9809 = VERTEX_POINT('',#9810);
#9810 = CARTESIAN_POINT('',(101.97152313984,-21.,64.5));
#9811 = SURFACE_CURVE('',#9812,(#9817,#9824),.PCURVE_S1.);
#9812 = ELLIPSE('',#9813,4.508409091753,4.5);
#9813 = AXIS2_PLACEMENT_3D('',#9814,#9815,#9816);
#9814 = CARTESIAN_POINT('',(102.24675493051,-21.,69.));
#9815 = DIRECTION('',(0.998134798422,0.,-6.104853953486E-02));
#9816 = DIRECTION('',(6.104853953486E-02,0.,0.998134798422));
#9817 = PCURVE('',#2857,#9818);
#9818 = DEFINITIONAL_REPRESENTATION('',(#9819),#9823);
#9819 = ELLIPSE('',#9820,4.508409091753,4.5);
#9820 = AXIS2_PLACEMENT_2D('',#9821,#9822);
#9821 = CARTESIAN_POINT('',(-21.,-63.11772728453));
#9822 = DIRECTION('',(0.,1.));
#9823 = ( GEOMETRIC_REPRESENTATION_CONTEXT(2) 
PARAMETRIC_REPRESENTATION_CONTEXT() REPRESENTATION_CONTEXT('2D SPACE',''
  ) );
#9824 = PCURVE('',#5025,#9825);
#9825 = DEFINITIONAL_REPRESENTATION('',(#9826),#9850);
#9826 = B_SPLINE_CURVE_WITH_KNOTS('',8,(#9827,#9828,#9829,#9830,#9831,
    #9832,#9833,#9834,#9835,#9836,#9837,#9838,#9839,#9840,#9841,#9842,
    #9843,#9844,#9845,#9846,#9847,#9848,#9849),.UNSPECIFIED.,.F.,.F.,(9,
    7,7,9),(3.14159265359,4.712388980385,7.068583470577,9.424777960769),
  .UNSPECIFIED.);
#9827 = CARTESIAN_POINT('',(0.,239.47152313984));
#9828 = CARTESIAN_POINT('',(0.196349540849,239.47152313984));
#9829 = CARTESIAN_POINT('',(0.392699081699,239.4836502666));
#9830 = CARTESIAN_POINT('',(0.589048622548,239.50790305414));
#9831 = CARTESIAN_POINT('',(0.785398163398,239.54328854526));
#9832 = CARTESIAN_POINT('',(0.981747704247,239.58780415919));
#9833 = CARTESIAN_POINT('',(1.178097245096,239.63867184715));
#9834 = CARTESIAN_POINT('',(1.374446785946,239.69271329479));
#9835 = CARTESIAN_POINT('',(1.865320638069,239.8278173841));
#9836 = CARTESIAN_POINT('',(2.159844949341,239.90888013155));
#9837 = CARTESIAN_POINT('',(2.454369260624,239.97922537929));
#9838 = CARTESIAN_POINT('',(2.748893571881,240.0281508998));
#9839 = CARTESIAN_POINT('',(3.043417883166,240.0478756465));
#9840 = CARTESIAN_POINT('',(3.337942194436,240.03671881306));
#9841 = CARTESIAN_POINT('',(3.632466505713,239.99869300673));
#9842 = CARTESIAN_POINT('',(4.221515128261,239.88405338547));
#9843 = CARTESIAN_POINT('',(4.516039439531,239.80743915494));
#9844 = CARTESIAN_POINT('',(4.810563750816,239.71911278436));
#9845 = CARTESIAN_POINT('',(5.105088062064,239.63019690266));
#9846 = CARTESIAN_POINT('',(5.399612373367,239.55337637872));
#9847 = CARTESIAN_POINT('',(5.694136684628,239.49880927588));
#9848 = CARTESIAN_POINT('',(5.988660995906,239.47152313984));
#9849 = CARTESIAN_POINT('',(6.28318530718,239.47152313984));
#9850 = ( GEOMETRIC_REPRESENTATION_CONTEXT(2) 
PARAMETRIC_REPRESENTATION_CONTEXT() REPRESENTATION_CONTEXT('2D SPACE',''
  ) );
#9851 = FACE_BOUND('',#9852,.F.);
#9852 = EDGE_LOOP('',(#9853));
#9853 = ORIENTED_EDGE('',*,*,#9854,.F.);
#9854 = EDGE_CURVE('',#9855,#9855,#9857,.T.);
#9855 = VERTEX_POINT('',#9856);
#9856 = CARTESIAN_POINT('',(100.7788520469,-7.347880794884E-16,45.));
#9857 = SURFACE_CURVE('',#9858,(#9863,#9870),.PCURVE_S1.);
#9858 = ELLIPSE('',#9859,3.005606061169,3.);
#9859 = AXIS2_PLACEMENT_3D('',#9860,#9861,#9862);
#9860 = CARTESIAN_POINT('',(100.96233990735,0.,48.));
#9861 = DIRECTION('',(0.998134798422,0.,-6.104853953486E-02));
#9862 = DIRECTION('',(6.104853953486E-02,0.,0.998134798422));
#9863 = PCURVE('',#2857,#9864);
#9864 = DEFINITIONAL_REPRESENTATION('',(#9865),#9869);
#9865 = ELLIPSE('',#9866,3.005606061169,3.);
#9866 = AXIS2_PLACEMENT_2D('',#9867,#9868);
#9867 = CARTESIAN_POINT('',(-1.698197138467E-12,-84.15696971271));
#9868 = DIRECTION('',(0.,1.));
#9869 = ( GEOMETRIC_REPRESENTATION_CONTEXT(2) 
PARAMETRIC_REPRESENTATION_CONTEXT() REPRESENTATION_CONTEXT('2D SPACE',''
  ) );
#9870 = PCURVE('',#5076,#9871);
#9871 = DEFINITIONAL_REPRESENTATION('',(#9872),#9896);
#9872 = B_SPLINE_CURVE_WITH_KNOTS('',8,(#9873,#9874,#9875,#9876,#9877,
    #9878,#9879,#9880,#9881,#9882,#9883,#9884,#9885,#9886,#9887,#9888,
    #9889,#9890,#9891,#9892,#9893,#9894,#9895),.UNSPECIFIED.,.F.,.F.,(9,
    7,7,9),(3.14159265359,4.712388980385,7.068583470577,9.424777960769),
  .UNSPECIFIED.);
#9873 = CARTESIAN_POINT('',(-8.881784197001E-16,238.2788520469));
#9874 = CARTESIAN_POINT('',(0.196349540849,238.2788520469));
#9875 = CARTESIAN_POINT('',(0.3926990817,238.28693679803));
#9876 = CARTESIAN_POINT('',(0.589048622549,238.30310532317));
#9877 = CARTESIAN_POINT('',(0.785398163398,238.32669565053));
#9878 = CARTESIAN_POINT('',(0.981747704248,238.35637272644));
#9879 = CARTESIAN_POINT('',(1.178097245096,238.39028451852));
#9880 = CARTESIAN_POINT('',(1.374446785946,238.4263121502));
#9881 = CARTESIAN_POINT('',(1.865320638069,238.51638154308));
#9882 = CARTESIAN_POINT('',(2.159844949347,238.57042337453));
#9883 = CARTESIAN_POINT('',(2.454369260581,238.61732020636));
#9884 = CARTESIAN_POINT('',(2.748893571913,238.64993722084));
#9885 = CARTESIAN_POINT('',(3.043417883154,238.66308705136));
#9886 = CARTESIAN_POINT('',(3.337942194442,238.6556491623));
#9887 = CARTESIAN_POINT('',(3.632466505713,238.63029862483));
#9888 = CARTESIAN_POINT('',(4.221515128261,238.55387221066));
#9889 = CARTESIAN_POINT('',(4.516039439523,238.50279605662));
#9890 = CARTESIAN_POINT('',(4.810563750809,238.4439118111));
#9891 = CARTESIAN_POINT('',(5.105088062058,238.38463455438));
#9892 = CARTESIAN_POINT('',(5.399612373342,238.33342087385));
#9893 = CARTESIAN_POINT('',(5.694136684625,238.29704280395));
#9894 = CARTESIAN_POINT('',(5.988660995906,238.2788520469));
#9895 = CARTESIAN_POINT('',(6.28318530718,238.2788520469));
#9896 = ( GEOMETRIC_REPRESENTATION_CONTEXT(2) 
PARAMETRIC_REPRESENTATION_CONTEXT() REPRESENTATION_CONTEXT('2D SPACE',''
  ) );
#9897 = FACE_BOUND('',#9898,.F.);
#9898 = EDGE_LOOP('',(#9899));
#9899 = ORIENTED_EDGE('',*,*,#9900,.F.);
#9900 = EDGE_CURVE('',#9901,#9901,#9903,.T.);
#9901 = VERTEX_POINT('',#9902);
#9902 = CARTESIAN_POINT('',(100.7788520469,21.,45.));
#9903 = SURFACE_CURVE('',#9904,(#9909,#9916),.PCURVE_S1.);
#9904 = ELLIPSE('',#9905,3.005606061169,3.);
#9905 = AXIS2_PLACEMENT_3D('',#9906,#9907,#9908);
#9906 = CARTESIAN_POINT('',(100.96233990735,21.,48.));
#9907 = DIRECTION('',(0.998134798422,0.,-6.104853953486E-02));
#9908 = DIRECTION('',(6.104853953486E-02,0.,0.998134798422));
#9909 = PCURVE('',#2857,#9910);
#9910 = DEFINITIONAL_REPRESENTATION('',(#9911),#9915);
#9911 = ELLIPSE('',#9912,3.005606061169,3.);
#9912 = AXIS2_PLACEMENT_2D('',#9913,#9914);
#9913 = CARTESIAN_POINT('',(20.999999999998,-84.15696971271));
#9914 = DIRECTION('',(0.,1.));
#9915 = ( GEOMETRIC_REPRESENTATION_CONTEXT(2) 
PARAMETRIC_REPRESENTATION_CONTEXT() REPRESENTATION_CONTEXT('2D SPACE',''
  ) );
#9916 = PCURVE('',#5127,#9917);
#9917 = DEFINITIONAL_REPRESENTATION('',(#9918),#9942);
#9918 = B_SPLINE_CURVE_WITH_KNOTS('',8,(#9919,#9920,#9921,#9922,#9923,
    #9924,#9925,#9926,#9927,#9928,#9929,#9930,#9931,#9932,#9933,#9934,
    #9935,#9936,#9937,#9938,#9939,#9940,#9941),.UNSPECIFIED.,.F.,.F.,(9,
    7,7,9),(3.14159265359,4.712388980385,7.068583470577,9.424777960769),
  .UNSPECIFIED.);
#9919 = CARTESIAN_POINT('',(0.,238.2788520469));
#9920 = CARTESIAN_POINT('',(0.196349540849,238.2788520469));
#9921 = CARTESIAN_POINT('',(0.392699081699,238.28693679803));
#9922 = CARTESIAN_POINT('',(0.589048622548,238.30310532317));
#9923 = CARTESIAN_POINT('',(0.785398163398,238.32669565053));
#9924 = CARTESIAN_POINT('',(0.981747704247,238.35637272644));
#9925 = CARTESIAN_POINT('',(1.178097245096,238.39028451852));
#9926 = CARTESIAN_POINT('',(1.374446785946,238.4263121502));
#9927 = CARTESIAN_POINT('',(1.865320638069,238.51638154308));
#9928 = CARTESIAN_POINT('',(2.159844949339,238.57042337453));
#9929 = CARTESIAN_POINT('',(2.454369260631,238.61732020636));
#9930 = CARTESIAN_POINT('',(2.748893571867,238.64993722084));
#9931 = CARTESIAN_POINT('',(3.043417883178,238.66308705136));
#9932 = CARTESIAN_POINT('',(3.337942194435,238.6556491623));
#9933 = CARTESIAN_POINT('',(3.632466505713,238.63029862483));
#9934 = CARTESIAN_POINT('',(4.221515128261,238.55387221066));
#9935 = CARTESIAN_POINT('',(4.516039439533,238.50279605662));
#9936 = CARTESIAN_POINT('',(4.810563750807,238.4439118111));
#9937 = CARTESIAN_POINT('',(5.105088062082,238.38463455438));
#9938 = CARTESIAN_POINT('',(5.399612373363,238.33342087385));
#9939 = CARTESIAN_POINT('',(5.69413668463,238.29704280395));
#9940 = CARTESIAN_POINT('',(5.988660995906,238.2788520469));
#9941 = CARTESIAN_POINT('',(6.28318530718,238.2788520469));
#9942 = ( GEOMETRIC_REPRESENTATION_CONTEXT(2) 
PARAMETRIC_REPRESENTATION_CONTEXT() REPRESENTATION_CONTEXT('2D SPACE',''
  ) );
#9943 = FACE_BOUND('',#9944,.F.);
#9944 = EDGE_LOOP('',(#9945));
#9945 = ORIENTED_EDGE('',*,*,#9946,.F.);
#9946 = EDGE_CURVE('',#9947,#9947,#9949,.T.);
#9947 = VERTEX_POINT('',#9948);
#9948 = CARTESIAN_POINT('',(100.7788520469,42.,45.));
#9949 = SURFACE_CURVE('',#9950,(#9955,#9962),.PCURVE_S1.);
#9950 = ELLIPSE('',#9951,3.005606061169,3.);
#9951 = AXIS2_PLACEMENT_3D('',#9952,#9953,#9954);
#9952 = CARTESIAN_POINT('',(100.96233990735,42.,48.));
#9953 = DIRECTION('',(0.998134798422,0.,-6.104853953486E-02));
#9954 = DIRECTION('',(6.104853953486E-02,0.,0.998134798422));
#9955 = PCURVE('',#2857,#9956);
#9956 = DEFINITIONAL_REPRESENTATION('',(#9957),#9961);
#9957 = ELLIPSE('',#9958,3.005606061169,3.);
#9958 = AXIS2_PLACEMENT_2D('',#9959,#9960);
#9959 = CARTESIAN_POINT('',(41.999999999998,-84.15696971271));
#9960 = DIRECTION('',(0.,1.));
#9961 = ( GEOMETRIC_REPRESENTATION_CONTEXT(2) 
PARAMETRIC_REPRESENTATION_CONTEXT() REPRESENTATION_CONTEXT('2D SPACE',''
  ) );
#9962 = PCURVE('',#5178,#9963);
#9963 = DEFINITIONAL_REPRESENTATION('',(#9964),#9988);
#9964 = B_SPLINE_CURVE_WITH_KNOTS('',8,(#9965,#9966,#9967,#9968,#9969,
    #9970,#9971,#9972,#9973,#9974,#9975,#9976,#9977,#9978,#9979,#9980,
    #9981,#9982,#9983,#9984,#9985,#9986,#9987),.UNSPECIFIED.,.F.,.F.,(9,
    7,7,9),(3.14159265359,4.712388980385,7.068583470577,9.424777960769),
  .UNSPECIFIED.);
#9965 = CARTESIAN_POINT('',(0.,238.2788520469));
#9966 = CARTESIAN_POINT('',(0.196349540849,238.2788520469));
#9967 = CARTESIAN_POINT('',(0.392699081699,238.28693679803));
#9968 = CARTESIAN_POINT('',(0.589048622548,238.30310532317));
#9969 = CARTESIAN_POINT('',(0.785398163397,238.32669565053));
#9970 = CARTESIAN_POINT('',(0.981747704247,238.35637272644));
#9971 = CARTESIAN_POINT('',(1.178097245096,238.39028451852));
#9972 = CARTESIAN_POINT('',(1.374446785946,238.4263121502));
#9973 = CARTESIAN_POINT('',(1.865320638069,238.51638154308));
#9974 = CARTESIAN_POINT('',(2.15984494934,238.57042337453));
#9975 = CARTESIAN_POINT('',(2.454369260628,238.61732020636));
#9976 = CARTESIAN_POINT('',(2.748893571877,238.64993722084));
#9977 = CARTESIAN_POINT('',(3.043417883175,238.66308705136));
#9978 = CARTESIAN_POINT('',(3.337942194436,238.6556491623));
#9979 = CARTESIAN_POINT('',(3.632466505713,238.63029862483));
#9980 = CARTESIAN_POINT('',(4.221515128261,238.55387221066));
#9981 = CARTESIAN_POINT('',(4.516039439536,238.50279605662));
#9982 = CARTESIAN_POINT('',(4.810563750812,238.4439118111));
#9983 = CARTESIAN_POINT('',(5.105088062075,238.38463455438));
#9984 = CARTESIAN_POINT('',(5.399612373356,238.33342087385));
#9985 = CARTESIAN_POINT('',(5.694136684629,238.29704280395));
#9986 = CARTESIAN_POINT('',(5.988660995906,238.2788520469));
#9987 = CARTESIAN_POINT('',(6.28318530718,238.2788520469));
#9988 = ( GEOMETRIC_REPRESENTATION_CONTEXT(2) 
PARAMETRIC_REPRESENTATION_CONTEXT() REPRESENTATION_CONTEXT('2D SPACE',''
  ) );
#9989 = FACE_BOUND('',#9990,.F.);
#9990 = EDGE_LOOP('',(#9991));
#9991 = ORIENTED_EDGE('',*,*,#9992,.F.);
#9992 = EDGE_CURVE('',#9993,#9993,#9995,.T.);
#9993 = VERTEX_POINT('',#9994);
#9994 = CARTESIAN_POINT('',(101.97152313984,-1.102182119233E-15,64.5));
#9995 = SURFACE_CURVE('',#9996,(#10001,#10008),.PCURVE_S1.);
#9996 = ELLIPSE('',#9997,4.508409091753,4.5);
#9997 = AXIS2_PLACEMENT_3D('',#9998,#9999,#10000);
#9998 = CARTESIAN_POINT('',(102.24675493051,0.,69.));
#9999 = DIRECTION('',(0.998134798422,0.,-6.104853953486E-02));
#10000 = DIRECTION('',(6.104853953486E-02,0.,0.998134798422));
#10001 = PCURVE('',#2857,#10002);
#10002 = DEFINITIONAL_REPRESENTATION('',(#10003),#10007);
#10003 = ELLIPSE('',#10004,4.508409091753,4.5);
#10004 = AXIS2_PLACEMENT_2D('',#10005,#10006);
#10005 = CARTESIAN_POINT('',(-1.698197138467E-12,-63.11772728453));
#10006 = DIRECTION('',(0.,1.));
#10007 = ( GEOMETRIC_REPRESENTATION_CONTEXT(2) 
PARAMETRIC_REPRESENTATION_CONTEXT() REPRESENTATION_CONTEXT('2D SPACE',''
  ) );
#10008 = PCURVE('',#5229,#10009);
#10009 = DEFINITIONAL_REPRESENTATION('',(#10010),#10034);
#10010 = B_SPLINE_CURVE_WITH_KNOTS('',8,(#10011,#10012,#10013,#10014,
    #10015,#10016,#10017,#10018,#10019,#10020,#10021,#10022,#10023,
    #10024,#10025,#10026,#10027,#10028,#10029,#10030,#10031,#10032,
    #10033),.UNSPECIFIED.,.F.,.F.,(9,7,7,9),(3.14159265359,
    4.712388980385,7.068583470577,9.424777960769),.UNSPECIFIED.);
#10011 = CARTESIAN_POINT('',(-8.881784197001E-16,239.47152313984));
#10012 = CARTESIAN_POINT('',(0.196349540849,239.47152313984));
#10013 = CARTESIAN_POINT('',(0.3926990817,239.4836502666));
#10014 = CARTESIAN_POINT('',(0.589048622549,239.50790305414));
#10015 = CARTESIAN_POINT('',(0.785398163398,239.54328854526));
#10016 = CARTESIAN_POINT('',(0.981747704248,239.58780415919));
#10017 = CARTESIAN_POINT('',(1.178097245096,239.63867184715));
#10018 = CARTESIAN_POINT('',(1.374446785946,239.69271329479));
#10019 = CARTESIAN_POINT('',(1.865320638069,239.8278173841));
#10020 = CARTESIAN_POINT('',(2.159844949347,239.90888013155));
#10021 = CARTESIAN_POINT('',(2.454369260581,239.97922537929));
#10022 = CARTESIAN_POINT('',(2.748893571913,240.0281508998));
#10023 = CARTESIAN_POINT('',(3.043417883154,240.0478756465));
#10024 = CARTESIAN_POINT('',(3.337942194442,240.03671881306));
#10025 = CARTESIAN_POINT('',(3.632466505713,239.99869300673));
#10026 = CARTESIAN_POINT('',(4.221515128261,239.88405338547));
#10027 = CARTESIAN_POINT('',(4.516039439529,239.80743915494));
#10028 = CARTESIAN_POINT('',(4.81056375078,239.71911278436));
#10029 = CARTESIAN_POINT('',(5.105088062094,239.63019690266));
#10030 = CARTESIAN_POINT('',(5.39961237332,239.55337637872));
#10031 = CARTESIAN_POINT('',(5.694136684627,239.49880927588));
#10032 = CARTESIAN_POINT('',(5.988660995906,239.47152313984));
#10033 = CARTESIAN_POINT('',(6.28318530718,239.47152313984));
#10034 = ( GEOMETRIC_REPRESENTATION_CONTEXT(2) 
PARAMETRIC_REPRESENTATION_CONTEXT() REPRESENTATION_CONTEXT('2D SPACE',''
  ) );
#10035 = FACE_BOUND('',#10036,.F.);
#10036 = EDGE_LOOP('',(#10037));
#10037 = ORIENTED_EDGE('',*,*,#10038,.F.);
#10038 = EDGE_CURVE('',#10039,#10039,#10041,.T.);
#10039 = VERTEX_POINT('',#10040);
#10040 = CARTESIAN_POINT('',(101.97152313984,21.,64.5));
#10041 = SURFACE_CURVE('',#10042,(#10047,#10054),.PCURVE_S1.);
#10042 = ELLIPSE('',#10043,4.508409091753,4.5);
#10043 = AXIS2_PLACEMENT_3D('',#10044,#10045,#10046);
#10044 = CARTESIAN_POINT('',(102.24675493051,21.,69.));
#10045 = DIRECTION('',(0.998134798422,0.,-6.104853953486E-02));
#10046 = DIRECTION('',(6.104853953486E-02,0.,0.998134798422));
#10047 = PCURVE('',#2857,#10048);
#10048 = DEFINITIONAL_REPRESENTATION('',(#10049),#10053);
#10049 = ELLIPSE('',#10050,4.508409091753,4.5);
#10050 = AXIS2_PLACEMENT_2D('',#10051,#10052);
#10051 = CARTESIAN_POINT('',(20.999999999998,-63.11772728453));
#10052 = DIRECTION('',(0.,1.));
#10053 = ( GEOMETRIC_REPRESENTATION_CONTEXT(2) 
PARAMETRIC_REPRESENTATION_CONTEXT() REPRESENTATION_CONTEXT('2D SPACE',''
  ) );
#10054 = PCURVE('',#5280,#10055);
#10055 = DEFINITIONAL_REPRESENTATION('',(#10056),#10080);
#10056 = B_SPLINE_CURVE_WITH_KNOTS('',8,(#10057,#10058,#10059,#10060,
    #10061,#10062,#10063,#10064,#10065,#10066,#10067,#10068,#10069,
    #10070,#10071,#10072,#10073,#10074,#10075,#10076,#10077,#10078,
    #10079),.UNSPECIFIED.,.F.,.F.,(9,7,7,9),(3.14159265359,
    4.712388980385,7.068583470577,9.424777960769),.UNSPECIFIED.);
#10057 = CARTESIAN_POINT('',(0.,239.47152313984));
#10058 = CARTESIAN_POINT('',(0.196349540849,239.47152313984));
#10059 = CARTESIAN_POINT('',(0.392699081699,239.4836502666));
#10060 = CARTESIAN_POINT('',(0.589048622548,239.50790305414));
#10061 = CARTESIAN_POINT('',(0.785398163398,239.54328854526));
#10062 = CARTESIAN_POINT('',(0.981747704247,239.58780415919));
#10063 = CARTESIAN_POINT('',(1.178097245096,239.63867184715));
#10064 = CARTESIAN_POINT('',(1.374446785946,239.69271329479));
#10065 = CARTESIAN_POINT('',(1.865320638069,239.8278173841));
#10066 = CARTESIAN_POINT('',(2.159844949341,239.90888013155));
#10067 = CARTESIAN_POINT('',(2.454369260624,239.97922537929));
#10068 = CARTESIAN_POINT('',(2.748893571881,240.0281508998));
#10069 = CARTESIAN_POINT('',(3.043417883166,240.0478756465));
#10070 = CARTESIAN_POINT('',(3.337942194436,240.03671881306));
#10071 = CARTESIAN_POINT('',(3.632466505713,239.99869300673));
#10072 = CARTESIAN_POINT('',(4.221515128261,239.88405338547));
#10073 = CARTESIAN_POINT('',(4.516039439531,239.80743915494));
#10074 = CARTESIAN_POINT('',(4.810563750816,239.71911278436));
#10075 = CARTESIAN_POINT('',(5.105088062064,239.63019690266));
#10076 = CARTESIAN_POINT('',(5.399612373367,239.55337637872));
#10077 = CARTESIAN_POINT('',(5.694136684628,239.49880927588));
#10078 = CARTESIAN_POINT('',(5.988660995906,239.47152313984));
#10079 = CARTESIAN_POINT('',(6.28318530718,239.47152313984));
#10080 = ( GEOMETRIC_REPRESENTATION_CONTEXT(2) 
PARAMETRIC_REPRESENTATION_CONTEXT() REPRESENTATION_CONTEXT('2D SPACE',''
  ) );
#10081 = FACE_BOUND('',#10082,.F.);
#10082 = EDGE_LOOP('',(#10083));
#10083 = ORIENTED_EDGE('',*,*,#10084,.F.);
#10084 = EDGE_CURVE('',#10085,#10085,#10087,.T.);
#10085 = VERTEX_POINT('',#10086);
#10086 = CARTESIAN_POINT('',(101.97152313984,42.,64.5));
#10087 = SURFACE_CURVE('',#10088,(#10093,#10100),.PCURVE_S1.);
#10088 = ELLIPSE('',#10089,4.508409091753,4.5);
#10089 = AXIS2_PLACEMENT_3D('',#10090,#10091,#10092);
#10090 = CARTESIAN_POINT('',(102.24675493051,42.,69.));
#10091 = DIRECTION('',(0.998134798422,0.,-6.104853953486E-02));
#10092 = DIRECTION('',(6.104853953486E-02,0.,0.998134798422));
#10093 = PCURVE('',#2857,#10094);
#10094 = DEFINITIONAL_REPRESENTATION('',(#10095),#10099);
#10095 = ELLIPSE('',#10096,4.508409091753,4.5);
#10096 = AXIS2_PLACEMENT_2D('',#10097,#10098);
#10097 = CARTESIAN_POINT('',(41.999999999998,-63.11772728453));
#10098 = DIRECTION('',(0.,1.));
#10099 = ( GEOMETRIC_REPRESENTATION_CONTEXT(2) 
PARAMETRIC_REPRESENTATION_CONTEXT() REPRESENTATION_CONTEXT('2D SPACE',''
  ) );
#10100 = PCURVE('',#5331,#10101);
#10101 = DEFINITIONAL_REPRESENTATION('',(#10102),#10126);
#10102 = B_SPLINE_CURVE_WITH_KNOTS('',8,(#10103,#10104,#10105,#10106,
    #10107,#10108,#10109,#10110,#10111,#10112,#10113,#10114,#10115,
    #10116,#10117,#10118,#10119,#10120,#10121,#10122,#10123,#10124,
    #10125),.UNSPECIFIED.,.F.,.F.,(9,7,7,9),(3.14159265359,
    4.712388980385,7.068583470577,9.424777960769),.UNSPECIFIED.);
#10103 = CARTESIAN_POINT('',(0.,239.47152313984));
#10104 = CARTESIAN_POINT('',(0.196349540849,239.47152313984));
#10105 = CARTESIAN_POINT('',(0.392699081699,239.4836502666));
#10106 = CARTESIAN_POINT('',(0.589048622548,239.50790305414));
#10107 = CARTESIAN_POINT('',(0.785398163398,239.54328854526));
#10108 = CARTESIAN_POINT('',(0.981747704247,239.58780415919));
#10109 = CARTESIAN_POINT('',(1.178097245096,239.63867184715));
#10110 = CARTESIAN_POINT('',(1.374446785946,239.69271329479));
#10111 = CARTESIAN_POINT('',(1.865320638069,239.8278173841));
#10112 = CARTESIAN_POINT('',(2.159844949338,239.90888013155));
#10113 = CARTESIAN_POINT('',(2.454369260629,239.97922537929));
#10114 = CARTESIAN_POINT('',(2.748893571872,240.0281508998));
#10115 = CARTESIAN_POINT('',(3.043417883169,240.0478756465));
#10116 = CARTESIAN_POINT('',(3.337942194433,240.03671881306));
#10117 = CARTESIAN_POINT('',(3.632466505713,239.99869300673));
#10118 = CARTESIAN_POINT('',(4.221515128261,239.88405338547));
#10119 = CARTESIAN_POINT('',(4.516039439531,239.80743915494));
#10120 = CARTESIAN_POINT('',(4.810563750816,239.71911278436));
#10121 = CARTESIAN_POINT('',(5.105088062079,239.63019690266));
#10122 = CARTESIAN_POINT('',(5.399612373367,239.55337637872));
#10123 = CARTESIAN_POINT('',(5.694136684631,239.49880927588));
#10124 = CARTESIAN_POINT('',(5.988660995906,239.47152313984));
#10125 = CARTESIAN_POINT('',(6.28318530718,239.47152313984));
#10126 = ( GEOMETRIC_REPRESENTATION_CONTEXT(2) 
PARAMETRIC_REPRESENTATION_CONTEXT() REPRESENTATION_CONTEXT('2D SPACE',''
  ) );
#10127 = FACE_BOUND('',#10128,.F.);
#10128 = EDGE_LOOP('',(#10129));
#10129 = ORIENTED_EDGE('',*,*,#10130,.F.);
#10130 = EDGE_CURVE('',#10131,#10131,#10133,.T.);
#10131 = VERTEX_POINT('',#10132);
#10132 = CARTESIAN_POINT('',(103.16419423277,-42.,84.));
#10133 = SURFACE_CURVE('',#10134,(#10139,#10146),.PCURVE_S1.);
#10134 = ELLIPSE('',#10135,6.011212122337,6.);
#10135 = AXIS2_PLACEMENT_3D('',#10136,#10137,#10138);
#10136 = CARTESIAN_POINT('',(103.53116995368,-42.,90.));
#10137 = DIRECTION('',(0.998134798422,0.,-6.104853953486E-02));
#10138 = DIRECTION('',(6.104853953486E-02,0.,0.998134798422));
#10139 = PCURVE('',#2857,#10140);
#10140 = DEFINITIONAL_REPRESENTATION('',(#10141),#10145);
#10141 = ELLIPSE('',#10142,6.011212122337,6.);
#10142 = AXIS2_PLACEMENT_2D('',#10143,#10144);
#10143 = CARTESIAN_POINT('',(-42.,-42.07848485636));
#10144 = DIRECTION('',(0.,1.));
#10145 = ( GEOMETRIC_REPRESENTATION_CONTEXT(2) 
PARAMETRIC_REPRESENTATION_CONTEXT() REPRESENTATION_CONTEXT('2D SPACE',''
  ) );
#10146 = PCURVE('',#5382,#10147);
#10147 = DEFINITIONAL_REPRESENTATION('',(#10148),#10172);
#10148 = B_SPLINE_CURVE_WITH_KNOTS('',8,(#10149,#10150,#10151,#10152,
    #10153,#10154,#10155,#10156,#10157,#10158,#10159,#10160,#10161,
    #10162,#10163,#10164,#10165,#10166,#10167,#10168,#10169,#10170,
    #10171),.UNSPECIFIED.,.F.,.F.,(9,7,7,9),(3.14159265359,
    4.712388980385,7.068583470577,9.424777960769),.UNSPECIFIED.);
#10149 = CARTESIAN_POINT('',(0.,240.66419423277));
#10150 = CARTESIAN_POINT('',(0.196349540849,240.66419423277));
#10151 = CARTESIAN_POINT('',(0.392699081699,240.68036373514));
#10152 = CARTESIAN_POINT('',(0.589048622548,240.71270078516));
#10153 = CARTESIAN_POINT('',(0.785398163398,240.75988144002));
#10154 = CARTESIAN_POINT('',(0.981747704247,240.81923559196));
#10155 = CARTESIAN_POINT('',(1.178097245096,240.88705917587));
#10156 = CARTESIAN_POINT('',(1.374446785946,240.95911443937));
#10157 = CARTESIAN_POINT('',(1.865320638069,241.13925322513));
#10158 = CARTESIAN_POINT('',(2.159844949339,241.24733688801));
#10159 = CARTESIAN_POINT('',(2.454369260631,241.34113055258));
#10160 = CARTESIAN_POINT('',(2.748893571867,241.40636458061));
#10161 = CARTESIAN_POINT('',(3.043417883178,241.43266424245));
#10162 = CARTESIAN_POINT('',(3.337942194435,241.41778846355));
#10163 = CARTESIAN_POINT('',(3.632466505713,241.36708738863));
#10164 = CARTESIAN_POINT('',(4.221515128261,241.21423456028));
#10165 = CARTESIAN_POINT('',(4.516039439533,241.112082253));
#10166 = CARTESIAN_POINT('',(4.810563750807,240.99431375903));
#10167 = CARTESIAN_POINT('',(5.105088062082,240.87575925001));
#10168 = CARTESIAN_POINT('',(5.399612373363,240.77333188417));
#10169 = CARTESIAN_POINT('',(5.69413668463,240.70057574767));
#10170 = CARTESIAN_POINT('',(5.988660995906,240.66419423277));
#10171 = CARTESIAN_POINT('',(6.28318530718,240.66419423277));
#10172 = ( GEOMETRIC_REPRESENTATION_CONTEXT(2) 
PARAMETRIC_REPRESENTATION_CONTEXT() REPRESENTATION_CONTEXT('2D SPACE',''
  ) );
#10173 = FACE_BOUND('',#10174,.F.);
#10174 = EDGE_LOOP('',(#10175));
#10175 = ORIENTED_EDGE('',*,*,#10176,.F.);
#10176 = EDGE_CURVE('',#10177,#10177,#10179,.T.);
#10177 = VERTEX_POINT('',#10178);
#10178 = CARTESIAN_POINT('',(103.16419423277,-21.,84.));
#10179 = SURFACE_CURVE('',#10180,(#10185,#10192),.PCURVE_S1.);
#10180 = ELLIPSE('',#10181,6.011212122337,6.);
#10181 = AXIS2_PLACEMENT_3D('',#10182,#10183,#10184);
#10182 = CARTESIAN_POINT('',(103.53116995368,-21.,90.));
#10183 = DIRECTION('',(0.998134798422,0.,-6.104853953486E-02));
#10184 = DIRECTION('',(6.104853953486E-02,0.,0.998134798422));
#10185 = PCURVE('',#2857,#10186);
#10186 = DEFINITIONAL_REPRESENTATION('',(#10187),#10191);
#10187 = ELLIPSE('',#10188,6.011212122337,6.);
#10188 = AXIS2_PLACEMENT_2D('',#10189,#10190);
#10189 = CARTESIAN_POINT('',(-21.,-42.07848485636));
#10190 = DIRECTION('',(0.,1.));
#10191 = ( GEOMETRIC_REPRESENTATION_CONTEXT(2) 
PARAMETRIC_REPRESENTATION_CONTEXT() REPRESENTATION_CONTEXT('2D SPACE',''
  ) );
#10192 = PCURVE('',#5433,#10193);
#10193 = DEFINITIONAL_REPRESENTATION('',(#10194),#10218);
#10194 = B_SPLINE_CURVE_WITH_KNOTS('',8,(#10195,#10196,#10197,#10198,
    #10199,#10200,#10201,#10202,#10203,#10204,#10205,#10206,#10207,
    #10208,#10209,#10210,#10211,#10212,#10213,#10214,#10215,#10216,
    #10217),.UNSPECIFIED.,.F.,.F.,(9,7,7,9),(3.14159265359,
    4.712388980385,7.068583470577,9.424777960769),.UNSPECIFIED.);
#10195 = CARTESIAN_POINT('',(0.,240.66419423277));
#10196 = CARTESIAN_POINT('',(0.196349540849,240.66419423277));
#10197 = CARTESIAN_POINT('',(0.392699081699,240.68036373514));
#10198 = CARTESIAN_POINT('',(0.589048622548,240.71270078516));
#10199 = CARTESIAN_POINT('',(0.785398163398,240.75988144002));
#10200 = CARTESIAN_POINT('',(0.981747704247,240.81923559196));
#10201 = CARTESIAN_POINT('',(1.178097245096,240.88705917587));
#10202 = CARTESIAN_POINT('',(1.374446785946,240.95911443937));
#10203 = CARTESIAN_POINT('',(1.865320638069,241.13925322513));
#10204 = CARTESIAN_POINT('',(2.159844949339,241.24733688801));
#10205 = CARTESIAN_POINT('',(2.454369260631,241.34113055258));
#10206 = CARTESIAN_POINT('',(2.748893571867,241.40636458061));
#10207 = CARTESIAN_POINT('',(3.043417883178,241.43266424245));
#10208 = CARTESIAN_POINT('',(3.337942194435,241.41778846355));
#10209 = CARTESIAN_POINT('',(3.632466505713,241.36708738863));
#10210 = CARTESIAN_POINT('',(4.221515128261,241.21423456028));
#10211 = CARTESIAN_POINT('',(4.516039439538,241.112082253));
#10212 = CARTESIAN_POINT('',(4.810563750771,240.99431375903));
#10213 = CARTESIAN_POINT('',(5.105088062075,240.87575925001));
#10214 = CARTESIAN_POINT('',(5.39961237333,240.77333188417));
#10215 = CARTESIAN_POINT('',(5.694136684638,240.70057574767));
#10216 = CARTESIAN_POINT('',(5.988660995906,240.66419423277));
#10217 = CARTESIAN_POINT('',(6.28318530718,240.66419423277));
#10218 = ( GEOMETRIC_REPRESENTATION_CONTEXT(2) 
PARAMETRIC_REPRESENTATION_CONTEXT() REPRESENTATION_CONTEXT('2D SPACE',''
  ) );
#10219 = FACE_BOUND('',#10220,.F.);
#10220 = EDGE_LOOP('',(#10221));
#10221 = ORIENTED_EDGE('',*,*,#10222,.F.);
#10222 = EDGE_CURVE('',#10223,#10223,#10225,.T.);
#10223 = VERTEX_POINT('',#10224);
#10224 = CARTESIAN_POINT('',(104.35686532571,-42.,103.5));
#10225 = SURFACE_CURVE('',#10226,(#10231,#10238),.PCURVE_S1.);
#10226 = ELLIPSE('',#10227,7.514015152921,7.5);
#10227 = AXIS2_PLACEMENT_3D('',#10228,#10229,#10230);
#10228 = CARTESIAN_POINT('',(104.81558497684,-42.,111.));
#10229 = DIRECTION('',(0.998134798422,0.,-6.104853953486E-02));
#10230 = DIRECTION('',(6.104853953486E-02,0.,0.998134798422));
#10231 = PCURVE('',#2857,#10232);
#10232 = DEFINITIONAL_REPRESENTATION('',(#10233),#10237);
#10233 = ELLIPSE('',#10234,7.514015152921,7.5);
#10234 = AXIS2_PLACEMENT_2D('',#10235,#10236);
#10235 = CARTESIAN_POINT('',(-42.,-21.03924242818));
#10236 = DIRECTION('',(0.,1.));
#10237 = ( GEOMETRIC_REPRESENTATION_CONTEXT(2) 
PARAMETRIC_REPRESENTATION_CONTEXT() REPRESENTATION_CONTEXT('2D SPACE',''
  ) );
#10238 = PCURVE('',#5484,#10239);
#10239 = DEFINITIONAL_REPRESENTATION('',(#10240),#10264);
#10240 = B_SPLINE_CURVE_WITH_KNOTS('',8,(#10241,#10242,#10243,#10244,
    #10245,#10246,#10247,#10248,#10249,#10250,#10251,#10252,#10253,
    #10254,#10255,#10256,#10257,#10258,#10259,#10260,#10261,#10262,
    #10263),.UNSPECIFIED.,.F.,.F.,(9,7,7,9),(3.14159265359,
    4.712388980385,7.068583470577,9.424777960769),.UNSPECIFIED.);
#10241 = CARTESIAN_POINT('',(0.,241.85686532571));
#10242 = CARTESIAN_POINT('',(0.196349540849,241.85686532571));
#10243 = CARTESIAN_POINT('',(0.392699081699,241.87707720363));
#10244 = CARTESIAN_POINT('',(0.589048622548,241.91749851624));
#10245 = CARTESIAN_POINT('',(0.785398163397,241.97647433476));
#10246 = CARTESIAN_POINT('',(0.981747704247,242.05066702462));
#10247 = CARTESIAN_POINT('',(1.178097245096,242.13544650458));
#10248 = CARTESIAN_POINT('',(1.374446785946,242.22551558396));
#10249 = CARTESIAN_POINT('',(1.865320638069,242.45068906615));
#10250 = CARTESIAN_POINT('',(2.159844949338,242.585793645));
#10251 = CARTESIAN_POINT('',(2.454369260633,242.70303572632));
#10252 = CARTESIAN_POINT('',(2.748893571865,242.78457825956));
#10253 = CARTESIAN_POINT('',(3.04341788318,242.81745283806));
#10254 = CARTESIAN_POINT('',(3.337942194434,242.79885811443));
#10255 = CARTESIAN_POINT('',(3.632466505713,242.73548177053));
#10256 = CARTESIAN_POINT('',(4.221515128261,242.54441573509));
#10257 = CARTESIAN_POINT('',(4.51603943953,242.41672535103));
#10258 = CARTESIAN_POINT('',(4.810563750814,242.26951473287));
#10259 = CARTESIAN_POINT('',(5.105088062082,242.12132159876));
#10260 = CARTESIAN_POINT('',(5.39961237337,241.99328739056));
#10261 = CARTESIAN_POINT('',(5.69413668463,241.90234221945));
#10262 = CARTESIAN_POINT('',(5.988660995906,241.85686532571));
#10263 = CARTESIAN_POINT('',(6.28318530718,241.85686532571));
#10264 = ( GEOMETRIC_REPRESENTATION_CONTEXT(2) 
PARAMETRIC_REPRESENTATION_CONTEXT() REPRESENTATION_CONTEXT('2D SPACE',''
  ) );
#10265 = FACE_BOUND('',#10266,.F.);
#10266 = EDGE_LOOP('',(#10267));
#10267 = ORIENTED_EDGE('',*,*,#10268,.F.);
#10268 = EDGE_CURVE('',#10269,#10269,#10271,.T.);
#10269 = VERTEX_POINT('',#10270);
#10270 = CARTESIAN_POINT('',(104.35686532571,-21.,103.5));
#10271 = SURFACE_CURVE('',#10272,(#10277,#10284),.PCURVE_S1.);
#10272 = ELLIPSE('',#10273,7.514015152921,7.5);
#10273 = AXIS2_PLACEMENT_3D('',#10274,#10275,#10276);
#10274 = CARTESIAN_POINT('',(104.81558497684,-21.,111.));
#10275 = DIRECTION('',(0.998134798422,0.,-6.104853953486E-02));
#10276 = DIRECTION('',(6.104853953486E-02,0.,0.998134798422));
#10277 = PCURVE('',#2857,#10278);
#10278 = DEFINITIONAL_REPRESENTATION('',(#10279),#10283);
#10279 = ELLIPSE('',#10280,7.514015152921,7.5);
#10280 = AXIS2_PLACEMENT_2D('',#10281,#10282);
#10281 = CARTESIAN_POINT('',(-21.,-21.03924242818));
#10282 = DIRECTION('',(0.,1.));
#10283 = ( GEOMETRIC_REPRESENTATION_CONTEXT(2) 
PARAMETRIC_REPRESENTATION_CONTEXT() REPRESENTATION_CONTEXT('2D SPACE',''
  ) );
#10284 = PCURVE('',#5535,#10285);
#10285 = DEFINITIONAL_REPRESENTATION('',(#10286),#10310);
#10286 = B_SPLINE_CURVE_WITH_KNOTS('',8,(#10287,#10288,#10289,#10290,
    #10291,#10292,#10293,#10294,#10295,#10296,#10297,#10298,#10299,
    #10300,#10301,#10302,#10303,#10304,#10305,#10306,#10307,#10308,
    #10309),.UNSPECIFIED.,.F.,.F.,(9,7,7,9),(3.14159265359,
    4.712388980385,7.068583470577,9.424777960769),.UNSPECIFIED.);
#10287 = CARTESIAN_POINT('',(-8.881784197001E-16,241.85686532571));
#10288 = CARTESIAN_POINT('',(0.196349540849,241.85686532571));
#10289 = CARTESIAN_POINT('',(0.3926990817,241.87707720363));
#10290 = CARTESIAN_POINT('',(0.589048622549,241.91749851624));
#10291 = CARTESIAN_POINT('',(0.785398163398,241.97647433476));
#10292 = CARTESIAN_POINT('',(0.981747704247,242.05066702462));
#10293 = CARTESIAN_POINT('',(1.178097245097,242.13544650458));
#10294 = CARTESIAN_POINT('',(1.374446785946,242.22551558396));
#10295 = CARTESIAN_POINT('',(1.865320638069,242.45068906615));
#10296 = CARTESIAN_POINT('',(2.159844949333,242.585793645));
#10297 = CARTESIAN_POINT('',(2.45436926061,242.70303572632));
#10298 = CARTESIAN_POINT('',(2.748893571855,242.78457825956));
#10299 = CARTESIAN_POINT('',(3.043417883183,242.81745283806));
#10300 = CARTESIAN_POINT('',(3.337942194427,242.79885811443));
#10301 = CARTESIAN_POINT('',(3.632466505713,242.73548177053));
#10302 = CARTESIAN_POINT('',(4.221515128261,242.54441573509));
#10303 = CARTESIAN_POINT('',(4.516039439521,242.41672535103));
#10304 = CARTESIAN_POINT('',(4.810563750809,242.26951473287));
#10305 = CARTESIAN_POINT('',(5.105088062065,242.12132159876));
#10306 = CARTESIAN_POINT('',(5.399612373349,241.99328739056));
#10307 = CARTESIAN_POINT('',(5.694136684619,241.90234221945));
#10308 = CARTESIAN_POINT('',(5.988660995906,241.85686532571));
#10309 = CARTESIAN_POINT('',(6.28318530718,241.85686532571));
#10310 = ( GEOMETRIC_REPRESENTATION_CONTEXT(2) 
PARAMETRIC_REPRESENTATION_CONTEXT() REPRESENTATION_CONTEXT('2D SPACE',''
  ) );
#10311 = FACE_BOUND('',#10312,.F.);
#10312 = EDGE_LOOP('',(#10313));
#10313 = ORIENTED_EDGE('',*,*,#10314,.F.);
#10314 = EDGE_CURVE('',#10315,#10315,#10317,.T.);
#10315 = VERTEX_POINT('',#10316);
#10316 = CARTESIAN_POINT('',(103.16419423277,-1.469576158977E-15,84.));
#10317 = SURFACE_CURVE('',#10318,(#10323,#10330),.PCURVE_S1.);
#10318 = ELLIPSE('',#10319,6.011212122337,6.);
#10319 = AXIS2_PLACEMENT_3D('',#10320,#10321,#10322);
#10320 = CARTESIAN_POINT('',(103.53116995368,0.,90.));
#10321 = DIRECTION('',(0.998134798422,0.,-6.104853953486E-02));
#10322 = DIRECTION('',(6.104853953486E-02,0.,0.998134798422));
#10323 = PCURVE('',#2857,#10324);
#10324 = DEFINITIONAL_REPRESENTATION('',(#10325),#10329);
#10325 = ELLIPSE('',#10326,6.011212122337,6.);
#10326 = AXIS2_PLACEMENT_2D('',#10327,#10328);
#10327 = CARTESIAN_POINT('',(-1.698197138467E-12,-42.07848485636));
#10328 = DIRECTION('',(0.,1.));
#10329 = ( GEOMETRIC_REPRESENTATION_CONTEXT(2) 
PARAMETRIC_REPRESENTATION_CONTEXT() REPRESENTATION_CONTEXT('2D SPACE',''
  ) );
#10330 = PCURVE('',#5586,#10331);
#10331 = DEFINITIONAL_REPRESENTATION('',(#10332),#10356);
#10332 = B_SPLINE_CURVE_WITH_KNOTS('',8,(#10333,#10334,#10335,#10336,
    #10337,#10338,#10339,#10340,#10341,#10342,#10343,#10344,#10345,
    #10346,#10347,#10348,#10349,#10350,#10351,#10352,#10353,#10354,
    #10355),.UNSPECIFIED.,.F.,.F.,(9,7,7,9),(3.14159265359,
    4.712388980385,7.068583470577,9.424777960769),.UNSPECIFIED.);
#10333 = CARTESIAN_POINT('',(-8.881784197001E-16,240.66419423277));
#10334 = CARTESIAN_POINT('',(0.196349540849,240.66419423277));
#10335 = CARTESIAN_POINT('',(0.3926990817,240.68036373514));
#10336 = CARTESIAN_POINT('',(0.589048622549,240.71270078516));
#10337 = CARTESIAN_POINT('',(0.785398163398,240.75988144002));
#10338 = CARTESIAN_POINT('',(0.981747704248,240.81923559196));
#10339 = CARTESIAN_POINT('',(1.178097245096,240.88705917587));
#10340 = CARTESIAN_POINT('',(1.374446785946,240.95911443937));
#10341 = CARTESIAN_POINT('',(1.865320638069,241.13925322513));
#10342 = CARTESIAN_POINT('',(2.159844949347,241.24733688801));
#10343 = CARTESIAN_POINT('',(2.454369260581,241.34113055258));
#10344 = CARTESIAN_POINT('',(2.748893571913,241.40636458061));
#10345 = CARTESIAN_POINT('',(3.043417883154,241.43266424245));
#10346 = CARTESIAN_POINT('',(3.337942194442,241.41778846355));
#10347 = CARTESIAN_POINT('',(3.632466505713,241.36708738863));
#10348 = CARTESIAN_POINT('',(4.221515128261,241.21423456028));
#10349 = CARTESIAN_POINT('',(4.516039439523,241.112082253));
#10350 = CARTESIAN_POINT('',(4.810563750809,240.99431375903));
#10351 = CARTESIAN_POINT('',(5.105088062058,240.87575925001));
#10352 = CARTESIAN_POINT('',(5.399612373342,240.77333188417));
#10353 = CARTESIAN_POINT('',(5.694136684625,240.70057574767));
#10354 = CARTESIAN_POINT('',(5.988660995906,240.66419423277));
#10355 = CARTESIAN_POINT('',(6.28318530718,240.66419423277));
#10356 = ( GEOMETRIC_REPRESENTATION_CONTEXT(2) 
PARAMETRIC_REPRESENTATION_CONTEXT() REPRESENTATION_CONTEXT('2D SPACE',''
  ) );
#10357 = FACE_BOUND('',#10358,.F.);
#10358 = EDGE_LOOP('',(#10359));
#10359 = ORIENTED_EDGE('',*,*,#10360,.F.);
#10360 = EDGE_CURVE('',#10361,#10361,#10363,.T.);
#10361 = VERTEX_POINT('',#10362);
#10362 = CARTESIAN_POINT('',(103.16419423277,21.,84.));
#10363 = SURFACE_CURVE('',#10364,(#10369,#10376),.PCURVE_S1.);
#10364 = ELLIPSE('',#10365,6.011212122337,6.);
#10365 = AXIS2_PLACEMENT_3D('',#10366,#10367,#10368);
#10366 = CARTESIAN_POINT('',(103.53116995368,21.,90.));
#10367 = DIRECTION('',(0.998134798422,0.,-6.104853953486E-02));
#10368 = DIRECTION('',(6.104853953486E-02,0.,0.998134798422));
#10369 = PCURVE('',#2857,#10370);
#10370 = DEFINITIONAL_REPRESENTATION('',(#10371),#10375);
#10371 = ELLIPSE('',#10372,6.011212122337,6.);
#10372 = AXIS2_PLACEMENT_2D('',#10373,#10374);
#10373 = CARTESIAN_POINT('',(20.999999999998,-42.07848485636));
#10374 = DIRECTION('',(0.,1.));
#10375 = ( GEOMETRIC_REPRESENTATION_CONTEXT(2) 
PARAMETRIC_REPRESENTATION_CONTEXT() REPRESENTATION_CONTEXT('2D SPACE',''
  ) );
#10376 = PCURVE('',#5637,#10377);
#10377 = DEFINITIONAL_REPRESENTATION('',(#10378),#10402);
#10378 = B_SPLINE_CURVE_WITH_KNOTS('',8,(#10379,#10380,#10381,#10382,
    #10383,#10384,#10385,#10386,#10387,#10388,#10389,#10390,#10391,
    #10392,#10393,#10394,#10395,#10396,#10397,#10398,#10399,#10400,
    #10401),.UNSPECIFIED.,.F.,.F.,(9,7,7,9),(3.14159265359,
    4.712388980385,7.068583470577,9.424777960769),.UNSPECIFIED.);
#10379 = CARTESIAN_POINT('',(0.,240.66419423277));
#10380 = CARTESIAN_POINT('',(0.196349540849,240.66419423277));
#10381 = CARTESIAN_POINT('',(0.392699081699,240.68036373514));
#10382 = CARTESIAN_POINT('',(0.589048622548,240.71270078516));
#10383 = CARTESIAN_POINT('',(0.785398163398,240.75988144002));
#10384 = CARTESIAN_POINT('',(0.981747704247,240.81923559196));
#10385 = CARTESIAN_POINT('',(1.178097245096,240.88705917587));
#10386 = CARTESIAN_POINT('',(1.374446785946,240.95911443937));
#10387 = CARTESIAN_POINT('',(1.865320638069,241.13925322513));
#10388 = CARTESIAN_POINT('',(2.159844949339,241.24733688801));
#10389 = CARTESIAN_POINT('',(2.454369260631,241.34113055258));
#10390 = CARTESIAN_POINT('',(2.748893571867,241.40636458061));
#10391 = CARTESIAN_POINT('',(3.043417883178,241.43266424245));
#10392 = CARTESIAN_POINT('',(3.337942194435,241.41778846355));
#10393 = CARTESIAN_POINT('',(3.632466505713,241.36708738863));
#10394 = CARTESIAN_POINT('',(4.221515128261,241.21423456028));
#10395 = CARTESIAN_POINT('',(4.516039439538,241.112082253));
#10396 = CARTESIAN_POINT('',(4.810563750771,240.99431375903));
#10397 = CARTESIAN_POINT('',(5.105088062075,240.87575925001));
#10398 = CARTESIAN_POINT('',(5.39961237333,240.77333188417));
#10399 = CARTESIAN_POINT('',(5.694136684638,240.70057574767));
#10400 = CARTESIAN_POINT('',(5.988660995906,240.66419423277));
#10401 = CARTESIAN_POINT('',(6.28318530718,240.66419423277));
#10402 = ( GEOMETRIC_REPRESENTATION_CONTEXT(2) 
PARAMETRIC_REPRESENTATION_CONTEXT() REPRESENTATION_CONTEXT('2D SPACE',''
  ) );
#10403 = FACE_BOUND('',#10404,.F.);
#10404 = EDGE_LOOP('',(#10405));
#10405 = ORIENTED_EDGE('',*,*,#10406,.F.);
#10406 = EDGE_CURVE('',#10407,#10407,#10409,.T.);
#10407 = VERTEX_POINT('',#10408);
#10408 = CARTESIAN_POINT('',(103.16419423277,42.,84.));
#10409 = SURFACE_CURVE('',#10410,(#10415,#10422),.PCURVE_S1.);
#10410 = ELLIPSE('',#10411,6.011212122337,6.);
#10411 = AXIS2_PLACEMENT_3D('',#10412,#10413,#10414);
#10412 = CARTESIAN_POINT('',(103.53116995368,42.,90.));
#10413 = DIRECTION('',(0.998134798422,0.,-6.104853953486E-02));
#10414 = DIRECTION('',(6.104853953486E-02,0.,0.998134798422));
#10415 = PCURVE('',#2857,#10416);
#10416 = DEFINITIONAL_REPRESENTATION('',(#10417),#10421);
#10417 = ELLIPSE('',#10418,6.011212122337,6.);
#10418 = AXIS2_PLACEMENT_2D('',#10419,#10420);
#10419 = CARTESIAN_POINT('',(41.999999999998,-42.07848485636));
#10420 = DIRECTION('',(0.,1.));
#10421 = ( GEOMETRIC_REPRESENTATION_CONTEXT(2) 
PARAMETRIC_REPRESENTATION_CONTEXT() REPRESENTATION_CONTEXT('2D SPACE',''
  ) );
#10422 = PCURVE('',#5688,#10423);
#10423 = DEFINITIONAL_REPRESENTATION('',(#10424),#10448);
#10424 = B_SPLINE_CURVE_WITH_KNOTS('',8,(#10425,#10426,#10427,#10428,
    #10429,#10430,#10431,#10432,#10433,#10434,#10435,#10436,#10437,
    #10438,#10439,#10440,#10441,#10442,#10443,#10444,#10445,#10446,
    #10447),.UNSPECIFIED.,.F.,.F.,(9,7,7,9),(3.14159265359,
    4.712388980385,7.068583470577,9.424777960769),.UNSPECIFIED.);
#10425 = CARTESIAN_POINT('',(0.,240.66419423277));
#10426 = CARTESIAN_POINT('',(0.196349540849,240.66419423277));
#10427 = CARTESIAN_POINT('',(0.392699081699,240.68036373514));
#10428 = CARTESIAN_POINT('',(0.589048622548,240.71270078516));
#10429 = CARTESIAN_POINT('',(0.785398163398,240.75988144002));
#10430 = CARTESIAN_POINT('',(0.981747704247,240.81923559196));
#10431 = CARTESIAN_POINT('',(1.178097245096,240.88705917587));
#10432 = CARTESIAN_POINT('',(1.374446785946,240.95911443937));
#10433 = CARTESIAN_POINT('',(1.865320638069,241.13925322513));
#10434 = CARTESIAN_POINT('',(2.159844949339,241.24733688801));
#10435 = CARTESIAN_POINT('',(2.454369260631,241.34113055258));
#10436 = CARTESIAN_POINT('',(2.748893571867,241.40636458061));
#10437 = CARTESIAN_POINT('',(3.043417883178,241.43266424245));
#10438 = CARTESIAN_POINT('',(3.337942194435,241.41778846355));
#10439 = CARTESIAN_POINT('',(3.632466505713,241.36708738863));
#10440 = CARTESIAN_POINT('',(4.221515128261,241.21423456028));
#10441 = CARTESIAN_POINT('',(4.516039439533,241.112082253));
#10442 = CARTESIAN_POINT('',(4.810563750807,240.99431375903));
#10443 = CARTESIAN_POINT('',(5.105088062082,240.87575925001));
#10444 = CARTESIAN_POINT('',(5.399612373363,240.77333188417));
#10445 = CARTESIAN_POINT('',(5.69413668463,240.70057574767));
#10446 = CARTESIAN_POINT('',(5.988660995906,240.66419423277));
#10447 = CARTESIAN_POINT('',(6.28318530718,240.66419423277));
#10448 = ( GEOMETRIC_REPRESENTATION_CONTEXT(2) 
PARAMETRIC_REPRESENTATION_CONTEXT() REPRESENTATION_CONTEXT('2D SPACE',''
  ) );
#10449 = FACE_BOUND('',#10450,.F.);
#10450 = EDGE_LOOP('',(#10451));
#10451 = ORIENTED_EDGE('',*,*,#10452,.F.);
#10452 = EDGE_CURVE('',#10453,#10453,#10455,.T.);
#10453 = VERTEX_POINT('',#10454);
#10454 = CARTESIAN_POINT('',(104.35686532571,-1.836970198721E-15,103.5)
  );
#10455 = SURFACE_CURVE('',#10456,(#10461,#10468),.PCURVE_S1.);
#10456 = ELLIPSE('',#10457,7.514015152921,7.5);
#10457 = AXIS2_PLACEMENT_3D('',#10458,#10459,#10460);
#10458 = CARTESIAN_POINT('',(104.81558497684,0.,111.));
#10459 = DIRECTION('',(0.998134798422,0.,-6.104853953486E-02));
#10460 = DIRECTION('',(6.104853953486E-02,0.,0.998134798422));
#10461 = PCURVE('',#2857,#10462);
#10462 = DEFINITIONAL_REPRESENTATION('',(#10463),#10467);
#10463 = ELLIPSE('',#10464,7.514015152921,7.5);
#10464 = AXIS2_PLACEMENT_2D('',#10465,#10466);
#10465 = CARTESIAN_POINT('',(-1.698197138467E-12,-21.03924242818));
#10466 = DIRECTION('',(0.,1.));
#10467 = ( GEOMETRIC_REPRESENTATION_CONTEXT(2) 
PARAMETRIC_REPRESENTATION_CONTEXT() REPRESENTATION_CONTEXT('2D SPACE',''
  ) );
#10468 = PCURVE('',#5739,#10469);
#10469 = DEFINITIONAL_REPRESENTATION('',(#10470),#10494);
#10470 = B_SPLINE_CURVE_WITH_KNOTS('',8,(#10471,#10472,#10473,#10474,
    #10475,#10476,#10477,#10478,#10479,#10480,#10481,#10482,#10483,
    #10484,#10485,#10486,#10487,#10488,#10489,#10490,#10491,#10492,
    #10493),.UNSPECIFIED.,.F.,.F.,(9,7,7,9),(3.14159265359,
    4.712388980385,7.068583470577,9.424777960769),.UNSPECIFIED.);
#10471 = CARTESIAN_POINT('',(-8.881784197001E-16,241.85686532571));
#10472 = CARTESIAN_POINT('',(0.196349540849,241.85686532571));
#10473 = CARTESIAN_POINT('',(0.3926990817,241.87707720363));
#10474 = CARTESIAN_POINT('',(0.589048622549,241.91749851624));
#10475 = CARTESIAN_POINT('',(0.785398163398,241.97647433476));
#10476 = CARTESIAN_POINT('',(0.981747704247,242.05066702462));
#10477 = CARTESIAN_POINT('',(1.178097245097,242.13544650458));
#10478 = CARTESIAN_POINT('',(1.374446785946,242.22551558396));
#10479 = CARTESIAN_POINT('',(1.865320638069,242.45068906615));
#10480 = CARTESIAN_POINT('',(2.159844949333,242.585793645));
#10481 = CARTESIAN_POINT('',(2.45436926061,242.70303572632));
#10482 = CARTESIAN_POINT('',(2.748893571855,242.78457825956));
#10483 = CARTESIAN_POINT('',(3.043417883183,242.81745283806));
#10484 = CARTESIAN_POINT('',(3.337942194427,242.79885811443));
#10485 = CARTESIAN_POINT('',(3.632466505713,242.73548177053));
#10486 = CARTESIAN_POINT('',(4.221515128261,242.54441573509));
#10487 = CARTESIAN_POINT('',(4.516039439521,242.41672535103));
#10488 = CARTESIAN_POINT('',(4.810563750809,242.26951473287));
#10489 = CARTESIAN_POINT('',(5.105088062065,242.12132159876));
#10490 = CARTESIAN_POINT('',(5.399612373349,241.99328739056));
#10491 = CARTESIAN_POINT('',(5.694136684619,241.90234221945));
#10492 = CARTESIAN_POINT('',(5.988660995906,241.85686532571));
#10493 = CARTESIAN_POINT('',(6.28318530718,241.85686532571));
#10494 = ( GEOMETRIC_REPRESENTATION_CONTEXT(2) 
PARAMETRIC_REPRESENTATION_CONTEXT() REPRESENTATION_CONTEXT('2D SPACE',''
  ) );
#10495 = FACE_BOUND('',#10496,.F.);
#10496 = EDGE_LOOP('',(#10497));
#10497 = ORIENTED_EDGE('',*,*,#10498,.F.);
#10498 = EDGE_CURVE('',#10499,#10499,#10501,.T.);
#10499 = VERTEX_POINT('',#10500);
#10500 = CARTESIAN_POINT('',(104.35686532571,21.,103.5));
#10501 = SURFACE_CURVE('',#10502,(#10507,#10514),.PCURVE_S1.);
#10502 = ELLIPSE('',#10503,7.514015152921,7.5);
#10503 = AXIS2_PLACEMENT_3D('',#10504,#10505,#10506);
#10504 = CARTESIAN_POINT('',(104.81558497684,21.,111.));
#10505 = DIRECTION('',(0.998134798422,0.,-6.104853953486E-02));
#10506 = DIRECTION('',(6.104853953486E-02,0.,0.998134798422));
#10507 = PCURVE('',#2857,#10508);
#10508 = DEFINITIONAL_REPRESENTATION('',(#10509),#10513);
#10509 = ELLIPSE('',#10510,7.514015152921,7.5);
#10510 = AXIS2_PLACEMENT_2D('',#10511,#10512);
#10511 = CARTESIAN_POINT('',(20.999999999998,-21.03924242818));
#10512 = DIRECTION('',(0.,1.));
#10513 = ( GEOMETRIC_REPRESENTATION_CONTEXT(2) 
PARAMETRIC_REPRESENTATION_CONTEXT() REPRESENTATION_CONTEXT('2D SPACE',''
  ) );
#10514 = PCURVE('',#5790,#10515);
#10515 = DEFINITIONAL_REPRESENTATION('',(#10516),#10540);
#10516 = B_SPLINE_CURVE_WITH_KNOTS('',8,(#10517,#10518,#10519,#10520,
    #10521,#10522,#10523,#10524,#10525,#10526,#10527,#10528,#10529,
    #10530,#10531,#10532,#10533,#10534,#10535,#10536,#10537,#10538,
    #10539),.UNSPECIFIED.,.F.,.F.,(9,7,7,9),(3.14159265359,
    4.712388980385,7.068583470577,9.424777960769),.UNSPECIFIED.);
#10517 = CARTESIAN_POINT('',(-8.881784197001E-16,241.85686532571));
#10518 = CARTESIAN_POINT('',(0.196349540849,241.85686532571));
#10519 = CARTESIAN_POINT('',(0.3926990817,241.87707720363));
#10520 = CARTESIAN_POINT('',(0.589048622549,241.91749851624));
#10521 = CARTESIAN_POINT('',(0.785398163398,241.97647433476));
#10522 = CARTESIAN_POINT('',(0.981747704247,242.05066702462));
#10523 = CARTESIAN_POINT('',(1.178097245097,242.13544650458));
#10524 = CARTESIAN_POINT('',(1.374446785946,242.22551558396));
#10525 = CARTESIAN_POINT('',(1.865320638069,242.45068906615));
#10526 = CARTESIAN_POINT('',(2.159844949333,242.585793645));
#10527 = CARTESIAN_POINT('',(2.45436926061,242.70303572632));
#10528 = CARTESIAN_POINT('',(2.748893571855,242.78457825956));
#10529 = CARTESIAN_POINT('',(3.043417883183,242.81745283806));
#10530 = CARTESIAN_POINT('',(3.337942194427,242.79885811443));
#10531 = CARTESIAN_POINT('',(3.632466505713,242.73548177053));
#10532 = CARTESIAN_POINT('',(4.221515128261,242.54441573509));
#10533 = CARTESIAN_POINT('',(4.516039439521,242.41672535103));
#10534 = CARTESIAN_POINT('',(4.810563750809,242.26951473287));
#10535 = CARTESIAN_POINT('',(5.105088062065,242.12132159876));
#10536 = CARTESIAN_POINT('',(5.399612373349,241.99328739056));
#10537 = CARTESIAN_POINT('',(5.694136684619,241.90234221945));
#10538 = CARTESIAN_POINT('',(5.988660995906,241.85686532571));
#10539 = CARTESIAN_POINT('',(6.28318530718,241.85686532571));
#10540 = ( GEOMETRIC_REPRESENTATION_CONTEXT(2) 
PARAMETRIC_REPRESENTATION_CONTEXT() REPRESENTATION_CONTEXT('2D SPACE',''
  ) );
#10541 = FACE_BOUND('',#10542,.F.);
#10542 = EDGE_LOOP('',(#10543));
#10543 = ORIENTED_EDGE('',*,*,#10544,.F.);
#10544 = EDGE_CURVE('',#10545,#10545,#10547,.T.);
#10545 = VERTEX_POINT('',#10546);
#10546 = CARTESIAN_POINT('',(104.35686532571,42.,103.5));
#10547 = SURFACE_CURVE('',#10548,(#10553,#10560),.PCURVE_S1.);
#10548 = ELLIPSE('',#10549,7.514015152921,7.5);
#10549 = AXIS2_PLACEMENT_3D('',#10550,#10551,#10552);
#10550 = CARTESIAN_POINT('',(104.81558497684,42.,111.));
#10551 = DIRECTION('',(0.998134798422,0.,-6.104853953486E-02));
#10552 = DIRECTION('',(6.104853953486E-02,0.,0.998134798422));
#10553 = PCURVE('',#2857,#10554);
#10554 = DEFINITIONAL_REPRESENTATION('',(#10555),#10559);
#10555 = ELLIPSE('',#10556,7.514015152921,7.5);
#10556 = AXIS2_PLACEMENT_2D('',#10557,#10558);
#10557 = CARTESIAN_POINT('',(41.999999999998,-21.03924242818));
#10558 = DIRECTION('',(0.,1.));
#10559 = ( GEOMETRIC_REPRESENTATION_CONTEXT(2) 
PARAMETRIC_REPRESENTATION_CONTEXT() REPRESENTATION_CONTEXT('2D SPACE',''
  ) );
#10560 = PCURVE('',#5841,#10561);
#10561 = DEFINITIONAL_REPRESENTATION('',(#10562),#10586);
#10562 = B_SPLINE_CURVE_WITH_KNOTS('',8,(#10563,#10564,#10565,#10566,
    #10567,#10568,#10569,#10570,#10571,#10572,#10573,#10574,#10575,
    #10576,#10577,#10578,#10579,#10580,#10581,#10582,#10583,#10584,
    #10585),.UNSPECIFIED.,.F.,.F.,(9,7,7,9),(3.14159265359,
    4.712388980385,7.068583470577,9.424777960769),.UNSPECIFIED.);
#10563 = CARTESIAN_POINT('',(0.,241.85686532571));
#10564 = CARTESIAN_POINT('',(0.196349540849,241.85686532571));
#10565 = CARTESIAN_POINT('',(0.392699081699,241.87707720363));
#10566 = CARTESIAN_POINT('',(0.589048622548,241.91749851624));
#10567 = CARTESIAN_POINT('',(0.785398163397,241.97647433476));
#10568 = CARTESIAN_POINT('',(0.981747704247,242.05066702462));
#10569 = CARTESIAN_POINT('',(1.178097245096,242.13544650458));
#10570 = CARTESIAN_POINT('',(1.374446785946,242.22551558396));
#10571 = CARTESIAN_POINT('',(1.865320638069,242.45068906615));
#10572 = CARTESIAN_POINT('',(2.159844949338,242.585793645));
#10573 = CARTESIAN_POINT('',(2.454369260633,242.70303572632));
#10574 = CARTESIAN_POINT('',(2.748893571865,242.78457825956));
#10575 = CARTESIAN_POINT('',(3.04341788318,242.81745283806));
#10576 = CARTESIAN_POINT('',(3.337942194434,242.79885811443));
#10577 = CARTESIAN_POINT('',(3.632466505713,242.73548177053));
#10578 = CARTESIAN_POINT('',(4.221515128261,242.54441573509));
#10579 = CARTESIAN_POINT('',(4.51603943953,242.41672535103));
#10580 = CARTESIAN_POINT('',(4.810563750814,242.26951473287));
#10581 = CARTESIAN_POINT('',(5.105088062082,242.12132159876));
#10582 = CARTESIAN_POINT('',(5.39961237337,241.99328739056));
#10583 = CARTESIAN_POINT('',(5.69413668463,241.90234221945));
#10584 = CARTESIAN_POINT('',(5.988660995906,241.85686532571));
#10585 = CARTESIAN_POINT('',(6.28318530718,241.85686532571));
#10586 = ( GEOMETRIC_REPRESENTATION_CONTEXT(2) 
PARAMETRIC_REPRESENTATION_CONTEXT() REPRESENTATION_CONTEXT('2D SPACE',''
  ) );
#10587 = ADVANCED_FACE('',(#10588),#2826,.T.);
#10588 = FACE_BOUND('',#10589,.T.);
#10589 = EDGE_LOOP('',(#10590,#10613,#10648,#10669,#10697,#10698,#10699,
    #10700));
#10590 = ORIENTED_EDGE('',*,*,#10591,.F.);
#10591 = EDGE_CURVE('',#10592,#10594,#10596,.T.);
#10592 = VERTEX_POINT('',#10593);
#10593 = CARTESIAN_POINT('',(65.798284956776,-94.91851893189,
    46.91851893189));
#10594 = VERTEX_POINT('',#10595);
#10595 = CARTESIAN_POINT('',(85.548859380437,-94.91851893189,
    46.918518931892));
#10596 = SURFACE_CURVE('',#10597,(#10601,#10607),.PCURVE_S1.);
#10597 = LINE('',#10598,#10599);
#10598 = CARTESIAN_POINT('',(0.,-94.91851893189,46.91851893189));
#10599 = VECTOR('',#10600,1.);
#10600 = DIRECTION('',(1.,0.,0.));
#10601 = PCURVE('',#2826,#10602);
#10602 = DEFINITIONAL_REPRESENTATION('',(#10603),#10606);
#10603 = B_SPLINE_CURVE_WITH_KNOTS('',1,(#10604,#10605),.UNSPECIFIED.,
  .F.,.F.,(2,2),(-85.54885938043,85.548859380437),
  .PIECEWISE_BEZIER_KNOTS.);
#10604 = CARTESIAN_POINT('',(2.215736706822,-85.54885938043));
#10605 = CARTESIAN_POINT('',(2.215736706822,85.548859380437));
#10606 = ( GEOMETRIC_REPRESENTATION_CONTEXT(2) 
PARAMETRIC_REPRESENTATION_CONTEXT() REPRESENTATION_CONTEXT('2D SPACE',''
  ) );
#10607 = PCURVE('',#7472,#10608);
#10608 = DEFINITIONAL_REPRESENTATION('',(#10609),#10612);
#10609 = B_SPLINE_CURVE_WITH_KNOTS('',1,(#10610,#10611),.UNSPECIFIED.,
  .F.,.F.,(2,2),(-85.54885938043,85.548859380437),
  .PIECEWISE_BEZIER_KNOTS.);
#10610 = CARTESIAN_POINT('',(-85.54885938043,-83.23673435639));
#10611 = CARTESIAN_POINT('',(85.548859380437,-83.23673435639));
#10612 = ( GEOMETRIC_REPRESENTATION_CONTEXT(2) 
PARAMETRIC_REPRESENTATION_CONTEXT() REPRESENTATION_CONTEXT('2D SPACE',''
  ) );
#10613 = ORIENTED_EDGE('',*,*,#10614,.F.);
#10614 = EDGE_CURVE('',#10615,#10592,#10617,.T.);
#10615 = VERTEX_POINT('',#10616);
#10616 = CARTESIAN_POINT('',(64.301495630386,-93.29701847507,
    45.297018475075));
#10617 = SURFACE_CURVE('',#10618,(#10623,#10630),.PCURVE_S1.);
#10618 = ELLIPSE('',#10619,4.242640687119,3.);
#10619 = AXIS2_PLACEMENT_3D('',#10620,#10621,#10622);
#10620 = CARTESIAN_POINT('',(63.,-96.,48.));
#10621 = DIRECTION('',(0.,-0.707106781187,-0.707106781187));
#10622 = DIRECTION('',(0.,-0.707106781187,0.707106781187));
#10623 = PCURVE('',#2826,#10624);
#10624 = DEFINITIONAL_REPRESENTATION('',(#10625),#10629);
#10625 = ELLIPSE('',#10626,4.242640687119,3.);
#10626 = AXIS2_PLACEMENT_2D('',#10627,#10628);
#10627 = CARTESIAN_POINT('',(0.686291512851,63.));
#10628 = DIRECTION('',(-1.,0.));
#10629 = ( GEOMETRIC_REPRESENTATION_CONTEXT(2) 
PARAMETRIC_REPRESENTATION_CONTEXT() REPRESENTATION_CONTEXT('2D SPACE',''
  ) );
#10630 = PCURVE('',#10631,#10636);
#10631 = CYLINDRICAL_SURFACE('',#10632,3.);
#10632 = AXIS2_PLACEMENT_3D('',#10633,#10634,#10635);
#10633 = CARTESIAN_POINT('',(63.,130.,48.));
#10634 = DIRECTION('',(0.,-1.,2.22044604925E-16));
#10635 = DIRECTION('',(1.,0.,0.));
#10636 = DEFINITIONAL_REPRESENTATION('',(#10637),#10647);
#10637 = B_SPLINE_CURVE_WITH_KNOTS('',8,(#10638,#10639,#10640,#10641,
    #10642,#10643,#10644,#10645,#10646),.UNSPECIFIED.,.F.,.F.,(9,9),(
    9.873519349245,10.626777171138),.PIECEWISE_BEZIER_KNOTS.);
#10638 = CARTESIAN_POINT('',(5.161130368862,223.29701849268));
#10639 = CARTESIAN_POINT('',(5.255287596598,223.41956372227));
#10640 = CARTESIAN_POINT('',(5.349444824335,223.56949580527));
#10641 = CARTESIAN_POINT('',(5.443602052071,223.74515921203));
#10642 = CARTESIAN_POINT('',(5.537759279807,223.94438045948));
#10643 = CARTESIAN_POINT('',(5.631916507543,224.16451509427));
#10644 = CARTESIAN_POINT('',(5.72607373528,224.40251909022));
#10645 = CARTESIAN_POINT('',(5.820230963016,224.65504019461));
#10646 = CARTESIAN_POINT('',(5.914388190753,224.91851894924));
#10647 = ( GEOMETRIC_REPRESENTATION_CONTEXT(2) 
PARAMETRIC_REPRESENTATION_CONTEXT() REPRESENTATION_CONTEXT('2D SPACE',''
  ) );
#10648 = ORIENTED_EDGE('',*,*,#10649,.T.);
#10649 = EDGE_CURVE('',#10615,#10650,#10652,.T.);
#10650 = VERTEX_POINT('',#10651);
#10651 = CARTESIAN_POINT('',(86.148859380437,-93.29701847507,
    45.297018475077));
#10652 = SURFACE_CURVE('',#10653,(#10657,#10663),.PCURVE_S1.);
#10653 = LINE('',#10654,#10655);
#10654 = CARTESIAN_POINT('',(1.972152263053E-31,-93.29701847507,
    45.297018475075));
#10655 = VECTOR('',#10656,1.);
#10656 = DIRECTION('',(1.,0.,0.));
#10657 = PCURVE('',#2826,#10658);
#10658 = DEFINITIONAL_REPRESENTATION('',(#10659),#10662);
#10659 = B_SPLINE_CURVE_WITH_KNOTS('',1,(#10660,#10661),.UNSPECIFIED.,
  .F.,.F.,(2,2),(-86.14885938043,86.148859380437),
  .PIECEWISE_BEZIER_KNOTS.);
#10660 = CARTESIAN_POINT('',(4.508884644244,-86.14885938043));
#10661 = CARTESIAN_POINT('',(4.508884644244,86.148859380437));
#10662 = ( GEOMETRIC_REPRESENTATION_CONTEXT(2) 
PARAMETRIC_REPRESENTATION_CONTEXT() REPRESENTATION_CONTEXT('2D SPACE',''
  ) );
#10663 = PCURVE('',#7315,#10664);
#10664 = DEFINITIONAL_REPRESENTATION('',(#10665),#10668);
#10665 = B_SPLINE_CURVE_WITH_KNOTS('',1,(#10666,#10667),.UNSPECIFIED.,
  .F.,.F.,(2,2),(-86.14885938043,86.148859380437),
  .PIECEWISE_BEZIER_KNOTS.);
#10666 = CARTESIAN_POINT('',(-86.14885938043,-86.86500226423));
#10667 = CARTESIAN_POINT('',(86.148859380437,-86.86500226423));
#10668 = ( GEOMETRIC_REPRESENTATION_CONTEXT(2) 
PARAMETRIC_REPRESENTATION_CONTEXT() REPRESENTATION_CONTEXT('2D SPACE',''
  ) );
#10669 = ORIENTED_EDGE('',*,*,#10670,.F.);
#10670 = EDGE_CURVE('',#9469,#10650,#10671,.T.);
#10671 = SURFACE_CURVE('',#10672,(#10677,#10684),.PCURVE_S1.);
#10672 = ELLIPSE('',#10673,19.521631144999,13.778034341401);
#10673 = AXIS2_PLACEMENT_3D('',#10674,#10675,#10676);
#10674 = CARTESIAN_POINT('',(86.148859380437,-79.49314071262,
    31.493140712627));
#10675 = DIRECTION('',(0.,-0.707106781187,-0.707106781187));
#10676 = DIRECTION('',(0.,-0.707106781187,0.707106781187));
#10677 = PCURVE('',#2826,#10678);
#10678 = DEFINITIONAL_REPRESENTATION('',(#10679),#10683);
#10679 = ELLIPSE('',#10680,19.521631144999,13.778034341401);
#10680 = AXIS2_PLACEMENT_2D('',#10681,#10682);
#10681 = CARTESIAN_POINT('',(24.030515789238,86.148859380437));
#10682 = DIRECTION('',(-1.,0.));
#10683 = ( GEOMETRIC_REPRESENTATION_CONTEXT(2) 
PARAMETRIC_REPRESENTATION_CONTEXT() REPRESENTATION_CONTEXT('2D SPACE',''
  ) );
#10684 = PCURVE('',#7282,#10685);
#10685 = DEFINITIONAL_REPRESENTATION('',(#10686),#10696);
#10686 = B_SPLINE_CURVE_WITH_KNOTS('',8,(#10687,#10688,#10689,#10690,
    #10691,#10692,#10693,#10694,#10695),.UNSPECIFIED.,.F.,.F.,(9,9),(
    4.651188162369,6.28318530718),.PIECEWISE_BEZIER_KNOTS.);
#10687 = CARTESIAN_POINT('',(3.14159265359,28.648859380439));
#10688 = CARTESIAN_POINT('',(2.93721036892,31.459573468723));
#10689 = CARTESIAN_POINT('',(2.735747953508,34.310443334099));
#10690 = CARTESIAN_POINT('',(2.537156804531,37.023220009514));
#10691 = CARTESIAN_POINT('',(2.341128784705,39.416135766878));
#10692 = CARTESIAN_POINT('',(2.147142788679,41.327445737104));
#10693 = CARTESIAN_POINT('',(1.954559793905,42.640491726884));
#10694 = CARTESIAN_POINT('',(1.762678055422,43.297018475078));
#10695 = CARTESIAN_POINT('',(1.570796326795,43.297018475078));
#10696 = ( GEOMETRIC_REPRESENTATION_CONTEXT(2) 
PARAMETRIC_REPRESENTATION_CONTEXT() REPRESENTATION_CONTEXT('2D SPACE',''
  ) );
#10697 = ORIENTED_EDGE('',*,*,#9488,.T.);
#10698 = ORIENTED_EDGE('',*,*,#2810,.F.);
#10699 = ORIENTED_EDGE('',*,*,#4671,.F.);
#10700 = ORIENTED_EDGE('',*,*,#10701,.T.);
#10701 = EDGE_CURVE('',#4642,#10594,#10702,.T.);
#10702 = SURFACE_CURVE('',#10703,(#10708,#10715),.PCURVE_S1.);
#10703 = ELLIPSE('',#10704,22.482229280655,15.867574015682);
#10704 = AXIS2_PLACEMENT_3D('',#10705,#10706,#10707);
#10705 = CARTESIAN_POINT('',(85.548859380437,-79.02118215135,
    31.021182151351));
#10706 = DIRECTION('',(0.,-0.707106781187,-0.707106781187));
#10707 = DIRECTION('',(0.,-0.707106781187,0.707106781187));
#10708 = PCURVE('',#2826,#10709);
#10709 = DEFINITIONAL_REPRESENTATION('',(#10710),#10714);
#10710 = ELLIPSE('',#10711,22.482229280655,15.867574015682);
#10711 = AXIS2_PLACEMENT_2D('',#10712,#10713);
#10712 = CARTESIAN_POINT('',(24.697965987473,85.548859380437));
#10713 = DIRECTION('',(-1.,0.));
#10714 = ( GEOMETRIC_REPRESENTATION_CONTEXT(2) 
PARAMETRIC_REPRESENTATION_CONTEXT() REPRESENTATION_CONTEXT('2D SPACE',''
  ) );
#10715 = PCURVE('',#4659,#10716);
#10716 = DEFINITIONAL_REPRESENTATION('',(#10717),#10727);
#10717 = B_SPLINE_CURVE_WITH_KNOTS('',8,(#10718,#10719,#10720,#10721,
    #10722,#10723,#10724,#10725,#10726),.UNSPECIFIED.,.F.,.F.,(9,9),(
    4.651188162369,6.28318530718),.PIECEWISE_BEZIER_KNOTS.);
#10718 = CARTESIAN_POINT('',(6.28318530718,30.048859380438));
#10719 = CARTESIAN_POINT('',(6.07880302251,33.285838816522));
#10720 = CARTESIAN_POINT('',(5.877340607103,36.569063946993));
#10721 = CARTESIAN_POINT('',(5.678749458108,39.693253045104));
#10722 = CARTESIAN_POINT('',(5.482721438322,42.449071978086));
#10723 = CARTESIAN_POINT('',(5.288735442242,44.650246083521));
#10724 = CARTESIAN_POINT('',(5.096152447498,46.162425100786));
#10725 = CARTESIAN_POINT('',(4.904270709012,46.918518931893));
#10726 = CARTESIAN_POINT('',(4.712388980385,46.918518931893));
#10727 = ( GEOMETRIC_REPRESENTATION_CONTEXT(2) 
PARAMETRIC_REPRESENTATION_CONTEXT() REPRESENTATION_CONTEXT('2D SPACE',''
  ) );
#10728 = ADVANCED_FACE('',(#10729,#10911,#10914,#10917,#10920,#10923,
    #10926,#10929,#10932,#10935,#10938,#10941,#10944,#10947,#10950,
    #10953,#10956,#10959,#10962,#10965,#10968),#2700,.F.);
#10729 = FACE_BOUND('',#10730,.F.);
#10730 = EDGE_LOOP('',(#10731,#10732,#10733,#10734,#10752,#10753,#10774,
    #10799,#10825,#10844,#10845,#10866,#10892));
#10731 = ORIENTED_EDGE('',*,*,#9087,.F.);
#10732 = ORIENTED_EDGE('',*,*,#2679,.T.);
#10733 = ORIENTED_EDGE('',*,*,#7556,.T.);
#10734 = ORIENTED_EDGE('',*,*,#10735,.T.);
#10735 = EDGE_CURVE('',#7557,#7327,#10736,.T.);
#10736 = SURFACE_CURVE('',#10737,(#10740,#10746),.PCURVE_S1.);
#10737 = B_SPLINE_CURVE_WITH_KNOTS('',1,(#10738,#10739),.UNSPECIFIED.,
  .F.,.F.,(2,2),(0.,1.),.PIECEWISE_BEZIER_KNOTS.);
#10738 = CARTESIAN_POINT('',(-98.14885938043,-78.64885938043,2.));
#10739 = CARTESIAN_POINT('',(-106.1,-78.64885938043,132.));
#10740 = PCURVE('',#2700,#10741);
#10741 = DEFINITIONAL_REPRESENTATION('',(#10742),#10745);
#10742 = B_SPLINE_CURVE_WITH_KNOTS('',1,(#10743,#10744),.UNSPECIFIED.,
  .F.,.F.,(2,2),(0.,1.),.PIECEWISE_BEZIER_KNOTS.);
#10743 = CARTESIAN_POINT('',(78.64885938044,-130.2429293173));
#10744 = CARTESIAN_POINT('',(78.64885938044,0.));
#10745 = ( GEOMETRIC_REPRESENTATION_CONTEXT(2) 
PARAMETRIC_REPRESENTATION_CONTEXT() REPRESENTATION_CONTEXT('2D SPACE',''
  ) );
#10746 = PCURVE('',#7343,#10747);
#10747 = DEFINITIONAL_REPRESENTATION('',(#10748),#10751);
#10748 = B_SPLINE_CURVE_WITH_KNOTS('',1,(#10749,#10750),.UNSPECIFIED.,
  .F.,.F.,(2,2),(0.,1.),.PIECEWISE_BEZIER_KNOTS.);
#10749 = CARTESIAN_POINT('',(0.,0.));
#10750 = CARTESIAN_POINT('',(0.,130.));
#10751 = ( GEOMETRIC_REPRESENTATION_CONTEXT(2) 
PARAMETRIC_REPRESENTATION_CONTEXT() REPRESENTATION_CONTEXT('2D SPACE',''
  ) );
#10752 = ORIENTED_EDGE('',*,*,#7361,.T.);
#10753 = ORIENTED_EDGE('',*,*,#10754,.T.);
#10754 = EDGE_CURVE('',#7362,#10755,#10757,.T.);
#10755 = VERTEX_POINT('',#10756);
#10756 = CARTESIAN_POINT('',(-105.3660485581,78.648859363414,120.));
#10757 = SURFACE_CURVE('',#10758,(#10762,#10768),.PCURVE_S1.);
#10758 = LINE('',#10759,#10760);
#10759 = CARTESIAN_POINT('',(-105.3660485581,5.339557415299E-10,120.));
#10760 = VECTOR('',#10761,1.);
#10761 = DIRECTION('',(0.,1.,-0.));
#10762 = PCURVE('',#2700,#10763);
#10763 = DEFINITIONAL_REPRESENTATION('',(#10764),#10767);
#10764 = B_SPLINE_CURVE_WITH_KNOTS('',1,(#10765,#10766),.UNSPECIFIED.,
  .F.,.F.,(2,2),(-78.64885938097,78.64885936288),
  .PIECEWISE_BEZIER_KNOTS.);
#10765 = CARTESIAN_POINT('',(78.64885938044,-12.02242424467));
#10766 = CARTESIAN_POINT('',(-78.64885936341,-12.02242424467));
#10767 = ( GEOMETRIC_REPRESENTATION_CONTEXT(2) 
PARAMETRIC_REPRESENTATION_CONTEXT() REPRESENTATION_CONTEXT('2D SPACE',''
  ) );
#10768 = PCURVE('',#7233,#10769);
#10769 = DEFINITIONAL_REPRESENTATION('',(#10770),#10773);
#10770 = B_SPLINE_CURVE_WITH_KNOTS('',1,(#10771,#10772),.UNSPECIFIED.,
  .F.,.F.,(2,2),(-78.64885938097,78.64885936288),
  .PIECEWISE_BEZIER_KNOTS.);
#10771 = CARTESIAN_POINT('',(-105.3660485581,-78.6488593815));
#10772 = CARTESIAN_POINT('',(-105.3660485581,78.648859362348));
#10773 = ( GEOMETRIC_REPRESENTATION_CONTEXT(2) 
PARAMETRIC_REPRESENTATION_CONTEXT() REPRESENTATION_CONTEXT('2D SPACE',''
  ) );
#10774 = ORIENTED_EDGE('',*,*,#10775,.F.);
#10775 = EDGE_CURVE('',#10776,#10755,#10778,.T.);
#10776 = VERTEX_POINT('',#10777);
#10777 = CARTESIAN_POINT('',(-98.39350986103,78.648859363414,6.));
#10778 = SURFACE_CURVE('',#10779,(#10782,#10788),.PCURVE_S1.);
#10779 = B_SPLINE_CURVE_WITH_KNOTS('',1,(#10780,#10781),.UNSPECIFIED.,
  .F.,.F.,(2,2),(0.,1.),.PIECEWISE_BEZIER_KNOTS.);
#10780 = CARTESIAN_POINT('',(-98.14885938043,78.648859363414,2.));
#10781 = CARTESIAN_POINT('',(-106.1,78.648859363414,132.));
#10782 = PCURVE('',#2700,#10783);
#10783 = DEFINITIONAL_REPRESENTATION('',(#10784),#10787);
#10784 = B_SPLINE_CURVE_WITH_KNOTS('',1,(#10785,#10786),.UNSPECIFIED.,
  .F.,.F.,(2,2),(0.,1.),.PIECEWISE_BEZIER_KNOTS.);
#10785 = CARTESIAN_POINT('',(-78.64885936341,-130.2429293173));
#10786 = CARTESIAN_POINT('',(-78.64885936341,0.));
#10787 = ( GEOMETRIC_REPRESENTATION_CONTEXT(2) 
PARAMETRIC_REPRESENTATION_CONTEXT() REPRESENTATION_CONTEXT('2D SPACE',''
  ) );
#10788 = PCURVE('',#10789,#10794);
#10789 = CONICAL_SURFACE('',#10790,12.,6.10865238198E-02);
#10790 = AXIS2_PLACEMENT_3D('',#10791,#10792,#10793);
#10791 = CARTESIAN_POINT('',(-86.14885938043,78.648859363414,2.));
#10792 = DIRECTION('',(-0.,-0.,1.));
#10793 = DIRECTION('',(-1.,0.,0.));
#10794 = DEFINITIONAL_REPRESENTATION('',(#10795),#10798);
#10795 = B_SPLINE_CURVE_WITH_KNOTS('',1,(#10796,#10797),.UNSPECIFIED.,
  .F.,.F.,(2,2),(0.,1.),.PIECEWISE_BEZIER_KNOTS.);
#10796 = CARTESIAN_POINT('',(6.28318530718,0.));
#10797 = CARTESIAN_POINT('',(6.28318530718,130.));
#10798 = ( GEOMETRIC_REPRESENTATION_CONTEXT(2) 
PARAMETRIC_REPRESENTATION_CONTEXT() REPRESENTATION_CONTEXT('2D SPACE',''
  ) );
#10799 = ORIENTED_EDGE('',*,*,#10800,.F.);
#10800 = EDGE_CURVE('',#10801,#10776,#10803,.T.);
#10801 = VERTEX_POINT('',#10802);
#10802 = CARTESIAN_POINT('',(-98.39350986103,68.,6.));
#10803 = SURFACE_CURVE('',#10804,(#10808,#10814),.PCURVE_S1.);
#10804 = LINE('',#10805,#10806);
#10805 = CARTESIAN_POINT('',(-98.39350986103,34.000000000001,6.));
#10806 = VECTOR('',#10807,1.);
#10807 = DIRECTION('',(0.,1.,-0.));
#10808 = PCURVE('',#2700,#10809);
#10809 = DEFINITIONAL_REPRESENTATION('',(#10810),#10813);
#10810 = B_SPLINE_CURVE_WITH_KNOTS('',1,(#10811,#10812),.UNSPECIFIED.,
  .F.,.F.,(2,2),(33.999999999999,44.648859363413),
  .PIECEWISE_BEZIER_KNOTS.);
#10811 = CARTESIAN_POINT('',(-67.99999999999,-126.235454569));
#10812 = CARTESIAN_POINT('',(-78.64885936341,-126.235454569));
#10813 = ( GEOMETRIC_REPRESENTATION_CONTEXT(2) 
PARAMETRIC_REPRESENTATION_CONTEXT() REPRESENTATION_CONTEXT('2D SPACE',''
  ) );
#10814 = PCURVE('',#10815,#10820);
#10815 = PLANE('',#10816);
#10816 = AXIS2_PLACEMENT_3D('',#10817,#10818,#10819);
#10817 = CARTESIAN_POINT('',(-107.5,68.,6.));
#10818 = DIRECTION('',(0.,0.,1.));
#10819 = DIRECTION('',(1.,0.,-0.));
#10820 = DEFINITIONAL_REPRESENTATION('',(#10821),#10824);
#10821 = B_SPLINE_CURVE_WITH_KNOTS('',1,(#10822,#10823),.UNSPECIFIED.,
  .F.,.F.,(2,2),(33.999999999999,44.648859363413),
  .PIECEWISE_BEZIER_KNOTS.);
#10822 = CARTESIAN_POINT('',(9.106490138961,0.));
#10823 = CARTESIAN_POINT('',(9.106490138961,10.648859363414));
#10824 = ( GEOMETRIC_REPRESENTATION_CONTEXT(2) 
PARAMETRIC_REPRESENTATION_CONTEXT() REPRESENTATION_CONTEXT('2D SPACE',''
  ) );
#10825 = ORIENTED_EDGE('',*,*,#10826,.T.);
#10826 = EDGE_CURVE('',#10801,#9189,#10827,.T.);
#10827 = SURFACE_CURVE('',#10828,(#10832,#10838),.PCURVE_S1.);
#10828 = LINE('',#10829,#10830);
#10829 = CARTESIAN_POINT('',(-102.0809205145,68.,66.288631266028));
#10830 = VECTOR('',#10831,1.);
#10831 = DIRECTION('',(6.104853953486E-02,0.,-0.998134798422));
#10832 = PCURVE('',#2700,#10833);
#10833 = DEFINITIONAL_REPRESENTATION('',(#10834),#10837);
#10834 = B_SPLINE_CURVE_WITH_KNOTS('',1,(#10835,#10836),.UNSPECIFIED.,
  .F.,.F.,(2,2),(60.40129185091,64.408766599134),
  .PIECEWISE_BEZIER_KNOTS.);
#10835 = CARTESIAN_POINT('',(-67.99999999999,-126.235454569));
#10836 = CARTESIAN_POINT('',(-67.99999999999,-130.2429293173));
#10837 = ( GEOMETRIC_REPRESENTATION_CONTEXT(2) 
PARAMETRIC_REPRESENTATION_CONTEXT() REPRESENTATION_CONTEXT('2D SPACE',''
  ) );
#10838 = PCURVE('',#9226,#10839);
#10839 = DEFINITIONAL_REPRESENTATION('',(#10840),#10843);
#10840 = B_SPLINE_CURVE_WITH_KNOTS('',1,(#10841,#10842),.UNSPECIFIED.,
  .F.,.F.,(2,2),(60.40129185091,64.408766599134),
  .PIECEWISE_BEZIER_KNOTS.);
#10841 = CARTESIAN_POINT('',(6.,9.106490138961));
#10842 = CARTESIAN_POINT('',(2.,9.351140619563));
#10843 = ( GEOMETRIC_REPRESENTATION_CONTEXT(2) 
PARAMETRIC_REPRESENTATION_CONTEXT() REPRESENTATION_CONTEXT('2D SPACE',''
  ) );
#10844 = ORIENTED_EDGE('',*,*,#9188,.F.);
#10845 = ORIENTED_EDGE('',*,*,#10846,.F.);
#10846 = EDGE_CURVE('',#10847,#9163,#10849,.T.);
#10847 = VERTEX_POINT('',#10848);
#10848 = CARTESIAN_POINT('',(-98.39350986103,-16.,6.));
#10849 = SURFACE_CURVE('',#10850,(#10854,#10860),.PCURVE_S1.);
#10850 = LINE('',#10851,#10852);
#10851 = CARTESIAN_POINT('',(-102.0809205145,-16.,66.288631266028));
#10852 = VECTOR('',#10853,1.);
#10853 = DIRECTION('',(6.104853953486E-02,0.,-0.998134798422));
#10854 = PCURVE('',#2700,#10855);
#10855 = DEFINITIONAL_REPRESENTATION('',(#10856),#10859);
#10856 = B_SPLINE_CURVE_WITH_KNOTS('',1,(#10857,#10858),.UNSPECIFIED.,
  .F.,.F.,(2,2),(60.40129185091,64.408766599134),
  .PIECEWISE_BEZIER_KNOTS.);
#10857 = CARTESIAN_POINT('',(16.000000000002,-126.235454569));
#10858 = CARTESIAN_POINT('',(16.000000000002,-130.2429293173));
#10859 = ( GEOMETRIC_REPRESENTATION_CONTEXT(2) 
PARAMETRIC_REPRESENTATION_CONTEXT() REPRESENTATION_CONTEXT('2D SPACE',''
  ) );
#10860 = PCURVE('',#9177,#10861);
#10861 = DEFINITIONAL_REPRESENTATION('',(#10862),#10865);
#10862 = B_SPLINE_CURVE_WITH_KNOTS('',1,(#10863,#10864),.UNSPECIFIED.,
  .F.,.F.,(2,2),(60.40129185091,64.408766599134),
  .PIECEWISE_BEZIER_KNOTS.);
#10863 = CARTESIAN_POINT('',(6.,9.106490138961));
#10864 = CARTESIAN_POINT('',(2.,9.351140619563));
#10865 = ( GEOMETRIC_REPRESENTATION_CONTEXT(2) 
PARAMETRIC_REPRESENTATION_CONTEXT() REPRESENTATION_CONTEXT('2D SPACE',''
  ) );
#10866 = ORIENTED_EDGE('',*,*,#10867,.F.);
#10867 = EDGE_CURVE('',#10868,#10847,#10870,.T.);
#10868 = VERTEX_POINT('',#10869);
#10869 = CARTESIAN_POINT('',(-98.39350986103,-48.,6.));
#10870 = SURFACE_CURVE('',#10871,(#10875,#10881),.PCURVE_S1.);
#10871 = LINE('',#10872,#10873);
#10872 = CARTESIAN_POINT('',(-98.39350986103,-23.99999999999,6.));
#10873 = VECTOR('',#10874,1.);
#10874 = DIRECTION('',(0.,1.,-0.));
#10875 = PCURVE('',#2700,#10876);
#10876 = DEFINITIONAL_REPRESENTATION('',(#10877),#10880);
#10877 = B_SPLINE_CURVE_WITH_KNOTS('',1,(#10878,#10879),.UNSPECIFIED.,
  .F.,.F.,(2,2),(-24.,7.999999999999),.PIECEWISE_BEZIER_KNOTS.);
#10878 = CARTESIAN_POINT('',(48.000000000002,-126.235454569));
#10879 = CARTESIAN_POINT('',(16.000000000002,-126.235454569));
#10880 = ( GEOMETRIC_REPRESENTATION_CONTEXT(2) 
PARAMETRIC_REPRESENTATION_CONTEXT() REPRESENTATION_CONTEXT('2D SPACE',''
  ) );
#10881 = PCURVE('',#10882,#10887);
#10882 = PLANE('',#10883);
#10883 = AXIS2_PLACEMENT_3D('',#10884,#10885,#10886);
#10884 = CARTESIAN_POINT('',(-107.5,-48.,6.));
#10885 = DIRECTION('',(0.,0.,1.));
#10886 = DIRECTION('',(1.,0.,-0.));
#10887 = DEFINITIONAL_REPRESENTATION('',(#10888),#10891);
#10888 = B_SPLINE_CURVE_WITH_KNOTS('',1,(#10889,#10890),.UNSPECIFIED.,
  .F.,.F.,(2,2),(-24.,7.999999999999),.PIECEWISE_BEZIER_KNOTS.);
#10889 = CARTESIAN_POINT('',(9.106490138961,0.));
#10890 = CARTESIAN_POINT('',(9.106490138961,32.));
#10891 = ( GEOMETRIC_REPRESENTATION_CONTEXT(2) 
PARAMETRIC_REPRESENTATION_CONTEXT() REPRESENTATION_CONTEXT('2D SPACE',''
  ) );
#10892 = ORIENTED_EDGE('',*,*,#10893,.T.);
#10893 = EDGE_CURVE('',#10868,#9088,#10894,.T.);
#10894 = SURFACE_CURVE('',#10895,(#10899,#10905),.PCURVE_S1.);
#10895 = LINE('',#10896,#10897);
#10896 = CARTESIAN_POINT('',(-102.0809205145,-48.,66.288631266028));
#10897 = VECTOR('',#10898,1.);
#10898 = DIRECTION('',(6.104853953486E-02,0.,-0.998134798422));
#10899 = PCURVE('',#2700,#10900);
#10900 = DEFINITIONAL_REPRESENTATION('',(#10901),#10904);
#10901 = B_SPLINE_CURVE_WITH_KNOTS('',1,(#10902,#10903),.UNSPECIFIED.,
  .F.,.F.,(2,2),(60.40129185091,64.408766599134),
  .PIECEWISE_BEZIER_KNOTS.);
#10902 = CARTESIAN_POINT('',(48.000000000002,-126.235454569));
#10903 = CARTESIAN_POINT('',(48.000000000002,-130.2429293173));
#10904 = ( GEOMETRIC_REPRESENTATION_CONTEXT(2) 
PARAMETRIC_REPRESENTATION_CONTEXT() REPRESENTATION_CONTEXT('2D SPACE',''
  ) );
#10905 = PCURVE('',#9125,#10906);
#10906 = DEFINITIONAL_REPRESENTATION('',(#10907),#10910);
#10907 = B_SPLINE_CURVE_WITH_KNOTS('',1,(#10908,#10909),.UNSPECIFIED.,
  .F.,.F.,(2,2),(60.40129185091,64.408766599134),
  .PIECEWISE_BEZIER_KNOTS.);
#10908 = CARTESIAN_POINT('',(6.,9.106490138961));
#10909 = CARTESIAN_POINT('',(2.,9.351140619563));
#10910 = ( GEOMETRIC_REPRESENTATION_CONTEXT(2) 
PARAMETRIC_REPRESENTATION_CONTEXT() REPRESENTATION_CONTEXT('2D SPACE',''
  ) );
#10911 = FACE_BOUND('',#10912,.F.);
#10912 = EDGE_LOOP('',(#10913));
#10913 = ORIENTED_EDGE('',*,*,#7686,.F.);
#10914 = FACE_BOUND('',#10915,.F.);
#10915 = EDGE_LOOP('',(#10916));
#10916 = ORIENTED_EDGE('',*,*,#7756,.F.);
#10917 = FACE_BOUND('',#10918,.F.);
#10918 = EDGE_LOOP('',(#10919));
#10919 = ORIENTED_EDGE('',*,*,#7826,.F.);
#10920 = FACE_BOUND('',#10921,.F.);
#10921 = EDGE_LOOP('',(#10922));
#10922 = ORIENTED_EDGE('',*,*,#7896,.F.);
#10923 = FACE_BOUND('',#10924,.F.);
#10924 = EDGE_LOOP('',(#10925));
#10925 = ORIENTED_EDGE('',*,*,#7966,.F.);
#10926 = FACE_BOUND('',#10927,.F.);
#10927 = EDGE_LOOP('',(#10928));
#10928 = ORIENTED_EDGE('',*,*,#8036,.F.);
#10929 = FACE_BOUND('',#10930,.F.);
#10930 = EDGE_LOOP('',(#10931));
#10931 = ORIENTED_EDGE('',*,*,#8106,.F.);
#10932 = FACE_BOUND('',#10933,.F.);
#10933 = EDGE_LOOP('',(#10934));
#10934 = ORIENTED_EDGE('',*,*,#8176,.F.);
#10935 = FACE_BOUND('',#10936,.F.);
#10936 = EDGE_LOOP('',(#10937));
#10937 = ORIENTED_EDGE('',*,*,#8246,.F.);
#10938 = FACE_BOUND('',#10939,.F.);
#10939 = EDGE_LOOP('',(#10940));
#10940 = ORIENTED_EDGE('',*,*,#8316,.F.);
#10941 = FACE_BOUND('',#10942,.F.);
#10942 = EDGE_LOOP('',(#10943));
#10943 = ORIENTED_EDGE('',*,*,#8386,.F.);
#10944 = FACE_BOUND('',#10945,.F.);
#10945 = EDGE_LOOP('',(#10946));
#10946 = ORIENTED_EDGE('',*,*,#8456,.F.);
#10947 = FACE_BOUND('',#10948,.F.);
#10948 = EDGE_LOOP('',(#10949));
#10949 = ORIENTED_EDGE('',*,*,#8526,.F.);
#10950 = FACE_BOUND('',#10951,.F.);
#10951 = EDGE_LOOP('',(#10952));
#10952 = ORIENTED_EDGE('',*,*,#8596,.F.);
#10953 = FACE_BOUND('',#10954,.F.);
#10954 = EDGE_LOOP('',(#10955));
#10955 = ORIENTED_EDGE('',*,*,#8666,.F.);
#10956 = FACE_BOUND('',#10957,.F.);
#10957 = EDGE_LOOP('',(#10958));
#10958 = ORIENTED_EDGE('',*,*,#8736,.F.);
#10959 = FACE_BOUND('',#10960,.F.);
#10960 = EDGE_LOOP('',(#10961));
#10961 = ORIENTED_EDGE('',*,*,#8806,.F.);
#10962 = FACE_BOUND('',#10963,.F.);
#10963 = EDGE_LOOP('',(#10964));
#10964 = ORIENTED_EDGE('',*,*,#8876,.F.);
#10965 = FACE_BOUND('',#10966,.F.);
#10966 = EDGE_LOOP('',(#10967));
#10967 = ORIENTED_EDGE('',*,*,#8946,.F.);
#10968 = FACE_BOUND('',#10969,.F.);
#10969 = EDGE_LOOP('',(#10970));
#10970 = ORIENTED_EDGE('',*,*,#9016,.F.);
#10971 = ADVANCED_FACE('',(#10972),#3055,.T.);
#10972 = FACE_BOUND('',#10973,.T.);
#10973 = EDGE_LOOP('',(#10974,#10975,#10976,#10977));
#10974 = ORIENTED_EDGE('',*,*,#4567,.F.);
#10975 = ORIENTED_EDGE('',*,*,#4692,.T.);
#10976 = ORIENTED_EDGE('',*,*,#3041,.T.);
#10977 = ORIENTED_EDGE('',*,*,#4472,.T.);
#10978 = ADVANCED_FACE('',(#10979),#3182,.T.);
#10979 = FACE_BOUND('',#10980,.T.);
#10980 = EDGE_LOOP('',(#10981,#10982,#10983,#11005,#11006,#11007,#11008)
  );
#10981 = ORIENTED_EDGE('',*,*,#4521,.F.);
#10982 = ORIENTED_EDGE('',*,*,#3167,.T.);
#10983 = ORIENTED_EDGE('',*,*,#10984,.F.);
#10984 = EDGE_CURVE('',#4735,#3140,#10985,.T.);
#10985 = SURFACE_CURVE('',#10986,(#10991,#10998),.PCURVE_S1.);
#10986 = CIRCLE('',#10987,14.366975720903);
#10987 = AXIS2_PLACEMENT_3D('',#10988,#10989,#10990);
#10988 = CARTESIAN_POINT('',(85.548859380437,78.048859365317,6.));
#10989 = DIRECTION('',(0.,0.,1.));
#10990 = DIRECTION('',(1.,0.,-0.));
#10991 = PCURVE('',#3182,#10992);
#10992 = DEFINITIONAL_REPRESENTATION('',(#10993),#10997);
#10993 = CIRCLE('',#10994,14.366975720903);
#10994 = AXIS2_PLACEMENT_2D('',#10995,#10996);
#10995 = CARTESIAN_POINT('',(10.048859380437,10.048859365317));
#10996 = DIRECTION('',(1.,0.));
#10997 = ( GEOMETRIC_REPRESENTATION_CONTEXT(2) 
PARAMETRIC_REPRESENTATION_CONTEXT() REPRESENTATION_CONTEXT('2D SPACE',''
  ) );
#10998 = PCURVE('',#3155,#10999);
#10999 = DEFINITIONAL_REPRESENTATION('',(#11000),#11004);
#11000 = LINE('',#11001,#11002);
#11001 = CARTESIAN_POINT('',(0.,6.));
#11002 = VECTOR('',#11003,1.);
#11003 = DIRECTION('',(1.,0.));
#11004 = ( GEOMETRIC_REPRESENTATION_CONTEXT(2) 
PARAMETRIC_REPRESENTATION_CONTEXT() REPRESENTATION_CONTEXT('2D SPACE',''
  ) );
#11005 = ORIENTED_EDGE('',*,*,#4734,.T.);
#11006 = ORIENTED_EDGE('',*,*,#5927,.T.);
#11007 = ORIENTED_EDGE('',*,*,#5901,.T.);
#11008 = ORIENTED_EDGE('',*,*,#4594,.F.);
#11009 = ADVANCED_FACE('',(#11010),#3155,.T.);
#11010 = FACE_BOUND('',#11011,.T.);
#11011 = EDGE_LOOP('',(#11012,#11013,#11014,#11015));
#11012 = ORIENTED_EDGE('',*,*,#4755,.F.);
#11013 = ORIENTED_EDGE('',*,*,#10984,.T.);
#11014 = ORIENTED_EDGE('',*,*,#3139,.T.);
#11015 = ORIENTED_EDGE('',*,*,#7004,.F.);
#11016 = ADVANCED_FACE('',(#11017),#3231,.F.);
#11017 = FACE_BOUND('',#11018,.F.);
#11018 = EDGE_LOOP('',(#11019,#11056,#11077,#11078));
#11019 = ORIENTED_EDGE('',*,*,#11020,.T.);
#11020 = EDGE_CURVE('',#11021,#11021,#11023,.T.);
#11021 = VERTEX_POINT('',#11022);
#11022 = CARTESIAN_POINT('',(66.,93.462339901337,48.));
#11023 = SURFACE_CURVE('',#11024,(#11029,#11049),.PCURVE_S1.);
#11024 = ELLIPSE('',#11025,3.005606061145,3.);
#11025 = AXIS2_PLACEMENT_3D('',#11026,#11027,#11028);
#11026 = CARTESIAN_POINT('',(63.,93.462339901337,48.));
#11027 = DIRECTION('',(0.,0.99813479843,-6.104853940463E-02));
#11028 = DIRECTION('',(0.,-6.104853940463E-02,-0.99813479843));
#11029 = PCURVE('',#3231,#11030);
#11030 = DEFINITIONAL_REPRESENTATION('',(#11031),#11048);
#11031 = B_SPLINE_CURVE_WITH_KNOTS('',8,(#11032,#11033,#11034,#11035,
    #11036,#11037,#11038,#11039,#11040,#11041,#11042,#11043,#11044,
    #11045,#11046,#11047),.UNSPECIFIED.,.F.,.F.,(9,7,9),(4.712388980385,
    7.853981633974,10.995574287564),.UNSPECIFIED.);
#11032 = CARTESIAN_POINT('',(6.28318530718,36.537660098663));
#11033 = CARTESIAN_POINT('',(5.890486225481,36.609715612811));
#11034 = CARTESIAN_POINT('',(5.497787143782,36.68177170146));
#11035 = CARTESIAN_POINT('',(5.105088062087,36.736889258842));
#11036 = CARTESIAN_POINT('',(4.712388980382,36.758175542025));
#11037 = CARTESIAN_POINT('',(4.319689898693,36.736889258842));
#11038 = CARTESIAN_POINT('',(3.926990816988,36.681771701464));
#11039 = CARTESIAN_POINT('',(3.534291735289,36.609715612811));
#11040 = CARTESIAN_POINT('',(2.748893571891,36.465604584515));
#11041 = CARTESIAN_POINT('',(2.356194490188,36.393548495787));
#11042 = CARTESIAN_POINT('',(1.963495408515,36.338430938573));
#11043 = CARTESIAN_POINT('',(1.570796326777,36.317144655128));
#11044 = CARTESIAN_POINT('',(1.178097245115,36.338430938602));
#11045 = CARTESIAN_POINT('',(0.785398163394,36.393548495784));
#11046 = CARTESIAN_POINT('',(0.392699081699,36.465604584515));
#11047 = CARTESIAN_POINT('',(1.68753899743E-14,36.537660098663));
#11048 = ( GEOMETRIC_REPRESENTATION_CONTEXT(2) 
PARAMETRIC_REPRESENTATION_CONTEXT() REPRESENTATION_CONTEXT('2D SPACE',''
  ) );
#11049 = PCURVE('',#9279,#11050);
#11050 = DEFINITIONAL_REPRESENTATION('',(#11051),#11055);
#11051 = ELLIPSE('',#11052,3.005606061145,3.);
#11052 = AXIS2_PLACEMENT_2D('',#11053,#11054);
#11053 = CARTESIAN_POINT('',(-149.1488593804,-84.15696971204));
#11054 = DIRECTION('',(0.,-1.));
#11055 = ( GEOMETRIC_REPRESENTATION_CONTEXT(2) 
PARAMETRIC_REPRESENTATION_CONTEXT() REPRESENTATION_CONTEXT('2D SPACE',''
  ) );
#11056 = ORIENTED_EDGE('',*,*,#11057,.F.);
#11057 = EDGE_CURVE('',#3215,#11021,#11058,.T.);
#11058 = SEAM_CURVE('',#11059,(#11063,#11070),.PCURVE_S1.);
#11059 = LINE('',#11060,#11061);
#11060 = CARTESIAN_POINT('',(66.,130.,48.));
#11061 = VECTOR('',#11062,1.);
#11062 = DIRECTION('',(0.,-1.,2.22044604925E-16));
#11063 = PCURVE('',#3231,#11064);
#11064 = DEFINITIONAL_REPRESENTATION('',(#11065),#11069);
#11065 = LINE('',#11066,#11067);
#11066 = CARTESIAN_POINT('',(6.28318530718,-0.));
#11067 = VECTOR('',#11068,1.);
#11068 = DIRECTION('',(0.,1.));
#11069 = ( GEOMETRIC_REPRESENTATION_CONTEXT(2) 
PARAMETRIC_REPRESENTATION_CONTEXT() REPRESENTATION_CONTEXT('2D SPACE',''
  ) );
#11070 = PCURVE('',#3231,#11071);
#11071 = DEFINITIONAL_REPRESENTATION('',(#11072),#11076);
#11072 = LINE('',#11073,#11074);
#11073 = CARTESIAN_POINT('',(0.,-0.));
#11074 = VECTOR('',#11075,1.);
#11075 = DIRECTION('',(0.,1.));
#11076 = ( GEOMETRIC_REPRESENTATION_CONTEXT(2) 
PARAMETRIC_REPRESENTATION_CONTEXT() REPRESENTATION_CONTEXT('2D SPACE',''
  ) );
#11077 = ORIENTED_EDGE('',*,*,#3214,.F.);
#11078 = ORIENTED_EDGE('',*,*,#11057,.T.);
#11079 = ADVANCED_FACE('',(#11080),#3275,.F.);
#11080 = FACE_BOUND('',#11081,.F.);
#11081 = EDGE_LOOP('',(#11082,#11119,#11140,#11141));
#11082 = ORIENTED_EDGE('',*,*,#11083,.T.);
#11083 = EDGE_CURVE('',#11084,#11084,#11086,.T.);
#11084 = VERTEX_POINT('',#11085);
#11085 = CARTESIAN_POINT('',(45.,93.462339901337,48.));
#11086 = SURFACE_CURVE('',#11087,(#11092,#11112),.PCURVE_S1.);
#11087 = ELLIPSE('',#11088,3.005606061145,3.);
#11088 = AXIS2_PLACEMENT_3D('',#11089,#11090,#11091);
#11089 = CARTESIAN_POINT('',(42.,93.462339901337,48.));
#11090 = DIRECTION('',(0.,0.99813479843,-6.104853940463E-02));
#11091 = DIRECTION('',(0.,-6.104853940463E-02,-0.99813479843));
#11092 = PCURVE('',#3275,#11093);
#11093 = DEFINITIONAL_REPRESENTATION('',(#11094),#11111);
#11094 = B_SPLINE_CURVE_WITH_KNOTS('',8,(#11095,#11096,#11097,#11098,
    #11099,#11100,#11101,#11102,#11103,#11104,#11105,#11106,#11107,
    #11108,#11109,#11110),.UNSPECIFIED.,.F.,.F.,(9,7,9),(4.712388980385,
    7.853981633974,10.995574287564),.UNSPECIFIED.);
#11095 = CARTESIAN_POINT('',(6.28318530718,36.537660098663));
#11096 = CARTESIAN_POINT('',(5.890486225481,36.609715612811));
#11097 = CARTESIAN_POINT('',(5.497787143781,36.68177170146));
#11098 = CARTESIAN_POINT('',(5.105088062091,36.736889258842));
#11099 = CARTESIAN_POINT('',(4.712388980382,36.758175542025));
#11100 = CARTESIAN_POINT('',(4.319689898689,36.736889258842));
#11101 = CARTESIAN_POINT('',(3.926990816986,36.681771701464));
#11102 = CARTESIAN_POINT('',(3.534291735289,36.609715612811));
#11103 = CARTESIAN_POINT('',(2.748893571891,36.465604584515));
#11104 = CARTESIAN_POINT('',(2.356194490191,36.393548495787));
#11105 = CARTESIAN_POINT('',(1.963495408501,36.338430938573));
#11106 = CARTESIAN_POINT('',(1.570796326792,36.317144655128));
#11107 = CARTESIAN_POINT('',(1.178097245101,36.338430938602));
#11108 = CARTESIAN_POINT('',(0.785398163397,36.393548495784));
#11109 = CARTESIAN_POINT('',(0.392699081699,36.465604584515));
#11110 = CARTESIAN_POINT('',(1.68753899743E-14,36.537660098663));
#11111 = ( GEOMETRIC_REPRESENTATION_CONTEXT(2) 
PARAMETRIC_REPRESENTATION_CONTEXT() REPRESENTATION_CONTEXT('2D SPACE',''
  ) );
#11112 = PCURVE('',#9279,#11113);
#11113 = DEFINITIONAL_REPRESENTATION('',(#11114),#11118);
#11114 = ELLIPSE('',#11115,3.005606061145,3.);
#11115 = AXIS2_PLACEMENT_2D('',#11116,#11117);
#11116 = CARTESIAN_POINT('',(-128.1488593804,-84.15696971204));
#11117 = DIRECTION('',(0.,-1.));
#11118 = ( GEOMETRIC_REPRESENTATION_CONTEXT(2) 
PARAMETRIC_REPRESENTATION_CONTEXT() REPRESENTATION_CONTEXT('2D SPACE',''
  ) );
#11119 = ORIENTED_EDGE('',*,*,#11120,.F.);
#11120 = EDGE_CURVE('',#3259,#11084,#11121,.T.);
#11121 = SEAM_CURVE('',#11122,(#11126,#11133),.PCURVE_S1.);
#11122 = LINE('',#11123,#11124);
#11123 = CARTESIAN_POINT('',(45.,130.,48.));
#11124 = VECTOR('',#11125,1.);
#11125 = DIRECTION('',(0.,-1.,2.22044604925E-16));
#11126 = PCURVE('',#3275,#11127);
#11127 = DEFINITIONAL_REPRESENTATION('',(#11128),#11132);
#11128 = LINE('',#11129,#11130);
#11129 = CARTESIAN_POINT('',(6.28318530718,-0.));
#11130 = VECTOR('',#11131,1.);
#11131 = DIRECTION('',(0.,1.));
#11132 = ( GEOMETRIC_REPRESENTATION_CONTEXT(2) 
PARAMETRIC_REPRESENTATION_CONTEXT() REPRESENTATION_CONTEXT('2D SPACE',''
  ) );
#11133 = PCURVE('',#3275,#11134);
#11134 = DEFINITIONAL_REPRESENTATION('',(#11135),#11139);
#11135 = LINE('',#11136,#11137);
#11136 = CARTESIAN_POINT('',(0.,-0.));
#11137 = VECTOR('',#11138,1.);
#11138 = DIRECTION('',(0.,1.));
#11139 = ( GEOMETRIC_REPRESENTATION_CONTEXT(2) 
PARAMETRIC_REPRESENTATION_CONTEXT() REPRESENTATION_CONTEXT('2D SPACE',''
  ) );
#11140 = ORIENTED_EDGE('',*,*,#3258,.F.);
#11141 = ORIENTED_EDGE('',*,*,#11120,.T.);
#11142 = ADVANCED_FACE('',(#11143),#3319,.F.);
#11143 = FACE_BOUND('',#11144,.F.);
#11144 = EDGE_LOOP('',(#11145,#11182,#11203,#11204));
#11145 = ORIENTED_EDGE('',*,*,#11146,.T.);
#11146 = EDGE_CURVE('',#11147,#11147,#11149,.T.);
#11147 = VERTEX_POINT('',#11148);
#11148 = CARTESIAN_POINT('',(24.,93.462339901337,48.));
#11149 = SURFACE_CURVE('',#11150,(#11155,#11175),.PCURVE_S1.);
#11150 = ELLIPSE('',#11151,3.005606061145,3.);
#11151 = AXIS2_PLACEMENT_3D('',#11152,#11153,#11154);
#11152 = CARTESIAN_POINT('',(21.,93.462339901337,48.));
#11153 = DIRECTION('',(0.,0.99813479843,-6.104853940463E-02));
#11154 = DIRECTION('',(0.,-6.104853940463E-02,-0.99813479843));
#11155 = PCURVE('',#3319,#11156);
#11156 = DEFINITIONAL_REPRESENTATION('',(#11157),#11174);
#11157 = B_SPLINE_CURVE_WITH_KNOTS('',8,(#11158,#11159,#11160,#11161,
    #11162,#11163,#11164,#11165,#11166,#11167,#11168,#11169,#11170,
    #11171,#11172,#11173),.UNSPECIFIED.,.F.,.F.,(9,7,9),(4.712388980385,
    7.853981633974,10.995574287564),.UNSPECIFIED.);
#11158 = CARTESIAN_POINT('',(6.28318530718,36.537660098663));
#11159 = CARTESIAN_POINT('',(5.890486225481,36.609715612811));
#11160 = CARTESIAN_POINT('',(5.497787143782,36.68177170146));
#11161 = CARTESIAN_POINT('',(5.10508806208,36.736889258842));
#11162 = CARTESIAN_POINT('',(4.712388980395,36.758175542025));
#11163 = CARTESIAN_POINT('',(4.31968989868,36.736889258842));
#11164 = CARTESIAN_POINT('',(3.926990816987,36.681771701464));
#11165 = CARTESIAN_POINT('',(3.534291735289,36.609715612811));
#11166 = CARTESIAN_POINT('',(2.748893571891,36.465604584515));
#11167 = CARTESIAN_POINT('',(2.356194490188,36.393548495787));
#11168 = CARTESIAN_POINT('',(1.963495408515,36.338430938573));
#11169 = CARTESIAN_POINT('',(1.570796326777,36.317144655128));
#11170 = CARTESIAN_POINT('',(1.178097245115,36.338430938602));
#11171 = CARTESIAN_POINT('',(0.785398163394,36.393548495784));
#11172 = CARTESIAN_POINT('',(0.392699081699,36.465604584515));
#11173 = CARTESIAN_POINT('',(1.68753899743E-14,36.537660098663));
#11174 = ( GEOMETRIC_REPRESENTATION_CONTEXT(2) 
PARAMETRIC_REPRESENTATION_CONTEXT() REPRESENTATION_CONTEXT('2D SPACE',''
  ) );
#11175 = PCURVE('',#9279,#11176);
#11176 = DEFINITIONAL_REPRESENTATION('',(#11177),#11181);
#11177 = ELLIPSE('',#11178,3.005606061145,3.);
#11178 = AXIS2_PLACEMENT_2D('',#11179,#11180);
#11179 = CARTESIAN_POINT('',(-107.1488593804,-84.15696971204));
#11180 = DIRECTION('',(0.,-1.));
#11181 = ( GEOMETRIC_REPRESENTATION_CONTEXT(2) 
PARAMETRIC_REPRESENTATION_CONTEXT() REPRESENTATION_CONTEXT('2D SPACE',''
  ) );
#11182 = ORIENTED_EDGE('',*,*,#11183,.F.);
#11183 = EDGE_CURVE('',#3303,#11147,#11184,.T.);
#11184 = SEAM_CURVE('',#11185,(#11189,#11196),.PCURVE_S1.);
#11185 = LINE('',#11186,#11187);
#11186 = CARTESIAN_POINT('',(24.,130.,48.));
#11187 = VECTOR('',#11188,1.);
#11188 = DIRECTION('',(0.,-1.,2.22044604925E-16));
#11189 = PCURVE('',#3319,#11190);
#11190 = DEFINITIONAL_REPRESENTATION('',(#11191),#11195);
#11191 = LINE('',#11192,#11193);
#11192 = CARTESIAN_POINT('',(6.28318530718,-0.));
#11193 = VECTOR('',#11194,1.);
#11194 = DIRECTION('',(0.,1.));
#11195 = ( GEOMETRIC_REPRESENTATION_CONTEXT(2) 
PARAMETRIC_REPRESENTATION_CONTEXT() REPRESENTATION_CONTEXT('2D SPACE',''
  ) );
#11196 = PCURVE('',#3319,#11197);
#11197 = DEFINITIONAL_REPRESENTATION('',(#11198),#11202);
#11198 = LINE('',#11199,#11200);
#11199 = CARTESIAN_POINT('',(0.,-0.));
#11200 = VECTOR('',#11201,1.);
#11201 = DIRECTION('',(0.,1.));
#11202 = ( GEOMETRIC_REPRESENTATION_CONTEXT(2) 
PARAMETRIC_REPRESENTATION_CONTEXT() REPRESENTATION_CONTEXT('2D SPACE',''
  ) );
#11203 = ORIENTED_EDGE('',*,*,#3302,.F.);
#11204 = ORIENTED_EDGE('',*,*,#11183,.T.);
#11205 = ADVANCED_FACE('',(#11206),#3363,.F.);
#11206 = FACE_BOUND('',#11207,.F.);
#11207 = EDGE_LOOP('',(#11208,#11245,#11266,#11267));
#11208 = ORIENTED_EDGE('',*,*,#11209,.T.);
#11209 = EDGE_CURVE('',#11210,#11210,#11212,.T.);
#11210 = VERTEX_POINT('',#11211);
#11211 = CARTESIAN_POINT('',(3.,93.462339901337,48.));
#11212 = SURFACE_CURVE('',#11213,(#11218,#11238),.PCURVE_S1.);
#11213 = ELLIPSE('',#11214,3.005606061145,3.);
#11214 = AXIS2_PLACEMENT_3D('',#11215,#11216,#11217);
#11215 = CARTESIAN_POINT('',(0.,93.462339901337,48.));
#11216 = DIRECTION('',(0.,0.99813479843,-6.104853940463E-02));
#11217 = DIRECTION('',(0.,-6.104853940463E-02,-0.99813479843));
#11218 = PCURVE('',#3363,#11219);
#11219 = DEFINITIONAL_REPRESENTATION('',(#11220),#11237);
#11220 = B_SPLINE_CURVE_WITH_KNOTS('',8,(#11221,#11222,#11223,#11224,
    #11225,#11226,#11227,#11228,#11229,#11230,#11231,#11232,#11233,
    #11234,#11235,#11236),.UNSPECIFIED.,.F.,.F.,(9,7,9),(4.712388980385,
    7.853981633974,10.995574287564),.UNSPECIFIED.);
#11221 = CARTESIAN_POINT('',(6.28318530718,36.537660098663));
#11222 = CARTESIAN_POINT('',(5.890486225481,36.609715612811));
#11223 = CARTESIAN_POINT('',(5.497787143783,36.68177170146));
#11224 = CARTESIAN_POINT('',(5.105088062085,36.736889258842));
#11225 = CARTESIAN_POINT('',(4.712388980389,36.758175542025));
#11226 = CARTESIAN_POINT('',(4.319689898686,36.736889258842));
#11227 = CARTESIAN_POINT('',(3.926990816988,36.681771701464));
#11228 = CARTESIAN_POINT('',(3.534291735289,36.609715612811));
#11229 = CARTESIAN_POINT('',(2.748893571891,36.465604584515));
#11230 = CARTESIAN_POINT('',(2.356194490188,36.393548495787));
#11231 = CARTESIAN_POINT('',(1.963495408515,36.338430938573));
#11232 = CARTESIAN_POINT('',(1.570796326777,36.317144655128));
#11233 = CARTESIAN_POINT('',(1.178097245115,36.338430938602));
#11234 = CARTESIAN_POINT('',(0.785398163394,36.393548495784));
#11235 = CARTESIAN_POINT('',(0.392699081699,36.465604584515));
#11236 = CARTESIAN_POINT('',(1.68753899743E-14,36.537660098663));
#11237 = ( GEOMETRIC_REPRESENTATION_CONTEXT(2) 
PARAMETRIC_REPRESENTATION_CONTEXT() REPRESENTATION_CONTEXT('2D SPACE',''
  ) );
#11238 = PCURVE('',#9279,#11239);
#11239 = DEFINITIONAL_REPRESENTATION('',(#11240),#11244);
#11240 = ELLIPSE('',#11241,3.005606061145,3.);
#11241 = AXIS2_PLACEMENT_2D('',#11242,#11243);
#11242 = CARTESIAN_POINT('',(-86.14885938043,-84.15696971204));
#11243 = DIRECTION('',(0.,-1.));
#11244 = ( GEOMETRIC_REPRESENTATION_CONTEXT(2) 
PARAMETRIC_REPRESENTATION_CONTEXT() REPRESENTATION_CONTEXT('2D SPACE',''
  ) );
#11245 = ORIENTED_EDGE('',*,*,#11246,.F.);
#11246 = EDGE_CURVE('',#3347,#11210,#11247,.T.);
#11247 = SEAM_CURVE('',#11248,(#11252,#11259),.PCURVE_S1.);
#11248 = LINE('',#11249,#11250);
#11249 = CARTESIAN_POINT('',(3.,130.,48.));
#11250 = VECTOR('',#11251,1.);
#11251 = DIRECTION('',(0.,-1.,2.22044604925E-16));
#11252 = PCURVE('',#3363,#11253);
#11253 = DEFINITIONAL_REPRESENTATION('',(#11254),#11258);
#11254 = LINE('',#11255,#11256);
#11255 = CARTESIAN_POINT('',(6.28318530718,-0.));
#11256 = VECTOR('',#11257,1.);
#11257 = DIRECTION('',(0.,1.));
#11258 = ( GEOMETRIC_REPRESENTATION_CONTEXT(2) 
PARAMETRIC_REPRESENTATION_CONTEXT() REPRESENTATION_CONTEXT('2D SPACE',''
  ) );
#11259 = PCURVE('',#3363,#11260);
#11260 = DEFINITIONAL_REPRESENTATION('',(#11261),#11265);
#11261 = LINE('',#11262,#11263);
#11262 = CARTESIAN_POINT('',(0.,-0.));
#11263 = VECTOR('',#11264,1.);
#11264 = DIRECTION('',(0.,1.));
#11265 = ( GEOMETRIC_REPRESENTATION_CONTEXT(2) 
PARAMETRIC_REPRESENTATION_CONTEXT() REPRESENTATION_CONTEXT('2D SPACE',''
  ) );
#11266 = ORIENTED_EDGE('',*,*,#3346,.F.);
#11267 = ORIENTED_EDGE('',*,*,#11246,.T.);
#11268 = ADVANCED_FACE('',(#11269),#3407,.F.);
#11269 = FACE_BOUND('',#11270,.F.);
#11270 = EDGE_LOOP('',(#11271,#11308,#11329,#11330));
#11271 = ORIENTED_EDGE('',*,*,#11272,.T.);
#11272 = EDGE_CURVE('',#11273,#11273,#11275,.T.);
#11273 = VERTEX_POINT('',#11274);
#11274 = CARTESIAN_POINT('',(67.5,94.746754921747,69.));
#11275 = SURFACE_CURVE('',#11276,(#11281,#11301),.PCURVE_S1.);
#11276 = ELLIPSE('',#11277,4.508409091717,4.5);
#11277 = AXIS2_PLACEMENT_3D('',#11278,#11279,#11280);
#11278 = CARTESIAN_POINT('',(63.,94.746754921747,69.));
#11279 = DIRECTION('',(0.,0.99813479843,-6.104853940463E-02));
#11280 = DIRECTION('',(0.,-6.104853940463E-02,-0.99813479843));
#11281 = PCURVE('',#3407,#11282);
#11282 = DEFINITIONAL_REPRESENTATION('',(#11283),#11300);
#11283 = B_SPLINE_CURVE_WITH_KNOTS('',8,(#11284,#11285,#11286,#11287,
    #11288,#11289,#11290,#11291,#11292,#11293,#11294,#11295,#11296,
    #11297,#11298,#11299),.UNSPECIFIED.,.F.,.F.,(9,7,9),(4.712388980385,
    7.853981633974,10.995574287564),.UNSPECIFIED.);
#11284 = CARTESIAN_POINT('',(6.28318530718,35.253245078253));
#11285 = CARTESIAN_POINT('',(5.890486225481,35.361328349475));
#11286 = CARTESIAN_POINT('',(5.497787143777,35.469412482475));
#11287 = CARTESIAN_POINT('',(5.105088062086,35.552088818222));
#11288 = CARTESIAN_POINT('',(4.712388980359,35.584018243535));
#11289 = CARTESIAN_POINT('',(4.319689898699,35.552088818309));
#11290 = CARTESIAN_POINT('',(3.92699081698,35.469412482489));
#11291 = CARTESIAN_POINT('',(3.534291735289,35.361328349475));
#11292 = CARTESIAN_POINT('',(2.748893571891,35.145161807031));
#11293 = CARTESIAN_POINT('',(2.356194490191,35.037077673947));
#11294 = CARTESIAN_POINT('',(1.963495408498,34.954401338211));
#11295 = CARTESIAN_POINT('',(1.570796326787,34.92247191284));
#11296 = CARTESIAN_POINT('',(1.178097245098,34.95440133824));
#11297 = CARTESIAN_POINT('',(0.785398163396,35.037077673958));
#11298 = CARTESIAN_POINT('',(0.392699081699,35.145161807031));
#11299 = CARTESIAN_POINT('',(1.263187085796E-14,35.253245078253));
#11300 = ( GEOMETRIC_REPRESENTATION_CONTEXT(2) 
PARAMETRIC_REPRESENTATION_CONTEXT() REPRESENTATION_CONTEXT('2D SPACE',''
  ) );
#11301 = PCURVE('',#9279,#11302);
#11302 = DEFINITIONAL_REPRESENTATION('',(#11303),#11307);
#11303 = ELLIPSE('',#11304,4.508409091717,4.5);
#11304 = AXIS2_PLACEMENT_2D('',#11305,#11306);
#11305 = CARTESIAN_POINT('',(-149.1488593804,-63.11772728403));
#11306 = DIRECTION('',(0.,-1.));
#11307 = ( GEOMETRIC_REPRESENTATION_CONTEXT(2) 
PARAMETRIC_REPRESENTATION_CONTEXT() REPRESENTATION_CONTEXT('2D SPACE',''
  ) );
#11308 = ORIENTED_EDGE('',*,*,#11309,.F.);
#11309 = EDGE_CURVE('',#3391,#11273,#11310,.T.);
#11310 = SEAM_CURVE('',#11311,(#11315,#11322),.PCURVE_S1.);
#11311 = LINE('',#11312,#11313);
#11312 = CARTESIAN_POINT('',(67.5,130.,69.));
#11313 = VECTOR('',#11314,1.);
#11314 = DIRECTION('',(0.,-1.,2.22044604925E-16));
#11315 = PCURVE('',#3407,#11316);
#11316 = DEFINITIONAL_REPRESENTATION('',(#11317),#11321);
#11317 = LINE('',#11318,#11319);
#11318 = CARTESIAN_POINT('',(6.28318530718,-0.));
#11319 = VECTOR('',#11320,1.);
#11320 = DIRECTION('',(0.,1.));
#11321 = ( GEOMETRIC_REPRESENTATION_CONTEXT(2) 
PARAMETRIC_REPRESENTATION_CONTEXT() REPRESENTATION_CONTEXT('2D SPACE',''
  ) );
#11322 = PCURVE('',#3407,#11323);
#11323 = DEFINITIONAL_REPRESENTATION('',(#11324),#11328);
#11324 = LINE('',#11325,#11326);
#11325 = CARTESIAN_POINT('',(0.,-0.));
#11326 = VECTOR('',#11327,1.);
#11327 = DIRECTION('',(0.,1.));
#11328 = ( GEOMETRIC_REPRESENTATION_CONTEXT(2) 
PARAMETRIC_REPRESENTATION_CONTEXT() REPRESENTATION_CONTEXT('2D SPACE',''
  ) );
#11329 = ORIENTED_EDGE('',*,*,#3390,.F.);
#11330 = ORIENTED_EDGE('',*,*,#11309,.T.);
#11331 = ADVANCED_FACE('',(#11332),#3451,.F.);
#11332 = FACE_BOUND('',#11333,.F.);
#11333 = EDGE_LOOP('',(#11334,#11371,#11392,#11393));
#11334 = ORIENTED_EDGE('',*,*,#11335,.T.);
#11335 = EDGE_CURVE('',#11336,#11336,#11338,.T.);
#11336 = VERTEX_POINT('',#11337);
#11337 = CARTESIAN_POINT('',(46.5,94.746754921747,69.));
#11338 = SURFACE_CURVE('',#11339,(#11344,#11364),.PCURVE_S1.);
#11339 = ELLIPSE('',#11340,4.508409091717,4.5);
#11340 = AXIS2_PLACEMENT_3D('',#11341,#11342,#11343);
#11341 = CARTESIAN_POINT('',(42.,94.746754921747,69.));
#11342 = DIRECTION('',(0.,0.99813479843,-6.104853940463E-02));
#11343 = DIRECTION('',(0.,-6.104853940463E-02,-0.99813479843));
#11344 = PCURVE('',#3451,#11345);
#11345 = DEFINITIONAL_REPRESENTATION('',(#11346),#11363);
#11346 = B_SPLINE_CURVE_WITH_KNOTS('',8,(#11347,#11348,#11349,#11350,
    #11351,#11352,#11353,#11354,#11355,#11356,#11357,#11358,#11359,
    #11360,#11361,#11362),.UNSPECIFIED.,.F.,.F.,(9,7,9),(4.712388980385,
    7.853981633974,10.995574287564),.UNSPECIFIED.);
#11347 = CARTESIAN_POINT('',(6.28318530718,35.253245078253));
#11348 = CARTESIAN_POINT('',(5.890486225481,35.361328349475));
#11349 = CARTESIAN_POINT('',(5.497787143779,35.469412482475));
#11350 = CARTESIAN_POINT('',(5.105088062079,35.552088818222));
#11351 = CARTESIAN_POINT('',(4.712388980388,35.584018243535));
#11352 = CARTESIAN_POINT('',(4.319689898692,35.552088818309));
#11353 = CARTESIAN_POINT('',(3.926990816984,35.469412482489));
#11354 = CARTESIAN_POINT('',(3.534291735289,35.361328349475));
#11355 = CARTESIAN_POINT('',(2.748893571891,35.145161807031));
#11356 = CARTESIAN_POINT('',(2.356194490193,35.037077673947));
#11357 = CARTESIAN_POINT('',(1.963495408497,34.954401338211));
#11358 = CARTESIAN_POINT('',(1.570796326789,34.92247191284));
#11359 = CARTESIAN_POINT('',(1.178097245097,34.95440133824));
#11360 = CARTESIAN_POINT('',(0.785398163397,35.037077673958));
#11361 = CARTESIAN_POINT('',(0.392699081699,35.145161807031));
#11362 = CARTESIAN_POINT('',(1.263187085796E-14,35.253245078253));
#11363 = ( GEOMETRIC_REPRESENTATION_CONTEXT(2) 
PARAMETRIC_REPRESENTATION_CONTEXT() REPRESENTATION_CONTEXT('2D SPACE',''
  ) );
#11364 = PCURVE('',#9279,#11365);
#11365 = DEFINITIONAL_REPRESENTATION('',(#11366),#11370);
#11366 = ELLIPSE('',#11367,4.508409091717,4.5);
#11367 = AXIS2_PLACEMENT_2D('',#11368,#11369);
#11368 = CARTESIAN_POINT('',(-128.1488593804,-63.11772728403));
#11369 = DIRECTION('',(0.,-1.));
#11370 = ( GEOMETRIC_REPRESENTATION_CONTEXT(2) 
PARAMETRIC_REPRESENTATION_CONTEXT() REPRESENTATION_CONTEXT('2D SPACE',''
  ) );
#11371 = ORIENTED_EDGE('',*,*,#11372,.F.);
#11372 = EDGE_CURVE('',#3435,#11336,#11373,.T.);
#11373 = SEAM_CURVE('',#11374,(#11378,#11385),.PCURVE_S1.);
#11374 = LINE('',#11375,#11376);
#11375 = CARTESIAN_POINT('',(46.5,130.,69.));
#11376 = VECTOR('',#11377,1.);
#11377 = DIRECTION('',(0.,-1.,2.22044604925E-16));
#11378 = PCURVE('',#3451,#11379);
#11379 = DEFINITIONAL_REPRESENTATION('',(#11380),#11384);
#11380 = LINE('',#11381,#11382);
#11381 = CARTESIAN_POINT('',(6.28318530718,-0.));
#11382 = VECTOR('',#11383,1.);
#11383 = DIRECTION('',(0.,1.));
#11384 = ( GEOMETRIC_REPRESENTATION_CONTEXT(2) 
PARAMETRIC_REPRESENTATION_CONTEXT() REPRESENTATION_CONTEXT('2D SPACE',''
  ) );
#11385 = PCURVE('',#3451,#11386);
#11386 = DEFINITIONAL_REPRESENTATION('',(#11387),#11391);
#11387 = LINE('',#11388,#11389);
#11388 = CARTESIAN_POINT('',(0.,-0.));
#11389 = VECTOR('',#11390,1.);
#11390 = DIRECTION('',(0.,1.));
#11391 = ( GEOMETRIC_REPRESENTATION_CONTEXT(2) 
PARAMETRIC_REPRESENTATION_CONTEXT() REPRESENTATION_CONTEXT('2D SPACE',''
  ) );
#11392 = ORIENTED_EDGE('',*,*,#3434,.F.);
#11393 = ORIENTED_EDGE('',*,*,#11372,.T.);
#11394 = ADVANCED_FACE('',(#11395),#3495,.F.);
#11395 = FACE_BOUND('',#11396,.F.);
#11396 = EDGE_LOOP('',(#11397,#11434,#11455,#11456));
#11397 = ORIENTED_EDGE('',*,*,#11398,.T.);
#11398 = EDGE_CURVE('',#11399,#11399,#11401,.T.);
#11399 = VERTEX_POINT('',#11400);
#11400 = CARTESIAN_POINT('',(25.5,94.746754921747,69.));
#11401 = SURFACE_CURVE('',#11402,(#11407,#11427),.PCURVE_S1.);
#11402 = ELLIPSE('',#11403,4.508409091717,4.5);
#11403 = AXIS2_PLACEMENT_3D('',#11404,#11405,#11406);
#11404 = CARTESIAN_POINT('',(21.,94.746754921747,69.));
#11405 = DIRECTION('',(0.,0.99813479843,-6.104853940463E-02));
#11406 = DIRECTION('',(0.,-6.104853940463E-02,-0.99813479843));
#11407 = PCURVE('',#3495,#11408);
#11408 = DEFINITIONAL_REPRESENTATION('',(#11409),#11426);
#11409 = B_SPLINE_CURVE_WITH_KNOTS('',8,(#11410,#11411,#11412,#11413,
    #11414,#11415,#11416,#11417,#11418,#11419,#11420,#11421,#11422,
    #11423,#11424,#11425),.UNSPECIFIED.,.F.,.F.,(9,7,9),(4.712388980385,
    7.853981633974,10.995574287564),.UNSPECIFIED.);
#11410 = CARTESIAN_POINT('',(6.28318530718,35.253245078253));
#11411 = CARTESIAN_POINT('',(5.890486225481,35.361328349475));
#11412 = CARTESIAN_POINT('',(5.497787143779,35.469412482475));
#11413 = CARTESIAN_POINT('',(5.105088062079,35.552088818222));
#11414 = CARTESIAN_POINT('',(4.712388980388,35.584018243535));
#11415 = CARTESIAN_POINT('',(4.319689898692,35.552088818309));
#11416 = CARTESIAN_POINT('',(3.926990816984,35.469412482489));
#11417 = CARTESIAN_POINT('',(3.534291735289,35.361328349475));
#11418 = CARTESIAN_POINT('',(2.748893571891,35.145161807031));
#11419 = CARTESIAN_POINT('',(2.356194490191,35.037077673947));
#11420 = CARTESIAN_POINT('',(1.963495408494,34.954401338211));
#11421 = CARTESIAN_POINT('',(1.570796326787,34.92247191284));
#11422 = CARTESIAN_POINT('',(1.178097245098,34.95440133824));
#11423 = CARTESIAN_POINT('',(0.785398163396,35.037077673958));
#11424 = CARTESIAN_POINT('',(0.392699081699,35.145161807031));
#11425 = CARTESIAN_POINT('',(1.263187085796E-14,35.253245078253));
#11426 = ( GEOMETRIC_REPRESENTATION_CONTEXT(2) 
PARAMETRIC_REPRESENTATION_CONTEXT() REPRESENTATION_CONTEXT('2D SPACE',''
  ) );
#11427 = PCURVE('',#9279,#11428);
#11428 = DEFINITIONAL_REPRESENTATION('',(#11429),#11433);
#11429 = ELLIPSE('',#11430,4.508409091717,4.5);
#11430 = AXIS2_PLACEMENT_2D('',#11431,#11432);
#11431 = CARTESIAN_POINT('',(-107.1488593804,-63.11772728403));
#11432 = DIRECTION('',(0.,-1.));
#11433 = ( GEOMETRIC_REPRESENTATION_CONTEXT(2) 
PARAMETRIC_REPRESENTATION_CONTEXT() REPRESENTATION_CONTEXT('2D SPACE',''
  ) );
#11434 = ORIENTED_EDGE('',*,*,#11435,.F.);
#11435 = EDGE_CURVE('',#3479,#11399,#11436,.T.);
#11436 = SEAM_CURVE('',#11437,(#11441,#11448),.PCURVE_S1.);
#11437 = LINE('',#11438,#11439);
#11438 = CARTESIAN_POINT('',(25.5,130.,69.));
#11439 = VECTOR('',#11440,1.);
#11440 = DIRECTION('',(0.,-1.,2.22044604925E-16));
#11441 = PCURVE('',#3495,#11442);
#11442 = DEFINITIONAL_REPRESENTATION('',(#11443),#11447);
#11443 = LINE('',#11444,#11445);
#11444 = CARTESIAN_POINT('',(6.28318530718,-0.));
#11445 = VECTOR('',#11446,1.);
#11446 = DIRECTION('',(0.,1.));
#11447 = ( GEOMETRIC_REPRESENTATION_CONTEXT(2) 
PARAMETRIC_REPRESENTATION_CONTEXT() REPRESENTATION_CONTEXT('2D SPACE',''
  ) );
#11448 = PCURVE('',#3495,#11449);
#11449 = DEFINITIONAL_REPRESENTATION('',(#11450),#11454);
#11450 = LINE('',#11451,#11452);
#11451 = CARTESIAN_POINT('',(0.,-0.));
#11452 = VECTOR('',#11453,1.);
#11453 = DIRECTION('',(0.,1.));
#11454 = ( GEOMETRIC_REPRESENTATION_CONTEXT(2) 
PARAMETRIC_REPRESENTATION_CONTEXT() REPRESENTATION_CONTEXT('2D SPACE',''
  ) );
#11455 = ORIENTED_EDGE('',*,*,#3478,.F.);
#11456 = ORIENTED_EDGE('',*,*,#11435,.T.);
#11457 = ADVANCED_FACE('',(#11458),#3539,.F.);
#11458 = FACE_BOUND('',#11459,.F.);
#11459 = EDGE_LOOP('',(#11460,#11497,#11518,#11519));
#11460 = ORIENTED_EDGE('',*,*,#11461,.T.);
#11461 = EDGE_CURVE('',#11462,#11462,#11464,.T.);
#11462 = VERTEX_POINT('',#11463);
#11463 = CARTESIAN_POINT('',(4.5,94.746754921747,69.));
#11464 = SURFACE_CURVE('',#11465,(#11470,#11490),.PCURVE_S1.);
#11465 = ELLIPSE('',#11466,4.508409091717,4.5);
#11466 = AXIS2_PLACEMENT_3D('',#11467,#11468,#11469);
#11467 = CARTESIAN_POINT('',(0.,94.746754921747,69.));
#11468 = DIRECTION('',(0.,0.99813479843,-6.104853940463E-02));
#11469 = DIRECTION('',(0.,-6.104853940463E-02,-0.99813479843));
#11470 = PCURVE('',#3539,#11471);
#11471 = DEFINITIONAL_REPRESENTATION('',(#11472),#11489);
#11472 = B_SPLINE_CURVE_WITH_KNOTS('',8,(#11473,#11474,#11475,#11476,
    #11477,#11478,#11479,#11480,#11481,#11482,#11483,#11484,#11485,
    #11486,#11487,#11488),.UNSPECIFIED.,.F.,.F.,(9,7,9),(4.712388980385,
    7.853981633974,10.995574287564),.UNSPECIFIED.);
#11473 = CARTESIAN_POINT('',(6.28318530718,35.253245078253));
#11474 = CARTESIAN_POINT('',(5.890486225481,35.361328349475));
#11475 = CARTESIAN_POINT('',(5.497787143775,35.469412482475));
#11476 = CARTESIAN_POINT('',(5.105088062091,35.552088818222));
#11477 = CARTESIAN_POINT('',(4.712388980377,35.584018243535));
#11478 = CARTESIAN_POINT('',(4.319689898697,35.552088818309));
#11479 = CARTESIAN_POINT('',(3.926990816981,35.469412482489));
#11480 = CARTESIAN_POINT('',(3.534291735289,35.361328349475));
#11481 = CARTESIAN_POINT('',(2.748893571891,35.145161807031));
#11482 = CARTESIAN_POINT('',(2.356194490191,35.037077673947));
#11483 = CARTESIAN_POINT('',(1.963495408494,34.954401338211));
#11484 = CARTESIAN_POINT('',(1.570796326787,34.92247191284));
#11485 = CARTESIAN_POINT('',(1.178097245098,34.95440133824));
#11486 = CARTESIAN_POINT('',(0.785398163396,35.037077673958));
#11487 = CARTESIAN_POINT('',(0.392699081699,35.145161807031));
#11488 = CARTESIAN_POINT('',(1.263187085796E-14,35.253245078253));
#11489 = ( GEOMETRIC_REPRESENTATION_CONTEXT(2) 
PARAMETRIC_REPRESENTATION_CONTEXT() REPRESENTATION_CONTEXT('2D SPACE',''
  ) );
#11490 = PCURVE('',#9279,#11491);
#11491 = DEFINITIONAL_REPRESENTATION('',(#11492),#11496);
#11492 = ELLIPSE('',#11493,4.508409091717,4.5);
#11493 = AXIS2_PLACEMENT_2D('',#11494,#11495);
#11494 = CARTESIAN_POINT('',(-86.14885938043,-63.11772728403));
#11495 = DIRECTION('',(0.,-1.));
#11496 = ( GEOMETRIC_REPRESENTATION_CONTEXT(2) 
PARAMETRIC_REPRESENTATION_CONTEXT() REPRESENTATION_CONTEXT('2D SPACE',''
  ) );
#11497 = ORIENTED_EDGE('',*,*,#11498,.F.);
#11498 = EDGE_CURVE('',#3523,#11462,#11499,.T.);
#11499 = SEAM_CURVE('',#11500,(#11504,#11511),.PCURVE_S1.);
#11500 = LINE('',#11501,#11502);
#11501 = CARTESIAN_POINT('',(4.5,130.,69.));
#11502 = VECTOR('',#11503,1.);
#11503 = DIRECTION('',(0.,-1.,2.22044604925E-16));
#11504 = PCURVE('',#3539,#11505);
#11505 = DEFINITIONAL_REPRESENTATION('',(#11506),#11510);
#11506 = LINE('',#11507,#11508);
#11507 = CARTESIAN_POINT('',(6.28318530718,-0.));
#11508 = VECTOR('',#11509,1.);
#11509 = DIRECTION('',(0.,1.));
#11510 = ( GEOMETRIC_REPRESENTATION_CONTEXT(2) 
PARAMETRIC_REPRESENTATION_CONTEXT() REPRESENTATION_CONTEXT('2D SPACE',''
  ) );
#11511 = PCURVE('',#3539,#11512);
#11512 = DEFINITIONAL_REPRESENTATION('',(#11513),#11517);
#11513 = LINE('',#11514,#11515);
#11514 = CARTESIAN_POINT('',(0.,-0.));
#11515 = VECTOR('',#11516,1.);
#11516 = DIRECTION('',(0.,1.));
#11517 = ( GEOMETRIC_REPRESENTATION_CONTEXT(2) 
PARAMETRIC_REPRESENTATION_CONTEXT() REPRESENTATION_CONTEXT('2D SPACE',''
  ) );
#11518 = ORIENTED_EDGE('',*,*,#3522,.F.);
#11519 = ORIENTED_EDGE('',*,*,#11498,.T.);
#11520 = ADVANCED_FACE('',(#11521),#3583,.F.);
#11521 = FACE_BOUND('',#11522,.F.);
#11522 = EDGE_LOOP('',(#11523,#11560,#11581,#11582));
#11523 = ORIENTED_EDGE('',*,*,#11524,.T.);
#11524 = EDGE_CURVE('',#11525,#11525,#11527,.T.);
#11525 = VERTEX_POINT('',#11526);
#11526 = CARTESIAN_POINT('',(-18.,93.462339901337,48.));
#11527 = SURFACE_CURVE('',#11528,(#11533,#11553),.PCURVE_S1.);
#11528 = ELLIPSE('',#11529,3.005606061145,3.);
#11529 = AXIS2_PLACEMENT_3D('',#11530,#11531,#11532);
#11530 = CARTESIAN_POINT('',(-21.,93.462339901337,48.));
#11531 = DIRECTION('',(0.,0.99813479843,-6.104853940463E-02));
#11532 = DIRECTION('',(0.,-6.104853940463E-02,-0.99813479843));
#11533 = PCURVE('',#3583,#11534);
#11534 = DEFINITIONAL_REPRESENTATION('',(#11535),#11552);
#11535 = B_SPLINE_CURVE_WITH_KNOTS('',8,(#11536,#11537,#11538,#11539,
    #11540,#11541,#11542,#11543,#11544,#11545,#11546,#11547,#11548,
    #11549,#11550,#11551),.UNSPECIFIED.,.F.,.F.,(9,7,9),(4.712388980385,
    7.853981633974,10.995574287564),.UNSPECIFIED.);
#11536 = CARTESIAN_POINT('',(6.28318530718,36.537660098663));
#11537 = CARTESIAN_POINT('',(5.890486225481,36.609715612811));
#11538 = CARTESIAN_POINT('',(5.497787143782,36.68177170146));
#11539 = CARTESIAN_POINT('',(5.10508806208,36.736889258842));
#11540 = CARTESIAN_POINT('',(4.712388980395,36.758175542025));
#11541 = CARTESIAN_POINT('',(4.31968989868,36.736889258842));
#11542 = CARTESIAN_POINT('',(3.926990816987,36.681771701464));
#11543 = CARTESIAN_POINT('',(3.534291735289,36.609715612811));
#11544 = CARTESIAN_POINT('',(2.748893571891,36.465604584515));
#11545 = CARTESIAN_POINT('',(2.356194490188,36.393548495787));
#11546 = CARTESIAN_POINT('',(1.963495408515,36.338430938573));
#11547 = CARTESIAN_POINT('',(1.570796326777,36.317144655128));
#11548 = CARTESIAN_POINT('',(1.178097245115,36.338430938602));
#11549 = CARTESIAN_POINT('',(0.785398163394,36.393548495784));
#11550 = CARTESIAN_POINT('',(0.392699081699,36.465604584515));
#11551 = CARTESIAN_POINT('',(1.68753899743E-14,36.537660098663));
#11552 = ( GEOMETRIC_REPRESENTATION_CONTEXT(2) 
PARAMETRIC_REPRESENTATION_CONTEXT() REPRESENTATION_CONTEXT('2D SPACE',''
  ) );
#11553 = PCURVE('',#9279,#11554);
#11554 = DEFINITIONAL_REPRESENTATION('',(#11555),#11559);
#11555 = ELLIPSE('',#11556,3.005606061145,3.);
#11556 = AXIS2_PLACEMENT_2D('',#11557,#11558);
#11557 = CARTESIAN_POINT('',(-65.14885938043,-84.15696971204));
#11558 = DIRECTION('',(0.,-1.));
#11559 = ( GEOMETRIC_REPRESENTATION_CONTEXT(2) 
PARAMETRIC_REPRESENTATION_CONTEXT() REPRESENTATION_CONTEXT('2D SPACE',''
  ) );
#11560 = ORIENTED_EDGE('',*,*,#11561,.F.);
#11561 = EDGE_CURVE('',#3567,#11525,#11562,.T.);
#11562 = SEAM_CURVE('',#11563,(#11567,#11574),.PCURVE_S1.);
#11563 = LINE('',#11564,#11565);
#11564 = CARTESIAN_POINT('',(-18.,130.,48.));
#11565 = VECTOR('',#11566,1.);
#11566 = DIRECTION('',(0.,-1.,2.22044604925E-16));
#11567 = PCURVE('',#3583,#11568);
#11568 = DEFINITIONAL_REPRESENTATION('',(#11569),#11573);
#11569 = LINE('',#11570,#11571);
#11570 = CARTESIAN_POINT('',(6.28318530718,-0.));
#11571 = VECTOR('',#11572,1.);
#11572 = DIRECTION('',(0.,1.));
#11573 = ( GEOMETRIC_REPRESENTATION_CONTEXT(2) 
PARAMETRIC_REPRESENTATION_CONTEXT() REPRESENTATION_CONTEXT('2D SPACE',''
  ) );
#11574 = PCURVE('',#3583,#11575);
#11575 = DEFINITIONAL_REPRESENTATION('',(#11576),#11580);
#11576 = LINE('',#11577,#11578);
#11577 = CARTESIAN_POINT('',(0.,-0.));
#11578 = VECTOR('',#11579,1.);
#11579 = DIRECTION('',(0.,1.));
#11580 = ( GEOMETRIC_REPRESENTATION_CONTEXT(2) 
PARAMETRIC_REPRESENTATION_CONTEXT() REPRESENTATION_CONTEXT('2D SPACE',''
  ) );
#11581 = ORIENTED_EDGE('',*,*,#3566,.F.);
#11582 = ORIENTED_EDGE('',*,*,#11561,.T.);
#11583 = ADVANCED_FACE('',(#11584),#3627,.F.);
#11584 = FACE_BOUND('',#11585,.F.);
#11585 = EDGE_LOOP('',(#11586,#11623,#11644,#11645));
#11586 = ORIENTED_EDGE('',*,*,#11587,.T.);
#11587 = EDGE_CURVE('',#11588,#11588,#11590,.T.);
#11588 = VERTEX_POINT('',#11589);
#11589 = CARTESIAN_POINT('',(-39.,93.462339901337,48.));
#11590 = SURFACE_CURVE('',#11591,(#11596,#11616),.PCURVE_S1.);
#11591 = ELLIPSE('',#11592,3.005606061145,3.);
#11592 = AXIS2_PLACEMENT_3D('',#11593,#11594,#11595);
#11593 = CARTESIAN_POINT('',(-42.,93.462339901337,48.));
#11594 = DIRECTION('',(0.,0.99813479843,-6.104853940463E-02));
#11595 = DIRECTION('',(0.,-6.104853940463E-02,-0.99813479843));
#11596 = PCURVE('',#3627,#11597);
#11597 = DEFINITIONAL_REPRESENTATION('',(#11598),#11615);
#11598 = B_SPLINE_CURVE_WITH_KNOTS('',8,(#11599,#11600,#11601,#11602,
    #11603,#11604,#11605,#11606,#11607,#11608,#11609,#11610,#11611,
    #11612,#11613,#11614),.UNSPECIFIED.,.F.,.F.,(9,7,9),(4.712388980385,
    7.853981633974,10.995574287564),.UNSPECIFIED.);
#11599 = CARTESIAN_POINT('',(6.28318530718,36.537660098663));
#11600 = CARTESIAN_POINT('',(5.890486225481,36.609715612811));
#11601 = CARTESIAN_POINT('',(5.497787143781,36.68177170146));
#11602 = CARTESIAN_POINT('',(5.105088062091,36.736889258842));
#11603 = CARTESIAN_POINT('',(4.712388980382,36.758175542025));
#11604 = CARTESIAN_POINT('',(4.319689898689,36.736889258842));
#11605 = CARTESIAN_POINT('',(3.926990816986,36.681771701464));
#11606 = CARTESIAN_POINT('',(3.534291735289,36.609715612811));
#11607 = CARTESIAN_POINT('',(2.748893571891,36.465604584515));
#11608 = CARTESIAN_POINT('',(2.356194490191,36.393548495787));
#11609 = CARTESIAN_POINT('',(1.963495408501,36.338430938573));
#11610 = CARTESIAN_POINT('',(1.570796326792,36.317144655128));
#11611 = CARTESIAN_POINT('',(1.178097245101,36.338430938602));
#11612 = CARTESIAN_POINT('',(0.785398163397,36.393548495784));
#11613 = CARTESIAN_POINT('',(0.392699081699,36.465604584515));
#11614 = CARTESIAN_POINT('',(1.68753899743E-14,36.537660098663));
#11615 = ( GEOMETRIC_REPRESENTATION_CONTEXT(2) 
PARAMETRIC_REPRESENTATION_CONTEXT() REPRESENTATION_CONTEXT('2D SPACE',''
  ) );
#11616 = PCURVE('',#9279,#11617);
#11617 = DEFINITIONAL_REPRESENTATION('',(#11618),#11622);
#11618 = ELLIPSE('',#11619,3.005606061145,3.);
#11619 = AXIS2_PLACEMENT_2D('',#11620,#11621);
#11620 = CARTESIAN_POINT('',(-44.14885938043,-84.15696971204));
#11621 = DIRECTION('',(0.,-1.));
#11622 = ( GEOMETRIC_REPRESENTATION_CONTEXT(2) 
PARAMETRIC_REPRESENTATION_CONTEXT() REPRESENTATION_CONTEXT('2D SPACE',''
  ) );
#11623 = ORIENTED_EDGE('',*,*,#11624,.F.);
#11624 = EDGE_CURVE('',#3611,#11588,#11625,.T.);
#11625 = SEAM_CURVE('',#11626,(#11630,#11637),.PCURVE_S1.);
#11626 = LINE('',#11627,#11628);
#11627 = CARTESIAN_POINT('',(-39.,130.,48.));
#11628 = VECTOR('',#11629,1.);
#11629 = DIRECTION('',(0.,-1.,2.22044604925E-16));
#11630 = PCURVE('',#3627,#11631);
#11631 = DEFINITIONAL_REPRESENTATION('',(#11632),#11636);
#11632 = LINE('',#11633,#11634);
#11633 = CARTESIAN_POINT('',(6.28318530718,-0.));
#11634 = VECTOR('',#11635,1.);
#11635 = DIRECTION('',(0.,1.));
#11636 = ( GEOMETRIC_REPRESENTATION_CONTEXT(2) 
PARAMETRIC_REPRESENTATION_CONTEXT() REPRESENTATION_CONTEXT('2D SPACE',''
  ) );
#11637 = PCURVE('',#3627,#11638);
#11638 = DEFINITIONAL_REPRESENTATION('',(#11639),#11643);
#11639 = LINE('',#11640,#11641);
#11640 = CARTESIAN_POINT('',(0.,-0.));
#11641 = VECTOR('',#11642,1.);
#11642 = DIRECTION('',(0.,1.));
#11643 = ( GEOMETRIC_REPRESENTATION_CONTEXT(2) 
PARAMETRIC_REPRESENTATION_CONTEXT() REPRESENTATION_CONTEXT('2D SPACE',''
  ) );
#11644 = ORIENTED_EDGE('',*,*,#3610,.F.);
#11645 = ORIENTED_EDGE('',*,*,#11624,.T.);
#11646 = ADVANCED_FACE('',(#11647),#3671,.F.);
#11647 = FACE_BOUND('',#11648,.F.);
#11648 = EDGE_LOOP('',(#11649,#11686,#11707,#11708));
#11649 = ORIENTED_EDGE('',*,*,#11650,.T.);
#11650 = EDGE_CURVE('',#11651,#11651,#11653,.T.);
#11651 = VERTEX_POINT('',#11652);
#11652 = CARTESIAN_POINT('',(-60.,93.462339901337,48.));
#11653 = SURFACE_CURVE('',#11654,(#11659,#11679),.PCURVE_S1.);
#11654 = ELLIPSE('',#11655,3.005606061145,3.);
#11655 = AXIS2_PLACEMENT_3D('',#11656,#11657,#11658);
#11656 = CARTESIAN_POINT('',(-63.,93.462339901337,48.));
#11657 = DIRECTION('',(0.,0.99813479843,-6.104853940463E-02));
#11658 = DIRECTION('',(0.,-6.104853940463E-02,-0.99813479843));
#11659 = PCURVE('',#3671,#11660);
#11660 = DEFINITIONAL_REPRESENTATION('',(#11661),#11678);
#11661 = B_SPLINE_CURVE_WITH_KNOTS('',8,(#11662,#11663,#11664,#11665,
    #11666,#11667,#11668,#11669,#11670,#11671,#11672,#11673,#11674,
    #11675,#11676,#11677),.UNSPECIFIED.,.F.,.F.,(9,7,9),(4.712388980385,
    7.853981633974,10.995574287564),.UNSPECIFIED.);
#11662 = CARTESIAN_POINT('',(6.28318530718,36.537660098663));
#11663 = CARTESIAN_POINT('',(5.890486225481,36.609715612811));
#11664 = CARTESIAN_POINT('',(5.497787143782,36.68177170146));
#11665 = CARTESIAN_POINT('',(5.105088062089,36.736889258842));
#11666 = CARTESIAN_POINT('',(4.712388980387,36.758175542025));
#11667 = CARTESIAN_POINT('',(4.319689898691,36.736889258842));
#11668 = CARTESIAN_POINT('',(3.926990816986,36.681771701464));
#11669 = CARTESIAN_POINT('',(3.534291735289,36.609715612811));
#11670 = CARTESIAN_POINT('',(2.748893571891,36.465604584515));
#11671 = CARTESIAN_POINT('',(2.356194490191,36.393548495787));
#11672 = CARTESIAN_POINT('',(1.963495408501,36.338430938573));
#11673 = CARTESIAN_POINT('',(1.570796326792,36.317144655128));
#11674 = CARTESIAN_POINT('',(1.178097245101,36.338430938602));
#11675 = CARTESIAN_POINT('',(0.785398163397,36.393548495784));
#11676 = CARTESIAN_POINT('',(0.392699081699,36.465604584515));
#11677 = CARTESIAN_POINT('',(1.68753899743E-14,36.537660098663));
#11678 = ( GEOMETRIC_REPRESENTATION_CONTEXT(2) 
PARAMETRIC_REPRESENTATION_CONTEXT() REPRESENTATION_CONTEXT('2D SPACE',''
  ) );
#11679 = PCURVE('',#9279,#11680);
#11680 = DEFINITIONAL_REPRESENTATION('',(#11681),#11685);
#11681 = ELLIPSE('',#11682,3.005606061145,3.);
#11682 = AXIS2_PLACEMENT_2D('',#11683,#11684);
#11683 = CARTESIAN_POINT('',(-23.14885938043,-84.15696971204));
#11684 = DIRECTION('',(0.,-1.));
#11685 = ( GEOMETRIC_REPRESENTATION_CONTEXT(2) 
PARAMETRIC_REPRESENTATION_CONTEXT() REPRESENTATION_CONTEXT('2D SPACE',''
  ) );
#11686 = ORIENTED_EDGE('',*,*,#11687,.F.);
#11687 = EDGE_CURVE('',#3655,#11651,#11688,.T.);
#11688 = SEAM_CURVE('',#11689,(#11693,#11700),.PCURVE_S1.);
#11689 = LINE('',#11690,#11691);
#11690 = CARTESIAN_POINT('',(-60.,130.,48.));
#11691 = VECTOR('',#11692,1.);
#11692 = DIRECTION('',(0.,-1.,2.22044604925E-16));
#11693 = PCURVE('',#3671,#11694);
#11694 = DEFINITIONAL_REPRESENTATION('',(#11695),#11699);
#11695 = LINE('',#11696,#11697);
#11696 = CARTESIAN_POINT('',(6.28318530718,-0.));
#11697 = VECTOR('',#11698,1.);
#11698 = DIRECTION('',(0.,1.));
#11699 = ( GEOMETRIC_REPRESENTATION_CONTEXT(2) 
PARAMETRIC_REPRESENTATION_CONTEXT() REPRESENTATION_CONTEXT('2D SPACE',''
  ) );
#11700 = PCURVE('',#3671,#11701);
#11701 = DEFINITIONAL_REPRESENTATION('',(#11702),#11706);
#11702 = LINE('',#11703,#11704);
#11703 = CARTESIAN_POINT('',(0.,-0.));
#11704 = VECTOR('',#11705,1.);
#11705 = DIRECTION('',(0.,1.));
#11706 = ( GEOMETRIC_REPRESENTATION_CONTEXT(2) 
PARAMETRIC_REPRESENTATION_CONTEXT() REPRESENTATION_CONTEXT('2D SPACE',''
  ) );
#11707 = ORIENTED_EDGE('',*,*,#3654,.F.);
#11708 = ORIENTED_EDGE('',*,*,#11687,.T.);
#11709 = ADVANCED_FACE('',(#11710),#3715,.F.);
#11710 = FACE_BOUND('',#11711,.F.);
#11711 = EDGE_LOOP('',(#11712,#11749,#11770,#11771));
#11712 = ORIENTED_EDGE('',*,*,#11713,.T.);
#11713 = EDGE_CURVE('',#11714,#11714,#11716,.T.);
#11714 = VERTEX_POINT('',#11715);
#11715 = CARTESIAN_POINT('',(-16.5,94.746754921747,69.));
#11716 = SURFACE_CURVE('',#11717,(#11722,#11742),.PCURVE_S1.);
#11717 = ELLIPSE('',#11718,4.508409091717,4.5);
#11718 = AXIS2_PLACEMENT_3D('',#11719,#11720,#11721);
#11719 = CARTESIAN_POINT('',(-21.,94.746754921747,69.));
#11720 = DIRECTION('',(0.,0.99813479843,-6.104853940463E-02));
#11721 = DIRECTION('',(0.,-6.104853940463E-02,-0.99813479843));
#11722 = PCURVE('',#3715,#11723);
#11723 = DEFINITIONAL_REPRESENTATION('',(#11724),#11741);
#11724 = B_SPLINE_CURVE_WITH_KNOTS('',8,(#11725,#11726,#11727,#11728,
    #11729,#11730,#11731,#11732,#11733,#11734,#11735,#11736,#11737,
    #11738,#11739,#11740),.UNSPECIFIED.,.F.,.F.,(9,7,9),(4.712388980385,
    7.853981633974,10.995574287564),.UNSPECIFIED.);
#11725 = CARTESIAN_POINT('',(6.28318530718,35.253245078253));
#11726 = CARTESIAN_POINT('',(5.890486225481,35.361328349475));
#11727 = CARTESIAN_POINT('',(5.497787143779,35.469412482475));
#11728 = CARTESIAN_POINT('',(5.105088062079,35.552088818222));
#11729 = CARTESIAN_POINT('',(4.712388980388,35.584018243535));
#11730 = CARTESIAN_POINT('',(4.319689898692,35.552088818309));
#11731 = CARTESIAN_POINT('',(3.926990816984,35.469412482489));
#11732 = CARTESIAN_POINT('',(3.534291735289,35.361328349475));
#11733 = CARTESIAN_POINT('',(2.748893571891,35.145161807031));
#11734 = CARTESIAN_POINT('',(2.356194490191,35.037077673947));
#11735 = CARTESIAN_POINT('',(1.963495408494,34.954401338211));
#11736 = CARTESIAN_POINT('',(1.570796326787,34.92247191284));
#11737 = CARTESIAN_POINT('',(1.178097245098,34.95440133824));
#11738 = CARTESIAN_POINT('',(0.785398163396,35.037077673958));
#11739 = CARTESIAN_POINT('',(0.392699081699,35.145161807031));
#11740 = CARTESIAN_POINT('',(1.263187085796E-14,35.253245078253));
#11741 = ( GEOMETRIC_REPRESENTATION_CONTEXT(2) 
PARAMETRIC_REPRESENTATION_CONTEXT() REPRESENTATION_CONTEXT('2D SPACE',''
  ) );
#11742 = PCURVE('',#9279,#11743);
#11743 = DEFINITIONAL_REPRESENTATION('',(#11744),#11748);
#11744 = ELLIPSE('',#11745,4.508409091717,4.5);
#11745 = AXIS2_PLACEMENT_2D('',#11746,#11747);
#11746 = CARTESIAN_POINT('',(-65.14885938043,-63.11772728403));
#11747 = DIRECTION('',(0.,-1.));
#11748 = ( GEOMETRIC_REPRESENTATION_CONTEXT(2) 
PARAMETRIC_REPRESENTATION_CONTEXT() REPRESENTATION_CONTEXT('2D SPACE',''
  ) );
#11749 = ORIENTED_EDGE('',*,*,#11750,.F.);
#11750 = EDGE_CURVE('',#3699,#11714,#11751,.T.);
#11751 = SEAM_CURVE('',#11752,(#11756,#11763),.PCURVE_S1.);
#11752 = LINE('',#11753,#11754);
#11753 = CARTESIAN_POINT('',(-16.5,130.,69.));
#11754 = VECTOR('',#11755,1.);
#11755 = DIRECTION('',(0.,-1.,2.22044604925E-16));
#11756 = PCURVE('',#3715,#11757);
#11757 = DEFINITIONAL_REPRESENTATION('',(#11758),#11762);
#11758 = LINE('',#11759,#11760);
#11759 = CARTESIAN_POINT('',(6.28318530718,-0.));
#11760 = VECTOR('',#11761,1.);
#11761 = DIRECTION('',(0.,1.));
#11762 = ( GEOMETRIC_REPRESENTATION_CONTEXT(2) 
PARAMETRIC_REPRESENTATION_CONTEXT() REPRESENTATION_CONTEXT('2D SPACE',''
  ) );
#11763 = PCURVE('',#3715,#11764);
#11764 = DEFINITIONAL_REPRESENTATION('',(#11765),#11769);
#11765 = LINE('',#11766,#11767);
#11766 = CARTESIAN_POINT('',(0.,-0.));
#11767 = VECTOR('',#11768,1.);
#11768 = DIRECTION('',(0.,1.));
#11769 = ( GEOMETRIC_REPRESENTATION_CONTEXT(2) 
PARAMETRIC_REPRESENTATION_CONTEXT() REPRESENTATION_CONTEXT('2D SPACE',''
  ) );
#11770 = ORIENTED_EDGE('',*,*,#3698,.F.);
#11771 = ORIENTED_EDGE('',*,*,#11750,.T.);
#11772 = ADVANCED_FACE('',(#11773),#3759,.F.);
#11773 = FACE_BOUND('',#11774,.F.);
#11774 = EDGE_LOOP('',(#11775,#11812,#11833,#11834));
#11775 = ORIENTED_EDGE('',*,*,#11776,.T.);
#11776 = EDGE_CURVE('',#11777,#11777,#11779,.T.);
#11777 = VERTEX_POINT('',#11778);
#11778 = CARTESIAN_POINT('',(-37.5,94.746754921747,69.));
#11779 = SURFACE_CURVE('',#11780,(#11785,#11805),.PCURVE_S1.);
#11780 = ELLIPSE('',#11781,4.508409091717,4.5);
#11781 = AXIS2_PLACEMENT_3D('',#11782,#11783,#11784);
#11782 = CARTESIAN_POINT('',(-42.,94.746754921747,69.));
#11783 = DIRECTION('',(0.,0.99813479843,-6.104853940463E-02));
#11784 = DIRECTION('',(0.,-6.104853940463E-02,-0.99813479843));
#11785 = PCURVE('',#3759,#11786);
#11786 = DEFINITIONAL_REPRESENTATION('',(#11787),#11804);
#11787 = B_SPLINE_CURVE_WITH_KNOTS('',8,(#11788,#11789,#11790,#11791,
    #11792,#11793,#11794,#11795,#11796,#11797,#11798,#11799,#11800,
    #11801,#11802,#11803),.UNSPECIFIED.,.F.,.F.,(9,7,9),(4.712388980385,
    7.853981633974,10.995574287564),.UNSPECIFIED.);
#11788 = CARTESIAN_POINT('',(6.28318530718,35.253245078253));
#11789 = CARTESIAN_POINT('',(5.890486225481,35.361328349475));
#11790 = CARTESIAN_POINT('',(5.497787143779,35.469412482475));
#11791 = CARTESIAN_POINT('',(5.105088062079,35.552088818222));
#11792 = CARTESIAN_POINT('',(4.712388980388,35.584018243535));
#11793 = CARTESIAN_POINT('',(4.319689898692,35.552088818309));
#11794 = CARTESIAN_POINT('',(3.926990816984,35.469412482489));
#11795 = CARTESIAN_POINT('',(3.534291735289,35.361328349475));
#11796 = CARTESIAN_POINT('',(2.748893571891,35.145161807031));
#11797 = CARTESIAN_POINT('',(2.356194490193,35.037077673947));
#11798 = CARTESIAN_POINT('',(1.963495408497,34.954401338211));
#11799 = CARTESIAN_POINT('',(1.570796326789,34.92247191284));
#11800 = CARTESIAN_POINT('',(1.178097245097,34.95440133824));
#11801 = CARTESIAN_POINT('',(0.785398163397,35.037077673958));
#11802 = CARTESIAN_POINT('',(0.392699081699,35.145161807031));
#11803 = CARTESIAN_POINT('',(1.263187085796E-14,35.253245078253));
#11804 = ( GEOMETRIC_REPRESENTATION_CONTEXT(2) 
PARAMETRIC_REPRESENTATION_CONTEXT() REPRESENTATION_CONTEXT('2D SPACE',''
  ) );
#11805 = PCURVE('',#9279,#11806);
#11806 = DEFINITIONAL_REPRESENTATION('',(#11807),#11811);
#11807 = ELLIPSE('',#11808,4.508409091717,4.5);
#11808 = AXIS2_PLACEMENT_2D('',#11809,#11810);
#11809 = CARTESIAN_POINT('',(-44.14885938043,-63.11772728403));
#11810 = DIRECTION('',(0.,-1.));
#11811 = ( GEOMETRIC_REPRESENTATION_CONTEXT(2) 
PARAMETRIC_REPRESENTATION_CONTEXT() REPRESENTATION_CONTEXT('2D SPACE',''
  ) );
#11812 = ORIENTED_EDGE('',*,*,#11813,.F.);
#11813 = EDGE_CURVE('',#3743,#11777,#11814,.T.);
#11814 = SEAM_CURVE('',#11815,(#11819,#11826),.PCURVE_S1.);
#11815 = LINE('',#11816,#11817);
#11816 = CARTESIAN_POINT('',(-37.5,130.,69.));
#11817 = VECTOR('',#11818,1.);
#11818 = DIRECTION('',(0.,-1.,2.22044604925E-16));
#11819 = PCURVE('',#3759,#11820);
#11820 = DEFINITIONAL_REPRESENTATION('',(#11821),#11825);
#11821 = LINE('',#11822,#11823);
#11822 = CARTESIAN_POINT('',(6.28318530718,-0.));
#11823 = VECTOR('',#11824,1.);
#11824 = DIRECTION('',(0.,1.));
#11825 = ( GEOMETRIC_REPRESENTATION_CONTEXT(2) 
PARAMETRIC_REPRESENTATION_CONTEXT() REPRESENTATION_CONTEXT('2D SPACE',''
  ) );
#11826 = PCURVE('',#3759,#11827);
#11827 = DEFINITIONAL_REPRESENTATION('',(#11828),#11832);
#11828 = LINE('',#11829,#11830);
#11829 = CARTESIAN_POINT('',(0.,-0.));
#11830 = VECTOR('',#11831,1.);
#11831 = DIRECTION('',(0.,1.));
#11832 = ( GEOMETRIC_REPRESENTATION_CONTEXT(2) 
PARAMETRIC_REPRESENTATION_CONTEXT() REPRESENTATION_CONTEXT('2D SPACE',''
  ) );
#11833 = ORIENTED_EDGE('',*,*,#3742,.F.);
#11834 = ORIENTED_EDGE('',*,*,#11813,.T.);
#11835 = ADVANCED_FACE('',(#11836),#3803,.F.);
#11836 = FACE_BOUND('',#11837,.F.);
#11837 = EDGE_LOOP('',(#11838,#11875,#11896,#11897));
#11838 = ORIENTED_EDGE('',*,*,#11839,.T.);
#11839 = EDGE_CURVE('',#11840,#11840,#11842,.T.);
#11840 = VERTEX_POINT('',#11841);
#11841 = CARTESIAN_POINT('',(-58.5,94.746754921747,69.));
#11842 = SURFACE_CURVE('',#11843,(#11848,#11868),.PCURVE_S1.);
#11843 = ELLIPSE('',#11844,4.508409091717,4.5);
#11844 = AXIS2_PLACEMENT_3D('',#11845,#11846,#11847);
#11845 = CARTESIAN_POINT('',(-63.,94.746754921747,69.));
#11846 = DIRECTION('',(0.,0.99813479843,-6.104853940463E-02));
#11847 = DIRECTION('',(0.,-6.104853940463E-02,-0.99813479843));
#11848 = PCURVE('',#3803,#11849);
#11849 = DEFINITIONAL_REPRESENTATION('',(#11850),#11867);
#11850 = B_SPLINE_CURVE_WITH_KNOTS('',8,(#11851,#11852,#11853,#11854,
    #11855,#11856,#11857,#11858,#11859,#11860,#11861,#11862,#11863,
    #11864,#11865,#11866),.UNSPECIFIED.,.F.,.F.,(9,7,9),(4.712388980385,
    7.853981633974,10.995574287564),.UNSPECIFIED.);
#11851 = CARTESIAN_POINT('',(6.28318530718,35.253245078253));
#11852 = CARTESIAN_POINT('',(5.890486225481,35.361328349475));
#11853 = CARTESIAN_POINT('',(5.497787143775,35.469412482475));
#11854 = CARTESIAN_POINT('',(5.105088062091,35.552088818222));
#11855 = CARTESIAN_POINT('',(4.712388980377,35.584018243535));
#11856 = CARTESIAN_POINT('',(4.319689898697,35.552088818309));
#11857 = CARTESIAN_POINT('',(3.926990816981,35.469412482489));
#11858 = CARTESIAN_POINT('',(3.534291735289,35.361328349475));
#11859 = CARTESIAN_POINT('',(2.748893571891,35.145161807031));
#11860 = CARTESIAN_POINT('',(2.356194490191,35.037077673947));
#11861 = CARTESIAN_POINT('',(1.963495408498,34.954401338211));
#11862 = CARTESIAN_POINT('',(1.570796326783,34.92247191284));
#11863 = CARTESIAN_POINT('',(1.178097245098,34.95440133824));
#11864 = CARTESIAN_POINT('',(0.785398163396,35.037077673958));
#11865 = CARTESIAN_POINT('',(0.392699081699,35.145161807031));
#11866 = CARTESIAN_POINT('',(1.263187085796E-14,35.253245078253));
#11867 = ( GEOMETRIC_REPRESENTATION_CONTEXT(2) 
PARAMETRIC_REPRESENTATION_CONTEXT() REPRESENTATION_CONTEXT('2D SPACE',''
  ) );
#11868 = PCURVE('',#9279,#11869);
#11869 = DEFINITIONAL_REPRESENTATION('',(#11870),#11874);
#11870 = ELLIPSE('',#11871,4.508409091717,4.5);
#11871 = AXIS2_PLACEMENT_2D('',#11872,#11873);
#11872 = CARTESIAN_POINT('',(-23.14885938043,-63.11772728403));
#11873 = DIRECTION('',(0.,-1.));
#11874 = ( GEOMETRIC_REPRESENTATION_CONTEXT(2) 
PARAMETRIC_REPRESENTATION_CONTEXT() REPRESENTATION_CONTEXT('2D SPACE',''
  ) );
#11875 = ORIENTED_EDGE('',*,*,#11876,.F.);
#11876 = EDGE_CURVE('',#3787,#11840,#11877,.T.);
#11877 = SEAM_CURVE('',#11878,(#11882,#11889),.PCURVE_S1.);
#11878 = LINE('',#11879,#11880);
#11879 = CARTESIAN_POINT('',(-58.5,130.,69.));
#11880 = VECTOR('',#11881,1.);
#11881 = DIRECTION('',(0.,-1.,2.22044604925E-16));
#11882 = PCURVE('',#3803,#11883);
#11883 = DEFINITIONAL_REPRESENTATION('',(#11884),#11888);
#11884 = LINE('',#11885,#11886);
#11885 = CARTESIAN_POINT('',(6.28318530718,-0.));
#11886 = VECTOR('',#11887,1.);
#11887 = DIRECTION('',(0.,1.));
#11888 = ( GEOMETRIC_REPRESENTATION_CONTEXT(2) 
PARAMETRIC_REPRESENTATION_CONTEXT() REPRESENTATION_CONTEXT('2D SPACE',''
  ) );
#11889 = PCURVE('',#3803,#11890);
#11890 = DEFINITIONAL_REPRESENTATION('',(#11891),#11895);
#11891 = LINE('',#11892,#11893);
#11892 = CARTESIAN_POINT('',(0.,-0.));
#11893 = VECTOR('',#11894,1.);
#11894 = DIRECTION('',(0.,1.));
#11895 = ( GEOMETRIC_REPRESENTATION_CONTEXT(2) 
PARAMETRIC_REPRESENTATION_CONTEXT() REPRESENTATION_CONTEXT('2D SPACE',''
  ) );
#11896 = ORIENTED_EDGE('',*,*,#3786,.F.);
#11897 = ORIENTED_EDGE('',*,*,#11876,.T.);
#11898 = ADVANCED_FACE('',(#11899),#3847,.F.);
#11899 = FACE_BOUND('',#11900,.F.);
#11900 = EDGE_LOOP('',(#11901,#11938,#11959,#11960));
#11901 = ORIENTED_EDGE('',*,*,#11902,.T.);
#11902 = EDGE_CURVE('',#11903,#11903,#11905,.T.);
#11903 = VERTEX_POINT('',#11904);
#11904 = CARTESIAN_POINT('',(69.,96.031169942157,90.));
#11905 = SURFACE_CURVE('',#11906,(#11911,#11931),.PCURVE_S1.);
#11906 = ELLIPSE('',#11907,6.011212122289,6.);
#11907 = AXIS2_PLACEMENT_3D('',#11908,#11909,#11910);
#11908 = CARTESIAN_POINT('',(63.,96.031169942157,90.));
#11909 = DIRECTION('',(0.,0.99813479843,-6.104853940463E-02));
#11910 = DIRECTION('',(0.,-6.104853940463E-02,-0.99813479843));
#11911 = PCURVE('',#3847,#11912);
#11912 = DEFINITIONAL_REPRESENTATION('',(#11913),#11930);
#11913 = B_SPLINE_CURVE_WITH_KNOTS('',8,(#11914,#11915,#11916,#11917,
    #11918,#11919,#11920,#11921,#11922,#11923,#11924,#11925,#11926,
    #11927,#11928,#11929),.UNSPECIFIED.,.F.,.F.,(9,7,9),(4.712388980385,
    7.853981633974,10.995574287564),.UNSPECIFIED.);
#11914 = CARTESIAN_POINT('',(6.28318530718,33.968830057843));
#11915 = CARTESIAN_POINT('',(5.890486225481,34.112941086139));
#11916 = CARTESIAN_POINT('',(5.497787143781,34.257053263471));
#11917 = CARTESIAN_POINT('',(5.105088062085,34.367288378024));
#11918 = CARTESIAN_POINT('',(4.712388980382,34.409860944754));
#11919 = CARTESIAN_POINT('',(4.319689898687,34.367288377965));
#11920 = CARTESIAN_POINT('',(3.926990816986,34.257053263471));
#11921 = CARTESIAN_POINT('',(3.534291735289,34.112941086139));
#11922 = CARTESIAN_POINT('',(2.748893571891,33.824719029547));
#11923 = CARTESIAN_POINT('',(2.356194490195,33.680606852158));
#11924 = CARTESIAN_POINT('',(1.963495408515,33.570371737704));
#11925 = CARTESIAN_POINT('',(1.570796326792,33.527799170697));
#11926 = CARTESIAN_POINT('',(1.178097245115,33.570371737776));
#11927 = CARTESIAN_POINT('',(0.785398163396,33.68060685214));
#11928 = CARTESIAN_POINT('',(0.392699081699,33.824719029547));
#11929 = CARTESIAN_POINT('',(1.68753899743E-14,33.968830057843));
#11930 = ( GEOMETRIC_REPRESENTATION_CONTEXT(2) 
PARAMETRIC_REPRESENTATION_CONTEXT() REPRESENTATION_CONTEXT('2D SPACE',''
  ) );
#11931 = PCURVE('',#9279,#11932);
#11932 = DEFINITIONAL_REPRESENTATION('',(#11933),#11937);
#11933 = ELLIPSE('',#11934,6.011212122289,6.);
#11934 = AXIS2_PLACEMENT_2D('',#11935,#11936);
#11935 = CARTESIAN_POINT('',(-149.1488593804,-42.07848485602));
#11936 = DIRECTION('',(0.,-1.));
#11937 = ( GEOMETRIC_REPRESENTATION_CONTEXT(2) 
PARAMETRIC_REPRESENTATION_CONTEXT() REPRESENTATION_CONTEXT('2D SPACE',''
  ) );
#11938 = ORIENTED_EDGE('',*,*,#11939,.F.);
#11939 = EDGE_CURVE('',#3831,#11903,#11940,.T.);
#11940 = SEAM_CURVE('',#11941,(#11945,#11952),.PCURVE_S1.);
#11941 = LINE('',#11942,#11943);
#11942 = CARTESIAN_POINT('',(69.,130.,90.));
#11943 = VECTOR('',#11944,1.);
#11944 = DIRECTION('',(0.,-1.,2.22044604925E-16));
#11945 = PCURVE('',#3847,#11946);
#11946 = DEFINITIONAL_REPRESENTATION('',(#11947),#11951);
#11947 = LINE('',#11948,#11949);
#11948 = CARTESIAN_POINT('',(6.28318530718,-0.));
#11949 = VECTOR('',#11950,1.);
#11950 = DIRECTION('',(0.,1.));
#11951 = ( GEOMETRIC_REPRESENTATION_CONTEXT(2) 
PARAMETRIC_REPRESENTATION_CONTEXT() REPRESENTATION_CONTEXT('2D SPACE',''
  ) );
#11952 = PCURVE('',#3847,#11953);
#11953 = DEFINITIONAL_REPRESENTATION('',(#11954),#11958);
#11954 = LINE('',#11955,#11956);
#11955 = CARTESIAN_POINT('',(0.,-0.));
#11956 = VECTOR('',#11957,1.);
#11957 = DIRECTION('',(0.,1.));
#11958 = ( GEOMETRIC_REPRESENTATION_CONTEXT(2) 
PARAMETRIC_REPRESENTATION_CONTEXT() REPRESENTATION_CONTEXT('2D SPACE',''
  ) );
#11959 = ORIENTED_EDGE('',*,*,#3830,.F.);
#11960 = ORIENTED_EDGE('',*,*,#11939,.T.);
#11961 = ADVANCED_FACE('',(#11962),#3891,.F.);
#11962 = FACE_BOUND('',#11963,.F.);
#11963 = EDGE_LOOP('',(#11964,#12001,#12022,#12023));
#11964 = ORIENTED_EDGE('',*,*,#11965,.T.);
#11965 = EDGE_CURVE('',#11966,#11966,#11968,.T.);
#11966 = VERTEX_POINT('',#11967);
#11967 = CARTESIAN_POINT('',(48.,96.031169942157,90.));
#11968 = SURFACE_CURVE('',#11969,(#11974,#11994),.PCURVE_S1.);
#11969 = ELLIPSE('',#11970,6.011212122289,6.);
#11970 = AXIS2_PLACEMENT_3D('',#11971,#11972,#11973);
#11971 = CARTESIAN_POINT('',(42.,96.031169942157,90.));
#11972 = DIRECTION('',(0.,0.99813479843,-6.104853940463E-02));
#11973 = DIRECTION('',(0.,-6.104853940463E-02,-0.99813479843));
#11974 = PCURVE('',#3891,#11975);
#11975 = DEFINITIONAL_REPRESENTATION('',(#11976),#11993);
#11976 = B_SPLINE_CURVE_WITH_KNOTS('',8,(#11977,#11978,#11979,#11980,
    #11981,#11982,#11983,#11984,#11985,#11986,#11987,#11988,#11989,
    #11990,#11991,#11992),.UNSPECIFIED.,.F.,.F.,(9,7,9),(4.712388980385,
    7.853981633974,10.995574287564),.UNSPECIFIED.);
#11977 = CARTESIAN_POINT('',(6.28318530718,33.968830057843));
#11978 = CARTESIAN_POINT('',(5.890486225481,34.112941086139));
#11979 = CARTESIAN_POINT('',(5.497787143782,34.257053263471));
#11980 = CARTESIAN_POINT('',(5.105088062084,34.367288378024));
#11981 = CARTESIAN_POINT('',(4.712388980385,34.409860944754));
#11982 = CARTESIAN_POINT('',(4.319689898687,34.367288377965));
#11983 = CARTESIAN_POINT('',(3.926990816987,34.257053263471));
#11984 = CARTESIAN_POINT('',(3.534291735289,34.112941086139));
#11985 = CARTESIAN_POINT('',(2.748893571891,33.824719029547));
#11986 = CARTESIAN_POINT('',(2.356194490195,33.680606852158));
#11987 = CARTESIAN_POINT('',(1.963495408515,33.570371737704));
#11988 = CARTESIAN_POINT('',(1.570796326792,33.527799170697));
#11989 = CARTESIAN_POINT('',(1.178097245115,33.570371737776));
#11990 = CARTESIAN_POINT('',(0.785398163396,33.68060685214));
#11991 = CARTESIAN_POINT('',(0.392699081699,33.824719029547));
#11992 = CARTESIAN_POINT('',(1.68753899743E-14,33.968830057843));
#11993 = ( GEOMETRIC_REPRESENTATION_CONTEXT(2) 
PARAMETRIC_REPRESENTATION_CONTEXT() REPRESENTATION_CONTEXT('2D SPACE',''
  ) );
#11994 = PCURVE('',#9279,#11995);
#11995 = DEFINITIONAL_REPRESENTATION('',(#11996),#12000);
#11996 = ELLIPSE('',#11997,6.011212122289,6.);
#11997 = AXIS2_PLACEMENT_2D('',#11998,#11999);
#11998 = CARTESIAN_POINT('',(-128.1488593804,-42.07848485602));
#11999 = DIRECTION('',(0.,-1.));
#12000 = ( GEOMETRIC_REPRESENTATION_CONTEXT(2) 
PARAMETRIC_REPRESENTATION_CONTEXT() REPRESENTATION_CONTEXT('2D SPACE',''
  ) );
#12001 = ORIENTED_EDGE('',*,*,#12002,.F.);
#12002 = EDGE_CURVE('',#3875,#11966,#12003,.T.);
#12003 = SEAM_CURVE('',#12004,(#12008,#12015),.PCURVE_S1.);
#12004 = LINE('',#12005,#12006);
#12005 = CARTESIAN_POINT('',(48.,130.,90.));
#12006 = VECTOR('',#12007,1.);
#12007 = DIRECTION('',(0.,-1.,2.22044604925E-16));
#12008 = PCURVE('',#3891,#12009);
#12009 = DEFINITIONAL_REPRESENTATION('',(#12010),#12014);
#12010 = LINE('',#12011,#12012);
#12011 = CARTESIAN_POINT('',(6.28318530718,-0.));
#12012 = VECTOR('',#12013,1.);
#12013 = DIRECTION('',(0.,1.));
#12014 = ( GEOMETRIC_REPRESENTATION_CONTEXT(2) 
PARAMETRIC_REPRESENTATION_CONTEXT() REPRESENTATION_CONTEXT('2D SPACE',''
  ) );
#12015 = PCURVE('',#3891,#12016);
#12016 = DEFINITIONAL_REPRESENTATION('',(#12017),#12021);
#12017 = LINE('',#12018,#12019);
#12018 = CARTESIAN_POINT('',(0.,-0.));
#12019 = VECTOR('',#12020,1.);
#12020 = DIRECTION('',(0.,1.));
#12021 = ( GEOMETRIC_REPRESENTATION_CONTEXT(2) 
PARAMETRIC_REPRESENTATION_CONTEXT() REPRESENTATION_CONTEXT('2D SPACE',''
  ) );
#12022 = ORIENTED_EDGE('',*,*,#3874,.F.);
#12023 = ORIENTED_EDGE('',*,*,#12002,.T.);
#12024 = ADVANCED_FACE('',(#12025),#3935,.F.);
#12025 = FACE_BOUND('',#12026,.F.);
#12026 = EDGE_LOOP('',(#12027,#12064,#12085,#12086));
#12027 = ORIENTED_EDGE('',*,*,#12028,.T.);
#12028 = EDGE_CURVE('',#12029,#12029,#12031,.T.);
#12029 = VERTEX_POINT('',#12030);
#12030 = CARTESIAN_POINT('',(27.,96.031169942157,90.));
#12031 = SURFACE_CURVE('',#12032,(#12037,#12057),.PCURVE_S1.);
#12032 = ELLIPSE('',#12033,6.011212122289,6.);
#12033 = AXIS2_PLACEMENT_3D('',#12034,#12035,#12036);
#12034 = CARTESIAN_POINT('',(21.,96.031169942157,90.));
#12035 = DIRECTION('',(0.,0.99813479843,-6.104853940463E-02));
#12036 = DIRECTION('',(0.,-6.104853940463E-02,-0.99813479843));
#12037 = PCURVE('',#3935,#12038);
#12038 = DEFINITIONAL_REPRESENTATION('',(#12039),#12056);
#12039 = B_SPLINE_CURVE_WITH_KNOTS('',8,(#12040,#12041,#12042,#12043,
    #12044,#12045,#12046,#12047,#12048,#12049,#12050,#12051,#12052,
    #12053,#12054,#12055),.UNSPECIFIED.,.F.,.F.,(9,7,9),(4.712388980385,
    7.853981633974,10.995574287564),.UNSPECIFIED.);
#12040 = CARTESIAN_POINT('',(6.28318530718,33.968830057843));
#12041 = CARTESIAN_POINT('',(5.890486225481,34.112941086139));
#12042 = CARTESIAN_POINT('',(5.497787143783,34.257053263471));
#12043 = CARTESIAN_POINT('',(5.105088062085,34.367288378024));
#12044 = CARTESIAN_POINT('',(4.712388980393,34.409860944754));
#12045 = CARTESIAN_POINT('',(4.319689898682,34.367288377965));
#12046 = CARTESIAN_POINT('',(3.926990816989,34.257053263471));
#12047 = CARTESIAN_POINT('',(3.534291735289,34.112941086139));
#12048 = CARTESIAN_POINT('',(2.748893571891,33.824719029547));
#12049 = CARTESIAN_POINT('',(2.356194490195,33.680606852158));
#12050 = CARTESIAN_POINT('',(1.963495408515,33.570371737704));
#12051 = CARTESIAN_POINT('',(1.570796326792,33.527799170697));
#12052 = CARTESIAN_POINT('',(1.178097245115,33.570371737776));
#12053 = CARTESIAN_POINT('',(0.785398163396,33.68060685214));
#12054 = CARTESIAN_POINT('',(0.392699081699,33.824719029547));
#12055 = CARTESIAN_POINT('',(1.68753899743E-14,33.968830057843));
#12056 = ( GEOMETRIC_REPRESENTATION_CONTEXT(2) 
PARAMETRIC_REPRESENTATION_CONTEXT() REPRESENTATION_CONTEXT('2D SPACE',''
  ) );
#12057 = PCURVE('',#9279,#12058);
#12058 = DEFINITIONAL_REPRESENTATION('',(#12059),#12063);
#12059 = ELLIPSE('',#12060,6.011212122289,6.);
#12060 = AXIS2_PLACEMENT_2D('',#12061,#12062);
#12061 = CARTESIAN_POINT('',(-107.1488593804,-42.07848485602));
#12062 = DIRECTION('',(0.,-1.));
#12063 = ( GEOMETRIC_REPRESENTATION_CONTEXT(2) 
PARAMETRIC_REPRESENTATION_CONTEXT() REPRESENTATION_CONTEXT('2D SPACE',''
  ) );
#12064 = ORIENTED_EDGE('',*,*,#12065,.F.);
#12065 = EDGE_CURVE('',#3919,#12029,#12066,.T.);
#12066 = SEAM_CURVE('',#12067,(#12071,#12078),.PCURVE_S1.);
#12067 = LINE('',#12068,#12069);
#12068 = CARTESIAN_POINT('',(27.,130.,90.));
#12069 = VECTOR('',#12070,1.);
#12070 = DIRECTION('',(0.,-1.,2.22044604925E-16));
#12071 = PCURVE('',#3935,#12072);
#12072 = DEFINITIONAL_REPRESENTATION('',(#12073),#12077);
#12073 = LINE('',#12074,#12075);
#12074 = CARTESIAN_POINT('',(6.28318530718,-0.));
#12075 = VECTOR('',#12076,1.);
#12076 = DIRECTION('',(0.,1.));
#12077 = ( GEOMETRIC_REPRESENTATION_CONTEXT(2) 
PARAMETRIC_REPRESENTATION_CONTEXT() REPRESENTATION_CONTEXT('2D SPACE',''
  ) );
#12078 = PCURVE('',#3935,#12079);
#12079 = DEFINITIONAL_REPRESENTATION('',(#12080),#12084);
#12080 = LINE('',#12081,#12082);
#12081 = CARTESIAN_POINT('',(0.,-0.));
#12082 = VECTOR('',#12083,1.);
#12083 = DIRECTION('',(0.,1.));
#12084 = ( GEOMETRIC_REPRESENTATION_CONTEXT(2) 
PARAMETRIC_REPRESENTATION_CONTEXT() REPRESENTATION_CONTEXT('2D SPACE',''
  ) );
#12085 = ORIENTED_EDGE('',*,*,#3918,.F.);
#12086 = ORIENTED_EDGE('',*,*,#12065,.T.);
#12087 = ADVANCED_FACE('',(#12088),#3979,.F.);
#12088 = FACE_BOUND('',#12089,.F.);
#12089 = EDGE_LOOP('',(#12090,#12127,#12148,#12149));
#12090 = ORIENTED_EDGE('',*,*,#12091,.T.);
#12091 = EDGE_CURVE('',#12092,#12092,#12094,.T.);
#12092 = VERTEX_POINT('',#12093);
#12093 = CARTESIAN_POINT('',(6.,96.031169942157,90.));
#12094 = SURFACE_CURVE('',#12095,(#12100,#12120),.PCURVE_S1.);
#12095 = ELLIPSE('',#12096,6.011212122289,6.);
#12096 = AXIS2_PLACEMENT_3D('',#12097,#12098,#12099);
#12097 = CARTESIAN_POINT('',(0.,96.031169942157,90.));
#12098 = DIRECTION('',(0.,0.99813479843,-6.104853940463E-02));
#12099 = DIRECTION('',(0.,-6.104853940463E-02,-0.99813479843));
#12100 = PCURVE('',#3979,#12101);
#12101 = DEFINITIONAL_REPRESENTATION('',(#12102),#12119);
#12102 = B_SPLINE_CURVE_WITH_KNOTS('',8,(#12103,#12104,#12105,#12106,
    #12107,#12108,#12109,#12110,#12111,#12112,#12113,#12114,#12115,
    #12116,#12117,#12118),.UNSPECIFIED.,.F.,.F.,(9,7,9),(4.712388980385,
    7.853981633974,10.995574287564),.UNSPECIFIED.);
#12103 = CARTESIAN_POINT('',(6.28318530718,33.968830057843));
#12104 = CARTESIAN_POINT('',(5.890486225481,34.112941086139));
#12105 = CARTESIAN_POINT('',(5.497787143783,34.257053263471));
#12106 = CARTESIAN_POINT('',(5.105088062086,34.367288378024));
#12107 = CARTESIAN_POINT('',(4.712388980387,34.409860944754));
#12108 = CARTESIAN_POINT('',(4.319689898686,34.367288377965));
#12109 = CARTESIAN_POINT('',(3.926990816988,34.257053263471));
#12110 = CARTESIAN_POINT('',(3.534291735289,34.112941086139));
#12111 = CARTESIAN_POINT('',(2.748893571891,33.824719029547));
#12112 = CARTESIAN_POINT('',(2.356194490195,33.680606852158));
#12113 = CARTESIAN_POINT('',(1.963495408515,33.570371737704));
#12114 = CARTESIAN_POINT('',(1.570796326792,33.527799170697));
#12115 = CARTESIAN_POINT('',(1.178097245115,33.570371737776));
#12116 = CARTESIAN_POINT('',(0.785398163396,33.68060685214));
#12117 = CARTESIAN_POINT('',(0.392699081699,33.824719029547));
#12118 = CARTESIAN_POINT('',(1.68753899743E-14,33.968830057843));
#12119 = ( GEOMETRIC_REPRESENTATION_CONTEXT(2) 
PARAMETRIC_REPRESENTATION_CONTEXT() REPRESENTATION_CONTEXT('2D SPACE',''
  ) );
#12120 = PCURVE('',#9279,#12121);
#12121 = DEFINITIONAL_REPRESENTATION('',(#12122),#12126);
#12122 = ELLIPSE('',#12123,6.011212122289,6.);
#12123 = AXIS2_PLACEMENT_2D('',#12124,#12125);
#12124 = CARTESIAN_POINT('',(-86.14885938043,-42.07848485602));
#12125 = DIRECTION('',(0.,-1.));
#12126 = ( GEOMETRIC_REPRESENTATION_CONTEXT(2) 
PARAMETRIC_REPRESENTATION_CONTEXT() REPRESENTATION_CONTEXT('2D SPACE',''
  ) );
#12127 = ORIENTED_EDGE('',*,*,#12128,.F.);
#12128 = EDGE_CURVE('',#3963,#12092,#12129,.T.);
#12129 = SEAM_CURVE('',#12130,(#12134,#12141),.PCURVE_S1.);
#12130 = LINE('',#12131,#12132);
#12131 = CARTESIAN_POINT('',(6.,130.,90.));
#12132 = VECTOR('',#12133,1.);
#12133 = DIRECTION('',(0.,-1.,2.22044604925E-16));
#12134 = PCURVE('',#3979,#12135);
#12135 = DEFINITIONAL_REPRESENTATION('',(#12136),#12140);
#12136 = LINE('',#12137,#12138);
#12137 = CARTESIAN_POINT('',(6.28318530718,-0.));
#12138 = VECTOR('',#12139,1.);
#12139 = DIRECTION('',(0.,1.));
#12140 = ( GEOMETRIC_REPRESENTATION_CONTEXT(2) 
PARAMETRIC_REPRESENTATION_CONTEXT() REPRESENTATION_CONTEXT('2D SPACE',''
  ) );
#12141 = PCURVE('',#3979,#12142);
#12142 = DEFINITIONAL_REPRESENTATION('',(#12143),#12147);
#12143 = LINE('',#12144,#12145);
#12144 = CARTESIAN_POINT('',(0.,-0.));
#12145 = VECTOR('',#12146,1.);
#12146 = DIRECTION('',(0.,1.));
#12147 = ( GEOMETRIC_REPRESENTATION_CONTEXT(2) 
PARAMETRIC_REPRESENTATION_CONTEXT() REPRESENTATION_CONTEXT('2D SPACE',''
  ) );
#12148 = ORIENTED_EDGE('',*,*,#3962,.F.);
#12149 = ORIENTED_EDGE('',*,*,#12128,.T.);
#12150 = ADVANCED_FACE('',(#12151),#4023,.F.);
#12151 = FACE_BOUND('',#12152,.F.);
#12152 = EDGE_LOOP('',(#12153,#12190,#12211,#12212));
#12153 = ORIENTED_EDGE('',*,*,#12154,.T.);
#12154 = EDGE_CURVE('',#12155,#12155,#12157,.T.);
#12155 = VERTEX_POINT('',#12156);
#12156 = CARTESIAN_POINT('',(70.5,97.315584962567,111.));
#12157 = SURFACE_CURVE('',#12158,(#12163,#12183),.PCURVE_S1.);
#12158 = ELLIPSE('',#12159,7.514015152861,7.5);
#12159 = AXIS2_PLACEMENT_3D('',#12160,#12161,#12162);
#12160 = CARTESIAN_POINT('',(63.,97.315584962567,111.));
#12161 = DIRECTION('',(0.,0.99813479843,-6.104853940463E-02));
#12162 = DIRECTION('',(0.,-6.104853940463E-02,-0.99813479843));
#12163 = PCURVE('',#4023,#12164);
#12164 = DEFINITIONAL_REPRESENTATION('',(#12165),#12182);
#12165 = B_SPLINE_CURVE_WITH_KNOTS('',8,(#12166,#12167,#12168,#12169,
    #12170,#12171,#12172,#12173,#12174,#12175,#12176,#12177,#12178,
    #12179,#12180,#12181),.UNSPECIFIED.,.F.,.F.,(9,7,9),(4.712388980385,
    7.853981633974,10.995574287564),.UNSPECIFIED.);
#12166 = CARTESIAN_POINT('',(6.28318530718,32.684415037433));
#12167 = CARTESIAN_POINT('',(5.890486225481,32.864553822803));
#12168 = CARTESIAN_POINT('',(5.497787143784,33.044694044467));
#12169 = CARTESIAN_POINT('',(5.105088062076,33.182487937665));
#12170 = CARTESIAN_POINT('',(4.712388980398,33.235703646002));
#12171 = CARTESIAN_POINT('',(4.319689898683,33.18248793768));
#12172 = CARTESIAN_POINT('',(3.926990816989,33.044694044467));
#12173 = CARTESIAN_POINT('',(3.534291735289,32.864553822803));
#12174 = CARTESIAN_POINT('',(2.748893571891,32.504276252063));
#12175 = CARTESIAN_POINT('',(2.356194490192,32.324136030384));
#12176 = CARTESIAN_POINT('',(1.963495408506,32.186342137138));
#12177 = CARTESIAN_POINT('',(1.570796326781,32.133126428671));
#12178 = CARTESIAN_POINT('',(1.178097245123,32.186342137138));
#12179 = CARTESIAN_POINT('',(0.785398163397,32.324136030373));
#12180 = CARTESIAN_POINT('',(0.392699081699,32.504276252063));
#12181 = CARTESIAN_POINT('',(1.68753899743E-14,32.684415037433));
#12182 = ( GEOMETRIC_REPRESENTATION_CONTEXT(2) 
PARAMETRIC_REPRESENTATION_CONTEXT() REPRESENTATION_CONTEXT('2D SPACE',''
  ) );
#12183 = PCURVE('',#9279,#12184);
#12184 = DEFINITIONAL_REPRESENTATION('',(#12185),#12189);
#12185 = ELLIPSE('',#12186,7.514015152861,7.5);
#12186 = AXIS2_PLACEMENT_2D('',#12187,#12188);
#12187 = CARTESIAN_POINT('',(-149.1488593804,-21.03924242801));
#12188 = DIRECTION('',(0.,-1.));
#12189 = ( GEOMETRIC_REPRESENTATION_CONTEXT(2) 
PARAMETRIC_REPRESENTATION_CONTEXT() REPRESENTATION_CONTEXT('2D SPACE',''
  ) );
#12190 = ORIENTED_EDGE('',*,*,#12191,.F.);
#12191 = EDGE_CURVE('',#4007,#12155,#12192,.T.);
#12192 = SEAM_CURVE('',#12193,(#12197,#12204),.PCURVE_S1.);
#12193 = LINE('',#12194,#12195);
#12194 = CARTESIAN_POINT('',(70.5,130.,111.));
#12195 = VECTOR('',#12196,1.);
#12196 = DIRECTION('',(0.,-1.,2.22044604925E-16));
#12197 = PCURVE('',#4023,#12198);
#12198 = DEFINITIONAL_REPRESENTATION('',(#12199),#12203);
#12199 = LINE('',#12200,#12201);
#12200 = CARTESIAN_POINT('',(6.28318530718,-0.));
#12201 = VECTOR('',#12202,1.);
#12202 = DIRECTION('',(0.,1.));
#12203 = ( GEOMETRIC_REPRESENTATION_CONTEXT(2) 
PARAMETRIC_REPRESENTATION_CONTEXT() REPRESENTATION_CONTEXT('2D SPACE',''
  ) );
#12204 = PCURVE('',#4023,#12205);
#12205 = DEFINITIONAL_REPRESENTATION('',(#12206),#12210);
#12206 = LINE('',#12207,#12208);
#12207 = CARTESIAN_POINT('',(0.,-0.));
#12208 = VECTOR('',#12209,1.);
#12209 = DIRECTION('',(0.,1.));
#12210 = ( GEOMETRIC_REPRESENTATION_CONTEXT(2) 
PARAMETRIC_REPRESENTATION_CONTEXT() REPRESENTATION_CONTEXT('2D SPACE',''
  ) );
#12211 = ORIENTED_EDGE('',*,*,#4006,.F.);
#12212 = ORIENTED_EDGE('',*,*,#12191,.T.);
#12213 = ADVANCED_FACE('',(#12214),#4067,.F.);
#12214 = FACE_BOUND('',#12215,.F.);
#12215 = EDGE_LOOP('',(#12216,#12253,#12274,#12275));
#12216 = ORIENTED_EDGE('',*,*,#12217,.T.);
#12217 = EDGE_CURVE('',#12218,#12218,#12220,.T.);
#12218 = VERTEX_POINT('',#12219);
#12219 = CARTESIAN_POINT('',(49.5,97.315584962567,111.));
#12220 = SURFACE_CURVE('',#12221,(#12226,#12246),.PCURVE_S1.);
#12221 = ELLIPSE('',#12222,7.514015152861,7.5);
#12222 = AXIS2_PLACEMENT_3D('',#12223,#12224,#12225);
#12223 = CARTESIAN_POINT('',(42.,97.315584962567,111.));
#12224 = DIRECTION('',(0.,0.99813479843,-6.104853940463E-02));
#12225 = DIRECTION('',(0.,-6.104853940463E-02,-0.99813479843));
#12226 = PCURVE('',#4067,#12227);
#12227 = DEFINITIONAL_REPRESENTATION('',(#12228),#12245);
#12228 = B_SPLINE_CURVE_WITH_KNOTS('',8,(#12229,#12230,#12231,#12232,
    #12233,#12234,#12235,#12236,#12237,#12238,#12239,#12240,#12241,
    #12242,#12243,#12244),.UNSPECIFIED.,.F.,.F.,(9,7,9),(4.712388980385,
    7.853981633974,10.995574287564),.UNSPECIFIED.);
#12229 = CARTESIAN_POINT('',(6.28318530718,32.684415037433));
#12230 = CARTESIAN_POINT('',(5.890486225481,32.864553822803));
#12231 = CARTESIAN_POINT('',(5.497787143783,33.044694044467));
#12232 = CARTESIAN_POINT('',(5.105088062084,33.182487937665));
#12233 = CARTESIAN_POINT('',(4.712388980389,33.235703646002));
#12234 = CARTESIAN_POINT('',(4.319689898689,33.18248793768));
#12235 = CARTESIAN_POINT('',(3.926990816988,33.044694044467));
#12236 = CARTESIAN_POINT('',(3.534291735289,32.864553822803));
#12237 = CARTESIAN_POINT('',(2.748893571891,32.504276252063));
#12238 = CARTESIAN_POINT('',(2.356194490192,32.324136030384));
#12239 = CARTESIAN_POINT('',(1.963495408506,32.186342137138));
#12240 = CARTESIAN_POINT('',(1.570796326781,32.133126428671));
#12241 = CARTESIAN_POINT('',(1.178097245123,32.186342137138));
#12242 = CARTESIAN_POINT('',(0.785398163397,32.324136030373));
#12243 = CARTESIAN_POINT('',(0.392699081699,32.504276252063));
#12244 = CARTESIAN_POINT('',(1.68753899743E-14,32.684415037433));
#12245 = ( GEOMETRIC_REPRESENTATION_CONTEXT(2) 
PARAMETRIC_REPRESENTATION_CONTEXT() REPRESENTATION_CONTEXT('2D SPACE',''
  ) );
#12246 = PCURVE('',#9279,#12247);
#12247 = DEFINITIONAL_REPRESENTATION('',(#12248),#12252);
#12248 = ELLIPSE('',#12249,7.514015152861,7.5);
#12249 = AXIS2_PLACEMENT_2D('',#12250,#12251);
#12250 = CARTESIAN_POINT('',(-128.1488593804,-21.03924242801));
#12251 = DIRECTION('',(0.,-1.));
#12252 = ( GEOMETRIC_REPRESENTATION_CONTEXT(2) 
PARAMETRIC_REPRESENTATION_CONTEXT() REPRESENTATION_CONTEXT('2D SPACE',''
  ) );
#12253 = ORIENTED_EDGE('',*,*,#12254,.F.);
#12254 = EDGE_CURVE('',#4051,#12218,#12255,.T.);
#12255 = SEAM_CURVE('',#12256,(#12260,#12267),.PCURVE_S1.);
#12256 = LINE('',#12257,#12258);
#12257 = CARTESIAN_POINT('',(49.5,130.,111.));
#12258 = VECTOR('',#12259,1.);
#12259 = DIRECTION('',(0.,-1.,2.22044604925E-16));
#12260 = PCURVE('',#4067,#12261);
#12261 = DEFINITIONAL_REPRESENTATION('',(#12262),#12266);
#12262 = LINE('',#12263,#12264);
#12263 = CARTESIAN_POINT('',(6.28318530718,-0.));
#12264 = VECTOR('',#12265,1.);
#12265 = DIRECTION('',(0.,1.));
#12266 = ( GEOMETRIC_REPRESENTATION_CONTEXT(2) 
PARAMETRIC_REPRESENTATION_CONTEXT() REPRESENTATION_CONTEXT('2D SPACE',''
  ) );
#12267 = PCURVE('',#4067,#12268);
#12268 = DEFINITIONAL_REPRESENTATION('',(#12269),#12273);
#12269 = LINE('',#12270,#12271);
#12270 = CARTESIAN_POINT('',(0.,-0.));
#12271 = VECTOR('',#12272,1.);
#12272 = DIRECTION('',(0.,1.));
#12273 = ( GEOMETRIC_REPRESENTATION_CONTEXT(2) 
PARAMETRIC_REPRESENTATION_CONTEXT() REPRESENTATION_CONTEXT('2D SPACE',''
  ) );
#12274 = ORIENTED_EDGE('',*,*,#4050,.F.);
#12275 = ORIENTED_EDGE('',*,*,#12254,.T.);
#12276 = ADVANCED_FACE('',(#12277),#4111,.F.);
#12277 = FACE_BOUND('',#12278,.F.);
#12278 = EDGE_LOOP('',(#12279,#12316,#12337,#12338));
#12279 = ORIENTED_EDGE('',*,*,#12280,.T.);
#12280 = EDGE_CURVE('',#12281,#12281,#12283,.T.);
#12281 = VERTEX_POINT('',#12282);
#12282 = CARTESIAN_POINT('',(28.5,97.315584962567,111.));
#12283 = SURFACE_CURVE('',#12284,(#12289,#12309),.PCURVE_S1.);
#12284 = ELLIPSE('',#12285,7.514015152861,7.5);
#12285 = AXIS2_PLACEMENT_3D('',#12286,#12287,#12288);
#12286 = CARTESIAN_POINT('',(21.,97.315584962567,111.));
#12287 = DIRECTION('',(0.,0.99813479843,-6.104853940463E-02));
#12288 = DIRECTION('',(0.,-6.104853940463E-02,-0.99813479843));
#12289 = PCURVE('',#4111,#12290);
#12290 = DEFINITIONAL_REPRESENTATION('',(#12291),#12308);
#12291 = B_SPLINE_CURVE_WITH_KNOTS('',8,(#12292,#12293,#12294,#12295,
    #12296,#12297,#12298,#12299,#12300,#12301,#12302,#12303,#12304,
    #12305,#12306,#12307),.UNSPECIFIED.,.F.,.F.,(9,7,9),(4.712388980385,
    7.853981633974,10.995574287564),.UNSPECIFIED.);
#12292 = CARTESIAN_POINT('',(6.28318530718,32.684415037433));
#12293 = CARTESIAN_POINT('',(5.890486225481,32.864553822803));
#12294 = CARTESIAN_POINT('',(5.497787143783,33.044694044467));
#12295 = CARTESIAN_POINT('',(5.105088062084,33.182487937665));
#12296 = CARTESIAN_POINT('',(4.712388980389,33.235703646002));
#12297 = CARTESIAN_POINT('',(4.319689898689,33.18248793768));
#12298 = CARTESIAN_POINT('',(3.926990816988,33.044694044467));
#12299 = CARTESIAN_POINT('',(3.534291735289,32.864553822803));
#12300 = CARTESIAN_POINT('',(2.748893571891,32.504276252063));
#12301 = CARTESIAN_POINT('',(2.356194490193,32.324136030384));
#12302 = CARTESIAN_POINT('',(1.963495408515,32.186342137138));
#12303 = CARTESIAN_POINT('',(1.570796326792,32.133126428671));
#12304 = CARTESIAN_POINT('',(1.178097245123,32.186342137138));
#12305 = CARTESIAN_POINT('',(0.785398163396,32.324136030373));
#12306 = CARTESIAN_POINT('',(0.392699081699,32.504276252063));
#12307 = CARTESIAN_POINT('',(1.68753899743E-14,32.684415037433));
#12308 = ( GEOMETRIC_REPRESENTATION_CONTEXT(2) 
PARAMETRIC_REPRESENTATION_CONTEXT() REPRESENTATION_CONTEXT('2D SPACE',''
  ) );
#12309 = PCURVE('',#9279,#12310);
#12310 = DEFINITIONAL_REPRESENTATION('',(#12311),#12315);
#12311 = ELLIPSE('',#12312,7.514015152861,7.5);
#12312 = AXIS2_PLACEMENT_2D('',#12313,#12314);
#12313 = CARTESIAN_POINT('',(-107.1488593804,-21.03924242801));
#12314 = DIRECTION('',(0.,-1.));
#12315 = ( GEOMETRIC_REPRESENTATION_CONTEXT(2) 
PARAMETRIC_REPRESENTATION_CONTEXT() REPRESENTATION_CONTEXT('2D SPACE',''
  ) );
#12316 = ORIENTED_EDGE('',*,*,#12317,.F.);
#12317 = EDGE_CURVE('',#4095,#12281,#12318,.T.);
#12318 = SEAM_CURVE('',#12319,(#12323,#12330),.PCURVE_S1.);
#12319 = LINE('',#12320,#12321);
#12320 = CARTESIAN_POINT('',(28.5,130.,111.));
#12321 = VECTOR('',#12322,1.);
#12322 = DIRECTION('',(0.,-1.,2.22044604925E-16));
#12323 = PCURVE('',#4111,#12324);
#12324 = DEFINITIONAL_REPRESENTATION('',(#12325),#12329);
#12325 = LINE('',#12326,#12327);
#12326 = CARTESIAN_POINT('',(6.28318530718,-0.));
#12327 = VECTOR('',#12328,1.);
#12328 = DIRECTION('',(0.,1.));
#12329 = ( GEOMETRIC_REPRESENTATION_CONTEXT(2) 
PARAMETRIC_REPRESENTATION_CONTEXT() REPRESENTATION_CONTEXT('2D SPACE',''
  ) );
#12330 = PCURVE('',#4111,#12331);
#12331 = DEFINITIONAL_REPRESENTATION('',(#12332),#12336);
#12332 = LINE('',#12333,#12334);
#12333 = CARTESIAN_POINT('',(0.,-0.));
#12334 = VECTOR('',#12335,1.);
#12335 = DIRECTION('',(0.,1.));
#12336 = ( GEOMETRIC_REPRESENTATION_CONTEXT(2) 
PARAMETRIC_REPRESENTATION_CONTEXT() REPRESENTATION_CONTEXT('2D SPACE',''
  ) );
#12337 = ORIENTED_EDGE('',*,*,#4094,.F.);
#12338 = ORIENTED_EDGE('',*,*,#12317,.T.);
#12339 = ADVANCED_FACE('',(#12340),#4155,.F.);
#12340 = FACE_BOUND('',#12341,.F.);
#12341 = EDGE_LOOP('',(#12342,#12379,#12400,#12401));
#12342 = ORIENTED_EDGE('',*,*,#12343,.T.);
#12343 = EDGE_CURVE('',#12344,#12344,#12346,.T.);
#12344 = VERTEX_POINT('',#12345);
#12345 = CARTESIAN_POINT('',(7.5,97.315584962567,111.));
#12346 = SURFACE_CURVE('',#12347,(#12352,#12372),.PCURVE_S1.);
#12347 = ELLIPSE('',#12348,7.514015152861,7.5);
#12348 = AXIS2_PLACEMENT_3D('',#12349,#12350,#12351);
#12349 = CARTESIAN_POINT('',(0.,97.315584962567,111.));
#12350 = DIRECTION('',(0.,0.99813479843,-6.104853940463E-02));
#12351 = DIRECTION('',(0.,-6.104853940463E-02,-0.99813479843));
#12352 = PCURVE('',#4155,#12353);
#12353 = DEFINITIONAL_REPRESENTATION('',(#12354),#12371);
#12354 = B_SPLINE_CURVE_WITH_KNOTS('',8,(#12355,#12356,#12357,#12358,
    #12359,#12360,#12361,#12362,#12363,#12364,#12365,#12366,#12367,
    #12368,#12369,#12370),.UNSPECIFIED.,.F.,.F.,(9,7,9),(4.712388980385,
    7.853981633974,10.995574287564),.UNSPECIFIED.);
#12355 = CARTESIAN_POINT('',(6.28318530718,32.684415037433));
#12356 = CARTESIAN_POINT('',(5.890486225481,32.864553822803));
#12357 = CARTESIAN_POINT('',(5.497787143783,33.044694044467));
#12358 = CARTESIAN_POINT('',(5.105088062084,33.182487937665));
#12359 = CARTESIAN_POINT('',(4.712388980389,33.235703646002));
#12360 = CARTESIAN_POINT('',(4.319689898689,33.18248793768));
#12361 = CARTESIAN_POINT('',(3.926990816988,33.044694044467));
#12362 = CARTESIAN_POINT('',(3.534291735289,32.864553822803));
#12363 = CARTESIAN_POINT('',(2.748893571891,32.504276252063));
#12364 = CARTESIAN_POINT('',(2.356194490193,32.324136030384));
#12365 = CARTESIAN_POINT('',(1.963495408515,32.186342137138));
#12366 = CARTESIAN_POINT('',(1.570796326792,32.133126428671));
#12367 = CARTESIAN_POINT('',(1.178097245123,32.186342137138));
#12368 = CARTESIAN_POINT('',(0.785398163396,32.324136030373));
#12369 = CARTESIAN_POINT('',(0.392699081699,32.504276252063));
#12370 = CARTESIAN_POINT('',(1.68753899743E-14,32.684415037433));
#12371 = ( GEOMETRIC_REPRESENTATION_CONTEXT(2) 
PARAMETRIC_REPRESENTATION_CONTEXT() REPRESENTATION_CONTEXT('2D SPACE',''
  ) );
#12372 = PCURVE('',#9279,#12373);
#12373 = DEFINITIONAL_REPRESENTATION('',(#12374),#12378);
#12374 = ELLIPSE('',#12375,7.514015152861,7.5);
#12375 = AXIS2_PLACEMENT_2D('',#12376,#12377);
#12376 = CARTESIAN_POINT('',(-86.14885938043,-21.03924242801));
#12377 = DIRECTION('',(0.,-1.));
#12378 = ( GEOMETRIC_REPRESENTATION_CONTEXT(2) 
PARAMETRIC_REPRESENTATION_CONTEXT() REPRESENTATION_CONTEXT('2D SPACE',''
  ) );
#12379 = ORIENTED_EDGE('',*,*,#12380,.F.);
#12380 = EDGE_CURVE('',#4139,#12344,#12381,.T.);
#12381 = SEAM_CURVE('',#12382,(#12386,#12393),.PCURVE_S1.);
#12382 = LINE('',#12383,#12384);
#12383 = CARTESIAN_POINT('',(7.5,130.,111.));
#12384 = VECTOR('',#12385,1.);
#12385 = DIRECTION('',(0.,-1.,2.22044604925E-16));
#12386 = PCURVE('',#4155,#12387);
#12387 = DEFINITIONAL_REPRESENTATION('',(#12388),#12392);
#12388 = LINE('',#12389,#12390);
#12389 = CARTESIAN_POINT('',(6.28318530718,-0.));
#12390 = VECTOR('',#12391,1.);
#12391 = DIRECTION('',(0.,1.));
#12392 = ( GEOMETRIC_REPRESENTATION_CONTEXT(2) 
PARAMETRIC_REPRESENTATION_CONTEXT() REPRESENTATION_CONTEXT('2D SPACE',''
  ) );
#12393 = PCURVE('',#4155,#12394);
#12394 = DEFINITIONAL_REPRESENTATION('',(#12395),#12399);
#12395 = LINE('',#12396,#12397);
#12396 = CARTESIAN_POINT('',(0.,-0.));
#12397 = VECTOR('',#12398,1.);
#12398 = DIRECTION('',(0.,1.));
#12399 = ( GEOMETRIC_REPRESENTATION_CONTEXT(2) 
PARAMETRIC_REPRESENTATION_CONTEXT() REPRESENTATION_CONTEXT('2D SPACE',''
  ) );
#12400 = ORIENTED_EDGE('',*,*,#4138,.F.);
#12401 = ORIENTED_EDGE('',*,*,#12380,.T.);
#12402 = ADVANCED_FACE('',(#12403),#4199,.F.);
#12403 = FACE_BOUND('',#12404,.F.);
#12404 = EDGE_LOOP('',(#12405,#12442,#12463,#12464));
#12405 = ORIENTED_EDGE('',*,*,#12406,.T.);
#12406 = EDGE_CURVE('',#12407,#12407,#12409,.T.);
#12407 = VERTEX_POINT('',#12408);
#12408 = CARTESIAN_POINT('',(-15.,96.031169942157,90.));
#12409 = SURFACE_CURVE('',#12410,(#12415,#12435),.PCURVE_S1.);
#12410 = ELLIPSE('',#12411,6.011212122289,6.);
#12411 = AXIS2_PLACEMENT_3D('',#12412,#12413,#12414);
#12412 = CARTESIAN_POINT('',(-21.,96.031169942157,90.));
#12413 = DIRECTION('',(0.,0.99813479843,-6.104853940463E-02));
#12414 = DIRECTION('',(0.,-6.104853940463E-02,-0.99813479843));
#12415 = PCURVE('',#4199,#12416);
#12416 = DEFINITIONAL_REPRESENTATION('',(#12417),#12434);
#12417 = B_SPLINE_CURVE_WITH_KNOTS('',8,(#12418,#12419,#12420,#12421,
    #12422,#12423,#12424,#12425,#12426,#12427,#12428,#12429,#12430,
    #12431,#12432,#12433),.UNSPECIFIED.,.F.,.F.,(9,7,9),(4.712388980385,
    7.853981633974,10.995574287564),.UNSPECIFIED.);
#12418 = CARTESIAN_POINT('',(6.28318530718,33.968830057843));
#12419 = CARTESIAN_POINT('',(5.890486225481,34.112941086139));
#12420 = CARTESIAN_POINT('',(5.497787143783,34.257053263471));
#12421 = CARTESIAN_POINT('',(5.105088062084,34.367288378024));
#12422 = CARTESIAN_POINT('',(4.712388980389,34.409860944754));
#12423 = CARTESIAN_POINT('',(4.319689898686,34.367288377965));
#12424 = CARTESIAN_POINT('',(3.926990816989,34.257053263471));
#12425 = CARTESIAN_POINT('',(3.534291735289,34.112941086139));
#12426 = CARTESIAN_POINT('',(2.748893571891,33.824719029547));
#12427 = CARTESIAN_POINT('',(2.356194490195,33.680606852158));
#12428 = CARTESIAN_POINT('',(1.963495408515,33.570371737704));
#12429 = CARTESIAN_POINT('',(1.570796326792,33.527799170697));
#12430 = CARTESIAN_POINT('',(1.178097245115,33.570371737776));
#12431 = CARTESIAN_POINT('',(0.785398163396,33.68060685214));
#12432 = CARTESIAN_POINT('',(0.392699081699,33.824719029547));
#12433 = CARTESIAN_POINT('',(1.68753899743E-14,33.968830057843));
#12434 = ( GEOMETRIC_REPRESENTATION_CONTEXT(2) 
PARAMETRIC_REPRESENTATION_CONTEXT() REPRESENTATION_CONTEXT('2D SPACE',''
  ) );
#12435 = PCURVE('',#9279,#12436);
#12436 = DEFINITIONAL_REPRESENTATION('',(#12437),#12441);
#12437 = ELLIPSE('',#12438,6.011212122289,6.);
#12438 = AXIS2_PLACEMENT_2D('',#12439,#12440);
#12439 = CARTESIAN_POINT('',(-65.14885938043,-42.07848485602));
#12440 = DIRECTION('',(0.,-1.));
#12441 = ( GEOMETRIC_REPRESENTATION_CONTEXT(2) 
PARAMETRIC_REPRESENTATION_CONTEXT() REPRESENTATION_CONTEXT('2D SPACE',''
  ) );
#12442 = ORIENTED_EDGE('',*,*,#12443,.F.);
#12443 = EDGE_CURVE('',#4183,#12407,#12444,.T.);
#12444 = SEAM_CURVE('',#12445,(#12449,#12456),.PCURVE_S1.);
#12445 = LINE('',#12446,#12447);
#12446 = CARTESIAN_POINT('',(-15.,130.,90.));
#12447 = VECTOR('',#12448,1.);
#12448 = DIRECTION('',(0.,-1.,2.22044604925E-16));
#12449 = PCURVE('',#4199,#12450);
#12450 = DEFINITIONAL_REPRESENTATION('',(#12451),#12455);
#12451 = LINE('',#12452,#12453);
#12452 = CARTESIAN_POINT('',(6.28318530718,-0.));
#12453 = VECTOR('',#12454,1.);
#12454 = DIRECTION('',(0.,1.));
#12455 = ( GEOMETRIC_REPRESENTATION_CONTEXT(2) 
PARAMETRIC_REPRESENTATION_CONTEXT() REPRESENTATION_CONTEXT('2D SPACE',''
  ) );
#12456 = PCURVE('',#4199,#12457);
#12457 = DEFINITIONAL_REPRESENTATION('',(#12458),#12462);
#12458 = LINE('',#12459,#12460);
#12459 = CARTESIAN_POINT('',(0.,-0.));
#12460 = VECTOR('',#12461,1.);
#12461 = DIRECTION('',(0.,1.));
#12462 = ( GEOMETRIC_REPRESENTATION_CONTEXT(2) 
PARAMETRIC_REPRESENTATION_CONTEXT() REPRESENTATION_CONTEXT('2D SPACE',''
  ) );
#12463 = ORIENTED_EDGE('',*,*,#4182,.F.);
#12464 = ORIENTED_EDGE('',*,*,#12443,.T.);
#12465 = ADVANCED_FACE('',(#12466),#4243,.F.);
#12466 = FACE_BOUND('',#12467,.F.);
#12467 = EDGE_LOOP('',(#12468,#12505,#12526,#12527));
#12468 = ORIENTED_EDGE('',*,*,#12469,.T.);
#12469 = EDGE_CURVE('',#12470,#12470,#12472,.T.);
#12470 = VERTEX_POINT('',#12471);
#12471 = CARTESIAN_POINT('',(-36.,96.031169942157,90.));
#12472 = SURFACE_CURVE('',#12473,(#12478,#12498),.PCURVE_S1.);
#12473 = ELLIPSE('',#12474,6.011212122289,6.);
#12474 = AXIS2_PLACEMENT_3D('',#12475,#12476,#12477);
#12475 = CARTESIAN_POINT('',(-42.,96.031169942157,90.));
#12476 = DIRECTION('',(0.,0.99813479843,-6.104853940463E-02));
#12477 = DIRECTION('',(0.,-6.104853940463E-02,-0.99813479843));
#12478 = PCURVE('',#4243,#12479);
#12479 = DEFINITIONAL_REPRESENTATION('',(#12480),#12497);
#12480 = B_SPLINE_CURVE_WITH_KNOTS('',8,(#12481,#12482,#12483,#12484,
    #12485,#12486,#12487,#12488,#12489,#12490,#12491,#12492,#12493,
    #12494,#12495,#12496),.UNSPECIFIED.,.F.,.F.,(9,7,9),(4.712388980385,
    7.853981633974,10.995574287564),.UNSPECIFIED.);
#12481 = CARTESIAN_POINT('',(6.28318530718,33.968830057843));
#12482 = CARTESIAN_POINT('',(5.890486225481,34.112941086139));
#12483 = CARTESIAN_POINT('',(5.497787143782,34.257053263471));
#12484 = CARTESIAN_POINT('',(5.105088062084,34.367288378024));
#12485 = CARTESIAN_POINT('',(4.712388980385,34.409860944754));
#12486 = CARTESIAN_POINT('',(4.319689898687,34.367288377965));
#12487 = CARTESIAN_POINT('',(3.926990816987,34.257053263471));
#12488 = CARTESIAN_POINT('',(3.534291735289,34.112941086139));
#12489 = CARTESIAN_POINT('',(2.748893571891,33.824719029547));
#12490 = CARTESIAN_POINT('',(2.356194490195,33.680606852158));
#12491 = CARTESIAN_POINT('',(1.963495408515,33.570371737704));
#12492 = CARTESIAN_POINT('',(1.570796326792,33.527799170697));
#12493 = CARTESIAN_POINT('',(1.178097245115,33.570371737776));
#12494 = CARTESIAN_POINT('',(0.785398163396,33.68060685214));
#12495 = CARTESIAN_POINT('',(0.392699081699,33.824719029547));
#12496 = CARTESIAN_POINT('',(1.68753899743E-14,33.968830057843));
#12497 = ( GEOMETRIC_REPRESENTATION_CONTEXT(2) 
PARAMETRIC_REPRESENTATION_CONTEXT() REPRESENTATION_CONTEXT('2D SPACE',''
  ) );
#12498 = PCURVE('',#9279,#12499);
#12499 = DEFINITIONAL_REPRESENTATION('',(#12500),#12504);
#12500 = ELLIPSE('',#12501,6.011212122289,6.);
#12501 = AXIS2_PLACEMENT_2D('',#12502,#12503);
#12502 = CARTESIAN_POINT('',(-44.14885938043,-42.07848485602));
#12503 = DIRECTION('',(0.,-1.));
#12504 = ( GEOMETRIC_REPRESENTATION_CONTEXT(2) 
PARAMETRIC_REPRESENTATION_CONTEXT() REPRESENTATION_CONTEXT('2D SPACE',''
  ) );
#12505 = ORIENTED_EDGE('',*,*,#12506,.F.);
#12506 = EDGE_CURVE('',#4227,#12470,#12507,.T.);
#12507 = SEAM_CURVE('',#12508,(#12512,#12519),.PCURVE_S1.);
#12508 = LINE('',#12509,#12510);
#12509 = CARTESIAN_POINT('',(-36.,130.,90.));
#12510 = VECTOR('',#12511,1.);
#12511 = DIRECTION('',(0.,-1.,2.22044604925E-16));
#12512 = PCURVE('',#4243,#12513);
#12513 = DEFINITIONAL_REPRESENTATION('',(#12514),#12518);
#12514 = LINE('',#12515,#12516);
#12515 = CARTESIAN_POINT('',(6.28318530718,-0.));
#12516 = VECTOR('',#12517,1.);
#12517 = DIRECTION('',(0.,1.));
#12518 = ( GEOMETRIC_REPRESENTATION_CONTEXT(2) 
PARAMETRIC_REPRESENTATION_CONTEXT() REPRESENTATION_CONTEXT('2D SPACE',''
  ) );
#12519 = PCURVE('',#4243,#12520);
#12520 = DEFINITIONAL_REPRESENTATION('',(#12521),#12525);
#12521 = LINE('',#12522,#12523);
#12522 = CARTESIAN_POINT('',(0.,-0.));
#12523 = VECTOR('',#12524,1.);
#12524 = DIRECTION('',(0.,1.));
#12525 = ( GEOMETRIC_REPRESENTATION_CONTEXT(2) 
PARAMETRIC_REPRESENTATION_CONTEXT() REPRESENTATION_CONTEXT('2D SPACE',''
  ) );
#12526 = ORIENTED_EDGE('',*,*,#4226,.F.);
#12527 = ORIENTED_EDGE('',*,*,#12506,.T.);
#12528 = ADVANCED_FACE('',(#12529),#4287,.F.);
#12529 = FACE_BOUND('',#12530,.F.);
#12530 = EDGE_LOOP('',(#12531,#12568,#12589,#12590));
#12531 = ORIENTED_EDGE('',*,*,#12532,.T.);
#12532 = EDGE_CURVE('',#12533,#12533,#12535,.T.);
#12533 = VERTEX_POINT('',#12534);
#12534 = CARTESIAN_POINT('',(-57.,96.031169942157,90.));
#12535 = SURFACE_CURVE('',#12536,(#12541,#12561),.PCURVE_S1.);
#12536 = ELLIPSE('',#12537,6.011212122289,6.);
#12537 = AXIS2_PLACEMENT_3D('',#12538,#12539,#12540);
#12538 = CARTESIAN_POINT('',(-63.,96.031169942157,90.));
#12539 = DIRECTION('',(0.,0.99813479843,-6.104853940463E-02));
#12540 = DIRECTION('',(0.,-6.104853940463E-02,-0.99813479843));
#12541 = PCURVE('',#4287,#12542);
#12542 = DEFINITIONAL_REPRESENTATION('',(#12543),#12560);
#12543 = B_SPLINE_CURVE_WITH_KNOTS('',8,(#12544,#12545,#12546,#12547,
    #12548,#12549,#12550,#12551,#12552,#12553,#12554,#12555,#12556,
    #12557,#12558,#12559),.UNSPECIFIED.,.F.,.F.,(9,7,9),(4.712388980385,
    7.853981633974,10.995574287564),.UNSPECIFIED.);
#12544 = CARTESIAN_POINT('',(6.28318530718,33.968830057843));
#12545 = CARTESIAN_POINT('',(5.890486225481,34.112941086139));
#12546 = CARTESIAN_POINT('',(5.497787143783,34.257053263471));
#12547 = CARTESIAN_POINT('',(5.105088062085,34.367288378024));
#12548 = CARTESIAN_POINT('',(4.712388980393,34.409860944754));
#12549 = CARTESIAN_POINT('',(4.319689898682,34.367288377965));
#12550 = CARTESIAN_POINT('',(3.926990816989,34.257053263471));
#12551 = CARTESIAN_POINT('',(3.534291735289,34.112941086139));
#12552 = CARTESIAN_POINT('',(2.748893571891,33.824719029547));
#12553 = CARTESIAN_POINT('',(2.356194490195,33.680606852158));
#12554 = CARTESIAN_POINT('',(1.963495408515,33.570371737704));
#12555 = CARTESIAN_POINT('',(1.570796326792,33.527799170697));
#12556 = CARTESIAN_POINT('',(1.178097245115,33.570371737776));
#12557 = CARTESIAN_POINT('',(0.785398163396,33.68060685214));
#12558 = CARTESIAN_POINT('',(0.392699081699,33.824719029547));
#12559 = CARTESIAN_POINT('',(1.68753899743E-14,33.968830057843));
#12560 = ( GEOMETRIC_REPRESENTATION_CONTEXT(2) 
PARAMETRIC_REPRESENTATION_CONTEXT() REPRESENTATION_CONTEXT('2D SPACE',''
  ) );
#12561 = PCURVE('',#9279,#12562);
#12562 = DEFINITIONAL_REPRESENTATION('',(#12563),#12567);
#12563 = ELLIPSE('',#12564,6.011212122289,6.);
#12564 = AXIS2_PLACEMENT_2D('',#12565,#12566);
#12565 = CARTESIAN_POINT('',(-23.14885938043,-42.07848485602));
#12566 = DIRECTION('',(0.,-1.));
#12567 = ( GEOMETRIC_REPRESENTATION_CONTEXT(2) 
PARAMETRIC_REPRESENTATION_CONTEXT() REPRESENTATION_CONTEXT('2D SPACE',''
  ) );
#12568 = ORIENTED_EDGE('',*,*,#12569,.F.);
#12569 = EDGE_CURVE('',#4271,#12533,#12570,.T.);
#12570 = SEAM_CURVE('',#12571,(#12575,#12582),.PCURVE_S1.);
#12571 = LINE('',#12572,#12573);
#12572 = CARTESIAN_POINT('',(-57.,130.,90.));
#12573 = VECTOR('',#12574,1.);
#12574 = DIRECTION('',(0.,-1.,2.22044604925E-16));
#12575 = PCURVE('',#4287,#12576);
#12576 = DEFINITIONAL_REPRESENTATION('',(#12577),#12581);
#12577 = LINE('',#12578,#12579);
#12578 = CARTESIAN_POINT('',(6.28318530718,-0.));
#12579 = VECTOR('',#12580,1.);
#12580 = DIRECTION('',(0.,1.));
#12581 = ( GEOMETRIC_REPRESENTATION_CONTEXT(2) 
PARAMETRIC_REPRESENTATION_CONTEXT() REPRESENTATION_CONTEXT('2D SPACE',''
  ) );
#12582 = PCURVE('',#4287,#12583);
#12583 = DEFINITIONAL_REPRESENTATION('',(#12584),#12588);
#12584 = LINE('',#12585,#12586);
#12585 = CARTESIAN_POINT('',(0.,-0.));
#12586 = VECTOR('',#12587,1.);
#12587 = DIRECTION('',(0.,1.));
#12588 = ( GEOMETRIC_REPRESENTATION_CONTEXT(2) 
PARAMETRIC_REPRESENTATION_CONTEXT() REPRESENTATION_CONTEXT('2D SPACE',''
  ) );
#12589 = ORIENTED_EDGE('',*,*,#4270,.F.);
#12590 = ORIENTED_EDGE('',*,*,#12569,.T.);
#12591 = ADVANCED_FACE('',(#12592),#4331,.F.);
#12592 = FACE_BOUND('',#12593,.F.);
#12593 = EDGE_LOOP('',(#12594,#12631,#12652,#12653));
#12594 = ORIENTED_EDGE('',*,*,#12595,.T.);
#12595 = EDGE_CURVE('',#12596,#12596,#12598,.T.);
#12596 = VERTEX_POINT('',#12597);
#12597 = CARTESIAN_POINT('',(-13.5,97.315584962567,111.));
#12598 = SURFACE_CURVE('',#12599,(#12604,#12624),.PCURVE_S1.);
#12599 = ELLIPSE('',#12600,7.514015152861,7.5);
#12600 = AXIS2_PLACEMENT_3D('',#12601,#12602,#12603);
#12601 = CARTESIAN_POINT('',(-21.,97.315584962567,111.));
#12602 = DIRECTION('',(0.,0.99813479843,-6.104853940463E-02));
#12603 = DIRECTION('',(0.,-6.104853940463E-02,-0.99813479843));
#12604 = PCURVE('',#4331,#12605);
#12605 = DEFINITIONAL_REPRESENTATION('',(#12606),#12623);
#12606 = B_SPLINE_CURVE_WITH_KNOTS('',8,(#12607,#12608,#12609,#12610,
    #12611,#12612,#12613,#12614,#12615,#12616,#12617,#12618,#12619,
    #12620,#12621,#12622),.UNSPECIFIED.,.F.,.F.,(9,7,9),(4.712388980385,
    7.853981633974,10.995574287564),.UNSPECIFIED.);
#12607 = CARTESIAN_POINT('',(6.28318530718,32.684415037433));
#12608 = CARTESIAN_POINT('',(5.890486225481,32.864553822803));
#12609 = CARTESIAN_POINT('',(5.497787143783,33.044694044467));
#12610 = CARTESIAN_POINT('',(5.105088062084,33.182487937665));
#12611 = CARTESIAN_POINT('',(4.712388980389,33.235703646002));
#12612 = CARTESIAN_POINT('',(4.319689898689,33.18248793768));
#12613 = CARTESIAN_POINT('',(3.926990816988,33.044694044467));
#12614 = CARTESIAN_POINT('',(3.534291735289,32.864553822803));
#12615 = CARTESIAN_POINT('',(2.748893571891,32.504276252063));
#12616 = CARTESIAN_POINT('',(2.356194490193,32.324136030384));
#12617 = CARTESIAN_POINT('',(1.963495408515,32.186342137138));
#12618 = CARTESIAN_POINT('',(1.570796326792,32.133126428671));
#12619 = CARTESIAN_POINT('',(1.178097245123,32.186342137138));
#12620 = CARTESIAN_POINT('',(0.785398163396,32.324136030373));
#12621 = CARTESIAN_POINT('',(0.392699081699,32.504276252063));
#12622 = CARTESIAN_POINT('',(1.68753899743E-14,32.684415037433));
#12623 = ( GEOMETRIC_REPRESENTATION_CONTEXT(2) 
PARAMETRIC_REPRESENTATION_CONTEXT() REPRESENTATION_CONTEXT('2D SPACE',''
  ) );
#12624 = PCURVE('',#9279,#12625);
#12625 = DEFINITIONAL_REPRESENTATION('',(#12626),#12630);
#12626 = ELLIPSE('',#12627,7.514015152861,7.5);
#12627 = AXIS2_PLACEMENT_2D('',#12628,#12629);
#12628 = CARTESIAN_POINT('',(-65.14885938043,-21.03924242801));
#12629 = DIRECTION('',(0.,-1.));
#12630 = ( GEOMETRIC_REPRESENTATION_CONTEXT(2) 
PARAMETRIC_REPRESENTATION_CONTEXT() REPRESENTATION_CONTEXT('2D SPACE',''
  ) );
#12631 = ORIENTED_EDGE('',*,*,#12632,.F.);
#12632 = EDGE_CURVE('',#4315,#12596,#12633,.T.);
#12633 = SEAM_CURVE('',#12634,(#12638,#12645),.PCURVE_S1.);
#12634 = LINE('',#12635,#12636);
#12635 = CARTESIAN_POINT('',(-13.5,130.,111.));
#12636 = VECTOR('',#12637,1.);
#12637 = DIRECTION('',(0.,-1.,2.22044604925E-16));
#12638 = PCURVE('',#4331,#12639);
#12639 = DEFINITIONAL_REPRESENTATION('',(#12640),#12644);
#12640 = LINE('',#12641,#12642);
#12641 = CARTESIAN_POINT('',(6.28318530718,-0.));
#12642 = VECTOR('',#12643,1.);
#12643 = DIRECTION('',(0.,1.));
#12644 = ( GEOMETRIC_REPRESENTATION_CONTEXT(2) 
PARAMETRIC_REPRESENTATION_CONTEXT() REPRESENTATION_CONTEXT('2D SPACE',''
  ) );
#12645 = PCURVE('',#4331,#12646);
#12646 = DEFINITIONAL_REPRESENTATION('',(#12647),#12651);
#12647 = LINE('',#12648,#12649);
#12648 = CARTESIAN_POINT('',(0.,-0.));
#12649 = VECTOR('',#12650,1.);
#12650 = DIRECTION('',(0.,1.));
#12651 = ( GEOMETRIC_REPRESENTATION_CONTEXT(2) 
PARAMETRIC_REPRESENTATION_CONTEXT() REPRESENTATION_CONTEXT('2D SPACE',''
  ) );
#12652 = ORIENTED_EDGE('',*,*,#4314,.F.);
#12653 = ORIENTED_EDGE('',*,*,#12632,.T.);
#12654 = ADVANCED_FACE('',(#12655),#4375,.F.);
#12655 = FACE_BOUND('',#12656,.F.);
#12656 = EDGE_LOOP('',(#12657,#12694,#12715,#12716));
#12657 = ORIENTED_EDGE('',*,*,#12658,.T.);
#12658 = EDGE_CURVE('',#12659,#12659,#12661,.T.);
#12659 = VERTEX_POINT('',#12660);
#12660 = CARTESIAN_POINT('',(-34.5,97.315584962567,111.));
#12661 = SURFACE_CURVE('',#12662,(#12667,#12687),.PCURVE_S1.);
#12662 = ELLIPSE('',#12663,7.514015152861,7.5);
#12663 = AXIS2_PLACEMENT_3D('',#12664,#12665,#12666);
#12664 = CARTESIAN_POINT('',(-42.,97.315584962567,111.));
#12665 = DIRECTION('',(0.,0.99813479843,-6.104853940463E-02));
#12666 = DIRECTION('',(0.,-6.104853940463E-02,-0.99813479843));
#12667 = PCURVE('',#4375,#12668);
#12668 = DEFINITIONAL_REPRESENTATION('',(#12669),#12686);
#12669 = B_SPLINE_CURVE_WITH_KNOTS('',8,(#12670,#12671,#12672,#12673,
    #12674,#12675,#12676,#12677,#12678,#12679,#12680,#12681,#12682,
    #12683,#12684,#12685),.UNSPECIFIED.,.F.,.F.,(9,7,9),(4.712388980385,
    7.853981633974,10.995574287564),.UNSPECIFIED.);
#12670 = CARTESIAN_POINT('',(6.28318530718,32.684415037433));
#12671 = CARTESIAN_POINT('',(5.890486225481,32.864553822803));
#12672 = CARTESIAN_POINT('',(5.497787143783,33.044694044467));
#12673 = CARTESIAN_POINT('',(5.105088062084,33.182487937665));
#12674 = CARTESIAN_POINT('',(4.712388980389,33.235703646002));
#12675 = CARTESIAN_POINT('',(4.319689898689,33.18248793768));
#12676 = CARTESIAN_POINT('',(3.926990816988,33.044694044467));
#12677 = CARTESIAN_POINT('',(3.534291735289,32.864553822803));
#12678 = CARTESIAN_POINT('',(2.748893571891,32.504276252063));
#12679 = CARTESIAN_POINT('',(2.356194490192,32.324136030384));
#12680 = CARTESIAN_POINT('',(1.963495408506,32.186342137138));
#12681 = CARTESIAN_POINT('',(1.570796326781,32.133126428671));
#12682 = CARTESIAN_POINT('',(1.178097245123,32.186342137138));
#12683 = CARTESIAN_POINT('',(0.785398163397,32.324136030373));
#12684 = CARTESIAN_POINT('',(0.392699081699,32.504276252063));
#12685 = CARTESIAN_POINT('',(1.68753899743E-14,32.684415037433));
#12686 = ( GEOMETRIC_REPRESENTATION_CONTEXT(2) 
PARAMETRIC_REPRESENTATION_CONTEXT() REPRESENTATION_CONTEXT('2D SPACE',''
  ) );
#12687 = PCURVE('',#9279,#12688);
#12688 = DEFINITIONAL_REPRESENTATION('',(#12689),#12693);
#12689 = ELLIPSE('',#12690,7.514015152861,7.5);
#12690 = AXIS2_PLACEMENT_2D('',#12691,#12692);
#12691 = CARTESIAN_POINT('',(-44.14885938043,-21.03924242801));
#12692 = DIRECTION('',(0.,-1.));
#12693 = ( GEOMETRIC_REPRESENTATION_CONTEXT(2) 
PARAMETRIC_REPRESENTATION_CONTEXT() REPRESENTATION_CONTEXT('2D SPACE',''
  ) );
#12694 = ORIENTED_EDGE('',*,*,#12695,.F.);
#12695 = EDGE_CURVE('',#4359,#12659,#12696,.T.);
#12696 = SEAM_CURVE('',#12697,(#12701,#12708),.PCURVE_S1.);
#12697 = LINE('',#12698,#12699);
#12698 = CARTESIAN_POINT('',(-34.5,130.,111.));
#12699 = VECTOR('',#12700,1.);
#12700 = DIRECTION('',(0.,-1.,2.22044604925E-16));
#12701 = PCURVE('',#4375,#12702);
#12702 = DEFINITIONAL_REPRESENTATION('',(#12703),#12707);
#12703 = LINE('',#12704,#12705);
#12704 = CARTESIAN_POINT('',(6.28318530718,-0.));
#12705 = VECTOR('',#12706,1.);
#12706 = DIRECTION('',(0.,1.));
#12707 = ( GEOMETRIC_REPRESENTATION_CONTEXT(2) 
PARAMETRIC_REPRESENTATION_CONTEXT() REPRESENTATION_CONTEXT('2D SPACE',''
  ) );
#12708 = PCURVE('',#4375,#12709);
#12709 = DEFINITIONAL_REPRESENTATION('',(#12710),#12714);
#12710 = LINE('',#12711,#12712);
#12711 = CARTESIAN_POINT('',(0.,-0.));
#12712 = VECTOR('',#12713,1.);
#12713 = DIRECTION('',(0.,1.));
#12714 = ( GEOMETRIC_REPRESENTATION_CONTEXT(2) 
PARAMETRIC_REPRESENTATION_CONTEXT() REPRESENTATION_CONTEXT('2D SPACE',''
  ) );
#12715 = ORIENTED_EDGE('',*,*,#4358,.F.);
#12716 = ORIENTED_EDGE('',*,*,#12695,.T.);
#12717 = ADVANCED_FACE('',(#12718),#4419,.F.);
#12718 = FACE_BOUND('',#12719,.F.);
#12719 = EDGE_LOOP('',(#12720,#12757,#12778,#12779));
#12720 = ORIENTED_EDGE('',*,*,#12721,.T.);
#12721 = EDGE_CURVE('',#12722,#12722,#12724,.T.);
#12722 = VERTEX_POINT('',#12723);
#12723 = CARTESIAN_POINT('',(-55.5,97.315584962567,111.));
#12724 = SURFACE_CURVE('',#12725,(#12730,#12750),.PCURVE_S1.);
#12725 = ELLIPSE('',#12726,7.514015152861,7.5);
#12726 = AXIS2_PLACEMENT_3D('',#12727,#12728,#12729);
#12727 = CARTESIAN_POINT('',(-63.,97.315584962567,111.));
#12728 = DIRECTION('',(0.,0.99813479843,-6.104853940463E-02));
#12729 = DIRECTION('',(0.,-6.104853940463E-02,-0.99813479843));
#12730 = PCURVE('',#4419,#12731);
#12731 = DEFINITIONAL_REPRESENTATION('',(#12732),#12749);
#12732 = B_SPLINE_CURVE_WITH_KNOTS('',8,(#12733,#12734,#12735,#12736,
    #12737,#12738,#12739,#12740,#12741,#12742,#12743,#12744,#12745,
    #12746,#12747,#12748),.UNSPECIFIED.,.F.,.F.,(9,7,9),(4.712388980385,
    7.853981633974,10.995574287564),.UNSPECIFIED.);
#12733 = CARTESIAN_POINT('',(6.28318530718,32.684415037433));
#12734 = CARTESIAN_POINT('',(5.890486225481,32.864553822803));
#12735 = CARTESIAN_POINT('',(5.497787143783,33.044694044467));
#12736 = CARTESIAN_POINT('',(5.105088062084,33.182487937665));
#12737 = CARTESIAN_POINT('',(4.712388980389,33.235703646002));
#12738 = CARTESIAN_POINT('',(4.319689898689,33.18248793768));
#12739 = CARTESIAN_POINT('',(3.926990816988,33.044694044467));
#12740 = CARTESIAN_POINT('',(3.534291735289,32.864553822803));
#12741 = CARTESIAN_POINT('',(2.748893571891,32.504276252063));
#12742 = CARTESIAN_POINT('',(2.356194490192,32.324136030384));
#12743 = CARTESIAN_POINT('',(1.963495408506,32.186342137138));
#12744 = CARTESIAN_POINT('',(1.570796326781,32.133126428671));
#12745 = CARTESIAN_POINT('',(1.178097245123,32.186342137138));
#12746 = CARTESIAN_POINT('',(0.785398163397,32.324136030373));
#12747 = CARTESIAN_POINT('',(0.392699081699,32.504276252063));
#12748 = CARTESIAN_POINT('',(1.68753899743E-14,32.684415037433));
#12749 = ( GEOMETRIC_REPRESENTATION_CONTEXT(2) 
PARAMETRIC_REPRESENTATION_CONTEXT() REPRESENTATION_CONTEXT('2D SPACE',''
  ) );
#12750 = PCURVE('',#9279,#12751);
#12751 = DEFINITIONAL_REPRESENTATION('',(#12752),#12756);
#12752 = ELLIPSE('',#12753,7.514015152861,7.5);
#12753 = AXIS2_PLACEMENT_2D('',#12754,#12755);
#12754 = CARTESIAN_POINT('',(-23.14885938043,-21.03924242801));
#12755 = DIRECTION('',(0.,-1.));
#12756 = ( GEOMETRIC_REPRESENTATION_CONTEXT(2) 
PARAMETRIC_REPRESENTATION_CONTEXT() REPRESENTATION_CONTEXT('2D SPACE',''
  ) );
#12757 = ORIENTED_EDGE('',*,*,#12758,.F.);
#12758 = EDGE_CURVE('',#4403,#12722,#12759,.T.);
#12759 = SEAM_CURVE('',#12760,(#12764,#12771),.PCURVE_S1.);
#12760 = LINE('',#12761,#12762);
#12761 = CARTESIAN_POINT('',(-55.5,130.,111.));
#12762 = VECTOR('',#12763,1.);
#12763 = DIRECTION('',(0.,-1.,2.22044604925E-16));
#12764 = PCURVE('',#4419,#12765);
#12765 = DEFINITIONAL_REPRESENTATION('',(#12766),#12770);
#12766 = LINE('',#12767,#12768);
#12767 = CARTESIAN_POINT('',(6.28318530718,-0.));
#12768 = VECTOR('',#12769,1.);
#12769 = DIRECTION('',(0.,1.));
#12770 = ( GEOMETRIC_REPRESENTATION_CONTEXT(2) 
PARAMETRIC_REPRESENTATION_CONTEXT() REPRESENTATION_CONTEXT('2D SPACE',''
  ) );
#12771 = PCURVE('',#4419,#12772);
#12772 = DEFINITIONAL_REPRESENTATION('',(#12773),#12777);
#12773 = LINE('',#12774,#12775);
#12774 = CARTESIAN_POINT('',(0.,-0.));
#12775 = VECTOR('',#12776,1.);
#12776 = DIRECTION('',(0.,1.));
#12777 = ( GEOMETRIC_REPRESENTATION_CONTEXT(2) 
PARAMETRIC_REPRESENTATION_CONTEXT() REPRESENTATION_CONTEXT('2D SPACE',''
  ) );
#12778 = ORIENTED_EDGE('',*,*,#4402,.F.);
#12779 = ORIENTED_EDGE('',*,*,#12758,.T.);
#12780 = ADVANCED_FACE('',(#12781),#4659,.T.);
#12781 = FACE_BOUND('',#12782,.T.);
#12782 = EDGE_LOOP('',(#12783,#12806,#12807,#12808,#12809));
#12783 = ORIENTED_EDGE('',*,*,#12784,.F.);
#12784 = EDGE_CURVE('',#10594,#12785,#12787,.T.);
#12785 = VERTEX_POINT('',#12786);
#12786 = CARTESIAN_POINT('',(85.548859380437,-97.00092986523,
    80.96563673388));
#12787 = SURFACE_CURVE('',#12788,(#12792,#12799),.PCURVE_S1.);
#12788 = LINE('',#12789,#12790);
#12789 = CARTESIAN_POINT('',(85.548859380437,-92.04885938043,0.));
#12790 = VECTOR('',#12791,1.);
#12791 = DIRECTION('',(0.,-6.104853953487E-02,0.998134798422));
#12792 = PCURVE('',#4659,#12793);
#12793 = DEFINITIONAL_REPRESENTATION('',(#12794),#12798);
#12794 = LINE('',#12795,#12796);
#12795 = CARTESIAN_POINT('',(4.712388980385,-7.793403900154E-14));
#12796 = VECTOR('',#12797,1.);
#12797 = DIRECTION('',(0.,1.));
#12798 = ( GEOMETRIC_REPRESENTATION_CONTEXT(2) 
PARAMETRIC_REPRESENTATION_CONTEXT() REPRESENTATION_CONTEXT('2D SPACE',''
  ) );
#12799 = PCURVE('',#7472,#12800);
#12800 = DEFINITIONAL_REPRESENTATION('',(#12801),#12805);
#12801 = LINE('',#12802,#12803);
#12802 = CARTESIAN_POINT('',(85.548859380437,-130.2429293173));
#12803 = VECTOR('',#12804,1.);
#12804 = DIRECTION('',(0.,1.));
#12805 = ( GEOMETRIC_REPRESENTATION_CONTEXT(2) 
PARAMETRIC_REPRESENTATION_CONTEXT() REPRESENTATION_CONTEXT('2D SPACE',''
  ) );
#12806 = ORIENTED_EDGE('',*,*,#10701,.F.);
#12807 = ORIENTED_EDGE('',*,*,#4641,.T.);
#12808 = ORIENTED_EDGE('',*,*,#7145,.F.);
#12809 = ORIENTED_EDGE('',*,*,#12810,.T.);
#12810 = EDGE_CURVE('',#7118,#12785,#12811,.T.);
#12811 = SURFACE_CURVE('',#12812,(#12831,#12853),.PCURVE_S1.);
#12812 = B_SPLINE_CURVE_WITH_KNOTS('',5,(#12813,#12814,#12815,#12816,
    #12817,#12818,#12819,#12820,#12821,#12822,#12823,#12824,#12825,
    #12826,#12827,#12828,#12829,#12830),.UNSPECIFIED.,.F.,.F.,(6,4,4,4,6
    ),(0.,0.220327372541,0.413712900706,0.626460313045,1.),
  .UNSPECIFIED.);
#12813 = CARTESIAN_POINT('',(90.082444420227,-96.48528137423,
    81.514718667508));
#12814 = CARTESIAN_POINT('',(89.887612047124,-96.53035258627,
    81.469647455475));
#12815 = CARTESIAN_POINT('',(89.692073679136,-96.57300146952,
    81.426399908101));
#12816 = CARTESIAN_POINT('',(89.495847602221,-96.61322280561,
    81.385094615596));
#12817 = CARTESIAN_POINT('',(89.298959338896,-96.65100901678,
    81.345846783391));
#12818 = CARTESIAN_POINT('',(88.928076611981,-96.71736976509,
    81.276223682032));
#12819 = CARTESIAN_POINT('',(88.754226750253,-96.74650581077,
    81.245349996724));
#12820 = CARTESIAN_POINT('',(88.579914445089,-96.77375158257,
    81.216222767907));
#12821 = CARTESIAN_POINT('',(88.405166991278,-96.79909985933,
    81.188912631385));
#12822 = CARTESIAN_POINT('',(88.037330030611,-96.84833311323,
    81.135512098599));
#12823 = CARTESIAN_POINT('',(87.844155678889,-96.87181763408,
    81.109817124135));
#12824 = CARTESIAN_POINT('',(87.650536801583,-96.89298611776,
    81.086488017831));
#12825 = CARTESIAN_POINT('',(87.456523432939,-96.9118289653,
    81.065600243414));
#12826 = CARTESIAN_POINT('',(86.920932831868,-96.95732257954,
    81.014940042345));
#12827 = CARTESIAN_POINT('',(86.578648049763,-96.97911167747,
    80.990382848251));
#12828 = CARTESIAN_POINT('',(86.235635741302,-96.99365723437,
    80.973884820502));
#12829 = CARTESIAN_POINT('',(85.892244902665,-97.00092986523,
    80.965636733879));
#12830 = CARTESIAN_POINT('',(85.548859380437,-97.00092986523,
    80.965636733879));
#12831 = PCURVE('',#4659,#12832);
#12832 = DEFINITIONAL_REPRESENTATION('',(#12833),#12852);
#12833 = B_SPLINE_CURVE_WITH_KNOTS('',5,(#12834,#12835,#12836,#12837,
    #12838,#12839,#12840,#12841,#12842,#12843,#12844,#12845,#12846,
    #12847,#12848,#12849,#12850,#12851),.UNSPECIFIED.,.F.,.F.,(6,4,4,4,6
    ),(0.,0.220327372541,0.413712900706,0.626460313045,1.),
  .UNSPECIFIED.);
#12834 = CARTESIAN_POINT('',(4.953508635584,81.514718667508));
#12835 = CARTESIAN_POINT('',(4.942976542806,81.469647455475));
#12836 = CARTESIAN_POINT('',(4.932434983178,81.426399908101));
#12837 = CARTESIAN_POINT('',(4.921882827865,81.385094615596));
#12838 = CARTESIAN_POINT('',(4.91131935999,81.345846783391));
#12839 = CARTESIAN_POINT('',(4.891462320961,81.276223682032));
#12840 = CARTESIAN_POINT('',(4.882171419984,81.245349996724));
#12841 = CARTESIAN_POINT('',(4.872871376327,81.216222767907));
#12842 = CARTESIAN_POINT('',(4.863562258864,81.188912631385));
#12843 = CARTESIAN_POINT('',(4.843993632606,81.135512098599));
#12844 = CARTESIAN_POINT('',(4.833732278614,81.109817124135));
#12845 = CARTESIAN_POINT('',(4.823460801518,81.086488017831));
#12846 = CARTESIAN_POINT('',(4.813180017903,81.065600243414));
#12847 = CARTESIAN_POINT('',(4.784825920241,81.014940042345));
#12848 = CARTESIAN_POINT('',(4.766735435452,80.990382848251));
#12849 = CARTESIAN_POINT('',(4.748626517173,80.973884820502));
#12850 = CARTESIAN_POINT('',(4.730507608769,80.965636733879));
#12851 = CARTESIAN_POINT('',(4.712388980385,80.965636733879));
#12852 = ( GEOMETRIC_REPRESENTATION_CONTEXT(2) 
PARAMETRIC_REPRESENTATION_CONTEXT() REPRESENTATION_CONTEXT('2D SPACE',''
  ) );
#12853 = PCURVE('',#7133,#12854);
#12854 = DEFINITIONAL_REPRESENTATION('',(#12855),#12874);
#12855 = B_SPLINE_CURVE_WITH_KNOTS('',5,(#12856,#12857,#12858,#12859,
    #12860,#12861,#12862,#12863,#12864,#12865,#12866,#12867,#12868,
    #12869,#12870,#12871,#12872,#12873),.UNSPECIFIED.,.F.,.F.,(6,4,4,4,6
    ),(0.,0.220327372541,0.413712900706,0.626460313045,1.),
  .UNSPECIFIED.);
#12856 = CARTESIAN_POINT('',(2.356194490192,90.082444420227));
#12857 = CARTESIAN_POINT('',(2.36150618347,89.887612047124));
#12858 = CARTESIAN_POINT('',(2.366567682342,89.692073679136));
#12859 = CARTESIAN_POINT('',(2.371371991041,89.495847602221));
#12860 = CARTESIAN_POINT('',(2.375912028448,89.298959338896));
#12861 = CARTESIAN_POINT('',(2.383927259245,88.928076611981));
#12862 = CARTESIAN_POINT('',(2.387464806774,88.754226750253));
#12863 = CARTESIAN_POINT('',(2.3907884274,88.579914445089));
#12864 = CARTESIAN_POINT('',(2.393893491142,88.405166991278));
#12865 = CARTESIAN_POINT('',(2.399946228235,88.037330030611));
#12866 = CARTESIAN_POINT('',(2.402847058656,87.844155678889));
#12867 = CARTESIAN_POINT('',(2.405472172297,87.650536801583));
#12868 = CARTESIAN_POINT('',(2.407816416859,87.456523432939));
#12869 = CARTESIAN_POINT('',(2.41349050814,86.920932831868));
#12870 = CARTESIAN_POINT('',(2.416226309537,86.578648049763));
#12871 = CARTESIAN_POINT('',(2.418059197067,86.235635741302));
#12872 = CARTESIAN_POINT('',(2.418975565567,85.892244902665));
#12873 = CARTESIAN_POINT('',(2.418975565567,85.548859380437));
#12874 = ( GEOMETRIC_REPRESENTATION_CONTEXT(2) 
PARAMETRIC_REPRESENTATION_CONTEXT() REPRESENTATION_CONTEXT('2D SPACE',''
  ) );
#12875 = ADVANCED_FACE('',(#12876),#4818,.T.);
#12876 = FACE_BOUND('',#12877,.T.);
#12877 = EDGE_LOOP('',(#12878,#12879,#12905,#12906));
#12878 = ORIENTED_EDGE('',*,*,#6982,.F.);
#12879 = ORIENTED_EDGE('',*,*,#12880,.T.);
#12880 = EDGE_CURVE('',#6957,#7175,#12881,.T.);
#12881 = SURFACE_CURVE('',#12882,(#12887,#12898),.PCURVE_S1.);
#12882 = ELLIPSE('',#12883,20.037373741124,20.);
#12883 = AXIS2_PLACEMENT_3D('',#12884,#12885,#12886);
#12884 = CARTESIAN_POINT('',(102.95442235668,-39.71572875253,110.));
#12885 = DIRECTION('',(0.998134798422,0.,-6.104853953486E-02));
#12886 = DIRECTION('',(6.104853953486E-02,0.,0.998134798422));
#12887 = PCURVE('',#4818,#12888);
#12888 = DEFINITIONAL_REPRESENTATION('',(#12889),#12897);
#12889 = B_SPLINE_CURVE_WITH_KNOTS('',6,(#12890,#12891,#12892,#12893,
    #12894,#12895,#12896),.UNSPECIFIED.,.F.,.F.,(7,7),(
    3.553391240547E-16,0.785398163397),.PIECEWISE_BEZIER_KNOTS.);
#12890 = CARTESIAN_POINT('',(1.570796326795,104.17767475969));
#12891 = CARTESIAN_POINT('',(1.701696020694,104.17767475969));
#12892 = CARTESIAN_POINT('',(1.832595714594,104.15252273037));
#12893 = CARTESIAN_POINT('',(1.963495408494,104.10221803893));
#12894 = CARTESIAN_POINT('',(2.094395102393,104.02805571933));
#12895 = CARTESIAN_POINT('',(2.225294796293,103.93261674326));
#12896 = CARTESIAN_POINT('',(2.356194490192,103.81939242596));
#12897 = ( GEOMETRIC_REPRESENTATION_CONTEXT(2) 
PARAMETRIC_REPRESENTATION_CONTEXT() REPRESENTATION_CONTEXT('2D SPACE',''
  ) );
#12898 = PCURVE('',#6971,#12899);
#12899 = DEFINITIONAL_REPRESENTATION('',(#12900),#12904);
#12900 = ELLIPSE('',#12901,20.037373741124,20.);
#12901 = AXIS2_PLACEMENT_2D('',#12902,#12903);
#12902 = CARTESIAN_POINT('',(-39.71572875254,-22.04111111523));
#12903 = DIRECTION('',(0.,1.));
#12904 = ( GEOMETRIC_REPRESENTATION_CONTEXT(2) 
PARAMETRIC_REPRESENTATION_CONTEXT() REPRESENTATION_CONTEXT('2D SPACE',''
  ) );
#12905 = ORIENTED_EDGE('',*,*,#7174,.T.);
#12906 = ORIENTED_EDGE('',*,*,#4801,.F.);
#12907 = ADVANCED_FACE('',(#12908),#4872,.F.);
#12908 = FACE_BOUND('',#12909,.F.);
#12909 = EDGE_LOOP('',(#12910,#12911,#12932,#12933));
#12910 = ORIENTED_EDGE('',*,*,#4855,.F.);
#12911 = ORIENTED_EDGE('',*,*,#12912,.F.);
#12912 = EDGE_CURVE('',#9671,#4856,#12913,.T.);
#12913 = SEAM_CURVE('',#12914,(#12918,#12925),.PCURVE_S1.);
#12914 = LINE('',#12915,#12916);
#12915 = CARTESIAN_POINT('',(-137.5,-42.,45.));
#12916 = VECTOR('',#12917,1.);
#12917 = DIRECTION('',(1.,0.,2.22044604925E-16));
#12918 = PCURVE('',#4872,#12919);
#12919 = DEFINITIONAL_REPRESENTATION('',(#12920),#12924);
#12920 = LINE('',#12921,#12922);
#12921 = CARTESIAN_POINT('',(6.28318530718,-0.));
#12922 = VECTOR('',#12923,1.);
#12923 = DIRECTION('',(0.,1.));
#12924 = ( GEOMETRIC_REPRESENTATION_CONTEXT(2) 
PARAMETRIC_REPRESENTATION_CONTEXT() REPRESENTATION_CONTEXT('2D SPACE',''
  ) );
#12925 = PCURVE('',#4872,#12926);
#12926 = DEFINITIONAL_REPRESENTATION('',(#12927),#12931);
#12927 = LINE('',#12928,#12929);
#12928 = CARTESIAN_POINT('',(0.,-0.));
#12929 = VECTOR('',#12930,1.);
#12930 = DIRECTION('',(0.,1.));
#12931 = ( GEOMETRIC_REPRESENTATION_CONTEXT(2) 
PARAMETRIC_REPRESENTATION_CONTEXT() REPRESENTATION_CONTEXT('2D SPACE',''
  ) );
#12932 = ORIENTED_EDGE('',*,*,#9670,.T.);
#12933 = ORIENTED_EDGE('',*,*,#12912,.T.);
#12934 = ADVANCED_FACE('',(#12935),#4923,.F.);
#12935 = FACE_BOUND('',#12936,.F.);
#12936 = EDGE_LOOP('',(#12937,#12938,#12959,#12960));
#12937 = ORIENTED_EDGE('',*,*,#4906,.F.);
#12938 = ORIENTED_EDGE('',*,*,#12939,.F.);
#12939 = EDGE_CURVE('',#9717,#4907,#12940,.T.);
#12940 = SEAM_CURVE('',#12941,(#12945,#12952),.PCURVE_S1.);
#12941 = LINE('',#12942,#12943);
#12942 = CARTESIAN_POINT('',(-137.5,-21.,45.));
#12943 = VECTOR('',#12944,1.);
#12944 = DIRECTION('',(1.,0.,2.22044604925E-16));
#12945 = PCURVE('',#4923,#12946);
#12946 = DEFINITIONAL_REPRESENTATION('',(#12947),#12951);
#12947 = LINE('',#12948,#12949);
#12948 = CARTESIAN_POINT('',(6.28318530718,-0.));
#12949 = VECTOR('',#12950,1.);
#12950 = DIRECTION('',(0.,1.));
#12951 = ( GEOMETRIC_REPRESENTATION_CONTEXT(2) 
PARAMETRIC_REPRESENTATION_CONTEXT() REPRESENTATION_CONTEXT('2D SPACE',''
  ) );
#12952 = PCURVE('',#4923,#12953);
#12953 = DEFINITIONAL_REPRESENTATION('',(#12954),#12958);
#12954 = LINE('',#12955,#12956);
#12955 = CARTESIAN_POINT('',(0.,-0.));
#12956 = VECTOR('',#12957,1.);
#12957 = DIRECTION('',(0.,1.));
#12958 = ( GEOMETRIC_REPRESENTATION_CONTEXT(2) 
PARAMETRIC_REPRESENTATION_CONTEXT() REPRESENTATION_CONTEXT('2D SPACE',''
  ) );
#12959 = ORIENTED_EDGE('',*,*,#9716,.T.);
#12960 = ORIENTED_EDGE('',*,*,#12939,.T.);
#12961 = ADVANCED_FACE('',(#12962),#4974,.F.);
#12962 = FACE_BOUND('',#12963,.F.);
#12963 = EDGE_LOOP('',(#12964,#12965,#12986,#12987));
#12964 = ORIENTED_EDGE('',*,*,#4957,.F.);
#12965 = ORIENTED_EDGE('',*,*,#12966,.F.);
#12966 = EDGE_CURVE('',#9763,#4958,#12967,.T.);
#12967 = SEAM_CURVE('',#12968,(#12972,#12979),.PCURVE_S1.);
#12968 = LINE('',#12969,#12970);
#12969 = CARTESIAN_POINT('',(-137.5,-42.,64.5));
#12970 = VECTOR('',#12971,1.);
#12971 = DIRECTION('',(1.,0.,2.22044604925E-16));
#12972 = PCURVE('',#4974,#12973);
#12973 = DEFINITIONAL_REPRESENTATION('',(#12974),#12978);
#12974 = LINE('',#12975,#12976);
#12975 = CARTESIAN_POINT('',(6.28318530718,-0.));
#12976 = VECTOR('',#12977,1.);
#12977 = DIRECTION('',(0.,1.));
#12978 = ( GEOMETRIC_REPRESENTATION_CONTEXT(2) 
PARAMETRIC_REPRESENTATION_CONTEXT() REPRESENTATION_CONTEXT('2D SPACE',''
  ) );
#12979 = PCURVE('',#4974,#12980);
#12980 = DEFINITIONAL_REPRESENTATION('',(#12981),#12985);
#12981 = LINE('',#12982,#12983);
#12982 = CARTESIAN_POINT('',(0.,-0.));
#12983 = VECTOR('',#12984,1.);
#12984 = DIRECTION('',(0.,1.));
#12985 = ( GEOMETRIC_REPRESENTATION_CONTEXT(2) 
PARAMETRIC_REPRESENTATION_CONTEXT() REPRESENTATION_CONTEXT('2D SPACE',''
  ) );
#12986 = ORIENTED_EDGE('',*,*,#9762,.T.);
#12987 = ORIENTED_EDGE('',*,*,#12966,.T.);
#12988 = ADVANCED_FACE('',(#12989),#5025,.F.);
#12989 = FACE_BOUND('',#12990,.F.);
#12990 = EDGE_LOOP('',(#12991,#12992,#13013,#13014));
#12991 = ORIENTED_EDGE('',*,*,#5008,.F.);
#12992 = ORIENTED_EDGE('',*,*,#12993,.F.);
#12993 = EDGE_CURVE('',#9809,#5009,#12994,.T.);
#12994 = SEAM_CURVE('',#12995,(#12999,#13006),.PCURVE_S1.);
#12995 = LINE('',#12996,#12997);
#12996 = CARTESIAN_POINT('',(-137.5,-21.,64.5));
#12997 = VECTOR('',#12998,1.);
#12998 = DIRECTION('',(1.,0.,2.22044604925E-16));
#12999 = PCURVE('',#5025,#13000);
#13000 = DEFINITIONAL_REPRESENTATION('',(#13001),#13005);
#13001 = LINE('',#13002,#13003);
#13002 = CARTESIAN_POINT('',(6.28318530718,-0.));
#13003 = VECTOR('',#13004,1.);
#13004 = DIRECTION('',(0.,1.));
#13005 = ( GEOMETRIC_REPRESENTATION_CONTEXT(2) 
PARAMETRIC_REPRESENTATION_CONTEXT() REPRESENTATION_CONTEXT('2D SPACE',''
  ) );
#13006 = PCURVE('',#5025,#13007);
#13007 = DEFINITIONAL_REPRESENTATION('',(#13008),#13012);
#13008 = LINE('',#13009,#13010);
#13009 = CARTESIAN_POINT('',(0.,-0.));
#13010 = VECTOR('',#13011,1.);
#13011 = DIRECTION('',(0.,1.));
#13012 = ( GEOMETRIC_REPRESENTATION_CONTEXT(2) 
PARAMETRIC_REPRESENTATION_CONTEXT() REPRESENTATION_CONTEXT('2D SPACE',''
  ) );
#13013 = ORIENTED_EDGE('',*,*,#9808,.T.);
#13014 = ORIENTED_EDGE('',*,*,#12993,.T.);
#13015 = ADVANCED_FACE('',(#13016),#5076,.F.);
#13016 = FACE_BOUND('',#13017,.F.);
#13017 = EDGE_LOOP('',(#13018,#13019,#13040,#13041));
#13018 = ORIENTED_EDGE('',*,*,#5059,.F.);
#13019 = ORIENTED_EDGE('',*,*,#13020,.F.);
#13020 = EDGE_CURVE('',#9855,#5060,#13021,.T.);
#13021 = SEAM_CURVE('',#13022,(#13026,#13033),.PCURVE_S1.);
#13022 = LINE('',#13023,#13024);
#13023 = CARTESIAN_POINT('',(-137.5,-7.347880794884E-16,45.));
#13024 = VECTOR('',#13025,1.);
#13025 = DIRECTION('',(1.,0.,2.22044604925E-16));
#13026 = PCURVE('',#5076,#13027);
#13027 = DEFINITIONAL_REPRESENTATION('',(#13028),#13032);
#13028 = LINE('',#13029,#13030);
#13029 = CARTESIAN_POINT('',(6.28318530718,-0.));
#13030 = VECTOR('',#13031,1.);
#13031 = DIRECTION('',(0.,1.));
#13032 = ( GEOMETRIC_REPRESENTATION_CONTEXT(2) 
PARAMETRIC_REPRESENTATION_CONTEXT() REPRESENTATION_CONTEXT('2D SPACE',''
  ) );
#13033 = PCURVE('',#5076,#13034);
#13034 = DEFINITIONAL_REPRESENTATION('',(#13035),#13039);
#13035 = LINE('',#13036,#13037);
#13036 = CARTESIAN_POINT('',(0.,-0.));
#13037 = VECTOR('',#13038,1.);
#13038 = DIRECTION('',(0.,1.));
#13039 = ( GEOMETRIC_REPRESENTATION_CONTEXT(2) 
PARAMETRIC_REPRESENTATION_CONTEXT() REPRESENTATION_CONTEXT('2D SPACE',''
  ) );
#13040 = ORIENTED_EDGE('',*,*,#9854,.T.);
#13041 = ORIENTED_EDGE('',*,*,#13020,.T.);
#13042 = ADVANCED_FACE('',(#13043),#5127,.F.);
#13043 = FACE_BOUND('',#13044,.F.);
#13044 = EDGE_LOOP('',(#13045,#13046,#13067,#13068));
#13045 = ORIENTED_EDGE('',*,*,#5110,.F.);
#13046 = ORIENTED_EDGE('',*,*,#13047,.F.);
#13047 = EDGE_CURVE('',#9901,#5111,#13048,.T.);
#13048 = SEAM_CURVE('',#13049,(#13053,#13060),.PCURVE_S1.);
#13049 = LINE('',#13050,#13051);
#13050 = CARTESIAN_POINT('',(-137.5,21.,45.));
#13051 = VECTOR('',#13052,1.);
#13052 = DIRECTION('',(1.,0.,2.22044604925E-16));
#13053 = PCURVE('',#5127,#13054);
#13054 = DEFINITIONAL_REPRESENTATION('',(#13055),#13059);
#13055 = LINE('',#13056,#13057);
#13056 = CARTESIAN_POINT('',(6.28318530718,-0.));
#13057 = VECTOR('',#13058,1.);
#13058 = DIRECTION('',(0.,1.));
#13059 = ( GEOMETRIC_REPRESENTATION_CONTEXT(2) 
PARAMETRIC_REPRESENTATION_CONTEXT() REPRESENTATION_CONTEXT('2D SPACE',''
  ) );
#13060 = PCURVE('',#5127,#13061);
#13061 = DEFINITIONAL_REPRESENTATION('',(#13062),#13066);
#13062 = LINE('',#13063,#13064);
#13063 = CARTESIAN_POINT('',(0.,-0.));
#13064 = VECTOR('',#13065,1.);
#13065 = DIRECTION('',(0.,1.));
#13066 = ( GEOMETRIC_REPRESENTATION_CONTEXT(2) 
PARAMETRIC_REPRESENTATION_CONTEXT() REPRESENTATION_CONTEXT('2D SPACE',''
  ) );
#13067 = ORIENTED_EDGE('',*,*,#9900,.T.);
#13068 = ORIENTED_EDGE('',*,*,#13047,.T.);
#13069 = ADVANCED_FACE('',(#13070),#5178,.F.);
#13070 = FACE_BOUND('',#13071,.F.);
#13071 = EDGE_LOOP('',(#13072,#13073,#13094,#13095));
#13072 = ORIENTED_EDGE('',*,*,#5161,.F.);
#13073 = ORIENTED_EDGE('',*,*,#13074,.F.);
#13074 = EDGE_CURVE('',#9947,#5162,#13075,.T.);
#13075 = SEAM_CURVE('',#13076,(#13080,#13087),.PCURVE_S1.);
#13076 = LINE('',#13077,#13078);
#13077 = CARTESIAN_POINT('',(-137.5,42.,45.));
#13078 = VECTOR('',#13079,1.);
#13079 = DIRECTION('',(1.,0.,2.22044604925E-16));
#13080 = PCURVE('',#5178,#13081);
#13081 = DEFINITIONAL_REPRESENTATION('',(#13082),#13086);
#13082 = LINE('',#13083,#13084);
#13083 = CARTESIAN_POINT('',(6.28318530718,-0.));
#13084 = VECTOR('',#13085,1.);
#13085 = DIRECTION('',(0.,1.));
#13086 = ( GEOMETRIC_REPRESENTATION_CONTEXT(2) 
PARAMETRIC_REPRESENTATION_CONTEXT() REPRESENTATION_CONTEXT('2D SPACE',''
  ) );
#13087 = PCURVE('',#5178,#13088);
#13088 = DEFINITIONAL_REPRESENTATION('',(#13089),#13093);
#13089 = LINE('',#13090,#13091);
#13090 = CARTESIAN_POINT('',(0.,-0.));
#13091 = VECTOR('',#13092,1.);
#13092 = DIRECTION('',(0.,1.));
#13093 = ( GEOMETRIC_REPRESENTATION_CONTEXT(2) 
PARAMETRIC_REPRESENTATION_CONTEXT() REPRESENTATION_CONTEXT('2D SPACE',''
  ) );
#13094 = ORIENTED_EDGE('',*,*,#9946,.T.);
#13095 = ORIENTED_EDGE('',*,*,#13074,.T.);
#13096 = ADVANCED_FACE('',(#13097),#5229,.F.);
#13097 = FACE_BOUND('',#13098,.F.);
#13098 = EDGE_LOOP('',(#13099,#13100,#13121,#13122));
#13099 = ORIENTED_EDGE('',*,*,#5212,.F.);
#13100 = ORIENTED_EDGE('',*,*,#13101,.F.);
#13101 = EDGE_CURVE('',#9993,#5213,#13102,.T.);
#13102 = SEAM_CURVE('',#13103,(#13107,#13114),.PCURVE_S1.);
#13103 = LINE('',#13104,#13105);
#13104 = CARTESIAN_POINT('',(-137.5,-1.102182119233E-15,64.5));
#13105 = VECTOR('',#13106,1.);
#13106 = DIRECTION('',(1.,0.,2.22044604925E-16));
#13107 = PCURVE('',#5229,#13108);
#13108 = DEFINITIONAL_REPRESENTATION('',(#13109),#13113);
#13109 = LINE('',#13110,#13111);
#13110 = CARTESIAN_POINT('',(6.28318530718,-0.));
#13111 = VECTOR('',#13112,1.);
#13112 = DIRECTION('',(0.,1.));
#13113 = ( GEOMETRIC_REPRESENTATION_CONTEXT(2) 
PARAMETRIC_REPRESENTATION_CONTEXT() REPRESENTATION_CONTEXT('2D SPACE',''
  ) );
#13114 = PCURVE('',#5229,#13115);
#13115 = DEFINITIONAL_REPRESENTATION('',(#13116),#13120);
#13116 = LINE('',#13117,#13118);
#13117 = CARTESIAN_POINT('',(0.,-0.));
#13118 = VECTOR('',#13119,1.);
#13119 = DIRECTION('',(0.,1.));
#13120 = ( GEOMETRIC_REPRESENTATION_CONTEXT(2) 
PARAMETRIC_REPRESENTATION_CONTEXT() REPRESENTATION_CONTEXT('2D SPACE',''
  ) );
#13121 = ORIENTED_EDGE('',*,*,#9992,.T.);
#13122 = ORIENTED_EDGE('',*,*,#13101,.T.);
#13123 = ADVANCED_FACE('',(#13124),#5280,.F.);
#13124 = FACE_BOUND('',#13125,.F.);
#13125 = EDGE_LOOP('',(#13126,#13127,#13148,#13149));
#13126 = ORIENTED_EDGE('',*,*,#5263,.F.);
#13127 = ORIENTED_EDGE('',*,*,#13128,.F.);
#13128 = EDGE_CURVE('',#10039,#5264,#13129,.T.);
#13129 = SEAM_CURVE('',#13130,(#13134,#13141),.PCURVE_S1.);
#13130 = LINE('',#13131,#13132);
#13131 = CARTESIAN_POINT('',(-137.5,21.,64.5));
#13132 = VECTOR('',#13133,1.);
#13133 = DIRECTION('',(1.,0.,2.22044604925E-16));
#13134 = PCURVE('',#5280,#13135);
#13135 = DEFINITIONAL_REPRESENTATION('',(#13136),#13140);
#13136 = LINE('',#13137,#13138);
#13137 = CARTESIAN_POINT('',(6.28318530718,-0.));
#13138 = VECTOR('',#13139,1.);
#13139 = DIRECTION('',(0.,1.));
#13140 = ( GEOMETRIC_REPRESENTATION_CONTEXT(2) 
PARAMETRIC_REPRESENTATION_CONTEXT() REPRESENTATION_CONTEXT('2D SPACE',''
  ) );
#13141 = PCURVE('',#5280,#13142);
#13142 = DEFINITIONAL_REPRESENTATION('',(#13143),#13147);
#13143 = LINE('',#13144,#13145);
#13144 = CARTESIAN_POINT('',(0.,-0.));
#13145 = VECTOR('',#13146,1.);
#13146 = DIRECTION('',(0.,1.));
#13147 = ( GEOMETRIC_REPRESENTATION_CONTEXT(2) 
PARAMETRIC_REPRESENTATION_CONTEXT() REPRESENTATION_CONTEXT('2D SPACE',''
  ) );
#13148 = ORIENTED_EDGE('',*,*,#10038,.T.);
#13149 = ORIENTED_EDGE('',*,*,#13128,.T.);
#13150 = ADVANCED_FACE('',(#13151),#5331,.F.);
#13151 = FACE_BOUND('',#13152,.F.);
#13152 = EDGE_LOOP('',(#13153,#13154,#13175,#13176));
#13153 = ORIENTED_EDGE('',*,*,#5314,.F.);
#13154 = ORIENTED_EDGE('',*,*,#13155,.F.);
#13155 = EDGE_CURVE('',#10085,#5315,#13156,.T.);
#13156 = SEAM_CURVE('',#13157,(#13161,#13168),.PCURVE_S1.);
#13157 = LINE('',#13158,#13159);
#13158 = CARTESIAN_POINT('',(-137.5,42.,64.5));
#13159 = VECTOR('',#13160,1.);
#13160 = DIRECTION('',(1.,0.,2.22044604925E-16));
#13161 = PCURVE('',#5331,#13162);
#13162 = DEFINITIONAL_REPRESENTATION('',(#13163),#13167);
#13163 = LINE('',#13164,#13165);
#13164 = CARTESIAN_POINT('',(6.28318530718,-0.));
#13165 = VECTOR('',#13166,1.);
#13166 = DIRECTION('',(0.,1.));
#13167 = ( GEOMETRIC_REPRESENTATION_CONTEXT(2) 
PARAMETRIC_REPRESENTATION_CONTEXT() REPRESENTATION_CONTEXT('2D SPACE',''
  ) );
#13168 = PCURVE('',#5331,#13169);
#13169 = DEFINITIONAL_REPRESENTATION('',(#13170),#13174);
#13170 = LINE('',#13171,#13172);
#13171 = CARTESIAN_POINT('',(0.,-0.));
#13172 = VECTOR('',#13173,1.);
#13173 = DIRECTION('',(0.,1.));
#13174 = ( GEOMETRIC_REPRESENTATION_CONTEXT(2) 
PARAMETRIC_REPRESENTATION_CONTEXT() REPRESENTATION_CONTEXT('2D SPACE',''
  ) );
#13175 = ORIENTED_EDGE('',*,*,#10084,.T.);
#13176 = ORIENTED_EDGE('',*,*,#13155,.T.);
#13177 = ADVANCED_FACE('',(#13178),#5382,.F.);
#13178 = FACE_BOUND('',#13179,.F.);
#13179 = EDGE_LOOP('',(#13180,#13181,#13202,#13203));
#13180 = ORIENTED_EDGE('',*,*,#5365,.F.);
#13181 = ORIENTED_EDGE('',*,*,#13182,.F.);
#13182 = EDGE_CURVE('',#10131,#5366,#13183,.T.);
#13183 = SEAM_CURVE('',#13184,(#13188,#13195),.PCURVE_S1.);
#13184 = LINE('',#13185,#13186);
#13185 = CARTESIAN_POINT('',(-137.5,-42.,84.));
#13186 = VECTOR('',#13187,1.);
#13187 = DIRECTION('',(1.,0.,2.22044604925E-16));
#13188 = PCURVE('',#5382,#13189);
#13189 = DEFINITIONAL_REPRESENTATION('',(#13190),#13194);
#13190 = LINE('',#13191,#13192);
#13191 = CARTESIAN_POINT('',(6.28318530718,-0.));
#13192 = VECTOR('',#13193,1.);
#13193 = DIRECTION('',(0.,1.));
#13194 = ( GEOMETRIC_REPRESENTATION_CONTEXT(2) 
PARAMETRIC_REPRESENTATION_CONTEXT() REPRESENTATION_CONTEXT('2D SPACE',''
  ) );
#13195 = PCURVE('',#5382,#13196);
#13196 = DEFINITIONAL_REPRESENTATION('',(#13197),#13201);
#13197 = LINE('',#13198,#13199);
#13198 = CARTESIAN_POINT('',(0.,-0.));
#13199 = VECTOR('',#13200,1.);
#13200 = DIRECTION('',(0.,1.));
#13201 = ( GEOMETRIC_REPRESENTATION_CONTEXT(2) 
PARAMETRIC_REPRESENTATION_CONTEXT() REPRESENTATION_CONTEXT('2D SPACE',''
  ) );
#13202 = ORIENTED_EDGE('',*,*,#10130,.T.);
#13203 = ORIENTED_EDGE('',*,*,#13182,.T.);
#13204 = ADVANCED_FACE('',(#13205),#5433,.F.);
#13205 = FACE_BOUND('',#13206,.F.);
#13206 = EDGE_LOOP('',(#13207,#13208,#13229,#13230));
#13207 = ORIENTED_EDGE('',*,*,#5416,.F.);
#13208 = ORIENTED_EDGE('',*,*,#13209,.F.);
#13209 = EDGE_CURVE('',#10177,#5417,#13210,.T.);
#13210 = SEAM_CURVE('',#13211,(#13215,#13222),.PCURVE_S1.);
#13211 = LINE('',#13212,#13213);
#13212 = CARTESIAN_POINT('',(-137.5,-21.,84.));
#13213 = VECTOR('',#13214,1.);
#13214 = DIRECTION('',(1.,0.,2.22044604925E-16));
#13215 = PCURVE('',#5433,#13216);
#13216 = DEFINITIONAL_REPRESENTATION('',(#13217),#13221);
#13217 = LINE('',#13218,#13219);
#13218 = CARTESIAN_POINT('',(6.28318530718,-0.));
#13219 = VECTOR('',#13220,1.);
#13220 = DIRECTION('',(0.,1.));
#13221 = ( GEOMETRIC_REPRESENTATION_CONTEXT(2) 
PARAMETRIC_REPRESENTATION_CONTEXT() REPRESENTATION_CONTEXT('2D SPACE',''
  ) );
#13222 = PCURVE('',#5433,#13223);
#13223 = DEFINITIONAL_REPRESENTATION('',(#13224),#13228);
#13224 = LINE('',#13225,#13226);
#13225 = CARTESIAN_POINT('',(0.,-0.));
#13226 = VECTOR('',#13227,1.);
#13227 = DIRECTION('',(0.,1.));
#13228 = ( GEOMETRIC_REPRESENTATION_CONTEXT(2) 
PARAMETRIC_REPRESENTATION_CONTEXT() REPRESENTATION_CONTEXT('2D SPACE',''
  ) );
#13229 = ORIENTED_EDGE('',*,*,#10176,.T.);
#13230 = ORIENTED_EDGE('',*,*,#13209,.T.);
#13231 = ADVANCED_FACE('',(#13232),#5484,.F.);
#13232 = FACE_BOUND('',#13233,.F.);
#13233 = EDGE_LOOP('',(#13234,#13235,#13256,#13257));
#13234 = ORIENTED_EDGE('',*,*,#5467,.F.);
#13235 = ORIENTED_EDGE('',*,*,#13236,.F.);
#13236 = EDGE_CURVE('',#10223,#5468,#13237,.T.);
#13237 = SEAM_CURVE('',#13238,(#13242,#13249),.PCURVE_S1.);
#13238 = LINE('',#13239,#13240);
#13239 = CARTESIAN_POINT('',(-137.5,-42.,103.5));
#13240 = VECTOR('',#13241,1.);
#13241 = DIRECTION('',(1.,0.,2.22044604925E-16));
#13242 = PCURVE('',#5484,#13243);
#13243 = DEFINITIONAL_REPRESENTATION('',(#13244),#13248);
#13244 = LINE('',#13245,#13246);
#13245 = CARTESIAN_POINT('',(6.28318530718,-0.));
#13246 = VECTOR('',#13247,1.);
#13247 = DIRECTION('',(0.,1.));
#13248 = ( GEOMETRIC_REPRESENTATION_CONTEXT(2) 
PARAMETRIC_REPRESENTATION_CONTEXT() REPRESENTATION_CONTEXT('2D SPACE',''
  ) );
#13249 = PCURVE('',#5484,#13250);
#13250 = DEFINITIONAL_REPRESENTATION('',(#13251),#13255);
#13251 = LINE('',#13252,#13253);
#13252 = CARTESIAN_POINT('',(0.,-0.));
#13253 = VECTOR('',#13254,1.);
#13254 = DIRECTION('',(0.,1.));
#13255 = ( GEOMETRIC_REPRESENTATION_CONTEXT(2) 
PARAMETRIC_REPRESENTATION_CONTEXT() REPRESENTATION_CONTEXT('2D SPACE',''
  ) );
#13256 = ORIENTED_EDGE('',*,*,#10222,.T.);
#13257 = ORIENTED_EDGE('',*,*,#13236,.T.);
#13258 = ADVANCED_FACE('',(#13259),#5535,.F.);
#13259 = FACE_BOUND('',#13260,.F.);
#13260 = EDGE_LOOP('',(#13261,#13262,#13283,#13284));
#13261 = ORIENTED_EDGE('',*,*,#5518,.F.);
#13262 = ORIENTED_EDGE('',*,*,#13263,.F.);
#13263 = EDGE_CURVE('',#10269,#5519,#13264,.T.);
#13264 = SEAM_CURVE('',#13265,(#13269,#13276),.PCURVE_S1.);
#13265 = LINE('',#13266,#13267);
#13266 = CARTESIAN_POINT('',(-137.5,-21.,103.5));
#13267 = VECTOR('',#13268,1.);
#13268 = DIRECTION('',(1.,0.,2.22044604925E-16));
#13269 = PCURVE('',#5535,#13270);
#13270 = DEFINITIONAL_REPRESENTATION('',(#13271),#13275);
#13271 = LINE('',#13272,#13273);
#13272 = CARTESIAN_POINT('',(6.28318530718,-0.));
#13273 = VECTOR('',#13274,1.);
#13274 = DIRECTION('',(0.,1.));
#13275 = ( GEOMETRIC_REPRESENTATION_CONTEXT(2) 
PARAMETRIC_REPRESENTATION_CONTEXT() REPRESENTATION_CONTEXT('2D SPACE',''
  ) );
#13276 = PCURVE('',#5535,#13277);
#13277 = DEFINITIONAL_REPRESENTATION('',(#13278),#13282);
#13278 = LINE('',#13279,#13280);
#13279 = CARTESIAN_POINT('',(0.,-0.));
#13280 = VECTOR('',#13281,1.);
#13281 = DIRECTION('',(0.,1.));
#13282 = ( GEOMETRIC_REPRESENTATION_CONTEXT(2) 
PARAMETRIC_REPRESENTATION_CONTEXT() REPRESENTATION_CONTEXT('2D SPACE',''
  ) );
#13283 = ORIENTED_EDGE('',*,*,#10268,.T.);
#13284 = ORIENTED_EDGE('',*,*,#13263,.T.);
#13285 = ADVANCED_FACE('',(#13286),#5586,.F.);
#13286 = FACE_BOUND('',#13287,.F.);
#13287 = EDGE_LOOP('',(#13288,#13289,#13310,#13311));
#13288 = ORIENTED_EDGE('',*,*,#5569,.F.);
#13289 = ORIENTED_EDGE('',*,*,#13290,.F.);
#13290 = EDGE_CURVE('',#10315,#5570,#13291,.T.);
#13291 = SEAM_CURVE('',#13292,(#13296,#13303),.PCURVE_S1.);
#13292 = LINE('',#13293,#13294);
#13293 = CARTESIAN_POINT('',(-137.5,-1.469576158977E-15,84.));
#13294 = VECTOR('',#13295,1.);
#13295 = DIRECTION('',(1.,0.,2.22044604925E-16));
#13296 = PCURVE('',#5586,#13297);
#13297 = DEFINITIONAL_REPRESENTATION('',(#13298),#13302);
#13298 = LINE('',#13299,#13300);
#13299 = CARTESIAN_POINT('',(6.28318530718,-0.));
#13300 = VECTOR('',#13301,1.);
#13301 = DIRECTION('',(0.,1.));
#13302 = ( GEOMETRIC_REPRESENTATION_CONTEXT(2) 
PARAMETRIC_REPRESENTATION_CONTEXT() REPRESENTATION_CONTEXT('2D SPACE',''
  ) );
#13303 = PCURVE('',#5586,#13304);
#13304 = DEFINITIONAL_REPRESENTATION('',(#13305),#13309);
#13305 = LINE('',#13306,#13307);
#13306 = CARTESIAN_POINT('',(0.,-0.));
#13307 = VECTOR('',#13308,1.);
#13308 = DIRECTION('',(0.,1.));
#13309 = ( GEOMETRIC_REPRESENTATION_CONTEXT(2) 
PARAMETRIC_REPRESENTATION_CONTEXT() REPRESENTATION_CONTEXT('2D SPACE',''
  ) );
#13310 = ORIENTED_EDGE('',*,*,#10314,.T.);
#13311 = ORIENTED_EDGE('',*,*,#13290,.T.);
#13312 = ADVANCED_FACE('',(#13313),#5637,.F.);
#13313 = FACE_BOUND('',#13314,.F.);
#13314 = EDGE_LOOP('',(#13315,#13316,#13337,#13338));
#13315 = ORIENTED_EDGE('',*,*,#5620,.F.);
#13316 = ORIENTED_EDGE('',*,*,#13317,.F.);
#13317 = EDGE_CURVE('',#10361,#5621,#13318,.T.);
#13318 = SEAM_CURVE('',#13319,(#13323,#13330),.PCURVE_S1.);
#13319 = LINE('',#13320,#13321);
#13320 = CARTESIAN_POINT('',(-137.5,21.,84.));
#13321 = VECTOR('',#13322,1.);
#13322 = DIRECTION('',(1.,0.,2.22044604925E-16));
#13323 = PCURVE('',#5637,#13324);
#13324 = DEFINITIONAL_REPRESENTATION('',(#13325),#13329);
#13325 = LINE('',#13326,#13327);
#13326 = CARTESIAN_POINT('',(6.28318530718,-0.));
#13327 = VECTOR('',#13328,1.);
#13328 = DIRECTION('',(0.,1.));
#13329 = ( GEOMETRIC_REPRESENTATION_CONTEXT(2) 
PARAMETRIC_REPRESENTATION_CONTEXT() REPRESENTATION_CONTEXT('2D SPACE',''
  ) );
#13330 = PCURVE('',#5637,#13331);
#13331 = DEFINITIONAL_REPRESENTATION('',(#13332),#13336);
#13332 = LINE('',#13333,#13334);
#13333 = CARTESIAN_POINT('',(0.,-0.));
#13334 = VECTOR('',#13335,1.);
#13335 = DIRECTION('',(0.,1.));
#13336 = ( GEOMETRIC_REPRESENTATION_CONTEXT(2) 
PARAMETRIC_REPRESENTATION_CONTEXT() REPRESENTATION_CONTEXT('2D SPACE',''
  ) );
#13337 = ORIENTED_EDGE('',*,*,#10360,.T.);
#13338 = ORIENTED_EDGE('',*,*,#13317,.T.);
#13339 = ADVANCED_FACE('',(#13340),#5688,.F.);
#13340 = FACE_BOUND('',#13341,.F.);
#13341 = EDGE_LOOP('',(#13342,#13343,#13364,#13365));
#13342 = ORIENTED_EDGE('',*,*,#5671,.F.);
#13343 = ORIENTED_EDGE('',*,*,#13344,.F.);
#13344 = EDGE_CURVE('',#10407,#5672,#13345,.T.);
#13345 = SEAM_CURVE('',#13346,(#13350,#13357),.PCURVE_S1.);
#13346 = LINE('',#13347,#13348);
#13347 = CARTESIAN_POINT('',(-137.5,42.,84.));
#13348 = VECTOR('',#13349,1.);
#13349 = DIRECTION('',(1.,0.,2.22044604925E-16));
#13350 = PCURVE('',#5688,#13351);
#13351 = DEFINITIONAL_REPRESENTATION('',(#13352),#13356);
#13352 = LINE('',#13353,#13354);
#13353 = CARTESIAN_POINT('',(6.28318530718,-0.));
#13354 = VECTOR('',#13355,1.);
#13355 = DIRECTION('',(0.,1.));
#13356 = ( GEOMETRIC_REPRESENTATION_CONTEXT(2) 
PARAMETRIC_REPRESENTATION_CONTEXT() REPRESENTATION_CONTEXT('2D SPACE',''
  ) );
#13357 = PCURVE('',#5688,#13358);
#13358 = DEFINITIONAL_REPRESENTATION('',(#13359),#13363);
#13359 = LINE('',#13360,#13361);
#13360 = CARTESIAN_POINT('',(0.,-0.));
#13361 = VECTOR('',#13362,1.);
#13362 = DIRECTION('',(0.,1.));
#13363 = ( GEOMETRIC_REPRESENTATION_CONTEXT(2) 
PARAMETRIC_REPRESENTATION_CONTEXT() REPRESENTATION_CONTEXT('2D SPACE',''
  ) );
#13364 = ORIENTED_EDGE('',*,*,#10406,.T.);
#13365 = ORIENTED_EDGE('',*,*,#13344,.T.);
#13366 = ADVANCED_FACE('',(#13367),#5739,.F.);
#13367 = FACE_BOUND('',#13368,.F.);
#13368 = EDGE_LOOP('',(#13369,#13370,#13391,#13392));
#13369 = ORIENTED_EDGE('',*,*,#5722,.F.);
#13370 = ORIENTED_EDGE('',*,*,#13371,.F.);
#13371 = EDGE_CURVE('',#10453,#5723,#13372,.T.);
#13372 = SEAM_CURVE('',#13373,(#13377,#13384),.PCURVE_S1.);
#13373 = LINE('',#13374,#13375);
#13374 = CARTESIAN_POINT('',(-137.5,-1.836970198721E-15,103.5));
#13375 = VECTOR('',#13376,1.);
#13376 = DIRECTION('',(1.,0.,2.22044604925E-16));
#13377 = PCURVE('',#5739,#13378);
#13378 = DEFINITIONAL_REPRESENTATION('',(#13379),#13383);
#13379 = LINE('',#13380,#13381);
#13380 = CARTESIAN_POINT('',(6.28318530718,-0.));
#13381 = VECTOR('',#13382,1.);
#13382 = DIRECTION('',(0.,1.));
#13383 = ( GEOMETRIC_REPRESENTATION_CONTEXT(2) 
PARAMETRIC_REPRESENTATION_CONTEXT() REPRESENTATION_CONTEXT('2D SPACE',''
  ) );
#13384 = PCURVE('',#5739,#13385);
#13385 = DEFINITIONAL_REPRESENTATION('',(#13386),#13390);
#13386 = LINE('',#13387,#13388);
#13387 = CARTESIAN_POINT('',(0.,-0.));
#13388 = VECTOR('',#13389,1.);
#13389 = DIRECTION('',(0.,1.));
#13390 = ( GEOMETRIC_REPRESENTATION_CONTEXT(2) 
PARAMETRIC_REPRESENTATION_CONTEXT() REPRESENTATION_CONTEXT('2D SPACE',''
  ) );
#13391 = ORIENTED_EDGE('',*,*,#10452,.T.);
#13392 = ORIENTED_EDGE('',*,*,#13371,.T.);
#13393 = ADVANCED_FACE('',(#13394),#5790,.F.);
#13394 = FACE_BOUND('',#13395,.F.);
#13395 = EDGE_LOOP('',(#13396,#13397,#13418,#13419));
#13396 = ORIENTED_EDGE('',*,*,#5773,.F.);
#13397 = ORIENTED_EDGE('',*,*,#13398,.F.);
#13398 = EDGE_CURVE('',#10499,#5774,#13399,.T.);
#13399 = SEAM_CURVE('',#13400,(#13404,#13411),.PCURVE_S1.);
#13400 = LINE('',#13401,#13402);
#13401 = CARTESIAN_POINT('',(-137.5,21.,103.5));
#13402 = VECTOR('',#13403,1.);
#13403 = DIRECTION('',(1.,0.,2.22044604925E-16));
#13404 = PCURVE('',#5790,#13405);
#13405 = DEFINITIONAL_REPRESENTATION('',(#13406),#13410);
#13406 = LINE('',#13407,#13408);
#13407 = CARTESIAN_POINT('',(6.28318530718,-0.));
#13408 = VECTOR('',#13409,1.);
#13409 = DIRECTION('',(0.,1.));
#13410 = ( GEOMETRIC_REPRESENTATION_CONTEXT(2) 
PARAMETRIC_REPRESENTATION_CONTEXT() REPRESENTATION_CONTEXT('2D SPACE',''
  ) );
#13411 = PCURVE('',#5790,#13412);
#13412 = DEFINITIONAL_REPRESENTATION('',(#13413),#13417);
#13413 = LINE('',#13414,#13415);
#13414 = CARTESIAN_POINT('',(0.,-0.));
#13415 = VECTOR('',#13416,1.);
#13416 = DIRECTION('',(0.,1.));
#13417 = ( GEOMETRIC_REPRESENTATION_CONTEXT(2) 
PARAMETRIC_REPRESENTATION_CONTEXT() REPRESENTATION_CONTEXT('2D SPACE',''
  ) );
#13418 = ORIENTED_EDGE('',*,*,#10498,.T.);
#13419 = ORIENTED_EDGE('',*,*,#13398,.T.);
#13420 = ADVANCED_FACE('',(#13421),#5841,.F.);
#13421 = FACE_BOUND('',#13422,.F.);
#13422 = EDGE_LOOP('',(#13423,#13424,#13445,#13446));
#13423 = ORIENTED_EDGE('',*,*,#5824,.F.);
#13424 = ORIENTED_EDGE('',*,*,#13425,.F.);
#13425 = EDGE_CURVE('',#10545,#5825,#13426,.T.);
#13426 = SEAM_CURVE('',#13427,(#13431,#13438),.PCURVE_S1.);
#13427 = LINE('',#13428,#13429);
#13428 = CARTESIAN_POINT('',(-137.5,42.,103.5));
#13429 = VECTOR('',#13430,1.);
#13430 = DIRECTION('',(1.,0.,2.22044604925E-16));
#13431 = PCURVE('',#5841,#13432);
#13432 = DEFINITIONAL_REPRESENTATION('',(#13433),#13437);
#13433 = LINE('',#13434,#13435);
#13434 = CARTESIAN_POINT('',(6.28318530718,-0.));
#13435 = VECTOR('',#13436,1.);
#13436 = DIRECTION('',(0.,1.));
#13437 = ( GEOMETRIC_REPRESENTATION_CONTEXT(2) 
PARAMETRIC_REPRESENTATION_CONTEXT() REPRESENTATION_CONTEXT('2D SPACE',''
  ) );
#13438 = PCURVE('',#5841,#13439);
#13439 = DEFINITIONAL_REPRESENTATION('',(#13440),#13444);
#13440 = LINE('',#13441,#13442);
#13441 = CARTESIAN_POINT('',(0.,-0.));
#13442 = VECTOR('',#13443,1.);
#13443 = DIRECTION('',(0.,1.));
#13444 = ( GEOMETRIC_REPRESENTATION_CONTEXT(2) 
PARAMETRIC_REPRESENTATION_CONTEXT() REPRESENTATION_CONTEXT('2D SPACE',''
  ) );
#13445 = ORIENTED_EDGE('',*,*,#10544,.T.);
#13446 = ORIENTED_EDGE('',*,*,#13425,.T.);
#13447 = ADVANCED_FACE('',(#13448),#6013,.F.);
#13448 = FACE_BOUND('',#13449,.F.);
#13449 = EDGE_LOOP('',(#13450,#13451,#13452,#13453));
#13450 = ORIENTED_EDGE('',*,*,#6102,.F.);
#13451 = ORIENTED_EDGE('',*,*,#5999,.T.);
#13452 = ORIENTED_EDGE('',*,*,#6053,.T.);
#13453 = ORIENTED_EDGE('',*,*,#6129,.F.);
#13454 = ADVANCED_FACE('',(#13455),#6214,.F.);
#13455 = FACE_BOUND('',#13456,.F.);
#13456 = EDGE_LOOP('',(#13457,#13458,#13459,#13460));
#13457 = ORIENTED_EDGE('',*,*,#6303,.F.);
#13458 = ORIENTED_EDGE('',*,*,#6200,.T.);
#13459 = ORIENTED_EDGE('',*,*,#6254,.T.);
#13460 = ORIENTED_EDGE('',*,*,#6330,.F.);
#13461 = ADVANCED_FACE('',(#13462),#6415,.F.);
#13462 = FACE_BOUND('',#13463,.F.);
#13463 = EDGE_LOOP('',(#13464,#13465,#13466,#13467));
#13464 = ORIENTED_EDGE('',*,*,#6504,.F.);
#13465 = ORIENTED_EDGE('',*,*,#6401,.T.);
#13466 = ORIENTED_EDGE('',*,*,#6455,.T.);
#13467 = ORIENTED_EDGE('',*,*,#6531,.F.);
#13468 = ADVANCED_FACE('',(#13469),#6616,.F.);
#13469 = FACE_BOUND('',#13470,.F.);
#13470 = EDGE_LOOP('',(#13471,#13472,#13473,#13474));
#13471 = ORIENTED_EDGE('',*,*,#6732,.F.);
#13472 = ORIENTED_EDGE('',*,*,#6602,.T.);
#13473 = ORIENTED_EDGE('',*,*,#6656,.T.);
#13474 = ORIENTED_EDGE('',*,*,#6705,.F.);
#13475 = ADVANCED_FACE('',(#13476),#6971,.F.);
#13476 = FACE_BOUND('',#13477,.F.);
#13477 = EDGE_LOOP('',(#13478,#13479,#13500,#13518,#13519));
#13478 = ORIENTED_EDGE('',*,*,#7197,.T.);
#13479 = ORIENTED_EDGE('',*,*,#13480,.F.);
#13480 = EDGE_CURVE('',#13481,#7198,#13483,.T.);
#13481 = VERTEX_POINT('',#13482);
#13482 = CARTESIAN_POINT('',(103.56604855819,77.848859362713,120.));
#13483 = SURFACE_CURVE('',#13484,(#13488,#13494),.PCURVE_S1.);
#13484 = LINE('',#13485,#13486);
#13485 = CARTESIAN_POINT('',(103.56604855819,5.34076533795E-10,120.));
#13486 = VECTOR('',#13487,1.);
#13487 = DIRECTION('',(0.,-1.,0.));
#13488 = PCURVE('',#6971,#13489);
#13489 = DEFINITIONAL_REPRESENTATION('',(#13490),#13493);
#13490 = B_SPLINE_CURVE_WITH_KNOTS('',1,(#13491,#13492),.UNSPECIFIED.,
  .F.,.F.,(2,2),(-77.84885936217,77.848859380973),
  .PIECEWISE_BEZIER_KNOTS.);
#13491 = CARTESIAN_POINT('',(77.848859362711,-12.02242424467));
#13492 = CARTESIAN_POINT('',(-77.84885938044,-12.02242424467));
#13493 = ( GEOMETRIC_REPRESENTATION_CONTEXT(2) 
PARAMETRIC_REPRESENTATION_CONTEXT() REPRESENTATION_CONTEXT('2D SPACE',''
  ) );
#13494 = PCURVE('',#7233,#13495);
#13495 = DEFINITIONAL_REPRESENTATION('',(#13496),#13499);
#13496 = B_SPLINE_CURVE_WITH_KNOTS('',1,(#13497,#13498),.UNSPECIFIED.,
  .F.,.F.,(2,2),(-77.84885936217,77.848859380973),
  .PIECEWISE_BEZIER_KNOTS.);
#13497 = CARTESIAN_POINT('',(103.56604855819,77.848859361647));
#13498 = CARTESIAN_POINT('',(103.56604855819,-77.8488593815));
#13499 = ( GEOMETRIC_REPRESENTATION_CONTEXT(2) 
PARAMETRIC_REPRESENTATION_CONTEXT() REPRESENTATION_CONTEXT('2D SPACE',''
  ) );
#13500 = ORIENTED_EDGE('',*,*,#13501,.T.);
#13501 = EDGE_CURVE('',#13481,#6928,#13502,.T.);
#13502 = SURFACE_CURVE('',#13503,(#13506,#13512),.PCURVE_S1.);
#13503 = B_SPLINE_CURVE_WITH_KNOTS('',1,(#13504,#13505),.UNSPECIFIED.,
  .F.,.F.,(2,2),(0.,1.),.PIECEWISE_BEZIER_KNOTS.);
#13504 = CARTESIAN_POINT('',(96.348859380437,77.848859362713,2.));
#13505 = CARTESIAN_POINT('',(104.3,77.848859362713,132.));
#13506 = PCURVE('',#6971,#13507);
#13507 = DEFINITIONAL_REPRESENTATION('',(#13508),#13511);
#13508 = B_SPLINE_CURVE_WITH_KNOTS('',1,(#13509,#13510),.UNSPECIFIED.,
  .F.,.F.,(2,2),(0.,1.),.PIECEWISE_BEZIER_KNOTS.);
#13509 = CARTESIAN_POINT('',(77.848859362711,-130.2429293173));
#13510 = CARTESIAN_POINT('',(77.848859362711,0.));
#13511 = ( GEOMETRIC_REPRESENTATION_CONTEXT(2) 
PARAMETRIC_REPRESENTATION_CONTEXT() REPRESENTATION_CONTEXT('2D SPACE',''
  ) );
#13512 = PCURVE('',#6944,#13513);
#13513 = DEFINITIONAL_REPRESENTATION('',(#13514),#13517);
#13514 = B_SPLINE_CURVE_WITH_KNOTS('',1,(#13515,#13516),.UNSPECIFIED.,
  .F.,.F.,(2,2),(0.,1.),.PIECEWISE_BEZIER_KNOTS.);
#13515 = CARTESIAN_POINT('',(3.14159265359,0.));
#13516 = CARTESIAN_POINT('',(3.14159265359,130.));
#13517 = ( GEOMETRIC_REPRESENTATION_CONTEXT(2) 
PARAMETRIC_REPRESENTATION_CONTEXT() REPRESENTATION_CONTEXT('2D SPACE',''
  ) );
#13518 = ORIENTED_EDGE('',*,*,#6956,.F.);
#13519 = ORIENTED_EDGE('',*,*,#12880,.T.);
#13520 = ADVANCED_FACE('',(#13521),#6944,.F.);
#13521 = FACE_BOUND('',#13522,.F.);
#13522 = EDGE_LOOP('',(#13523,#13547,#13565,#13566));
#13523 = ORIENTED_EDGE('',*,*,#13524,.T.);
#13524 = EDGE_CURVE('',#13481,#13525,#13527,.T.);
#13525 = VERTEX_POINT('',#13526);
#13526 = CARTESIAN_POINT('',(85.348859380437,96.066048541288,120.));
#13527 = SURFACE_CURVE('',#13528,(#13533,#13540),.PCURVE_S1.);
#13528 = CIRCLE('',#13529,18.217189177757);
#13529 = AXIS2_PLACEMENT_3D('',#13530,#13531,#13532);
#13530 = CARTESIAN_POINT('',(85.348859380437,77.848859362713,120.));
#13531 = DIRECTION('',(0.,-0.,1.));
#13532 = DIRECTION('',(-1.,0.,0.));
#13533 = PCURVE('',#6944,#13534);
#13534 = DEFINITIONAL_REPRESENTATION('',(#13535),#13539);
#13535 = LINE('',#13536,#13537);
#13536 = CARTESIAN_POINT('',(0.,118.));
#13537 = VECTOR('',#13538,1.);
#13538 = DIRECTION('',(1.,0.));
#13539 = ( GEOMETRIC_REPRESENTATION_CONTEXT(2) 
PARAMETRIC_REPRESENTATION_CONTEXT() REPRESENTATION_CONTEXT('2D SPACE',''
  ) );
#13540 = PCURVE('',#7233,#13541);
#13541 = DEFINITIONAL_REPRESENTATION('',(#13542),#13546);
#13542 = CIRCLE('',#13543,18.217189177757);
#13543 = AXIS2_PLACEMENT_2D('',#13544,#13545);
#13544 = CARTESIAN_POINT('',(85.348859380437,77.848859361647));
#13545 = DIRECTION('',(-1.,0.));
#13546 = ( GEOMETRIC_REPRESENTATION_CONTEXT(2) 
PARAMETRIC_REPRESENTATION_CONTEXT() REPRESENTATION_CONTEXT('2D SPACE',''
  ) );
#13547 = ORIENTED_EDGE('',*,*,#13548,.T.);
#13548 = EDGE_CURVE('',#13525,#6902,#13549,.T.);
#13549 = SURFACE_CURVE('',#13550,(#13553,#13559),.PCURVE_S1.);
#13550 = B_SPLINE_CURVE_WITH_KNOTS('',1,(#13551,#13552),.UNSPECIFIED.,
  .F.,.F.,(2,2),(0.,1.),.PIECEWISE_BEZIER_KNOTS.);
#13551 = CARTESIAN_POINT('',(85.348859380437,88.848859371576,2.));
#13552 = CARTESIAN_POINT('',(85.348859380437,96.799999982276,132.));
#13553 = PCURVE('',#6944,#13554);
#13554 = DEFINITIONAL_REPRESENTATION('',(#13555),#13558);
#13555 = B_SPLINE_CURVE_WITH_KNOTS('',1,(#13556,#13557),.UNSPECIFIED.,
  .F.,.F.,(2,2),(0.,1.),.PIECEWISE_BEZIER_KNOTS.);
#13556 = CARTESIAN_POINT('',(4.712388980385,0.));
#13557 = CARTESIAN_POINT('',(4.712388980385,130.));
#13558 = ( GEOMETRIC_REPRESENTATION_CONTEXT(2) 
PARAMETRIC_REPRESENTATION_CONTEXT() REPRESENTATION_CONTEXT('2D SPACE',''
  ) );
#13559 = PCURVE('',#6916,#13560);
#13560 = DEFINITIONAL_REPRESENTATION('',(#13561),#13564);
#13561 = B_SPLINE_CURVE_WITH_KNOTS('',1,(#13562,#13563),.UNSPECIFIED.,
  .F.,.F.,(2,2),(0.,1.),.PIECEWISE_BEZIER_KNOTS.);
#13562 = CARTESIAN_POINT('',(-170.6977187608,-130.2429293167));
#13563 = CARTESIAN_POINT('',(-170.6977187608,0.));
#13564 = ( GEOMETRIC_REPRESENTATION_CONTEXT(2) 
PARAMETRIC_REPRESENTATION_CONTEXT() REPRESENTATION_CONTEXT('2D SPACE',''
  ) );
#13565 = ORIENTED_EDGE('',*,*,#6927,.F.);
#13566 = ORIENTED_EDGE('',*,*,#13501,.F.);
#13567 = ADVANCED_FACE('',(#13568),#6916,.F.);
#13568 = FACE_BOUND('',#13569,.F.);
#13569 = EDGE_LOOP('',(#13570,#13591,#13609,#13610));
#13570 = ORIENTED_EDGE('',*,*,#13571,.F.);
#13571 = EDGE_CURVE('',#13572,#13525,#13574,.T.);
#13572 = VERTEX_POINT('',#13573);
#13573 = CARTESIAN_POINT('',(-85.34885938043,96.066048541288,120.));
#13574 = SURFACE_CURVE('',#13575,(#13579,#13585),.PCURVE_S1.);
#13575 = LINE('',#13576,#13577);
#13576 = CARTESIAN_POINT('',(-42.67442969021,96.066048542106,120.));
#13577 = VECTOR('',#13578,1.);
#13578 = DIRECTION('',(1.,-0.,0.));
#13579 = PCURVE('',#6916,#13580);
#13580 = DEFINITIONAL_REPRESENTATION('',(#13581),#13584);
#13581 = B_SPLINE_CURVE_WITH_KNOTS('',1,(#13582,#13583),.UNSPECIFIED.,
  .F.,.F.,(2,2),(-42.67442969021,128.02328907065),
  .PIECEWISE_BEZIER_KNOTS.);
#13582 = CARTESIAN_POINT('',(0.,-12.02242424457));
#13583 = CARTESIAN_POINT('',(-170.6977187608,-12.02242424457));
#13584 = ( GEOMETRIC_REPRESENTATION_CONTEXT(2) 
PARAMETRIC_REPRESENTATION_CONTEXT() REPRESENTATION_CONTEXT('2D SPACE',''
  ) );
#13585 = PCURVE('',#7233,#13586);
#13586 = DEFINITIONAL_REPRESENTATION('',(#13587),#13590);
#13587 = B_SPLINE_CURVE_WITH_KNOTS('',1,(#13588,#13589),.UNSPECIFIED.,
  .F.,.F.,(2,2),(-42.67442969021,128.02328907065),
  .PIECEWISE_BEZIER_KNOTS.);
#13588 = CARTESIAN_POINT('',(-85.34885938043,96.06604854104));
#13589 = CARTESIAN_POINT('',(85.348859380437,96.06604854104));
#13590 = ( GEOMETRIC_REPRESENTATION_CONTEXT(2) 
PARAMETRIC_REPRESENTATION_CONTEXT() REPRESENTATION_CONTEXT('2D SPACE',''
  ) );
#13591 = ORIENTED_EDGE('',*,*,#13592,.T.);
#13592 = EDGE_CURVE('',#13572,#6873,#13593,.T.);
#13593 = SURFACE_CURVE('',#13594,(#13597,#13603),.PCURVE_S1.);
#13594 = B_SPLINE_CURVE_WITH_KNOTS('',1,(#13595,#13596),.UNSPECIFIED.,
  .F.,.F.,(2,2),(0.,1.),.PIECEWISE_BEZIER_KNOTS.);
#13595 = CARTESIAN_POINT('',(-85.34885938043,88.848859371576,2.));
#13596 = CARTESIAN_POINT('',(-85.34885938043,96.799999982276,132.));
#13597 = PCURVE('',#6916,#13598);
#13598 = DEFINITIONAL_REPRESENTATION('',(#13599),#13602);
#13599 = B_SPLINE_CURVE_WITH_KNOTS('',1,(#13600,#13601),.UNSPECIFIED.,
  .F.,.F.,(2,2),(0.,1.),.PIECEWISE_BEZIER_KNOTS.);
#13600 = CARTESIAN_POINT('',(0.,-130.2429293167));
#13601 = CARTESIAN_POINT('',(0.,0.));
#13602 = ( GEOMETRIC_REPRESENTATION_CONTEXT(2) 
PARAMETRIC_REPRESENTATION_CONTEXT() REPRESENTATION_CONTEXT('2D SPACE',''
  ) );
#13603 = PCURVE('',#6889,#13604);
#13604 = DEFINITIONAL_REPRESENTATION('',(#13605),#13608);
#13605 = B_SPLINE_CURVE_WITH_KNOTS('',1,(#13606,#13607),.UNSPECIFIED.,
  .F.,.F.,(2,2),(0.,1.),.PIECEWISE_BEZIER_KNOTS.);
#13606 = CARTESIAN_POINT('',(4.712388980385,0.));
#13607 = CARTESIAN_POINT('',(4.712388980385,130.));
#13608 = ( GEOMETRIC_REPRESENTATION_CONTEXT(2) 
PARAMETRIC_REPRESENTATION_CONTEXT() REPRESENTATION_CONTEXT('2D SPACE',''
  ) );
#13609 = ORIENTED_EDGE('',*,*,#6901,.F.);
#13610 = ORIENTED_EDGE('',*,*,#13548,.F.);
#13611 = ADVANCED_FACE('',(#13612),#6889,.F.);
#13612 = FACE_BOUND('',#13613,.F.);
#13613 = EDGE_LOOP('',(#13614,#13638,#13656,#13657));
#13614 = ORIENTED_EDGE('',*,*,#13615,.T.);
#13615 = EDGE_CURVE('',#13572,#13616,#13618,.T.);
#13616 = VERTEX_POINT('',#13617);
#13617 = CARTESIAN_POINT('',(-103.5660485581,77.848859362713,120.));
#13618 = SURFACE_CURVE('',#13619,(#13624,#13631),.PCURVE_S1.);
#13619 = CIRCLE('',#13620,18.217189177757);
#13620 = AXIS2_PLACEMENT_3D('',#13621,#13622,#13623);
#13621 = CARTESIAN_POINT('',(-85.34885938043,77.848859362713,120.));
#13622 = DIRECTION('',(0.,-0.,1.));
#13623 = DIRECTION('',(-1.,0.,0.));
#13624 = PCURVE('',#6889,#13625);
#13625 = DEFINITIONAL_REPRESENTATION('',(#13626),#13630);
#13626 = LINE('',#13627,#13628);
#13627 = CARTESIAN_POINT('',(0.,118.));
#13628 = VECTOR('',#13629,1.);
#13629 = DIRECTION('',(1.,0.));
#13630 = ( GEOMETRIC_REPRESENTATION_CONTEXT(2) 
PARAMETRIC_REPRESENTATION_CONTEXT() REPRESENTATION_CONTEXT('2D SPACE',''
  ) );
#13631 = PCURVE('',#7233,#13632);
#13632 = DEFINITIONAL_REPRESENTATION('',(#13633),#13637);
#13633 = CIRCLE('',#13634,18.217189177757);
#13634 = AXIS2_PLACEMENT_2D('',#13635,#13636);
#13635 = CARTESIAN_POINT('',(-85.34885938043,77.848859361647));
#13636 = DIRECTION('',(-1.,0.));
#13637 = ( GEOMETRIC_REPRESENTATION_CONTEXT(2) 
PARAMETRIC_REPRESENTATION_CONTEXT() REPRESENTATION_CONTEXT('2D SPACE',''
  ) );
#13638 = ORIENTED_EDGE('',*,*,#13639,.T.);
#13639 = EDGE_CURVE('',#13616,#6847,#13640,.T.);
#13640 = SURFACE_CURVE('',#13641,(#13644,#13650),.PCURVE_S1.);
#13641 = B_SPLINE_CURVE_WITH_KNOTS('',1,(#13642,#13643),.UNSPECIFIED.,
  .F.,.F.,(2,2),(0.,1.),.PIECEWISE_BEZIER_KNOTS.);
#13642 = CARTESIAN_POINT('',(-96.34885938043,77.848859362713,2.));
#13643 = CARTESIAN_POINT('',(-104.3,77.848859362713,132.));
#13644 = PCURVE('',#6889,#13645);
#13645 = DEFINITIONAL_REPRESENTATION('',(#13646),#13649);
#13646 = B_SPLINE_CURVE_WITH_KNOTS('',1,(#13647,#13648),.UNSPECIFIED.,
  .F.,.F.,(2,2),(0.,1.),.PIECEWISE_BEZIER_KNOTS.);
#13647 = CARTESIAN_POINT('',(6.28318530718,0.));
#13648 = CARTESIAN_POINT('',(6.28318530718,130.));
#13649 = ( GEOMETRIC_REPRESENTATION_CONTEXT(2) 
PARAMETRIC_REPRESENTATION_CONTEXT() REPRESENTATION_CONTEXT('2D SPACE',''
  ) );
#13650 = PCURVE('',#6861,#13651);
#13651 = DEFINITIONAL_REPRESENTATION('',(#13652),#13655);
#13652 = B_SPLINE_CURVE_WITH_KNOTS('',1,(#13653,#13654),.UNSPECIFIED.,
  .F.,.F.,(2,2),(0.,1.),.PIECEWISE_BEZIER_KNOTS.);
#13653 = CARTESIAN_POINT('',(-77.84885936271,-130.2429293173));
#13654 = CARTESIAN_POINT('',(-77.84885936271,0.));
#13655 = ( GEOMETRIC_REPRESENTATION_CONTEXT(2) 
PARAMETRIC_REPRESENTATION_CONTEXT() REPRESENTATION_CONTEXT('2D SPACE',''
  ) );
#13656 = ORIENTED_EDGE('',*,*,#6872,.F.);
#13657 = ORIENTED_EDGE('',*,*,#13592,.F.);
#13658 = ADVANCED_FACE('',(#13659),#6861,.F.);
#13659 = FACE_BOUND('',#13660,.F.);
#13660 = EDGE_LOOP('',(#13661,#13680,#13681,#13682,#13683));
#13661 = ORIENTED_EDGE('',*,*,#13662,.F.);
#13662 = EDGE_CURVE('',#7383,#13616,#13663,.T.);
#13663 = SURFACE_CURVE('',#13664,(#13668,#13674),.PCURVE_S1.);
#13664 = LINE('',#13665,#13666);
#13665 = CARTESIAN_POINT('',(-103.5660485581,5.34076533795E-10,120.));
#13666 = VECTOR('',#13667,1.);
#13667 = DIRECTION('',(0.,1.,-0.));
#13668 = PCURVE('',#6861,#13669);
#13669 = DEFINITIONAL_REPRESENTATION('',(#13670),#13673);
#13670 = B_SPLINE_CURVE_WITH_KNOTS('',1,(#13671,#13672),.UNSPECIFIED.,
  .F.,.F.,(2,2),(-77.84885938097,77.848859362179),
  .PIECEWISE_BEZIER_KNOTS.);
#13671 = CARTESIAN_POINT('',(77.848859380441,-12.02242424467));
#13672 = CARTESIAN_POINT('',(-77.84885936271,-12.02242424467));
#13673 = ( GEOMETRIC_REPRESENTATION_CONTEXT(2) 
PARAMETRIC_REPRESENTATION_CONTEXT() REPRESENTATION_CONTEXT('2D SPACE',''
  ) );
#13674 = PCURVE('',#7233,#13675);
#13675 = DEFINITIONAL_REPRESENTATION('',(#13676),#13679);
#13676 = B_SPLINE_CURVE_WITH_KNOTS('',1,(#13677,#13678),.UNSPECIFIED.,
  .F.,.F.,(2,2),(-77.84885938097,77.848859362179),
  .PIECEWISE_BEZIER_KNOTS.);
#13677 = CARTESIAN_POINT('',(-103.5660485581,-77.8488593815));
#13678 = CARTESIAN_POINT('',(-103.5660485581,77.848859361647));
#13679 = ( GEOMETRIC_REPRESENTATION_CONTEXT(2) 
PARAMETRIC_REPRESENTATION_CONTEXT() REPRESENTATION_CONTEXT('2D SPACE',''
  ) );
#13680 = ORIENTED_EDGE('',*,*,#7403,.T.);
#13681 = ORIENTED_EDGE('',*,*,#7056,.T.);
#13682 = ORIENTED_EDGE('',*,*,#6846,.F.);
#13683 = ORIENTED_EDGE('',*,*,#13639,.F.);
#13684 = ADVANCED_FACE('',(#13685),#7233,.F.);
#13685 = FACE_BOUND('',#13686,.F.);
#13686 = EDGE_LOOP('',(#13687,#13688,#13689,#13690,#13691,#13692,#13693,
    #13694,#13695,#13696,#13720,#13741));
#13687 = ORIENTED_EDGE('',*,*,#10754,.F.);
#13688 = ORIENTED_EDGE('',*,*,#7382,.T.);
#13689 = ORIENTED_EDGE('',*,*,#13662,.T.);
#13690 = ORIENTED_EDGE('',*,*,#13615,.F.);
#13691 = ORIENTED_EDGE('',*,*,#13571,.T.);
#13692 = ORIENTED_EDGE('',*,*,#13524,.F.);
#13693 = ORIENTED_EDGE('',*,*,#13480,.T.);
#13694 = ORIENTED_EDGE('',*,*,#7218,.T.);
#13695 = ORIENTED_EDGE('',*,*,#9648,.F.);
#13696 = ORIENTED_EDGE('',*,*,#13697,.T.);
#13697 = EDGE_CURVE('',#9624,#13698,#13700,.T.);
#13698 = VERTEX_POINT('',#13699);
#13699 = CARTESIAN_POINT('',(86.148859380437,97.866048541957,120.));
#13700 = SURFACE_CURVE('',#13701,(#13706,#13713),.PCURVE_S1.);
#13701 = CIRCLE('',#13702,19.217189177757);
#13702 = AXIS2_PLACEMENT_3D('',#13703,#13704,#13705);
#13703 = CARTESIAN_POINT('',(86.148859380437,78.648859363414,120.));
#13704 = DIRECTION('',(0.,-0.,1.));
#13705 = DIRECTION('',(-1.,0.,0.));
#13706 = PCURVE('',#7233,#13707);
#13707 = DEFINITIONAL_REPRESENTATION('',(#13708),#13712);
#13708 = CIRCLE('',#13709,19.217189177757);
#13709 = AXIS2_PLACEMENT_2D('',#13710,#13711);
#13710 = CARTESIAN_POINT('',(86.148859380437,78.648859362348));
#13711 = DIRECTION('',(-1.,0.));
#13712 = ( GEOMETRIC_REPRESENTATION_CONTEXT(2) 
PARAMETRIC_REPRESENTATION_CONTEXT() REPRESENTATION_CONTEXT('2D SPACE',''
  ) );
#13713 = PCURVE('',#9637,#13714);
#13714 = DEFINITIONAL_REPRESENTATION('',(#13715),#13719);
#13715 = LINE('',#13716,#13717);
#13716 = CARTESIAN_POINT('',(0.,118.));
#13717 = VECTOR('',#13718,1.);
#13718 = DIRECTION('',(1.,0.));
#13719 = ( GEOMETRIC_REPRESENTATION_CONTEXT(2) 
PARAMETRIC_REPRESENTATION_CONTEXT() REPRESENTATION_CONTEXT('2D SPACE',''
  ) );
#13720 = ORIENTED_EDGE('',*,*,#13721,.F.);
#13721 = EDGE_CURVE('',#13722,#13698,#13724,.T.);
#13722 = VERTEX_POINT('',#13723);
#13723 = CARTESIAN_POINT('',(-86.14885938043,97.866048541957,120.));
#13724 = SURFACE_CURVE('',#13725,(#13729,#13735),.PCURVE_S1.);
#13725 = LINE('',#13726,#13727);
#13726 = CARTESIAN_POINT('',(-43.07442969021,97.866048542743,120.));
#13727 = VECTOR('',#13728,1.);
#13728 = DIRECTION('',(1.,-0.,0.));
#13729 = PCURVE('',#7233,#13730);
#13730 = DEFINITIONAL_REPRESENTATION('',(#13731),#13734);
#13731 = B_SPLINE_CURVE_WITH_KNOTS('',1,(#13732,#13733),.UNSPECIFIED.,
  .F.,.F.,(2,2),(-43.07442969021,129.22328907065),
  .PIECEWISE_BEZIER_KNOTS.);
#13732 = CARTESIAN_POINT('',(-86.14885938043,97.866048541677));
#13733 = CARTESIAN_POINT('',(86.148859380437,97.866048541677));
#13734 = ( GEOMETRIC_REPRESENTATION_CONTEXT(2) 
PARAMETRIC_REPRESENTATION_CONTEXT() REPRESENTATION_CONTEXT('2D SPACE',''
  ) );
#13735 = PCURVE('',#9279,#13736);
#13736 = DEFINITIONAL_REPRESENTATION('',(#13737),#13740);
#13737 = B_SPLINE_CURVE_WITH_KNOTS('',1,(#13738,#13739),.UNSPECIFIED.,
  .F.,.F.,(2,2),(-43.07442969021,129.22328907065),
  .PIECEWISE_BEZIER_KNOTS.);
#13738 = CARTESIAN_POINT('',(0.,-12.02242424457));
#13739 = CARTESIAN_POINT('',(-172.2977187608,-12.02242424457));
#13740 = ( GEOMETRIC_REPRESENTATION_CONTEXT(2) 
PARAMETRIC_REPRESENTATION_CONTEXT() REPRESENTATION_CONTEXT('2D SPACE',''
  ) );
#13741 = ORIENTED_EDGE('',*,*,#13742,.T.);
#13742 = EDGE_CURVE('',#13722,#10755,#13743,.T.);
#13743 = SURFACE_CURVE('',#13744,(#13749,#13756),.PCURVE_S1.);
#13744 = CIRCLE('',#13745,19.217189177757);
#13745 = AXIS2_PLACEMENT_3D('',#13746,#13747,#13748);
#13746 = CARTESIAN_POINT('',(-86.14885938043,78.648859363414,120.));
#13747 = DIRECTION('',(0.,-0.,1.));
#13748 = DIRECTION('',(-1.,0.,0.));
#13749 = PCURVE('',#7233,#13750);
#13750 = DEFINITIONAL_REPRESENTATION('',(#13751),#13755);
#13751 = CIRCLE('',#13752,19.217189177757);
#13752 = AXIS2_PLACEMENT_2D('',#13753,#13754);
#13753 = CARTESIAN_POINT('',(-86.14885938043,78.648859362348));
#13754 = DIRECTION('',(-1.,0.));
#13755 = ( GEOMETRIC_REPRESENTATION_CONTEXT(2) 
PARAMETRIC_REPRESENTATION_CONTEXT() REPRESENTATION_CONTEXT('2D SPACE',''
  ) );
#13756 = PCURVE('',#10789,#13757);
#13757 = DEFINITIONAL_REPRESENTATION('',(#13758),#13762);
#13758 = LINE('',#13759,#13760);
#13759 = CARTESIAN_POINT('',(0.,118.));
#13760 = VECTOR('',#13761,1.);
#13761 = DIRECTION('',(1.,0.));
#13762 = ( GEOMETRIC_REPRESENTATION_CONTEXT(2) 
PARAMETRIC_REPRESENTATION_CONTEXT() REPRESENTATION_CONTEXT('2D SPACE',''
  ) );
#13763 = ADVANCED_FACE('',(#13764),#7343,.F.);
#13764 = FACE_BOUND('',#13765,.F.);
#13765 = EDGE_LOOP('',(#13766,#13767,#13785,#13786));
#13766 = ORIENTED_EDGE('',*,*,#7577,.F.);
#13767 = ORIENTED_EDGE('',*,*,#13768,.T.);
#13768 = EDGE_CURVE('',#7578,#7301,#13769,.T.);
#13769 = SURFACE_CURVE('',#13770,(#13773,#13779),.PCURVE_S1.);
#13770 = B_SPLINE_CURVE_WITH_KNOTS('',1,(#13771,#13772),.UNSPECIFIED.,
  .F.,.F.,(2,2),(0.,1.),.PIECEWISE_BEZIER_KNOTS.);
#13771 = CARTESIAN_POINT('',(-86.14885938043,-90.64885938043,2.));
#13772 = CARTESIAN_POINT('',(-86.14885938043,-98.59999999999,132.));
#13773 = PCURVE('',#7343,#13774);
#13774 = DEFINITIONAL_REPRESENTATION('',(#13775),#13778);
#13775 = B_SPLINE_CURVE_WITH_KNOTS('',1,(#13776,#13777),.UNSPECIFIED.,
  .F.,.F.,(2,2),(0.,1.),.PIECEWISE_BEZIER_KNOTS.);
#13776 = CARTESIAN_POINT('',(1.570796326795,0.));
#13777 = CARTESIAN_POINT('',(1.570796326795,130.));
#13778 = ( GEOMETRIC_REPRESENTATION_CONTEXT(2) 
PARAMETRIC_REPRESENTATION_CONTEXT() REPRESENTATION_CONTEXT('2D SPACE',''
  ) );
#13779 = PCURVE('',#7315,#13780);
#13780 = DEFINITIONAL_REPRESENTATION('',(#13781),#13784);
#13781 = B_SPLINE_CURVE_WITH_KNOTS('',1,(#13782,#13783),.UNSPECIFIED.,
  .F.,.F.,(2,2),(0.,1.),.PIECEWISE_BEZIER_KNOTS.);
#13782 = CARTESIAN_POINT('',(-86.14885938043,-130.2429293173));
#13783 = CARTESIAN_POINT('',(-86.14885938043,0.));
#13784 = ( GEOMETRIC_REPRESENTATION_CONTEXT(2) 
PARAMETRIC_REPRESENTATION_CONTEXT() REPRESENTATION_CONTEXT('2D SPACE',''
  ) );
#13785 = ORIENTED_EDGE('',*,*,#7326,.F.);
#13786 = ORIENTED_EDGE('',*,*,#10735,.F.);
#13787 = ADVANCED_FACE('',(#13788,#14460,#14504,#14548,#14592,#14636,
    #14680,#14724),#7315,.F.);
#13788 = FACE_BOUND('',#13789,.F.);
#13789 = EDGE_LOOP('',(#13790,#13791,#13792,#13829,#13859,#13885,#13927,
    #13957,#13983,#14025,#14055,#14081,#14123,#14153,#14179,#14221,
    #14251,#14277,#14319,#14349,#14375,#14412,#14440,#14441,#14459));
#13790 = ORIENTED_EDGE('',*,*,#13768,.F.);
#13791 = ORIENTED_EDGE('',*,*,#7607,.T.);
#13792 = ORIENTED_EDGE('',*,*,#13793,.F.);
#13793 = EDGE_CURVE('',#13794,#7608,#13796,.T.);
#13794 = VERTEX_POINT('',#13795);
#13795 = CARTESIAN_POINT('',(-60.,-93.46233990735,48.));
#13796 = SURFACE_CURVE('',#13797,(#13802,#13809),.PCURVE_S1.);
#13797 = ELLIPSE('',#13798,3.005606061169,3.);
#13798 = AXIS2_PLACEMENT_3D('',#13799,#13800,#13801);
#13799 = CARTESIAN_POINT('',(-63.,-93.46233990735,48.));
#13800 = DIRECTION('',(0.,-0.998134798422,-6.104853953486E-02));
#13801 = DIRECTION('',(0.,-6.104853953486E-02,0.998134798422));
#13802 = PCURVE('',#7315,#13803);
#13803 = DEFINITIONAL_REPRESENTATION('',(#13804),#13808);
#13804 = ELLIPSE('',#13805,3.005606061169,3.);
#13805 = AXIS2_PLACEMENT_2D('',#13806,#13807);
#13806 = CARTESIAN_POINT('',(-63.,-84.15696971271));
#13807 = DIRECTION('',(0.,1.));
#13808 = ( GEOMETRIC_REPRESENTATION_CONTEXT(2) 
PARAMETRIC_REPRESENTATION_CONTEXT() REPRESENTATION_CONTEXT('2D SPACE',''
  ) );
#13809 = PCURVE('',#7645,#13810);
#13810 = DEFINITIONAL_REPRESENTATION('',(#13811),#13828);
#13811 = B_SPLINE_CURVE_WITH_KNOTS('',8,(#13812,#13813,#13814,#13815,
    #13816,#13817,#13818,#13819,#13820,#13821,#13822,#13823,#13824,
    #13825,#13826,#13827),.UNSPECIFIED.,.F.,.F.,(9,7,9),(4.712388980385,
    7.853981633974,8.976036572294),.UNSPECIFIED.);
#13812 = CARTESIAN_POINT('',(6.28318530718,223.46233990735));
#13813 = CARTESIAN_POINT('',(6.675884388878,223.53439542166));
#13814 = CARTESIAN_POINT('',(7.068583470577,223.60645151062));
#13815 = CARTESIAN_POINT('',(7.461282552272,223.66156906704));
#13816 = CARTESIAN_POINT('',(7.853981633968,223.68285535229));
#13817 = CARTESIAN_POINT('',(8.246680715672,223.66156906657));
#13818 = CARTESIAN_POINT('',(8.639379797374,223.60645151059));
#13819 = CARTESIAN_POINT('',(9.032078879071,223.53439542166));
#13820 = CARTESIAN_POINT('',(9.565034828059,223.43660447486));
#13821 = CARTESIAN_POINT('',(9.705291695349,223.41086896907));
#13822 = CARTESIAN_POINT('',(9.845548562639,223.38590515169));
#13823 = CARTESIAN_POINT('',(9.985805429928,223.36248403001));
#13824 = CARTESIAN_POINT('',(10.126062297218,223.34132875053));
#13825 = CARTESIAN_POINT('',(10.266319164508,223.32306494772));
#13826 = CARTESIAN_POINT('',(10.406576031797,223.30818329272));
#13827 = CARTESIAN_POINT('',(10.546832899087,223.29701845452));
#13828 = ( GEOMETRIC_REPRESENTATION_CONTEXT(2) 
PARAMETRIC_REPRESENTATION_CONTEXT() REPRESENTATION_CONTEXT('2D SPACE',''
  ) );
#13829 = ORIENTED_EDGE('',*,*,#13830,.F.);
#13830 = EDGE_CURVE('',#13831,#13794,#13833,.T.);
#13831 = VERTEX_POINT('',#13832);
#13832 = CARTESIAN_POINT('',(-61.69850436961,-93.29701847507,
    45.297018475075));
#13833 = SURFACE_CURVE('',#13834,(#13839,#13846),.PCURVE_S1.);
#13834 = ELLIPSE('',#13835,3.005606061169,3.);
#13835 = AXIS2_PLACEMENT_3D('',#13836,#13837,#13838);
#13836 = CARTESIAN_POINT('',(-63.,-93.46233990735,48.));
#13837 = DIRECTION('',(0.,-0.998134798422,-6.104853953486E-02));
#13838 = DIRECTION('',(0.,-6.104853953486E-02,0.998134798422));
#13839 = PCURVE('',#7315,#13840);
#13840 = DEFINITIONAL_REPRESENTATION('',(#13841),#13845);
#13841 = ELLIPSE('',#13842,3.005606061169,3.);
#13842 = AXIS2_PLACEMENT_2D('',#13843,#13844);
#13843 = CARTESIAN_POINT('',(-63.,-84.15696971271));
#13844 = DIRECTION('',(0.,1.));
#13845 = ( GEOMETRIC_REPRESENTATION_CONTEXT(2) 
PARAMETRIC_REPRESENTATION_CONTEXT() REPRESENTATION_CONTEXT('2D SPACE',''
  ) );
#13846 = PCURVE('',#7645,#13847);
#13847 = DEFINITIONAL_REPRESENTATION('',(#13848),#13858);
#13848 = B_SPLINE_CURVE_WITH_KNOTS('',8,(#13849,#13850,#13851,#13852,
    #13853,#13854,#13855,#13856,#13857),.UNSPECIFIED.,.F.,.F.,(9,9),(
    9.873519349245,10.995574287564),.PIECEWISE_BEZIER_KNOTS.);
#13849 = CARTESIAN_POINT('',(5.161130368859,223.2970184545));
#13850 = CARTESIAN_POINT('',(5.301387236149,223.30818329269));
#13851 = CARTESIAN_POINT('',(5.441644103439,223.32306494769));
#13852 = CARTESIAN_POINT('',(5.581900970729,223.34132875049));
#13853 = CARTESIAN_POINT('',(5.72215783802,223.36248402997));
#13854 = CARTESIAN_POINT('',(5.86241470531,223.38590515166));
#13855 = CARTESIAN_POINT('',(6.0026715726,223.41086896904));
#13856 = CARTESIAN_POINT('',(6.14292843989,223.43660447486));
#13857 = CARTESIAN_POINT('',(6.28318530718,223.46233990735));
#13858 = ( GEOMETRIC_REPRESENTATION_CONTEXT(2) 
PARAMETRIC_REPRESENTATION_CONTEXT() REPRESENTATION_CONTEXT('2D SPACE',''
  ) );
#13859 = ORIENTED_EDGE('',*,*,#13860,.T.);
#13860 = EDGE_CURVE('',#13831,#13861,#13863,.T.);
#13861 = VERTEX_POINT('',#13862);
#13862 = CARTESIAN_POINT('',(-43.30149563038,-93.29701847507,
    45.297018475075));
#13863 = SURFACE_CURVE('',#13864,(#13868,#13874),.PCURVE_S1.);
#13864 = LINE('',#13865,#13866);
#13865 = CARTESIAN_POINT('',(1.972152263053E-31,-93.29701847507,
    45.297018475075));
#13866 = VECTOR('',#13867,1.);
#13867 = DIRECTION('',(1.,0.,0.));
#13868 = PCURVE('',#7315,#13869);
#13869 = DEFINITIONAL_REPRESENTATION('',(#13870),#13873);
#13870 = B_SPLINE_CURVE_WITH_KNOTS('',1,(#13871,#13872),.UNSPECIFIED.,
  .F.,.F.,(2,2),(-86.14885938043,86.148859380437),
  .PIECEWISE_BEZIER_KNOTS.);
#13871 = CARTESIAN_POINT('',(-86.14885938043,-86.86500226423));
#13872 = CARTESIAN_POINT('',(86.148859380437,-86.86500226423));
#13873 = ( GEOMETRIC_REPRESENTATION_CONTEXT(2) 
PARAMETRIC_REPRESENTATION_CONTEXT() REPRESENTATION_CONTEXT('2D SPACE',''
  ) );
#13874 = PCURVE('',#13875,#13880);
#13875 = PLANE('',#13876);
#13876 = AXIS2_PLACEMENT_3D('',#13877,#13878,#13879);
#13877 = CARTESIAN_POINT('',(0.,-96.4852813826,48.485281382608));
#13878 = DIRECTION('',(0.,-0.707106781187,-0.707106781187));
#13879 = DIRECTION('',(0.,0.707106781187,-0.707106781187));
#13880 = DEFINITIONAL_REPRESENTATION('',(#13881),#13884);
#13881 = B_SPLINE_CURVE_WITH_KNOTS('',1,(#13882,#13883),.UNSPECIFIED.,
  .F.,.F.,(2,2),(-86.14885938043,86.148859380437),
  .PIECEWISE_BEZIER_KNOTS.);
#13882 = CARTESIAN_POINT('',(4.508884644244,-86.14885938043));
#13883 = CARTESIAN_POINT('',(4.508884644244,86.148859380437));
#13884 = ( GEOMETRIC_REPRESENTATION_CONTEXT(2) 
PARAMETRIC_REPRESENTATION_CONTEXT() REPRESENTATION_CONTEXT('2D SPACE',''
  ) );
#13885 = ORIENTED_EDGE('',*,*,#13886,.F.);
#13886 = EDGE_CURVE('',#13887,#13861,#13889,.T.);
#13887 = VERTEX_POINT('',#13888);
#13888 = CARTESIAN_POINT('',(-39.,-93.46233990735,48.));
#13889 = SURFACE_CURVE('',#13890,(#13895,#13902),.PCURVE_S1.);
#13890 = ELLIPSE('',#13891,3.005606061169,3.);
#13891 = AXIS2_PLACEMENT_3D('',#13892,#13893,#13894);
#13892 = CARTESIAN_POINT('',(-42.,-93.46233990735,48.));
#13893 = DIRECTION('',(0.,-0.998134798422,-6.104853953486E-02));
#13894 = DIRECTION('',(0.,-6.104853953486E-02,0.998134798422));
#13895 = PCURVE('',#7315,#13896);
#13896 = DEFINITIONAL_REPRESENTATION('',(#13897),#13901);
#13897 = ELLIPSE('',#13898,3.005606061169,3.);
#13898 = AXIS2_PLACEMENT_2D('',#13899,#13900);
#13899 = CARTESIAN_POINT('',(-42.,-84.15696971271));
#13900 = DIRECTION('',(0.,1.));
#13901 = ( GEOMETRIC_REPRESENTATION_CONTEXT(2) 
PARAMETRIC_REPRESENTATION_CONTEXT() REPRESENTATION_CONTEXT('2D SPACE',''
  ) );
#13902 = PCURVE('',#13903,#13908);
#13903 = CYLINDRICAL_SURFACE('',#13904,3.);
#13904 = AXIS2_PLACEMENT_3D('',#13905,#13906,#13907);
#13905 = CARTESIAN_POINT('',(-42.,130.,48.));
#13906 = DIRECTION('',(0.,-1.,2.22044604925E-16));
#13907 = DIRECTION('',(1.,0.,0.));
#13908 = DEFINITIONAL_REPRESENTATION('',(#13909),#13926);
#13909 = B_SPLINE_CURVE_WITH_KNOTS('',8,(#13910,#13911,#13912,#13913,
    #13914,#13915,#13916,#13917,#13918,#13919,#13920,#13921,#13922,
    #13923,#13924,#13925),.UNSPECIFIED.,.F.,.F.,(9,7,9),(4.712388980385,
    7.853981633974,8.976036572294),.UNSPECIFIED.);
#13910 = CARTESIAN_POINT('',(6.28318530718,223.46233990735));
#13911 = CARTESIAN_POINT('',(6.675884388878,223.53439542166));
#13912 = CARTESIAN_POINT('',(7.068583470578,223.60645151062));
#13913 = CARTESIAN_POINT('',(7.461282552268,223.66156906704));
#13914 = CARTESIAN_POINT('',(7.853981633977,223.68285535229));
#13915 = CARTESIAN_POINT('',(8.24668071567,223.66156906657));
#13916 = CARTESIAN_POINT('',(8.639379797373,223.60645151059));
#13917 = CARTESIAN_POINT('',(9.032078879071,223.53439542166));
#13918 = CARTESIAN_POINT('',(9.565034828059,223.43660447486));
#13919 = CARTESIAN_POINT('',(9.705291695349,223.41086896907));
#13920 = CARTESIAN_POINT('',(9.845548562639,223.38590515169));
#13921 = CARTESIAN_POINT('',(9.985805429928,223.36248403001));
#13922 = CARTESIAN_POINT('',(10.126062297218,223.34132875053));
#13923 = CARTESIAN_POINT('',(10.266319164508,223.32306494772));
#13924 = CARTESIAN_POINT('',(10.406576031797,223.30818329272));
#13925 = CARTESIAN_POINT('',(10.546832899087,223.29701845452));
#13926 = ( GEOMETRIC_REPRESENTATION_CONTEXT(2) 
PARAMETRIC_REPRESENTATION_CONTEXT() REPRESENTATION_CONTEXT('2D SPACE',''
  ) );
#13927 = ORIENTED_EDGE('',*,*,#13928,.F.);
#13928 = EDGE_CURVE('',#13929,#13887,#13931,.T.);
#13929 = VERTEX_POINT('',#13930);
#13930 = CARTESIAN_POINT('',(-40.69850436961,-93.29701847507,
    45.297018475075));
#13931 = SURFACE_CURVE('',#13932,(#13937,#13944),.PCURVE_S1.);
#13932 = ELLIPSE('',#13933,3.005606061169,3.);
#13933 = AXIS2_PLACEMENT_3D('',#13934,#13935,#13936);
#13934 = CARTESIAN_POINT('',(-42.,-93.46233990735,48.));
#13935 = DIRECTION('',(0.,-0.998134798422,-6.104853953486E-02));
#13936 = DIRECTION('',(0.,-6.104853953486E-02,0.998134798422));
#13937 = PCURVE('',#7315,#13938);
#13938 = DEFINITIONAL_REPRESENTATION('',(#13939),#13943);
#13939 = ELLIPSE('',#13940,3.005606061169,3.);
#13940 = AXIS2_PLACEMENT_2D('',#13941,#13942);
#13941 = CARTESIAN_POINT('',(-42.,-84.15696971271));
#13942 = DIRECTION('',(0.,1.));
#13943 = ( GEOMETRIC_REPRESENTATION_CONTEXT(2) 
PARAMETRIC_REPRESENTATION_CONTEXT() REPRESENTATION_CONTEXT('2D SPACE',''
  ) );
#13944 = PCURVE('',#13903,#13945);
#13945 = DEFINITIONAL_REPRESENTATION('',(#13946),#13956);
#13946 = B_SPLINE_CURVE_WITH_KNOTS('',8,(#13947,#13948,#13949,#13950,
    #13951,#13952,#13953,#13954,#13955),.UNSPECIFIED.,.F.,.F.,(9,9),(
    9.873519349245,10.995574287564),.PIECEWISE_BEZIER_KNOTS.);
#13947 = CARTESIAN_POINT('',(5.161130368859,223.2970184545));
#13948 = CARTESIAN_POINT('',(5.301387236149,223.30818329269));
#13949 = CARTESIAN_POINT('',(5.441644103439,223.32306494769));
#13950 = CARTESIAN_POINT('',(5.581900970729,223.34132875049));
#13951 = CARTESIAN_POINT('',(5.72215783802,223.36248402997));
#13952 = CARTESIAN_POINT('',(5.86241470531,223.38590515166));
#13953 = CARTESIAN_POINT('',(6.0026715726,223.41086896904));
#13954 = CARTESIAN_POINT('',(6.14292843989,223.43660447486));
#13955 = CARTESIAN_POINT('',(6.28318530718,223.46233990735));
#13956 = ( GEOMETRIC_REPRESENTATION_CONTEXT(2) 
PARAMETRIC_REPRESENTATION_CONTEXT() REPRESENTATION_CONTEXT('2D SPACE',''
  ) );
#13957 = ORIENTED_EDGE('',*,*,#13958,.T.);
#13958 = EDGE_CURVE('',#13929,#13959,#13961,.T.);
#13959 = VERTEX_POINT('',#13960);
#13960 = CARTESIAN_POINT('',(-22.30149563038,-93.29701847507,
    45.297018475075));
#13961 = SURFACE_CURVE('',#13962,(#13966,#13972),.PCURVE_S1.);
#13962 = LINE('',#13963,#13964);
#13963 = CARTESIAN_POINT('',(1.972152263053E-31,-93.29701847507,
    45.297018475075));
#13964 = VECTOR('',#13965,1.);
#13965 = DIRECTION('',(1.,0.,0.));
#13966 = PCURVE('',#7315,#13967);
#13967 = DEFINITIONAL_REPRESENTATION('',(#13968),#13971);
#13968 = B_SPLINE_CURVE_WITH_KNOTS('',1,(#13969,#13970),.UNSPECIFIED.,
  .F.,.F.,(2,2),(-86.14885938043,86.148859380437),
  .PIECEWISE_BEZIER_KNOTS.);
#13969 = CARTESIAN_POINT('',(-86.14885938043,-86.86500226423));
#13970 = CARTESIAN_POINT('',(86.148859380437,-86.86500226423));
#13971 = ( GEOMETRIC_REPRESENTATION_CONTEXT(2) 
PARAMETRIC_REPRESENTATION_CONTEXT() REPRESENTATION_CONTEXT('2D SPACE',''
  ) );
#13972 = PCURVE('',#13973,#13978);
#13973 = PLANE('',#13974);
#13974 = AXIS2_PLACEMENT_3D('',#13975,#13976,#13977);
#13975 = CARTESIAN_POINT('',(0.,-96.4852813826,48.485281382608));
#13976 = DIRECTION('',(0.,-0.707106781187,-0.707106781187));
#13977 = DIRECTION('',(0.,0.707106781187,-0.707106781187));
#13978 = DEFINITIONAL_REPRESENTATION('',(#13979),#13982);
#13979 = B_SPLINE_CURVE_WITH_KNOTS('',1,(#13980,#13981),.UNSPECIFIED.,
  .F.,.F.,(2,2),(-86.14885938043,86.148859380437),
  .PIECEWISE_BEZIER_KNOTS.);
#13980 = CARTESIAN_POINT('',(4.508884644244,-86.14885938043));
#13981 = CARTESIAN_POINT('',(4.508884644244,86.148859380437));
#13982 = ( GEOMETRIC_REPRESENTATION_CONTEXT(2) 
PARAMETRIC_REPRESENTATION_CONTEXT() REPRESENTATION_CONTEXT('2D SPACE',''
  ) );
#13983 = ORIENTED_EDGE('',*,*,#13984,.F.);
#13984 = EDGE_CURVE('',#13985,#13959,#13987,.T.);
#13985 = VERTEX_POINT('',#13986);
#13986 = CARTESIAN_POINT('',(-18.,-93.46233990735,48.));
#13987 = SURFACE_CURVE('',#13988,(#13993,#14000),.PCURVE_S1.);
#13988 = ELLIPSE('',#13989,3.005606061169,3.);
#13989 = AXIS2_PLACEMENT_3D('',#13990,#13991,#13992);
#13990 = CARTESIAN_POINT('',(-21.,-93.46233990735,48.));
#13991 = DIRECTION('',(0.,-0.998134798422,-6.104853953486E-02));
#13992 = DIRECTION('',(0.,-6.104853953486E-02,0.998134798422));
#13993 = PCURVE('',#7315,#13994);
#13994 = DEFINITIONAL_REPRESENTATION('',(#13995),#13999);
#13995 = ELLIPSE('',#13996,3.005606061169,3.);
#13996 = AXIS2_PLACEMENT_2D('',#13997,#13998);
#13997 = CARTESIAN_POINT('',(-21.,-84.15696971271));
#13998 = DIRECTION('',(0.,1.));
#13999 = ( GEOMETRIC_REPRESENTATION_CONTEXT(2) 
PARAMETRIC_REPRESENTATION_CONTEXT() REPRESENTATION_CONTEXT('2D SPACE',''
  ) );
#14000 = PCURVE('',#14001,#14006);
#14001 = CYLINDRICAL_SURFACE('',#14002,3.);
#14002 = AXIS2_PLACEMENT_3D('',#14003,#14004,#14005);
#14003 = CARTESIAN_POINT('',(-21.,130.,48.));
#14004 = DIRECTION('',(0.,-1.,2.22044604925E-16));
#14005 = DIRECTION('',(1.,0.,0.));
#14006 = DEFINITIONAL_REPRESENTATION('',(#14007),#14024);
#14007 = B_SPLINE_CURVE_WITH_KNOTS('',8,(#14008,#14009,#14010,#14011,
    #14012,#14013,#14014,#14015,#14016,#14017,#14018,#14019,#14020,
    #14021,#14022,#14023),.UNSPECIFIED.,.F.,.F.,(9,7,9),(4.712388980385,
    7.853981633974,8.976036572294),.UNSPECIFIED.);
#14008 = CARTESIAN_POINT('',(6.28318530718,223.46233990735));
#14009 = CARTESIAN_POINT('',(6.675884388878,223.53439542166));
#14010 = CARTESIAN_POINT('',(7.068583470577,223.60645151062));
#14011 = CARTESIAN_POINT('',(7.461282552274,223.66156906704));
#14012 = CARTESIAN_POINT('',(7.853981633968,223.68285535229));
#14013 = CARTESIAN_POINT('',(8.246680715672,223.66156906657));
#14014 = CARTESIAN_POINT('',(8.639379797374,223.60645151059));
#14015 = CARTESIAN_POINT('',(9.032078879071,223.53439542166));
#14016 = CARTESIAN_POINT('',(9.565034828059,223.43660447486));
#14017 = CARTESIAN_POINT('',(9.70529169535,223.41086896907));
#14018 = CARTESIAN_POINT('',(9.845548562639,223.38590515169));
#14019 = CARTESIAN_POINT('',(9.985805429928,223.36248403001));
#14020 = CARTESIAN_POINT('',(10.126062297217,223.34132875053));
#14021 = CARTESIAN_POINT('',(10.266319164506,223.32306494772));
#14022 = CARTESIAN_POINT('',(10.406576031796,223.30818329272));
#14023 = CARTESIAN_POINT('',(10.546832899085,223.29701845452));
#14024 = ( GEOMETRIC_REPRESENTATION_CONTEXT(2) 
PARAMETRIC_REPRESENTATION_CONTEXT() REPRESENTATION_CONTEXT('2D SPACE',''
  ) );
#14025 = ORIENTED_EDGE('',*,*,#14026,.F.);
#14026 = EDGE_CURVE('',#14027,#13985,#14029,.T.);
#14027 = VERTEX_POINT('',#14028);
#14028 = CARTESIAN_POINT('',(-19.69850436961,-93.29701847507,
    45.297018475075));
#14029 = SURFACE_CURVE('',#14030,(#14035,#14042),.PCURVE_S1.);
#14030 = ELLIPSE('',#14031,3.005606061169,3.);
#14031 = AXIS2_PLACEMENT_3D('',#14032,#14033,#14034);
#14032 = CARTESIAN_POINT('',(-21.,-93.46233990735,48.));
#14033 = DIRECTION('',(0.,-0.998134798422,-6.104853953486E-02));
#14034 = DIRECTION('',(0.,-6.104853953486E-02,0.998134798422));
#14035 = PCURVE('',#7315,#14036);
#14036 = DEFINITIONAL_REPRESENTATION('',(#14037),#14041);
#14037 = ELLIPSE('',#14038,3.005606061169,3.);
#14038 = AXIS2_PLACEMENT_2D('',#14039,#14040);
#14039 = CARTESIAN_POINT('',(-21.,-84.15696971271));
#14040 = DIRECTION('',(0.,1.));
#14041 = ( GEOMETRIC_REPRESENTATION_CONTEXT(2) 
PARAMETRIC_REPRESENTATION_CONTEXT() REPRESENTATION_CONTEXT('2D SPACE',''
  ) );
#14042 = PCURVE('',#14001,#14043);
#14043 = DEFINITIONAL_REPRESENTATION('',(#14044),#14054);
#14044 = B_SPLINE_CURVE_WITH_KNOTS('',8,(#14045,#14046,#14047,#14048,
    #14049,#14050,#14051,#14052,#14053),.UNSPECIFIED.,.F.,.F.,(9,9),(
    9.873519349245,10.995574287564),.PIECEWISE_BEZIER_KNOTS.);
#14045 = CARTESIAN_POINT('',(5.161130368857,223.2970184545));
#14046 = CARTESIAN_POINT('',(5.301387236147,223.30818329269));
#14047 = CARTESIAN_POINT('',(5.441644103437,223.32306494769));
#14048 = CARTESIAN_POINT('',(5.581900970728,223.34132875049));
#14049 = CARTESIAN_POINT('',(5.722157838019,223.36248402997));
#14050 = CARTESIAN_POINT('',(5.86241470531,223.38590515166));
#14051 = CARTESIAN_POINT('',(6.0026715726,223.41086896904));
#14052 = CARTESIAN_POINT('',(6.14292843989,223.43660447486));
#14053 = CARTESIAN_POINT('',(6.28318530718,223.46233990735));
#14054 = ( GEOMETRIC_REPRESENTATION_CONTEXT(2) 
PARAMETRIC_REPRESENTATION_CONTEXT() REPRESENTATION_CONTEXT('2D SPACE',''
  ) );
#14055 = ORIENTED_EDGE('',*,*,#14056,.T.);
#14056 = EDGE_CURVE('',#14027,#14057,#14059,.T.);
#14057 = VERTEX_POINT('',#14058);
#14058 = CARTESIAN_POINT('',(-1.301495630386,-93.29701847507,
    45.297018475075));
#14059 = SURFACE_CURVE('',#14060,(#14064,#14070),.PCURVE_S1.);
#14060 = LINE('',#14061,#14062);
#14061 = CARTESIAN_POINT('',(1.972152263053E-31,-93.29701847507,
    45.297018475075));
#14062 = VECTOR('',#14063,1.);
#14063 = DIRECTION('',(1.,0.,0.));
#14064 = PCURVE('',#7315,#14065);
#14065 = DEFINITIONAL_REPRESENTATION('',(#14066),#14069);
#14066 = B_SPLINE_CURVE_WITH_KNOTS('',1,(#14067,#14068),.UNSPECIFIED.,
  .F.,.F.,(2,2),(-86.14885938043,86.148859380437),
  .PIECEWISE_BEZIER_KNOTS.);
#14067 = CARTESIAN_POINT('',(-86.14885938043,-86.86500226423));
#14068 = CARTESIAN_POINT('',(86.148859380437,-86.86500226423));
#14069 = ( GEOMETRIC_REPRESENTATION_CONTEXT(2) 
PARAMETRIC_REPRESENTATION_CONTEXT() REPRESENTATION_CONTEXT('2D SPACE',''
  ) );
#14070 = PCURVE('',#14071,#14076);
#14071 = PLANE('',#14072);
#14072 = AXIS2_PLACEMENT_3D('',#14073,#14074,#14075);
#14073 = CARTESIAN_POINT('',(0.,-96.4852813826,48.485281382608));
#14074 = DIRECTION('',(0.,-0.707106781187,-0.707106781187));
#14075 = DIRECTION('',(0.,0.707106781187,-0.707106781187));
#14076 = DEFINITIONAL_REPRESENTATION('',(#14077),#14080);
#14077 = B_SPLINE_CURVE_WITH_KNOTS('',1,(#14078,#14079),.UNSPECIFIED.,
  .F.,.F.,(2,2),(-86.14885938043,86.148859380437),
  .PIECEWISE_BEZIER_KNOTS.);
#14078 = CARTESIAN_POINT('',(4.508884644244,-86.14885938043));
#14079 = CARTESIAN_POINT('',(4.508884644244,86.148859380437));
#14080 = ( GEOMETRIC_REPRESENTATION_CONTEXT(2) 
PARAMETRIC_REPRESENTATION_CONTEXT() REPRESENTATION_CONTEXT('2D SPACE',''
  ) );
#14081 = ORIENTED_EDGE('',*,*,#14082,.F.);
#14082 = EDGE_CURVE('',#14083,#14057,#14085,.T.);
#14083 = VERTEX_POINT('',#14084);
#14084 = CARTESIAN_POINT('',(3.,-93.46233990735,48.));
#14085 = SURFACE_CURVE('',#14086,(#14091,#14098),.PCURVE_S1.);
#14086 = ELLIPSE('',#14087,3.005606061169,3.);
#14087 = AXIS2_PLACEMENT_3D('',#14088,#14089,#14090);
#14088 = CARTESIAN_POINT('',(0.,-93.46233990735,48.));
#14089 = DIRECTION('',(0.,-0.998134798422,-6.104853953486E-02));
#14090 = DIRECTION('',(0.,-6.104853953486E-02,0.998134798422));
#14091 = PCURVE('',#7315,#14092);
#14092 = DEFINITIONAL_REPRESENTATION('',(#14093),#14097);
#14093 = ELLIPSE('',#14094,3.005606061169,3.);
#14094 = AXIS2_PLACEMENT_2D('',#14095,#14096);
#14095 = CARTESIAN_POINT('',(-3.944304526105E-31,-84.15696971271));
#14096 = DIRECTION('',(0.,1.));
#14097 = ( GEOMETRIC_REPRESENTATION_CONTEXT(2) 
PARAMETRIC_REPRESENTATION_CONTEXT() REPRESENTATION_CONTEXT('2D SPACE',''
  ) );
#14098 = PCURVE('',#14099,#14104);
#14099 = CYLINDRICAL_SURFACE('',#14100,3.);
#14100 = AXIS2_PLACEMENT_3D('',#14101,#14102,#14103);
#14101 = CARTESIAN_POINT('',(0.,130.,48.));
#14102 = DIRECTION('',(0.,-1.,2.22044604925E-16));
#14103 = DIRECTION('',(1.,0.,0.));
#14104 = DEFINITIONAL_REPRESENTATION('',(#14105),#14122);
#14105 = B_SPLINE_CURVE_WITH_KNOTS('',8,(#14106,#14107,#14108,#14109,
    #14110,#14111,#14112,#14113,#14114,#14115,#14116,#14117,#14118,
    #14119,#14120,#14121),.UNSPECIFIED.,.F.,.F.,(9,7,9),(4.712388980385,
    7.853981633974,8.976036572294),.UNSPECIFIED.);
#14106 = CARTESIAN_POINT('',(6.28318530718,223.46233990735));
#14107 = CARTESIAN_POINT('',(6.675884388878,223.53439542166));
#14108 = CARTESIAN_POINT('',(7.068583470577,223.60645151062));
#14109 = CARTESIAN_POINT('',(7.461282552272,223.66156906704));
#14110 = CARTESIAN_POINT('',(7.853981633968,223.68285535229));
#14111 = CARTESIAN_POINT('',(8.246680715672,223.66156906657));
#14112 = CARTESIAN_POINT('',(8.639379797374,223.60645151059));
#14113 = CARTESIAN_POINT('',(9.032078879071,223.53439542166));
#14114 = CARTESIAN_POINT('',(9.565034828059,223.43660447486));
#14115 = CARTESIAN_POINT('',(9.70529169535,223.41086896907));
#14116 = CARTESIAN_POINT('',(9.845548562639,223.38590515169));
#14117 = CARTESIAN_POINT('',(9.985805429928,223.36248403001));
#14118 = CARTESIAN_POINT('',(10.126062297217,223.34132875053));
#14119 = CARTESIAN_POINT('',(10.266319164506,223.32306494772));
#14120 = CARTESIAN_POINT('',(10.406576031796,223.30818329272));
#14121 = CARTESIAN_POINT('',(10.546832899085,223.29701845452));
#14122 = ( GEOMETRIC_REPRESENTATION_CONTEXT(2) 
PARAMETRIC_REPRESENTATION_CONTEXT() REPRESENTATION_CONTEXT('2D SPACE',''
  ) );
#14123 = ORIENTED_EDGE('',*,*,#14124,.F.);
#14124 = EDGE_CURVE('',#14125,#14083,#14127,.T.);
#14125 = VERTEX_POINT('',#14126);
#14126 = CARTESIAN_POINT('',(1.301495630386,-93.29701847507,
    45.297018475075));
#14127 = SURFACE_CURVE('',#14128,(#14133,#14140),.PCURVE_S1.);
#14128 = ELLIPSE('',#14129,3.005606061169,3.);
#14129 = AXIS2_PLACEMENT_3D('',#14130,#14131,#14132);
#14130 = CARTESIAN_POINT('',(0.,-93.46233990735,48.));
#14131 = DIRECTION('',(0.,-0.998134798422,-6.104853953486E-02));
#14132 = DIRECTION('',(0.,-6.104853953486E-02,0.998134798422));
#14133 = PCURVE('',#7315,#14134);
#14134 = DEFINITIONAL_REPRESENTATION('',(#14135),#14139);
#14135 = ELLIPSE('',#14136,3.005606061169,3.);
#14136 = AXIS2_PLACEMENT_2D('',#14137,#14138);
#14137 = CARTESIAN_POINT('',(-3.944304526105E-31,-84.15696971271));
#14138 = DIRECTION('',(0.,1.));
#14139 = ( GEOMETRIC_REPRESENTATION_CONTEXT(2) 
PARAMETRIC_REPRESENTATION_CONTEXT() REPRESENTATION_CONTEXT('2D SPACE',''
  ) );
#14140 = PCURVE('',#14099,#14141);
#14141 = DEFINITIONAL_REPRESENTATION('',(#14142),#14152);
#14142 = B_SPLINE_CURVE_WITH_KNOTS('',8,(#14143,#14144,#14145,#14146,
    #14147,#14148,#14149,#14150,#14151),.UNSPECIFIED.,.F.,.F.,(9,9),(
    9.873519349245,10.995574287564),.PIECEWISE_BEZIER_KNOTS.);
#14143 = CARTESIAN_POINT('',(5.161130368857,223.2970184545));
#14144 = CARTESIAN_POINT('',(5.301387236147,223.30818329269));
#14145 = CARTESIAN_POINT('',(5.441644103437,223.32306494769));
#14146 = CARTESIAN_POINT('',(5.581900970728,223.34132875049));
#14147 = CARTESIAN_POINT('',(5.722157838019,223.36248402997));
#14148 = CARTESIAN_POINT('',(5.86241470531,223.38590515166));
#14149 = CARTESIAN_POINT('',(6.0026715726,223.41086896904));
#14150 = CARTESIAN_POINT('',(6.14292843989,223.43660447486));
#14151 = CARTESIAN_POINT('',(6.28318530718,223.46233990735));
#14152 = ( GEOMETRIC_REPRESENTATION_CONTEXT(2) 
PARAMETRIC_REPRESENTATION_CONTEXT() REPRESENTATION_CONTEXT('2D SPACE',''
  ) );
#14153 = ORIENTED_EDGE('',*,*,#14154,.T.);
#14154 = EDGE_CURVE('',#14125,#14155,#14157,.T.);
#14155 = VERTEX_POINT('',#14156);
#14156 = CARTESIAN_POINT('',(19.698504369614,-93.29701847507,
    45.297018475075));
#14157 = SURFACE_CURVE('',#14158,(#14162,#14168),.PCURVE_S1.);
#14158 = LINE('',#14159,#14160);
#14159 = CARTESIAN_POINT('',(1.972152263053E-31,-93.29701847507,
    45.297018475075));
#14160 = VECTOR('',#14161,1.);
#14161 = DIRECTION('',(1.,0.,0.));
#14162 = PCURVE('',#7315,#14163);
#14163 = DEFINITIONAL_REPRESENTATION('',(#14164),#14167);
#14164 = B_SPLINE_CURVE_WITH_KNOTS('',1,(#14165,#14166),.UNSPECIFIED.,
  .F.,.F.,(2,2),(-86.14885938043,86.148859380437),
  .PIECEWISE_BEZIER_KNOTS.);
#14165 = CARTESIAN_POINT('',(-86.14885938043,-86.86500226423));
#14166 = CARTESIAN_POINT('',(86.148859380437,-86.86500226423));
#14167 = ( GEOMETRIC_REPRESENTATION_CONTEXT(2) 
PARAMETRIC_REPRESENTATION_CONTEXT() REPRESENTATION_CONTEXT('2D SPACE',''
  ) );
#14168 = PCURVE('',#14169,#14174);
#14169 = PLANE('',#14170);
#14170 = AXIS2_PLACEMENT_3D('',#14171,#14172,#14173);
#14171 = CARTESIAN_POINT('',(0.,-96.4852813826,48.485281382608));
#14172 = DIRECTION('',(0.,-0.707106781187,-0.707106781187));
#14173 = DIRECTION('',(0.,0.707106781187,-0.707106781187));
#14174 = DEFINITIONAL_REPRESENTATION('',(#14175),#14178);
#14175 = B_SPLINE_CURVE_WITH_KNOTS('',1,(#14176,#14177),.UNSPECIFIED.,
  .F.,.F.,(2,2),(-86.14885938043,86.148859380437),
  .PIECEWISE_BEZIER_KNOTS.);
#14176 = CARTESIAN_POINT('',(4.508884644244,-86.14885938043));
#14177 = CARTESIAN_POINT('',(4.508884644244,86.148859380437));
#14178 = ( GEOMETRIC_REPRESENTATION_CONTEXT(2) 
PARAMETRIC_REPRESENTATION_CONTEXT() REPRESENTATION_CONTEXT('2D SPACE',''
  ) );
#14179 = ORIENTED_EDGE('',*,*,#14180,.F.);
#14180 = EDGE_CURVE('',#14181,#14155,#14183,.T.);
#14181 = VERTEX_POINT('',#14182);
#14182 = CARTESIAN_POINT('',(24.,-93.46233990735,48.));
#14183 = SURFACE_CURVE('',#14184,(#14189,#14196),.PCURVE_S1.);
#14184 = ELLIPSE('',#14185,3.005606061169,3.);
#14185 = AXIS2_PLACEMENT_3D('',#14186,#14187,#14188);
#14186 = CARTESIAN_POINT('',(21.,-93.46233990735,48.));
#14187 = DIRECTION('',(0.,-0.998134798422,-6.104853953486E-02));
#14188 = DIRECTION('',(0.,-6.104853953486E-02,0.998134798422));
#14189 = PCURVE('',#7315,#14190);
#14190 = DEFINITIONAL_REPRESENTATION('',(#14191),#14195);
#14191 = ELLIPSE('',#14192,3.005606061169,3.);
#14192 = AXIS2_PLACEMENT_2D('',#14193,#14194);
#14193 = CARTESIAN_POINT('',(21.,-84.15696971271));
#14194 = DIRECTION('',(0.,1.));
#14195 = ( GEOMETRIC_REPRESENTATION_CONTEXT(2) 
PARAMETRIC_REPRESENTATION_CONTEXT() REPRESENTATION_CONTEXT('2D SPACE',''
  ) );
#14196 = PCURVE('',#14197,#14202);
#14197 = CYLINDRICAL_SURFACE('',#14198,3.);
#14198 = AXIS2_PLACEMENT_3D('',#14199,#14200,#14201);
#14199 = CARTESIAN_POINT('',(21.,130.,48.));
#14200 = DIRECTION('',(0.,-1.,2.22044604925E-16));
#14201 = DIRECTION('',(1.,0.,0.));
#14202 = DEFINITIONAL_REPRESENTATION('',(#14203),#14220);
#14203 = B_SPLINE_CURVE_WITH_KNOTS('',8,(#14204,#14205,#14206,#14207,
    #14208,#14209,#14210,#14211,#14212,#14213,#14214,#14215,#14216,
    #14217,#14218,#14219),.UNSPECIFIED.,.F.,.F.,(9,7,9),(4.712388980385,
    7.853981633974,8.976036572294),.UNSPECIFIED.);
#14204 = CARTESIAN_POINT('',(6.28318530718,223.46233990735));
#14205 = CARTESIAN_POINT('',(6.675884388878,223.53439542166));
#14206 = CARTESIAN_POINT('',(7.068583470577,223.60645151062));
#14207 = CARTESIAN_POINT('',(7.461282552274,223.66156906704));
#14208 = CARTESIAN_POINT('',(7.853981633968,223.68285535229));
#14209 = CARTESIAN_POINT('',(8.246680715672,223.66156906657));
#14210 = CARTESIAN_POINT('',(8.639379797374,223.60645151059));
#14211 = CARTESIAN_POINT('',(9.032078879071,223.53439542166));
#14212 = CARTESIAN_POINT('',(9.565034828059,223.43660447486));
#14213 = CARTESIAN_POINT('',(9.70529169535,223.41086896907));
#14214 = CARTESIAN_POINT('',(9.845548562639,223.38590515169));
#14215 = CARTESIAN_POINT('',(9.985805429928,223.36248403001));
#14216 = CARTESIAN_POINT('',(10.126062297217,223.34132875053));
#14217 = CARTESIAN_POINT('',(10.266319164506,223.32306494772));
#14218 = CARTESIAN_POINT('',(10.406576031796,223.30818329272));
#14219 = CARTESIAN_POINT('',(10.546832899085,223.29701845452));
#14220 = ( GEOMETRIC_REPRESENTATION_CONTEXT(2) 
PARAMETRIC_REPRESENTATION_CONTEXT() REPRESENTATION_CONTEXT('2D SPACE',''
  ) );
#14221 = ORIENTED_EDGE('',*,*,#14222,.F.);
#14222 = EDGE_CURVE('',#14223,#14181,#14225,.T.);
#14223 = VERTEX_POINT('',#14224);
#14224 = CARTESIAN_POINT('',(22.301495630386,-93.29701847507,
    45.297018475075));
#14225 = SURFACE_CURVE('',#14226,(#14231,#14238),.PCURVE_S1.);
#14226 = ELLIPSE('',#14227,3.005606061169,3.);
#14227 = AXIS2_PLACEMENT_3D('',#14228,#14229,#14230);
#14228 = CARTESIAN_POINT('',(21.,-93.46233990735,48.));
#14229 = DIRECTION('',(0.,-0.998134798422,-6.104853953486E-02));
#14230 = DIRECTION('',(0.,-6.104853953486E-02,0.998134798422));
#14231 = PCURVE('',#7315,#14232);
#14232 = DEFINITIONAL_REPRESENTATION('',(#14233),#14237);
#14233 = ELLIPSE('',#14234,3.005606061169,3.);
#14234 = AXIS2_PLACEMENT_2D('',#14235,#14236);
#14235 = CARTESIAN_POINT('',(21.,-84.15696971271));
#14236 = DIRECTION('',(0.,1.));
#14237 = ( GEOMETRIC_REPRESENTATION_CONTEXT(2) 
PARAMETRIC_REPRESENTATION_CONTEXT() REPRESENTATION_CONTEXT('2D SPACE',''
  ) );
#14238 = PCURVE('',#14197,#14239);
#14239 = DEFINITIONAL_REPRESENTATION('',(#14240),#14250);
#14240 = B_SPLINE_CURVE_WITH_KNOTS('',8,(#14241,#14242,#14243,#14244,
    #14245,#14246,#14247,#14248,#14249),.UNSPECIFIED.,.F.,.F.,(9,9),(
    9.873519349245,10.995574287564),.PIECEWISE_BEZIER_KNOTS.);
#14241 = CARTESIAN_POINT('',(5.161130368857,223.2970184545));
#14242 = CARTESIAN_POINT('',(5.301387236147,223.30818329269));
#14243 = CARTESIAN_POINT('',(5.441644103437,223.32306494769));
#14244 = CARTESIAN_POINT('',(5.581900970728,223.34132875049));
#14245 = CARTESIAN_POINT('',(5.722157838019,223.36248402997));
#14246 = CARTESIAN_POINT('',(5.86241470531,223.38590515166));
#14247 = CARTESIAN_POINT('',(6.0026715726,223.41086896904));
#14248 = CARTESIAN_POINT('',(6.14292843989,223.43660447486));
#14249 = CARTESIAN_POINT('',(6.28318530718,223.46233990735));
#14250 = ( GEOMETRIC_REPRESENTATION_CONTEXT(2) 
PARAMETRIC_REPRESENTATION_CONTEXT() REPRESENTATION_CONTEXT('2D SPACE',''
  ) );
#14251 = ORIENTED_EDGE('',*,*,#14252,.T.);
#14252 = EDGE_CURVE('',#14223,#14253,#14255,.T.);
#14253 = VERTEX_POINT('',#14254);
#14254 = CARTESIAN_POINT('',(40.698504369614,-93.29701847507,
    45.297018475075));
#14255 = SURFACE_CURVE('',#14256,(#14260,#14266),.PCURVE_S1.);
#14256 = LINE('',#14257,#14258);
#14257 = CARTESIAN_POINT('',(1.972152263053E-31,-93.29701847507,
    45.297018475075));
#14258 = VECTOR('',#14259,1.);
#14259 = DIRECTION('',(1.,0.,0.));
#14260 = PCURVE('',#7315,#14261);
#14261 = DEFINITIONAL_REPRESENTATION('',(#14262),#14265);
#14262 = B_SPLINE_CURVE_WITH_KNOTS('',1,(#14263,#14264),.UNSPECIFIED.,
  .F.,.F.,(2,2),(-86.14885938043,86.148859380437),
  .PIECEWISE_BEZIER_KNOTS.);
#14263 = CARTESIAN_POINT('',(-86.14885938043,-86.86500226423));
#14264 = CARTESIAN_POINT('',(86.148859380437,-86.86500226423));
#14265 = ( GEOMETRIC_REPRESENTATION_CONTEXT(2) 
PARAMETRIC_REPRESENTATION_CONTEXT() REPRESENTATION_CONTEXT('2D SPACE',''
  ) );
#14266 = PCURVE('',#14267,#14272);
#14267 = PLANE('',#14268);
#14268 = AXIS2_PLACEMENT_3D('',#14269,#14270,#14271);
#14269 = CARTESIAN_POINT('',(0.,-96.4852813826,48.485281382608));
#14270 = DIRECTION('',(0.,-0.707106781187,-0.707106781187));
#14271 = DIRECTION('',(0.,0.707106781187,-0.707106781187));
#14272 = DEFINITIONAL_REPRESENTATION('',(#14273),#14276);
#14273 = B_SPLINE_CURVE_WITH_KNOTS('',1,(#14274,#14275),.UNSPECIFIED.,
  .F.,.F.,(2,2),(-86.14885938043,86.148859380437),
  .PIECEWISE_BEZIER_KNOTS.);
#14274 = CARTESIAN_POINT('',(4.508884644244,-86.14885938043));
#14275 = CARTESIAN_POINT('',(4.508884644244,86.148859380437));
#14276 = ( GEOMETRIC_REPRESENTATION_CONTEXT(2) 
PARAMETRIC_REPRESENTATION_CONTEXT() REPRESENTATION_CONTEXT('2D SPACE',''
  ) );
#14277 = ORIENTED_EDGE('',*,*,#14278,.F.);
#14278 = EDGE_CURVE('',#14279,#14253,#14281,.T.);
#14279 = VERTEX_POINT('',#14280);
#14280 = CARTESIAN_POINT('',(45.,-93.46233990735,48.));
#14281 = SURFACE_CURVE('',#14282,(#14287,#14294),.PCURVE_S1.);
#14282 = ELLIPSE('',#14283,3.005606061169,3.);
#14283 = AXIS2_PLACEMENT_3D('',#14284,#14285,#14286);
#14284 = CARTESIAN_POINT('',(42.,-93.46233990735,48.));
#14285 = DIRECTION('',(0.,-0.998134798422,-6.104853953486E-02));
#14286 = DIRECTION('',(0.,-6.104853953486E-02,0.998134798422));
#14287 = PCURVE('',#7315,#14288);
#14288 = DEFINITIONAL_REPRESENTATION('',(#14289),#14293);
#14289 = ELLIPSE('',#14290,3.005606061169,3.);
#14290 = AXIS2_PLACEMENT_2D('',#14291,#14292);
#14291 = CARTESIAN_POINT('',(42.,-84.15696971271));
#14292 = DIRECTION('',(0.,1.));
#14293 = ( GEOMETRIC_REPRESENTATION_CONTEXT(2) 
PARAMETRIC_REPRESENTATION_CONTEXT() REPRESENTATION_CONTEXT('2D SPACE',''
  ) );
#14294 = PCURVE('',#14295,#14300);
#14295 = CYLINDRICAL_SURFACE('',#14296,3.);
#14296 = AXIS2_PLACEMENT_3D('',#14297,#14298,#14299);
#14297 = CARTESIAN_POINT('',(42.,130.,48.));
#14298 = DIRECTION('',(0.,-1.,2.22044604925E-16));
#14299 = DIRECTION('',(1.,0.,0.));
#14300 = DEFINITIONAL_REPRESENTATION('',(#14301),#14318);
#14301 = B_SPLINE_CURVE_WITH_KNOTS('',8,(#14302,#14303,#14304,#14305,
    #14306,#14307,#14308,#14309,#14310,#14311,#14312,#14313,#14314,
    #14315,#14316,#14317),.UNSPECIFIED.,.F.,.F.,(9,7,9),(4.712388980385,
    7.853981633974,8.976036572294),.UNSPECIFIED.);
#14302 = CARTESIAN_POINT('',(6.28318530718,223.46233990735));
#14303 = CARTESIAN_POINT('',(6.675884388878,223.53439542166));
#14304 = CARTESIAN_POINT('',(7.068583470578,223.60645151062));
#14305 = CARTESIAN_POINT('',(7.461282552268,223.66156906704));
#14306 = CARTESIAN_POINT('',(7.853981633977,223.68285535229));
#14307 = CARTESIAN_POINT('',(8.24668071567,223.66156906657));
#14308 = CARTESIAN_POINT('',(8.639379797373,223.60645151059));
#14309 = CARTESIAN_POINT('',(9.032078879071,223.53439542166));
#14310 = CARTESIAN_POINT('',(9.565034828059,223.43660447486));
#14311 = CARTESIAN_POINT('',(9.705291695349,223.41086896907));
#14312 = CARTESIAN_POINT('',(9.845548562639,223.38590515169));
#14313 = CARTESIAN_POINT('',(9.985805429928,223.36248403001));
#14314 = CARTESIAN_POINT('',(10.126062297218,223.34132875053));
#14315 = CARTESIAN_POINT('',(10.266319164508,223.32306494772));
#14316 = CARTESIAN_POINT('',(10.406576031797,223.30818329272));
#14317 = CARTESIAN_POINT('',(10.546832899087,223.29701845452));
#14318 = ( GEOMETRIC_REPRESENTATION_CONTEXT(2) 
PARAMETRIC_REPRESENTATION_CONTEXT() REPRESENTATION_CONTEXT('2D SPACE',''
  ) );
#14319 = ORIENTED_EDGE('',*,*,#14320,.F.);
#14320 = EDGE_CURVE('',#14321,#14279,#14323,.T.);
#14321 = VERTEX_POINT('',#14322);
#14322 = CARTESIAN_POINT('',(43.301495630386,-93.29701847507,
    45.297018475075));
#14323 = SURFACE_CURVE('',#14324,(#14329,#14336),.PCURVE_S1.);
#14324 = ELLIPSE('',#14325,3.005606061169,3.);
#14325 = AXIS2_PLACEMENT_3D('',#14326,#14327,#14328);
#14326 = CARTESIAN_POINT('',(42.,-93.46233990735,48.));
#14327 = DIRECTION('',(0.,-0.998134798422,-6.104853953486E-02));
#14328 = DIRECTION('',(0.,-6.104853953486E-02,0.998134798422));
#14329 = PCURVE('',#7315,#14330);
#14330 = DEFINITIONAL_REPRESENTATION('',(#14331),#14335);
#14331 = ELLIPSE('',#14332,3.005606061169,3.);
#14332 = AXIS2_PLACEMENT_2D('',#14333,#14334);
#14333 = CARTESIAN_POINT('',(42.,-84.15696971271));
#14334 = DIRECTION('',(0.,1.));
#14335 = ( GEOMETRIC_REPRESENTATION_CONTEXT(2) 
PARAMETRIC_REPRESENTATION_CONTEXT() REPRESENTATION_CONTEXT('2D SPACE',''
  ) );
#14336 = PCURVE('',#14295,#14337);
#14337 = DEFINITIONAL_REPRESENTATION('',(#14338),#14348);
#14338 = B_SPLINE_CURVE_WITH_KNOTS('',8,(#14339,#14340,#14341,#14342,
    #14343,#14344,#14345,#14346,#14347),.UNSPECIFIED.,.F.,.F.,(9,9),(
    9.873519349245,10.995574287564),.PIECEWISE_BEZIER_KNOTS.);
#14339 = CARTESIAN_POINT('',(5.161130368859,223.2970184545));
#14340 = CARTESIAN_POINT('',(5.301387236149,223.30818329269));
#14341 = CARTESIAN_POINT('',(5.441644103439,223.32306494769));
#14342 = CARTESIAN_POINT('',(5.581900970729,223.34132875049));
#14343 = CARTESIAN_POINT('',(5.72215783802,223.36248402997));
#14344 = CARTESIAN_POINT('',(5.86241470531,223.38590515166));
#14345 = CARTESIAN_POINT('',(6.0026715726,223.41086896904));
#14346 = CARTESIAN_POINT('',(6.14292843989,223.43660447486));
#14347 = CARTESIAN_POINT('',(6.28318530718,223.46233990735));
#14348 = ( GEOMETRIC_REPRESENTATION_CONTEXT(2) 
PARAMETRIC_REPRESENTATION_CONTEXT() REPRESENTATION_CONTEXT('2D SPACE',''
  ) );
#14349 = ORIENTED_EDGE('',*,*,#14350,.T.);
#14350 = EDGE_CURVE('',#14321,#14351,#14353,.T.);
#14351 = VERTEX_POINT('',#14352);
#14352 = CARTESIAN_POINT('',(61.698504369614,-93.29701847507,
    45.297018475075));
#14353 = SURFACE_CURVE('',#14354,(#14358,#14364),.PCURVE_S1.);
#14354 = LINE('',#14355,#14356);
#14355 = CARTESIAN_POINT('',(1.972152263053E-31,-93.29701847507,
    45.297018475075));
#14356 = VECTOR('',#14357,1.);
#14357 = DIRECTION('',(1.,0.,0.));
#14358 = PCURVE('',#7315,#14359);
#14359 = DEFINITIONAL_REPRESENTATION('',(#14360),#14363);
#14360 = B_SPLINE_CURVE_WITH_KNOTS('',1,(#14361,#14362),.UNSPECIFIED.,
  .F.,.F.,(2,2),(-86.14885938043,86.148859380437),
  .PIECEWISE_BEZIER_KNOTS.);
#14361 = CARTESIAN_POINT('',(-86.14885938043,-86.86500226423));
#14362 = CARTESIAN_POINT('',(86.148859380437,-86.86500226423));
#14363 = ( GEOMETRIC_REPRESENTATION_CONTEXT(2) 
PARAMETRIC_REPRESENTATION_CONTEXT() REPRESENTATION_CONTEXT('2D SPACE',''
  ) );
#14364 = PCURVE('',#14365,#14370);
#14365 = PLANE('',#14366);
#14366 = AXIS2_PLACEMENT_3D('',#14367,#14368,#14369);
#14367 = CARTESIAN_POINT('',(0.,-96.4852813826,48.485281382608));
#14368 = DIRECTION('',(0.,-0.707106781187,-0.707106781187));
#14369 = DIRECTION('',(0.,0.707106781187,-0.707106781187));
#14370 = DEFINITIONAL_REPRESENTATION('',(#14371),#14374);
#14371 = B_SPLINE_CURVE_WITH_KNOTS('',1,(#14372,#14373),.UNSPECIFIED.,
  .F.,.F.,(2,2),(-86.14885938043,86.148859380437),
  .PIECEWISE_BEZIER_KNOTS.);
#14372 = CARTESIAN_POINT('',(4.508884644244,-86.14885938043));
#14373 = CARTESIAN_POINT('',(4.508884644244,86.148859380437));
#14374 = ( GEOMETRIC_REPRESENTATION_CONTEXT(2) 
PARAMETRIC_REPRESENTATION_CONTEXT() REPRESENTATION_CONTEXT('2D SPACE',''
  ) );
#14375 = ORIENTED_EDGE('',*,*,#14376,.F.);
#14376 = EDGE_CURVE('',#14377,#14351,#14379,.T.);
#14377 = VERTEX_POINT('',#14378);
#14378 = CARTESIAN_POINT('',(66.,-93.46233990735,48.));
#14379 = SURFACE_CURVE('',#14380,(#14385,#14392),.PCURVE_S1.);
#14380 = ELLIPSE('',#14381,3.005606061169,3.);
#14381 = AXIS2_PLACEMENT_3D('',#14382,#14383,#14384);
#14382 = CARTESIAN_POINT('',(63.,-93.46233990735,48.));
#14383 = DIRECTION('',(0.,-0.998134798422,-6.104853953486E-02));
#14384 = DIRECTION('',(0.,-6.104853953486E-02,0.998134798422));
#14385 = PCURVE('',#7315,#14386);
#14386 = DEFINITIONAL_REPRESENTATION('',(#14387),#14391);
#14387 = ELLIPSE('',#14388,3.005606061169,3.);
#14388 = AXIS2_PLACEMENT_2D('',#14389,#14390);
#14389 = CARTESIAN_POINT('',(63.,-84.15696971271));
#14390 = DIRECTION('',(0.,1.));
#14391 = ( GEOMETRIC_REPRESENTATION_CONTEXT(2) 
PARAMETRIC_REPRESENTATION_CONTEXT() REPRESENTATION_CONTEXT('2D SPACE',''
  ) );
#14392 = PCURVE('',#10631,#14393);
#14393 = DEFINITIONAL_REPRESENTATION('',(#14394),#14411);
#14394 = B_SPLINE_CURVE_WITH_KNOTS('',8,(#14395,#14396,#14397,#14398,
    #14399,#14400,#14401,#14402,#14403,#14404,#14405,#14406,#14407,
    #14408,#14409,#14410),.UNSPECIFIED.,.F.,.F.,(9,7,9),(4.712388980385,
    7.853981633974,8.976036572294),.UNSPECIFIED.);
#14395 = CARTESIAN_POINT('',(6.28318530718,223.46233990735));
#14396 = CARTESIAN_POINT('',(6.675884388878,223.53439542166));
#14397 = CARTESIAN_POINT('',(7.068583470577,223.60645151062));
#14398 = CARTESIAN_POINT('',(7.461282552272,223.66156906704));
#14399 = CARTESIAN_POINT('',(7.853981633977,223.68285535229));
#14400 = CARTESIAN_POINT('',(8.246680715666,223.66156906657));
#14401 = CARTESIAN_POINT('',(8.639379797371,223.60645151059));
#14402 = CARTESIAN_POINT('',(9.032078879071,223.53439542166));
#14403 = CARTESIAN_POINT('',(9.565034828059,223.43660447486));
#14404 = CARTESIAN_POINT('',(9.70529169535,223.41086896907));
#14405 = CARTESIAN_POINT('',(9.845548562639,223.38590515169));
#14406 = CARTESIAN_POINT('',(9.985805429928,223.36248403001));
#14407 = CARTESIAN_POINT('',(10.126062297217,223.34132875053));
#14408 = CARTESIAN_POINT('',(10.266319164506,223.32306494772));
#14409 = CARTESIAN_POINT('',(10.406576031796,223.30818329272));
#14410 = CARTESIAN_POINT('',(10.546832899085,223.29701845452));
#14411 = ( GEOMETRIC_REPRESENTATION_CONTEXT(2) 
PARAMETRIC_REPRESENTATION_CONTEXT() REPRESENTATION_CONTEXT('2D SPACE',''
  ) );
#14412 = ORIENTED_EDGE('',*,*,#14413,.F.);
#14413 = EDGE_CURVE('',#10615,#14377,#14414,.T.);
#14414 = SURFACE_CURVE('',#14415,(#14420,#14427),.PCURVE_S1.);
#14415 = ELLIPSE('',#14416,3.005606061169,3.);
#14416 = AXIS2_PLACEMENT_3D('',#14417,#14418,#14419);
#14417 = CARTESIAN_POINT('',(63.,-93.46233990735,48.));
#14418 = DIRECTION('',(0.,-0.998134798422,-6.104853953486E-02));
#14419 = DIRECTION('',(0.,-6.104853953486E-02,0.998134798422));
#14420 = PCURVE('',#7315,#14421);
#14421 = DEFINITIONAL_REPRESENTATION('',(#14422),#14426);
#14422 = ELLIPSE('',#14423,3.005606061169,3.);
#14423 = AXIS2_PLACEMENT_2D('',#14424,#14425);
#14424 = CARTESIAN_POINT('',(63.,-84.15696971271));
#14425 = DIRECTION('',(0.,1.));
#14426 = ( GEOMETRIC_REPRESENTATION_CONTEXT(2) 
PARAMETRIC_REPRESENTATION_CONTEXT() REPRESENTATION_CONTEXT('2D SPACE',''
  ) );
#14427 = PCURVE('',#10631,#14428);
#14428 = DEFINITIONAL_REPRESENTATION('',(#14429),#14439);
#14429 = B_SPLINE_CURVE_WITH_KNOTS('',8,(#14430,#14431,#14432,#14433,
    #14434,#14435,#14436,#14437,#14438),.UNSPECIFIED.,.F.,.F.,(9,9),(
    9.873519349245,10.995574287564),.PIECEWISE_BEZIER_KNOTS.);
#14430 = CARTESIAN_POINT('',(5.161130368857,223.2970184545));
#14431 = CARTESIAN_POINT('',(5.301387236147,223.30818329269));
#14432 = CARTESIAN_POINT('',(5.441644103438,223.32306494769));
#14433 = CARTESIAN_POINT('',(5.581900970728,223.34132875049));
#14434 = CARTESIAN_POINT('',(5.722157838019,223.36248402997));
#14435 = CARTESIAN_POINT('',(5.86241470531,223.38590515166));
#14436 = CARTESIAN_POINT('',(6.0026715726,223.41086896904));
#14437 = CARTESIAN_POINT('',(6.14292843989,223.43660447486));
#14438 = CARTESIAN_POINT('',(6.28318530718,223.46233990735));
#14439 = ( GEOMETRIC_REPRESENTATION_CONTEXT(2) 
PARAMETRIC_REPRESENTATION_CONTEXT() REPRESENTATION_CONTEXT('2D SPACE',''
  ) );
#14440 = ORIENTED_EDGE('',*,*,#10649,.T.);
#14441 = ORIENTED_EDGE('',*,*,#14442,.T.);
#14442 = EDGE_CURVE('',#10650,#7266,#14443,.T.);
#14443 = SURFACE_CURVE('',#14444,(#14447,#14453),.PCURVE_S1.);
#14444 = B_SPLINE_CURVE_WITH_KNOTS('',1,(#14445,#14446),.UNSPECIFIED.,
  .F.,.F.,(2,2),(0.,1.),.PIECEWISE_BEZIER_KNOTS.);
#14445 = CARTESIAN_POINT('',(86.148859380437,-90.64885938043,2.));
#14446 = CARTESIAN_POINT('',(86.148859380437,-98.6,132.));
#14447 = PCURVE('',#7315,#14448);
#14448 = DEFINITIONAL_REPRESENTATION('',(#14449),#14452);
#14449 = B_SPLINE_CURVE_WITH_KNOTS('',1,(#14450,#14451),.UNSPECIFIED.,
  .F.,.F.,(2,2),(0.,1.),.PIECEWISE_BEZIER_KNOTS.);
#14450 = CARTESIAN_POINT('',(86.148859380437,-130.2429293173));
#14451 = CARTESIAN_POINT('',(86.148859380437,1.989519660128E-13));
#14452 = ( GEOMETRIC_REPRESENTATION_CONTEXT(2) 
PARAMETRIC_REPRESENTATION_CONTEXT() REPRESENTATION_CONTEXT('2D SPACE',''
  ) );
#14453 = PCURVE('',#7282,#14454);
#14454 = DEFINITIONAL_REPRESENTATION('',(#14455),#14458);
#14455 = B_SPLINE_CURVE_WITH_KNOTS('',1,(#14456,#14457),.UNSPECIFIED.,
  .F.,.F.,(2,2),(0.,1.),.PIECEWISE_BEZIER_KNOTS.);
#14456 = CARTESIAN_POINT('',(1.570796326795,0.));
#14457 = CARTESIAN_POINT('',(1.570796326795,130.));
#14458 = ( GEOMETRIC_REPRESENTATION_CONTEXT(2) 
PARAMETRIC_REPRESENTATION_CONTEXT() REPRESENTATION_CONTEXT('2D SPACE',''
  ) );
#14459 = ORIENTED_EDGE('',*,*,#7300,.T.);
#14460 = FACE_BOUND('',#14461,.F.);
#14461 = EDGE_LOOP('',(#14462));
#14462 = ORIENTED_EDGE('',*,*,#14463,.F.);
#14463 = EDGE_CURVE('',#14464,#14464,#14466,.T.);
#14464 = VERTEX_POINT('',#14465);
#14465 = CARTESIAN_POINT('',(-58.5,-94.74675493051,69.));
#14466 = SURFACE_CURVE('',#14467,(#14472,#14479),.PCURVE_S1.);
#14467 = ELLIPSE('',#14468,4.508409091753,4.5);
#14468 = AXIS2_PLACEMENT_3D('',#14469,#14470,#14471);
#14469 = CARTESIAN_POINT('',(-63.,-94.74675493051,69.));
#14470 = DIRECTION('',(0.,-0.998134798422,-6.104853953486E-02));
#14471 = DIRECTION('',(0.,-6.104853953486E-02,0.998134798422));
#14472 = PCURVE('',#7315,#14473);
#14473 = DEFINITIONAL_REPRESENTATION('',(#14474),#14478);
#14474 = ELLIPSE('',#14475,4.508409091753,4.5);
#14475 = AXIS2_PLACEMENT_2D('',#14476,#14477);
#14476 = CARTESIAN_POINT('',(-63.,-63.11772728453));
#14477 = DIRECTION('',(0.,1.));
#14478 = ( GEOMETRIC_REPRESENTATION_CONTEXT(2) 
PARAMETRIC_REPRESENTATION_CONTEXT() REPRESENTATION_CONTEXT('2D SPACE',''
  ) );
#14479 = PCURVE('',#14480,#14485);
#14480 = CYLINDRICAL_SURFACE('',#14481,4.5);
#14481 = AXIS2_PLACEMENT_3D('',#14482,#14483,#14484);
#14482 = CARTESIAN_POINT('',(-63.,130.,69.));
#14483 = DIRECTION('',(0.,-1.,2.22044604925E-16));
#14484 = DIRECTION('',(1.,0.,0.));
#14485 = DEFINITIONAL_REPRESENTATION('',(#14486),#14503);
#14486 = B_SPLINE_CURVE_WITH_KNOTS('',8,(#14487,#14488,#14489,#14490,
    #14491,#14492,#14493,#14494,#14495,#14496,#14497,#14498,#14499,
    #14500,#14501,#14502),.UNSPECIFIED.,.F.,.F.,(9,7,9),(4.712388980385,
    7.853981633974,10.995574287564),.UNSPECIFIED.);
#14487 = CARTESIAN_POINT('',(0.,224.74675493051));
#14488 = CARTESIAN_POINT('',(0.392699081699,224.85483820197));
#14489 = CARTESIAN_POINT('',(0.785398163395,224.96292233542));
#14490 = CARTESIAN_POINT('',(1.178097245105,225.04559867014));
#14491 = CARTESIAN_POINT('',(1.570796326783,225.07752809743));
#14492 = CARTESIAN_POINT('',(1.963495408501,225.04559867049));
#14493 = CARTESIAN_POINT('',(2.356194490191,224.96292233528));
#14494 = CARTESIAN_POINT('',(2.748893571891,224.85483820197));
#14495 = CARTESIAN_POINT('',(3.534291735289,224.63867165906));
#14496 = CARTESIAN_POINT('',(3.926990816985,224.53058752586));
#14497 = CARTESIAN_POINT('',(4.319689898683,224.44791118998));
#14498 = CARTESIAN_POINT('',(4.712388980355,224.41598176397));
#14499 = CARTESIAN_POINT('',(5.105088062075,224.4479111894));
#14500 = CARTESIAN_POINT('',(5.49778714378,224.53058752574));
#14501 = CARTESIAN_POINT('',(5.890486225481,224.63867165906));
#14502 = CARTESIAN_POINT('',(6.28318530718,224.74675493051));
#14503 = ( GEOMETRIC_REPRESENTATION_CONTEXT(2) 
PARAMETRIC_REPRESENTATION_CONTEXT() REPRESENTATION_CONTEXT('2D SPACE',''
  ) );
#14504 = FACE_BOUND('',#14505,.F.);
#14505 = EDGE_LOOP('',(#14506));
#14506 = ORIENTED_EDGE('',*,*,#14507,.F.);
#14507 = EDGE_CURVE('',#14508,#14508,#14510,.T.);
#14508 = VERTEX_POINT('',#14509);
#14509 = CARTESIAN_POINT('',(-37.5,-94.74675493051,69.));
#14510 = SURFACE_CURVE('',#14511,(#14516,#14523),.PCURVE_S1.);
#14511 = ELLIPSE('',#14512,4.508409091753,4.5);
#14512 = AXIS2_PLACEMENT_3D('',#14513,#14514,#14515);
#14513 = CARTESIAN_POINT('',(-42.,-94.74675493051,69.));
#14514 = DIRECTION('',(0.,-0.998134798422,-6.104853953486E-02));
#14515 = DIRECTION('',(0.,-6.104853953486E-02,0.998134798422));
#14516 = PCURVE('',#7315,#14517);
#14517 = DEFINITIONAL_REPRESENTATION('',(#14518),#14522);
#14518 = ELLIPSE('',#14519,4.508409091753,4.5);
#14519 = AXIS2_PLACEMENT_2D('',#14520,#14521);
#14520 = CARTESIAN_POINT('',(-42.,-63.11772728453));
#14521 = DIRECTION('',(0.,1.));
#14522 = ( GEOMETRIC_REPRESENTATION_CONTEXT(2) 
PARAMETRIC_REPRESENTATION_CONTEXT() REPRESENTATION_CONTEXT('2D SPACE',''
  ) );
#14523 = PCURVE('',#14524,#14529);
#14524 = CYLINDRICAL_SURFACE('',#14525,4.5);
#14525 = AXIS2_PLACEMENT_3D('',#14526,#14527,#14528);
#14526 = CARTESIAN_POINT('',(-42.,130.,69.));
#14527 = DIRECTION('',(0.,-1.,2.22044604925E-16));
#14528 = DIRECTION('',(1.,0.,0.));
#14529 = DEFINITIONAL_REPRESENTATION('',(#14530),#14547);
#14530 = B_SPLINE_CURVE_WITH_KNOTS('',8,(#14531,#14532,#14533,#14534,
    #14535,#14536,#14537,#14538,#14539,#14540,#14541,#14542,#14543,
    #14544,#14545,#14546),.UNSPECIFIED.,.F.,.F.,(9,7,9),(4.712388980385,
    7.853981633974,10.995574287564),.UNSPECIFIED.);
#14531 = CARTESIAN_POINT('',(0.,224.74675493051));
#14532 = CARTESIAN_POINT('',(0.392699081699,224.85483820197));
#14533 = CARTESIAN_POINT('',(0.785398163395,224.96292233542));
#14534 = CARTESIAN_POINT('',(1.1780972451,225.04559867014));
#14535 = CARTESIAN_POINT('',(1.570796326783,225.07752809743));
#14536 = CARTESIAN_POINT('',(1.963495408496,225.04559867049));
#14537 = CARTESIAN_POINT('',(2.356194490191,224.96292233528));
#14538 = CARTESIAN_POINT('',(2.748893571891,224.85483820197));
#14539 = CARTESIAN_POINT('',(3.534291735289,224.63867165906));
#14540 = CARTESIAN_POINT('',(3.926990816985,224.53058752586));
#14541 = CARTESIAN_POINT('',(4.319689898683,224.44791118998));
#14542 = CARTESIAN_POINT('',(4.712388980355,224.41598176397));
#14543 = CARTESIAN_POINT('',(5.105088062075,224.4479111894));
#14544 = CARTESIAN_POINT('',(5.49778714378,224.53058752574));
#14545 = CARTESIAN_POINT('',(5.890486225481,224.63867165906));
#14546 = CARTESIAN_POINT('',(6.28318530718,224.74675493051));
#14547 = ( GEOMETRIC_REPRESENTATION_CONTEXT(2) 
PARAMETRIC_REPRESENTATION_CONTEXT() REPRESENTATION_CONTEXT('2D SPACE',''
  ) );
#14548 = FACE_BOUND('',#14549,.F.);
#14549 = EDGE_LOOP('',(#14550));
#14550 = ORIENTED_EDGE('',*,*,#14551,.F.);
#14551 = EDGE_CURVE('',#14552,#14552,#14554,.T.);
#14552 = VERTEX_POINT('',#14553);
#14553 = CARTESIAN_POINT('',(-16.5,-94.74675493051,69.));
#14554 = SURFACE_CURVE('',#14555,(#14560,#14567),.PCURVE_S1.);
#14555 = ELLIPSE('',#14556,4.508409091753,4.5);
#14556 = AXIS2_PLACEMENT_3D('',#14557,#14558,#14559);
#14557 = CARTESIAN_POINT('',(-21.,-94.74675493051,69.));
#14558 = DIRECTION('',(0.,-0.998134798422,-6.104853953486E-02));
#14559 = DIRECTION('',(0.,-6.104853953486E-02,0.998134798422));
#14560 = PCURVE('',#7315,#14561);
#14561 = DEFINITIONAL_REPRESENTATION('',(#14562),#14566);
#14562 = ELLIPSE('',#14563,4.508409091753,4.5);
#14563 = AXIS2_PLACEMENT_2D('',#14564,#14565);
#14564 = CARTESIAN_POINT('',(-21.,-63.11772728453));
#14565 = DIRECTION('',(0.,1.));
#14566 = ( GEOMETRIC_REPRESENTATION_CONTEXT(2) 
PARAMETRIC_REPRESENTATION_CONTEXT() REPRESENTATION_CONTEXT('2D SPACE',''
  ) );
#14567 = PCURVE('',#14568,#14573);
#14568 = CYLINDRICAL_SURFACE('',#14569,4.5);
#14569 = AXIS2_PLACEMENT_3D('',#14570,#14571,#14572);
#14570 = CARTESIAN_POINT('',(-21.,130.,69.));
#14571 = DIRECTION('',(0.,-1.,2.22044604925E-16));
#14572 = DIRECTION('',(1.,0.,0.));
#14573 = DEFINITIONAL_REPRESENTATION('',(#14574),#14591);
#14574 = B_SPLINE_CURVE_WITH_KNOTS('',8,(#14575,#14576,#14577,#14578,
    #14579,#14580,#14581,#14582,#14583,#14584,#14585,#14586,#14587,
    #14588,#14589,#14590),.UNSPECIFIED.,.F.,.F.,(9,7,9),(4.712388980385,
    7.853981633974,10.995574287564),.UNSPECIFIED.);
#14575 = CARTESIAN_POINT('',(0.,224.74675493051));
#14576 = CARTESIAN_POINT('',(0.392699081699,224.85483820197));
#14577 = CARTESIAN_POINT('',(0.785398163396,224.96292233542));
#14578 = CARTESIAN_POINT('',(1.178097245104,225.04559867014));
#14579 = CARTESIAN_POINT('',(1.570796326785,225.07752809743));
#14580 = CARTESIAN_POINT('',(1.963495408501,225.04559867049));
#14581 = CARTESIAN_POINT('',(2.356194490191,224.96292233528));
#14582 = CARTESIAN_POINT('',(2.748893571891,224.85483820197));
#14583 = CARTESIAN_POINT('',(3.534291735289,224.63867165906));
#14584 = CARTESIAN_POINT('',(3.926990816985,224.53058752586));
#14585 = CARTESIAN_POINT('',(4.319689898683,224.44791118998));
#14586 = CARTESIAN_POINT('',(4.712388980355,224.41598176397));
#14587 = CARTESIAN_POINT('',(5.105088062075,224.4479111894));
#14588 = CARTESIAN_POINT('',(5.49778714378,224.53058752574));
#14589 = CARTESIAN_POINT('',(5.890486225481,224.63867165906));
#14590 = CARTESIAN_POINT('',(6.28318530718,224.74675493051));
#14591 = ( GEOMETRIC_REPRESENTATION_CONTEXT(2) 
PARAMETRIC_REPRESENTATION_CONTEXT() REPRESENTATION_CONTEXT('2D SPACE',''
  ) );
#14592 = FACE_BOUND('',#14593,.F.);
#14593 = EDGE_LOOP('',(#14594));
#14594 = ORIENTED_EDGE('',*,*,#14595,.F.);
#14595 = EDGE_CURVE('',#14596,#14596,#14598,.T.);
#14596 = VERTEX_POINT('',#14597);
#14597 = CARTESIAN_POINT('',(4.5,-94.74675493051,69.));
#14598 = SURFACE_CURVE('',#14599,(#14604,#14611),.PCURVE_S1.);
#14599 = ELLIPSE('',#14600,4.508409091753,4.5);
#14600 = AXIS2_PLACEMENT_3D('',#14601,#14602,#14603);
#14601 = CARTESIAN_POINT('',(0.,-94.74675493051,69.));
#14602 = DIRECTION('',(0.,-0.998134798422,-6.104853953486E-02));
#14603 = DIRECTION('',(0.,-6.104853953486E-02,0.998134798422));
#14604 = PCURVE('',#7315,#14605);
#14605 = DEFINITIONAL_REPRESENTATION('',(#14606),#14610);
#14606 = ELLIPSE('',#14607,4.508409091753,4.5);
#14607 = AXIS2_PLACEMENT_2D('',#14608,#14609);
#14608 = CARTESIAN_POINT('',(-3.944304526105E-31,-63.11772728453));
#14609 = DIRECTION('',(0.,1.));
#14610 = ( GEOMETRIC_REPRESENTATION_CONTEXT(2) 
PARAMETRIC_REPRESENTATION_CONTEXT() REPRESENTATION_CONTEXT('2D SPACE',''
  ) );
#14611 = PCURVE('',#14612,#14617);
#14612 = CYLINDRICAL_SURFACE('',#14613,4.5);
#14613 = AXIS2_PLACEMENT_3D('',#14614,#14615,#14616);
#14614 = CARTESIAN_POINT('',(0.,130.,69.));
#14615 = DIRECTION('',(0.,-1.,2.22044604925E-16));
#14616 = DIRECTION('',(1.,0.,0.));
#14617 = DEFINITIONAL_REPRESENTATION('',(#14618),#14635);
#14618 = B_SPLINE_CURVE_WITH_KNOTS('',8,(#14619,#14620,#14621,#14622,
    #14623,#14624,#14625,#14626,#14627,#14628,#14629,#14630,#14631,
    #14632,#14633,#14634),.UNSPECIFIED.,.F.,.F.,(9,7,9),(4.712388980385,
    7.853981633974,10.995574287564),.UNSPECIFIED.);
#14619 = CARTESIAN_POINT('',(0.,224.74675493051));
#14620 = CARTESIAN_POINT('',(0.392699081699,224.85483820197));
#14621 = CARTESIAN_POINT('',(0.785398163396,224.96292233542));
#14622 = CARTESIAN_POINT('',(1.1780972451,225.04559867014));
#14623 = CARTESIAN_POINT('',(1.570796326787,225.07752809743));
#14624 = CARTESIAN_POINT('',(1.963495408497,225.04559867049));
#14625 = CARTESIAN_POINT('',(2.356194490191,224.96292233528));
#14626 = CARTESIAN_POINT('',(2.748893571891,224.85483820197));
#14627 = CARTESIAN_POINT('',(3.534291735289,224.63867165906));
#14628 = CARTESIAN_POINT('',(3.926990816985,224.53058752586));
#14629 = CARTESIAN_POINT('',(4.319689898683,224.44791118998));
#14630 = CARTESIAN_POINT('',(4.712388980355,224.41598176397));
#14631 = CARTESIAN_POINT('',(5.105088062075,224.4479111894));
#14632 = CARTESIAN_POINT('',(5.49778714378,224.53058752574));
#14633 = CARTESIAN_POINT('',(5.890486225481,224.63867165906));
#14634 = CARTESIAN_POINT('',(6.28318530718,224.74675493051));
#14635 = ( GEOMETRIC_REPRESENTATION_CONTEXT(2) 
PARAMETRIC_REPRESENTATION_CONTEXT() REPRESENTATION_CONTEXT('2D SPACE',''
  ) );
#14636 = FACE_BOUND('',#14637,.F.);
#14637 = EDGE_LOOP('',(#14638));
#14638 = ORIENTED_EDGE('',*,*,#14639,.F.);
#14639 = EDGE_CURVE('',#14640,#14640,#14642,.T.);
#14640 = VERTEX_POINT('',#14641);
#14641 = CARTESIAN_POINT('',(25.5,-94.74675493051,69.));
#14642 = SURFACE_CURVE('',#14643,(#14648,#14655),.PCURVE_S1.);
#14643 = ELLIPSE('',#14644,4.508409091753,4.5);
#14644 = AXIS2_PLACEMENT_3D('',#14645,#14646,#14647);
#14645 = CARTESIAN_POINT('',(21.,-94.74675493051,69.));
#14646 = DIRECTION('',(0.,-0.998134798422,-6.104853953486E-02));
#14647 = DIRECTION('',(0.,-6.104853953486E-02,0.998134798422));
#14648 = PCURVE('',#7315,#14649);
#14649 = DEFINITIONAL_REPRESENTATION('',(#14650),#14654);
#14650 = ELLIPSE('',#14651,4.508409091753,4.5);
#14651 = AXIS2_PLACEMENT_2D('',#14652,#14653);
#14652 = CARTESIAN_POINT('',(21.,-63.11772728453));
#14653 = DIRECTION('',(0.,1.));
#14654 = ( GEOMETRIC_REPRESENTATION_CONTEXT(2) 
PARAMETRIC_REPRESENTATION_CONTEXT() REPRESENTATION_CONTEXT('2D SPACE',''
  ) );
#14655 = PCURVE('',#14656,#14661);
#14656 = CYLINDRICAL_SURFACE('',#14657,4.5);
#14657 = AXIS2_PLACEMENT_3D('',#14658,#14659,#14660);
#14658 = CARTESIAN_POINT('',(21.,130.,69.));
#14659 = DIRECTION('',(0.,-1.,2.22044604925E-16));
#14660 = DIRECTION('',(1.,0.,0.));
#14661 = DEFINITIONAL_REPRESENTATION('',(#14662),#14679);
#14662 = B_SPLINE_CURVE_WITH_KNOTS('',8,(#14663,#14664,#14665,#14666,
    #14667,#14668,#14669,#14670,#14671,#14672,#14673,#14674,#14675,
    #14676,#14677,#14678),.UNSPECIFIED.,.F.,.F.,(9,7,9),(4.712388980385,
    7.853981633974,10.995574287564),.UNSPECIFIED.);
#14663 = CARTESIAN_POINT('',(0.,224.74675493051));
#14664 = CARTESIAN_POINT('',(0.392699081699,224.85483820197));
#14665 = CARTESIAN_POINT('',(0.785398163396,224.96292233542));
#14666 = CARTESIAN_POINT('',(1.178097245104,225.04559867014));
#14667 = CARTESIAN_POINT('',(1.570796326785,225.07752809743));
#14668 = CARTESIAN_POINT('',(1.963495408501,225.04559867049));
#14669 = CARTESIAN_POINT('',(2.356194490191,224.96292233528));
#14670 = CARTESIAN_POINT('',(2.748893571891,224.85483820197));
#14671 = CARTESIAN_POINT('',(3.534291735289,224.63867165906));
#14672 = CARTESIAN_POINT('',(3.926990816985,224.53058752586));
#14673 = CARTESIAN_POINT('',(4.319689898683,224.44791118998));
#14674 = CARTESIAN_POINT('',(4.712388980355,224.41598176397));
#14675 = CARTESIAN_POINT('',(5.105088062075,224.4479111894));
#14676 = CARTESIAN_POINT('',(5.49778714378,224.53058752574));
#14677 = CARTESIAN_POINT('',(5.890486225481,224.63867165906));
#14678 = CARTESIAN_POINT('',(6.28318530718,224.74675493051));
#14679 = ( GEOMETRIC_REPRESENTATION_CONTEXT(2) 
PARAMETRIC_REPRESENTATION_CONTEXT() REPRESENTATION_CONTEXT('2D SPACE',''
  ) );
#14680 = FACE_BOUND('',#14681,.F.);
#14681 = EDGE_LOOP('',(#14682));
#14682 = ORIENTED_EDGE('',*,*,#14683,.F.);
#14683 = EDGE_CURVE('',#14684,#14684,#14686,.T.);
#14684 = VERTEX_POINT('',#14685);
#14685 = CARTESIAN_POINT('',(46.5,-94.74675493051,69.));
#14686 = SURFACE_CURVE('',#14687,(#14692,#14699),.PCURVE_S1.);
#14687 = ELLIPSE('',#14688,4.508409091753,4.5);
#14688 = AXIS2_PLACEMENT_3D('',#14689,#14690,#14691);
#14689 = CARTESIAN_POINT('',(42.,-94.74675493051,69.));
#14690 = DIRECTION('',(0.,-0.998134798422,-6.104853953486E-02));
#14691 = DIRECTION('',(0.,-6.104853953486E-02,0.998134798422));
#14692 = PCURVE('',#7315,#14693);
#14693 = DEFINITIONAL_REPRESENTATION('',(#14694),#14698);
#14694 = ELLIPSE('',#14695,4.508409091753,4.5);
#14695 = AXIS2_PLACEMENT_2D('',#14696,#14697);
#14696 = CARTESIAN_POINT('',(42.,-63.11772728453));
#14697 = DIRECTION('',(0.,1.));
#14698 = ( GEOMETRIC_REPRESENTATION_CONTEXT(2) 
PARAMETRIC_REPRESENTATION_CONTEXT() REPRESENTATION_CONTEXT('2D SPACE',''
  ) );
#14699 = PCURVE('',#14700,#14705);
#14700 = CYLINDRICAL_SURFACE('',#14701,4.5);
#14701 = AXIS2_PLACEMENT_3D('',#14702,#14703,#14704);
#14702 = CARTESIAN_POINT('',(42.,130.,69.));
#14703 = DIRECTION('',(0.,-1.,2.22044604925E-16));
#14704 = DIRECTION('',(1.,0.,0.));
#14705 = DEFINITIONAL_REPRESENTATION('',(#14706),#14723);
#14706 = B_SPLINE_CURVE_WITH_KNOTS('',8,(#14707,#14708,#14709,#14710,
    #14711,#14712,#14713,#14714,#14715,#14716,#14717,#14718,#14719,
    #14720,#14721,#14722),.UNSPECIFIED.,.F.,.F.,(9,7,9),(4.712388980385,
    7.853981633974,10.995574287564),.UNSPECIFIED.);
#14707 = CARTESIAN_POINT('',(0.,224.74675493051));
#14708 = CARTESIAN_POINT('',(0.392699081699,224.85483820197));
#14709 = CARTESIAN_POINT('',(0.785398163395,224.96292233542));
#14710 = CARTESIAN_POINT('',(1.1780972451,225.04559867014));
#14711 = CARTESIAN_POINT('',(1.570796326783,225.07752809743));
#14712 = CARTESIAN_POINT('',(1.963495408496,225.04559867049));
#14713 = CARTESIAN_POINT('',(2.356194490191,224.96292233528));
#14714 = CARTESIAN_POINT('',(2.748893571891,224.85483820197));
#14715 = CARTESIAN_POINT('',(3.534291735289,224.63867165906));
#14716 = CARTESIAN_POINT('',(3.926990816985,224.53058752586));
#14717 = CARTESIAN_POINT('',(4.319689898683,224.44791118998));
#14718 = CARTESIAN_POINT('',(4.712388980355,224.41598176397));
#14719 = CARTESIAN_POINT('',(5.105088062075,224.4479111894));
#14720 = CARTESIAN_POINT('',(5.49778714378,224.53058752574));
#14721 = CARTESIAN_POINT('',(5.890486225481,224.63867165906));
#14722 = CARTESIAN_POINT('',(6.28318530718,224.74675493051));
#14723 = ( GEOMETRIC_REPRESENTATION_CONTEXT(2) 
PARAMETRIC_REPRESENTATION_CONTEXT() REPRESENTATION_CONTEXT('2D SPACE',''
  ) );
#14724 = FACE_BOUND('',#14725,.F.);
#14725 = EDGE_LOOP('',(#14726));
#14726 = ORIENTED_EDGE('',*,*,#14727,.F.);
#14727 = EDGE_CURVE('',#14728,#14728,#14730,.T.);
#14728 = VERTEX_POINT('',#14729);
#14729 = CARTESIAN_POINT('',(67.5,-94.74675493051,69.));
#14730 = SURFACE_CURVE('',#14731,(#14736,#14743),.PCURVE_S1.);
#14731 = ELLIPSE('',#14732,4.508409091753,4.5);
#14732 = AXIS2_PLACEMENT_3D('',#14733,#14734,#14735);
#14733 = CARTESIAN_POINT('',(63.,-94.74675493051,69.));
#14734 = DIRECTION('',(0.,-0.998134798422,-6.104853953486E-02));
#14735 = DIRECTION('',(0.,-6.104853953486E-02,0.998134798422));
#14736 = PCURVE('',#7315,#14737);
#14737 = DEFINITIONAL_REPRESENTATION('',(#14738),#14742);
#14738 = ELLIPSE('',#14739,4.508409091753,4.5);
#14739 = AXIS2_PLACEMENT_2D('',#14740,#14741);
#14740 = CARTESIAN_POINT('',(63.,-63.11772728453));
#14741 = DIRECTION('',(0.,1.));
#14742 = ( GEOMETRIC_REPRESENTATION_CONTEXT(2) 
PARAMETRIC_REPRESENTATION_CONTEXT() REPRESENTATION_CONTEXT('2D SPACE',''
  ) );
#14743 = PCURVE('',#14744,#14749);
#14744 = CYLINDRICAL_SURFACE('',#14745,4.5);
#14745 = AXIS2_PLACEMENT_3D('',#14746,#14747,#14748);
#14746 = CARTESIAN_POINT('',(63.,130.,69.));
#14747 = DIRECTION('',(0.,-1.,2.22044604925E-16));
#14748 = DIRECTION('',(1.,0.,0.));
#14749 = DEFINITIONAL_REPRESENTATION('',(#14750),#14767);
#14750 = B_SPLINE_CURVE_WITH_KNOTS('',8,(#14751,#14752,#14753,#14754,
    #14755,#14756,#14757,#14758,#14759,#14760,#14761,#14762,#14763,
    #14764,#14765,#14766),.UNSPECIFIED.,.F.,.F.,(9,7,9),(4.712388980385,
    7.853981633974,10.995574287564),.UNSPECIFIED.);
#14751 = CARTESIAN_POINT('',(0.,224.74675493051));
#14752 = CARTESIAN_POINT('',(0.392699081699,224.85483820197));
#14753 = CARTESIAN_POINT('',(0.785398163398,224.96292233542));
#14754 = CARTESIAN_POINT('',(1.178097245094,225.04559867014));
#14755 = CARTESIAN_POINT('',(1.570796326792,225.07752809743));
#14756 = CARTESIAN_POINT('',(1.96349540849,225.04559867049));
#14757 = CARTESIAN_POINT('',(2.356194490192,224.96292233528));
#14758 = CARTESIAN_POINT('',(2.748893571891,224.85483820197));
#14759 = CARTESIAN_POINT('',(3.534291735289,224.63867165906));
#14760 = CARTESIAN_POINT('',(3.926990816985,224.53058752586));
#14761 = CARTESIAN_POINT('',(4.319689898683,224.44791118998));
#14762 = CARTESIAN_POINT('',(4.712388980355,224.41598176397));
#14763 = CARTESIAN_POINT('',(5.105088062075,224.4479111894));
#14764 = CARTESIAN_POINT('',(5.49778714378,224.53058752574));
#14765 = CARTESIAN_POINT('',(5.890486225481,224.63867165906));
#14766 = CARTESIAN_POINT('',(6.28318530718,224.74675493051));
#14767 = ( GEOMETRIC_REPRESENTATION_CONTEXT(2) 
PARAMETRIC_REPRESENTATION_CONTEXT() REPRESENTATION_CONTEXT('2D SPACE',''
  ) );
#14768 = ADVANCED_FACE('',(#14769),#7282,.F.);
#14769 = FACE_BOUND('',#14770,.F.);
#14770 = EDGE_LOOP('',(#14771,#14772,#14773,#14774));
#14771 = ORIENTED_EDGE('',*,*,#10670,.F.);
#14772 = ORIENTED_EDGE('',*,*,#9468,.T.);
#14773 = ORIENTED_EDGE('',*,*,#7265,.F.);
#14774 = ORIENTED_EDGE('',*,*,#14442,.F.);
#14775 = ADVANCED_FACE('',(#14776),#7133,.T.);
#14776 = FACE_BOUND('',#14777,.T.);
#14777 = EDGE_LOOP('',(#14778,#14779,#14780,#14799));
#14778 = ORIENTED_EDGE('',*,*,#7117,.F.);
#14779 = ORIENTED_EDGE('',*,*,#7484,.T.);
#14780 = ORIENTED_EDGE('',*,*,#14781,.T.);
#14781 = EDGE_CURVE('',#7457,#12785,#14782,.T.);
#14782 = SURFACE_CURVE('',#14783,(#14787,#14793),.PCURVE_S1.);
#14783 = LINE('',#14784,#14785);
#14784 = CARTESIAN_POINT('',(0.,-97.00092986523,80.965636733882));
#14785 = VECTOR('',#14786,1.);
#14786 = DIRECTION('',(1.,0.,0.));
#14787 = PCURVE('',#7133,#14788);
#14788 = DEFINITIONAL_REPRESENTATION('',(#14789),#14792);
#14789 = B_SPLINE_CURVE_WITH_KNOTS('',1,(#14790,#14791),.UNSPECIFIED.,
  .F.,.F.,(2,2),(-102.6586312565,102.65863125652),
  .PIECEWISE_BEZIER_KNOTS.);
#14790 = CARTESIAN_POINT('',(2.418975565566,-102.6586312565));
#14791 = CARTESIAN_POINT('',(2.418975565566,102.65863125652));
#14792 = ( GEOMETRIC_REPRESENTATION_CONTEXT(2) 
PARAMETRIC_REPRESENTATION_CONTEXT() REPRESENTATION_CONTEXT('2D SPACE',''
  ) );
#14793 = PCURVE('',#7472,#14794);
#14794 = DEFINITIONAL_REPRESENTATION('',(#14795),#14798);
#14795 = B_SPLINE_CURVE_WITH_KNOTS('',1,(#14796,#14797),.UNSPECIFIED.,
  .F.,.F.,(2,2),(-102.6586312565,102.65863125652),
  .PIECEWISE_BEZIER_KNOTS.);
#14796 = CARTESIAN_POINT('',(-102.6586312565,-49.12599314606));
#14797 = CARTESIAN_POINT('',(102.65863125652,-49.12599314606));
#14798 = ( GEOMETRIC_REPRESENTATION_CONTEXT(2) 
PARAMETRIC_REPRESENTATION_CONTEXT() REPRESENTATION_CONTEXT('2D SPACE',''
  ) );
#14799 = ORIENTED_EDGE('',*,*,#12810,.F.);
#14800 = ADVANCED_FACE('',(#14801,#15401,#15440,#15479,#15518,#15557,
    #15596,#15635),#7472,.T.);
#14801 = FACE_BOUND('',#14802,.T.);
#14802 = EDGE_LOOP('',(#14803,#14804,#14805,#14842,#14872,#14893,#14930,
    #14960,#14981,#15018,#15048,#15069,#15106,#15136,#15157,#15194,
    #15224,#15245,#15282,#15312,#15333,#15370,#15398,#15399,#15400));
#14803 = ORIENTED_EDGE('',*,*,#7456,.F.);
#14804 = ORIENTED_EDGE('',*,*,#7663,.T.);
#14805 = ORIENTED_EDGE('',*,*,#14806,.F.);
#14806 = EDGE_CURVE('',#14807,#7629,#14809,.T.);
#14807 = VERTEX_POINT('',#14808);
#14808 = CARTESIAN_POINT('',(-60.,-94.98466514765,48.));
#14809 = SURFACE_CURVE('',#14810,(#14815,#14822),.PCURVE_S1.);
#14810 = ELLIPSE('',#14811,3.005606061169,3.);
#14811 = AXIS2_PLACEMENT_3D('',#14812,#14813,#14814);
#14812 = CARTESIAN_POINT('',(-63.,-94.98466514765,48.));
#14813 = DIRECTION('',(0.,-0.998134798422,-6.104853953486E-02));
#14814 = DIRECTION('',(0.,-6.104853953486E-02,0.998134798422));
#14815 = PCURVE('',#7472,#14816);
#14816 = DEFINITIONAL_REPRESENTATION('',(#14817),#14821);
#14817 = ELLIPSE('',#14818,3.005606061169,3.);
#14818 = AXIS2_PLACEMENT_2D('',#14819,#14820);
#14819 = CARTESIAN_POINT('',(-63.,-82.1532323386));
#14820 = DIRECTION('',(0.,1.));
#14821 = ( GEOMETRIC_REPRESENTATION_CONTEXT(2) 
PARAMETRIC_REPRESENTATION_CONTEXT() REPRESENTATION_CONTEXT('2D SPACE',''
  ) );
#14822 = PCURVE('',#7645,#14823);
#14823 = DEFINITIONAL_REPRESENTATION('',(#14824),#14841);
#14824 = B_SPLINE_CURVE_WITH_KNOTS('',8,(#14825,#14826,#14827,#14828,
    #14829,#14830,#14831,#14832,#14833,#14834,#14835,#14836,#14837,
    #14838,#14839,#14840),.UNSPECIFIED.,.F.,.F.,(9,7,9),(4.712388980385,
    7.853981633974,8.2227787504),.UNSPECIFIED.);
#14825 = CARTESIAN_POINT('',(6.28318530718,224.98466514765));
#14826 = CARTESIAN_POINT('',(6.675884388878,225.05672066196));
#14827 = CARTESIAN_POINT('',(7.068583470577,225.12877675096));
#14828 = CARTESIAN_POINT('',(7.461282552272,225.183894307));
#14829 = CARTESIAN_POINT('',(7.853981633968,225.2051805926));
#14830 = CARTESIAN_POINT('',(8.246680715672,225.183894307));
#14831 = CARTESIAN_POINT('',(8.639379797374,225.12877675096));
#14832 = CARTESIAN_POINT('',(9.032078879071,225.05672066196));
#14833 = CARTESIAN_POINT('',(9.470877600323,224.97620642343));
#14834 = CARTESIAN_POINT('',(9.516977239876,224.96774769127));
#14835 = CARTESIAN_POINT('',(9.563076879429,224.95931635453));
#14836 = CARTESIAN_POINT('',(9.609176518982,224.95093980774));
#14837 = CARTESIAN_POINT('',(9.655276158536,224.94264525592));
#14838 = CARTESIAN_POINT('',(9.701375798089,224.93445953071));
#14839 = CARTESIAN_POINT('',(9.747475437642,224.92640890933));
#14840 = CARTESIAN_POINT('',(9.793575077195,224.91851894116));
#14841 = ( GEOMETRIC_REPRESENTATION_CONTEXT(2) 
PARAMETRIC_REPRESENTATION_CONTEXT() REPRESENTATION_CONTEXT('2D SPACE',''
  ) );
#14842 = ORIENTED_EDGE('',*,*,#14843,.F.);
#14843 = EDGE_CURVE('',#14844,#14807,#14846,.T.);
#14844 = VERTEX_POINT('',#14845);
#14845 = CARTESIAN_POINT('',(-60.20171504322,-94.91851893189,
    46.91851893189));
#14846 = SURFACE_CURVE('',#14847,(#14852,#14859),.PCURVE_S1.);
#14847 = ELLIPSE('',#14848,3.005606061169,3.);
#14848 = AXIS2_PLACEMENT_3D('',#14849,#14850,#14851);
#14849 = CARTESIAN_POINT('',(-63.,-94.98466514765,48.));
#14850 = DIRECTION('',(0.,-0.998134798422,-6.104853953486E-02));
#14851 = DIRECTION('',(0.,-6.104853953486E-02,0.998134798422));
#14852 = PCURVE('',#7472,#14853);
#14853 = DEFINITIONAL_REPRESENTATION('',(#14854),#14858);
#14854 = ELLIPSE('',#14855,3.005606061169,3.);
#14855 = AXIS2_PLACEMENT_2D('',#14856,#14857);
#14856 = CARTESIAN_POINT('',(-63.,-82.1532323386));
#14857 = DIRECTION('',(0.,1.));
#14858 = ( GEOMETRIC_REPRESENTATION_CONTEXT(2) 
PARAMETRIC_REPRESENTATION_CONTEXT() REPRESENTATION_CONTEXT('2D SPACE',''
  ) );
#14859 = PCURVE('',#7645,#14860);
#14860 = DEFINITIONAL_REPRESENTATION('',(#14861),#14871);
#14861 = B_SPLINE_CURVE_WITH_KNOTS('',8,(#14862,#14863,#14864,#14865,
    #14866,#14867,#14868,#14869,#14870),.UNSPECIFIED.,.F.,.F.,(9,9),(
    10.626777171138,10.995574287564),.PIECEWISE_BEZIER_KNOTS.);
#14862 = CARTESIAN_POINT('',(5.914388190753,224.91851894116));
#14863 = CARTESIAN_POINT('',(5.960487830307,224.92640890933));
#14864 = CARTESIAN_POINT('',(6.00658746986,224.93445953071));
#14865 = CARTESIAN_POINT('',(6.052687109413,224.94264525592));
#14866 = CARTESIAN_POINT('',(6.098786748967,224.95093980774));
#14867 = CARTESIAN_POINT('',(6.14488638852,224.95931635453));
#14868 = CARTESIAN_POINT('',(6.190986028073,224.96774769127));
#14869 = CARTESIAN_POINT('',(6.237085667626,224.97620642343));
#14870 = CARTESIAN_POINT('',(6.28318530718,224.98466514765));
#14871 = ( GEOMETRIC_REPRESENTATION_CONTEXT(2) 
PARAMETRIC_REPRESENTATION_CONTEXT() REPRESENTATION_CONTEXT('2D SPACE',''
  ) );
#14872 = ORIENTED_EDGE('',*,*,#14873,.T.);
#14873 = EDGE_CURVE('',#14844,#14874,#14876,.T.);
#14874 = VERTEX_POINT('',#14875);
#14875 = CARTESIAN_POINT('',(-44.79828495677,-94.91851893189,
    46.91851893189));
#14876 = SURFACE_CURVE('',#14877,(#14881,#14887),.PCURVE_S1.);
#14877 = LINE('',#14878,#14879);
#14878 = CARTESIAN_POINT('',(0.,-94.91851893189,46.91851893189));
#14879 = VECTOR('',#14880,1.);
#14880 = DIRECTION('',(1.,0.,0.));
#14881 = PCURVE('',#7472,#14882);
#14882 = DEFINITIONAL_REPRESENTATION('',(#14883),#14886);
#14883 = B_SPLINE_CURVE_WITH_KNOTS('',1,(#14884,#14885),.UNSPECIFIED.,
  .F.,.F.,(2,2),(-85.54885938043,85.548859380437),
  .PIECEWISE_BEZIER_KNOTS.);
#14884 = CARTESIAN_POINT('',(-85.54885938043,-83.23673435639));
#14885 = CARTESIAN_POINT('',(85.548859380437,-83.23673435639));
#14886 = ( GEOMETRIC_REPRESENTATION_CONTEXT(2) 
PARAMETRIC_REPRESENTATION_CONTEXT() REPRESENTATION_CONTEXT('2D SPACE',''
  ) );
#14887 = PCURVE('',#13875,#14888);
#14888 = DEFINITIONAL_REPRESENTATION('',(#14889),#14892);
#14889 = B_SPLINE_CURVE_WITH_KNOTS('',1,(#14890,#14891),.UNSPECIFIED.,
  .F.,.F.,(2,2),(-85.54885938043,85.548859380437),
  .PIECEWISE_BEZIER_KNOTS.);
#14890 = CARTESIAN_POINT('',(2.215736706822,-85.54885938043));
#14891 = CARTESIAN_POINT('',(2.215736706822,85.548859380437));
#14892 = ( GEOMETRIC_REPRESENTATION_CONTEXT(2) 
PARAMETRIC_REPRESENTATION_CONTEXT() REPRESENTATION_CONTEXT('2D SPACE',''
  ) );
#14893 = ORIENTED_EDGE('',*,*,#14894,.F.);
#14894 = EDGE_CURVE('',#14895,#14874,#14897,.T.);
#14895 = VERTEX_POINT('',#14896);
#14896 = CARTESIAN_POINT('',(-39.,-94.98466514765,48.));
#14897 = SURFACE_CURVE('',#14898,(#14903,#14910),.PCURVE_S1.);
#14898 = ELLIPSE('',#14899,3.005606061169,3.);
#14899 = AXIS2_PLACEMENT_3D('',#14900,#14901,#14902);
#14900 = CARTESIAN_POINT('',(-42.,-94.98466514765,48.));
#14901 = DIRECTION('',(0.,-0.998134798422,-6.104853953486E-02));
#14902 = DIRECTION('',(0.,-6.104853953486E-02,0.998134798422));
#14903 = PCURVE('',#7472,#14904);
#14904 = DEFINITIONAL_REPRESENTATION('',(#14905),#14909);
#14905 = ELLIPSE('',#14906,3.005606061169,3.);
#14906 = AXIS2_PLACEMENT_2D('',#14907,#14908);
#14907 = CARTESIAN_POINT('',(-42.,-82.1532323386));
#14908 = DIRECTION('',(0.,1.));
#14909 = ( GEOMETRIC_REPRESENTATION_CONTEXT(2) 
PARAMETRIC_REPRESENTATION_CONTEXT() REPRESENTATION_CONTEXT('2D SPACE',''
  ) );
#14910 = PCURVE('',#13903,#14911);
#14911 = DEFINITIONAL_REPRESENTATION('',(#14912),#14929);
#14912 = B_SPLINE_CURVE_WITH_KNOTS('',8,(#14913,#14914,#14915,#14916,
    #14917,#14918,#14919,#14920,#14921,#14922,#14923,#14924,#14925,
    #14926,#14927,#14928),.UNSPECIFIED.,.F.,.F.,(9,7,9),(4.712388980385,
    7.853981633974,8.2227787504),.UNSPECIFIED.);
#14913 = CARTESIAN_POINT('',(6.28318530718,224.98466514765));
#14914 = CARTESIAN_POINT('',(6.675884388878,225.05672066196));
#14915 = CARTESIAN_POINT('',(7.068583470578,225.12877675096));
#14916 = CARTESIAN_POINT('',(7.461282552268,225.183894307));
#14917 = CARTESIAN_POINT('',(7.853981633977,225.2051805926));
#14918 = CARTESIAN_POINT('',(8.24668071567,225.183894307));
#14919 = CARTESIAN_POINT('',(8.639379797373,225.12877675096));
#14920 = CARTESIAN_POINT('',(9.032078879071,225.05672066196));
#14921 = CARTESIAN_POINT('',(9.470877600323,224.97620642343));
#14922 = CARTESIAN_POINT('',(9.516977239876,224.96774769127));
#14923 = CARTESIAN_POINT('',(9.563076879429,224.95931635453));
#14924 = CARTESIAN_POINT('',(9.609176518982,224.95093980774));
#14925 = CARTESIAN_POINT('',(9.655276158536,224.94264525592));
#14926 = CARTESIAN_POINT('',(9.701375798089,224.93445953071));
#14927 = CARTESIAN_POINT('',(9.747475437642,224.92640890933));
#14928 = CARTESIAN_POINT('',(9.793575077195,224.91851894116));
#14929 = ( GEOMETRIC_REPRESENTATION_CONTEXT(2) 
PARAMETRIC_REPRESENTATION_CONTEXT() REPRESENTATION_CONTEXT('2D SPACE',''
  ) );
#14930 = ORIENTED_EDGE('',*,*,#14931,.F.);
#14931 = EDGE_CURVE('',#14932,#14895,#14934,.T.);
#14932 = VERTEX_POINT('',#14933);
#14933 = CARTESIAN_POINT('',(-39.20171504322,-94.91851893189,
    46.91851893189));
#14934 = SURFACE_CURVE('',#14935,(#14940,#14947),.PCURVE_S1.);
#14935 = ELLIPSE('',#14936,3.005606061169,3.);
#14936 = AXIS2_PLACEMENT_3D('',#14937,#14938,#14939);
#14937 = CARTESIAN_POINT('',(-42.,-94.98466514765,48.));
#14938 = DIRECTION('',(0.,-0.998134798422,-6.104853953486E-02));
#14939 = DIRECTION('',(0.,-6.104853953486E-02,0.998134798422));
#14940 = PCURVE('',#7472,#14941);
#14941 = DEFINITIONAL_REPRESENTATION('',(#14942),#14946);
#14942 = ELLIPSE('',#14943,3.005606061169,3.);
#14943 = AXIS2_PLACEMENT_2D('',#14944,#14945);
#14944 = CARTESIAN_POINT('',(-42.,-82.1532323386));
#14945 = DIRECTION('',(0.,1.));
#14946 = ( GEOMETRIC_REPRESENTATION_CONTEXT(2) 
PARAMETRIC_REPRESENTATION_CONTEXT() REPRESENTATION_CONTEXT('2D SPACE',''
  ) );
#14947 = PCURVE('',#13903,#14948);
#14948 = DEFINITIONAL_REPRESENTATION('',(#14949),#14959);
#14949 = B_SPLINE_CURVE_WITH_KNOTS('',8,(#14950,#14951,#14952,#14953,
    #14954,#14955,#14956,#14957,#14958),.UNSPECIFIED.,.F.,.F.,(9,9),(
    10.626777171138,10.995574287564),.PIECEWISE_BEZIER_KNOTS.);
#14950 = CARTESIAN_POINT('',(5.914388190753,224.91851894116));
#14951 = CARTESIAN_POINT('',(5.960487830307,224.92640890933));
#14952 = CARTESIAN_POINT('',(6.00658746986,224.93445953071));
#14953 = CARTESIAN_POINT('',(6.052687109413,224.94264525592));
#14954 = CARTESIAN_POINT('',(6.098786748967,224.95093980774));
#14955 = CARTESIAN_POINT('',(6.14488638852,224.95931635453));
#14956 = CARTESIAN_POINT('',(6.190986028073,224.96774769127));
#14957 = CARTESIAN_POINT('',(6.237085667626,224.97620642343));
#14958 = CARTESIAN_POINT('',(6.28318530718,224.98466514765));
#14959 = ( GEOMETRIC_REPRESENTATION_CONTEXT(2) 
PARAMETRIC_REPRESENTATION_CONTEXT() REPRESENTATION_CONTEXT('2D SPACE',''
  ) );
#14960 = ORIENTED_EDGE('',*,*,#14961,.T.);
#14961 = EDGE_CURVE('',#14932,#14962,#14964,.T.);
#14962 = VERTEX_POINT('',#14963);
#14963 = CARTESIAN_POINT('',(-23.79828495677,-94.91851893189,
    46.91851893189));
#14964 = SURFACE_CURVE('',#14965,(#14969,#14975),.PCURVE_S1.);
#14965 = LINE('',#14966,#14967);
#14966 = CARTESIAN_POINT('',(0.,-94.91851893189,46.91851893189));
#14967 = VECTOR('',#14968,1.);
#14968 = DIRECTION('',(1.,0.,0.));
#14969 = PCURVE('',#7472,#14970);
#14970 = DEFINITIONAL_REPRESENTATION('',(#14971),#14974);
#14971 = B_SPLINE_CURVE_WITH_KNOTS('',1,(#14972,#14973),.UNSPECIFIED.,
  .F.,.F.,(2,2),(-85.54885938043,85.548859380437),
  .PIECEWISE_BEZIER_KNOTS.);
#14972 = CARTESIAN_POINT('',(-85.54885938043,-83.23673435639));
#14973 = CARTESIAN_POINT('',(85.548859380437,-83.23673435639));
#14974 = ( GEOMETRIC_REPRESENTATION_CONTEXT(2) 
PARAMETRIC_REPRESENTATION_CONTEXT() REPRESENTATION_CONTEXT('2D SPACE',''
  ) );
#14975 = PCURVE('',#13973,#14976);
#14976 = DEFINITIONAL_REPRESENTATION('',(#14977),#14980);
#14977 = B_SPLINE_CURVE_WITH_KNOTS('',1,(#14978,#14979),.UNSPECIFIED.,
  .F.,.F.,(2,2),(-85.54885938043,85.548859380437),
  .PIECEWISE_BEZIER_KNOTS.);
#14978 = CARTESIAN_POINT('',(2.215736706822,-85.54885938043));
#14979 = CARTESIAN_POINT('',(2.215736706822,85.548859380437));
#14980 = ( GEOMETRIC_REPRESENTATION_CONTEXT(2) 
PARAMETRIC_REPRESENTATION_CONTEXT() REPRESENTATION_CONTEXT('2D SPACE',''
  ) );
#14981 = ORIENTED_EDGE('',*,*,#14982,.F.);
#14982 = EDGE_CURVE('',#14983,#14962,#14985,.T.);
#14983 = VERTEX_POINT('',#14984);
#14984 = CARTESIAN_POINT('',(-18.,-94.98466514765,48.));
#14985 = SURFACE_CURVE('',#14986,(#14991,#14998),.PCURVE_S1.);
#14986 = ELLIPSE('',#14987,3.005606061169,3.);
#14987 = AXIS2_PLACEMENT_3D('',#14988,#14989,#14990);
#14988 = CARTESIAN_POINT('',(-21.,-94.98466514765,48.));
#14989 = DIRECTION('',(0.,-0.998134798422,-6.104853953486E-02));
#14990 = DIRECTION('',(0.,-6.104853953486E-02,0.998134798422));
#14991 = PCURVE('',#7472,#14992);
#14992 = DEFINITIONAL_REPRESENTATION('',(#14993),#14997);
#14993 = ELLIPSE('',#14994,3.005606061169,3.);
#14994 = AXIS2_PLACEMENT_2D('',#14995,#14996);
#14995 = CARTESIAN_POINT('',(-21.,-82.1532323386));
#14996 = DIRECTION('',(0.,1.));
#14997 = ( GEOMETRIC_REPRESENTATION_CONTEXT(2) 
PARAMETRIC_REPRESENTATION_CONTEXT() REPRESENTATION_CONTEXT('2D SPACE',''
  ) );
#14998 = PCURVE('',#14001,#14999);
#14999 = DEFINITIONAL_REPRESENTATION('',(#15000),#15017);
#15000 = B_SPLINE_CURVE_WITH_KNOTS('',8,(#15001,#15002,#15003,#15004,
    #15005,#15006,#15007,#15008,#15009,#15010,#15011,#15012,#15013,
    #15014,#15015,#15016),.UNSPECIFIED.,.F.,.F.,(9,7,9),(4.712388980385,
    7.853981633974,8.2227787504),.UNSPECIFIED.);
#15001 = CARTESIAN_POINT('',(6.28318530718,224.98466514765));
#15002 = CARTESIAN_POINT('',(6.675884388878,225.05672066196));
#15003 = CARTESIAN_POINT('',(7.068583470577,225.12877675096));
#15004 = CARTESIAN_POINT('',(7.461282552274,225.183894307));
#15005 = CARTESIAN_POINT('',(7.853981633968,225.2051805926));
#15006 = CARTESIAN_POINT('',(8.246680715672,225.183894307));
#15007 = CARTESIAN_POINT('',(8.639379797374,225.12877675096));
#15008 = CARTESIAN_POINT('',(9.032078879071,225.05672066196));
#15009 = CARTESIAN_POINT('',(9.470877600323,224.97620642343));
#15010 = CARTESIAN_POINT('',(9.516977239876,224.96774769127));
#15011 = CARTESIAN_POINT('',(9.563076879429,224.95931635453));
#15012 = CARTESIAN_POINT('',(9.609176518983,224.95093980774));
#15013 = CARTESIAN_POINT('',(9.655276158536,224.94264525592));
#15014 = CARTESIAN_POINT('',(9.701375798089,224.93445953071));
#15015 = CARTESIAN_POINT('',(9.747475437642,224.92640890933));
#15016 = CARTESIAN_POINT('',(9.793575077195,224.91851894116));
#15017 = ( GEOMETRIC_REPRESENTATION_CONTEXT(2) 
PARAMETRIC_REPRESENTATION_CONTEXT() REPRESENTATION_CONTEXT('2D SPACE',''
  ) );
#15018 = ORIENTED_EDGE('',*,*,#15019,.F.);
#15019 = EDGE_CURVE('',#15020,#14983,#15022,.T.);
#15020 = VERTEX_POINT('',#15021);
#15021 = CARTESIAN_POINT('',(-18.20171504322,-94.91851893189,
    46.91851893189));
#15022 = SURFACE_CURVE('',#15023,(#15028,#15035),.PCURVE_S1.);
#15023 = ELLIPSE('',#15024,3.005606061169,3.);
#15024 = AXIS2_PLACEMENT_3D('',#15025,#15026,#15027);
#15025 = CARTESIAN_POINT('',(-21.,-94.98466514765,48.));
#15026 = DIRECTION('',(0.,-0.998134798422,-6.104853953486E-02));
#15027 = DIRECTION('',(0.,-6.104853953486E-02,0.998134798422));
#15028 = PCURVE('',#7472,#15029);
#15029 = DEFINITIONAL_REPRESENTATION('',(#15030),#15034);
#15030 = ELLIPSE('',#15031,3.005606061169,3.);
#15031 = AXIS2_PLACEMENT_2D('',#15032,#15033);
#15032 = CARTESIAN_POINT('',(-21.,-82.1532323386));
#15033 = DIRECTION('',(0.,1.));
#15034 = ( GEOMETRIC_REPRESENTATION_CONTEXT(2) 
PARAMETRIC_REPRESENTATION_CONTEXT() REPRESENTATION_CONTEXT('2D SPACE',''
  ) );
#15035 = PCURVE('',#14001,#15036);
#15036 = DEFINITIONAL_REPRESENTATION('',(#15037),#15047);
#15037 = B_SPLINE_CURVE_WITH_KNOTS('',8,(#15038,#15039,#15040,#15041,
    #15042,#15043,#15044,#15045,#15046),.UNSPECIFIED.,.F.,.F.,(9,9),(
    10.626777171138,10.995574287564),.PIECEWISE_BEZIER_KNOTS.);
#15038 = CARTESIAN_POINT('',(5.914388190753,224.91851894116));
#15039 = CARTESIAN_POINT('',(5.960487830307,224.92640890933));
#15040 = CARTESIAN_POINT('',(6.00658746986,224.93445953071));
#15041 = CARTESIAN_POINT('',(6.052687109413,224.94264525592));
#15042 = CARTESIAN_POINT('',(6.098786748967,224.95093980774));
#15043 = CARTESIAN_POINT('',(6.14488638852,224.95931635453));
#15044 = CARTESIAN_POINT('',(6.190986028073,224.96774769127));
#15045 = CARTESIAN_POINT('',(6.237085667626,224.97620642343));
#15046 = CARTESIAN_POINT('',(6.28318530718,224.98466514765));
#15047 = ( GEOMETRIC_REPRESENTATION_CONTEXT(2) 
PARAMETRIC_REPRESENTATION_CONTEXT() REPRESENTATION_CONTEXT('2D SPACE',''
  ) );
#15048 = ORIENTED_EDGE('',*,*,#15049,.T.);
#15049 = EDGE_CURVE('',#15020,#15050,#15052,.T.);
#15050 = VERTEX_POINT('',#15051);
#15051 = CARTESIAN_POINT('',(-2.798284956776,-94.91851893189,
    46.91851893189));
#15052 = SURFACE_CURVE('',#15053,(#15057,#15063),.PCURVE_S1.);
#15053 = LINE('',#15054,#15055);
#15054 = CARTESIAN_POINT('',(0.,-94.91851893189,46.91851893189));
#15055 = VECTOR('',#15056,1.);
#15056 = DIRECTION('',(1.,0.,0.));
#15057 = PCURVE('',#7472,#15058);
#15058 = DEFINITIONAL_REPRESENTATION('',(#15059),#15062);
#15059 = B_SPLINE_CURVE_WITH_KNOTS('',1,(#15060,#15061),.UNSPECIFIED.,
  .F.,.F.,(2,2),(-85.54885938043,85.548859380437),
  .PIECEWISE_BEZIER_KNOTS.);
#15060 = CARTESIAN_POINT('',(-85.54885938043,-83.23673435639));
#15061 = CARTESIAN_POINT('',(85.548859380437,-83.23673435639));
#15062 = ( GEOMETRIC_REPRESENTATION_CONTEXT(2) 
PARAMETRIC_REPRESENTATION_CONTEXT() REPRESENTATION_CONTEXT('2D SPACE',''
  ) );
#15063 = PCURVE('',#14071,#15064);
#15064 = DEFINITIONAL_REPRESENTATION('',(#15065),#15068);
#15065 = B_SPLINE_CURVE_WITH_KNOTS('',1,(#15066,#15067),.UNSPECIFIED.,
  .F.,.F.,(2,2),(-85.54885938043,85.548859380437),
  .PIECEWISE_BEZIER_KNOTS.);
#15066 = CARTESIAN_POINT('',(2.215736706822,-85.54885938043));
#15067 = CARTESIAN_POINT('',(2.215736706822,85.548859380437));
#15068 = ( GEOMETRIC_REPRESENTATION_CONTEXT(2) 
PARAMETRIC_REPRESENTATION_CONTEXT() REPRESENTATION_CONTEXT('2D SPACE',''
  ) );
#15069 = ORIENTED_EDGE('',*,*,#15070,.F.);
#15070 = EDGE_CURVE('',#15071,#15050,#15073,.T.);
#15071 = VERTEX_POINT('',#15072);
#15072 = CARTESIAN_POINT('',(3.,-94.98466514765,48.));
#15073 = SURFACE_CURVE('',#15074,(#15079,#15086),.PCURVE_S1.);
#15074 = ELLIPSE('',#15075,3.005606061169,3.);
#15075 = AXIS2_PLACEMENT_3D('',#15076,#15077,#15078);
#15076 = CARTESIAN_POINT('',(0.,-94.98466514765,48.));
#15077 = DIRECTION('',(0.,-0.998134798422,-6.104853953486E-02));
#15078 = DIRECTION('',(0.,-6.104853953486E-02,0.998134798422));
#15079 = PCURVE('',#7472,#15080);
#15080 = DEFINITIONAL_REPRESENTATION('',(#15081),#15085);
#15081 = ELLIPSE('',#15082,3.005606061169,3.);
#15082 = AXIS2_PLACEMENT_2D('',#15083,#15084);
#15083 = CARTESIAN_POINT('',(0.,-82.1532323386));
#15084 = DIRECTION('',(0.,1.));
#15085 = ( GEOMETRIC_REPRESENTATION_CONTEXT(2) 
PARAMETRIC_REPRESENTATION_CONTEXT() REPRESENTATION_CONTEXT('2D SPACE',''
  ) );
#15086 = PCURVE('',#14099,#15087);
#15087 = DEFINITIONAL_REPRESENTATION('',(#15088),#15105);
#15088 = B_SPLINE_CURVE_WITH_KNOTS('',8,(#15089,#15090,#15091,#15092,
    #15093,#15094,#15095,#15096,#15097,#15098,#15099,#15100,#15101,
    #15102,#15103,#15104),.UNSPECIFIED.,.F.,.F.,(9,7,9),(4.712388980385,
    7.853981633974,8.2227787504),.UNSPECIFIED.);
#15089 = CARTESIAN_POINT('',(6.28318530718,224.98466514765));
#15090 = CARTESIAN_POINT('',(6.675884388878,225.05672066196));
#15091 = CARTESIAN_POINT('',(7.068583470577,225.12877675096));
#15092 = CARTESIAN_POINT('',(7.461282552272,225.183894307));
#15093 = CARTESIAN_POINT('',(7.853981633968,225.2051805926));
#15094 = CARTESIAN_POINT('',(8.246680715672,225.183894307));
#15095 = CARTESIAN_POINT('',(8.639379797374,225.12877675096));
#15096 = CARTESIAN_POINT('',(9.032078879071,225.05672066196));
#15097 = CARTESIAN_POINT('',(9.470877600323,224.97620642343));
#15098 = CARTESIAN_POINT('',(9.516977239876,224.96774769127));
#15099 = CARTESIAN_POINT('',(9.563076879429,224.95931635453));
#15100 = CARTESIAN_POINT('',(9.609176518983,224.95093980774));
#15101 = CARTESIAN_POINT('',(9.655276158536,224.94264525592));
#15102 = CARTESIAN_POINT('',(9.701375798089,224.93445953071));
#15103 = CARTESIAN_POINT('',(9.747475437642,224.92640890933));
#15104 = CARTESIAN_POINT('',(9.793575077195,224.91851894116));
#15105 = ( GEOMETRIC_REPRESENTATION_CONTEXT(2) 
PARAMETRIC_REPRESENTATION_CONTEXT() REPRESENTATION_CONTEXT('2D SPACE',''
  ) );
#15106 = ORIENTED_EDGE('',*,*,#15107,.F.);
#15107 = EDGE_CURVE('',#15108,#15071,#15110,.T.);
#15108 = VERTEX_POINT('',#15109);
#15109 = CARTESIAN_POINT('',(2.798284956776,-94.91851893189,
    46.91851893189));
#15110 = SURFACE_CURVE('',#15111,(#15116,#15123),.PCURVE_S1.);
#15111 = ELLIPSE('',#15112,3.005606061169,3.);
#15112 = AXIS2_PLACEMENT_3D('',#15113,#15114,#15115);
#15113 = CARTESIAN_POINT('',(0.,-94.98466514765,48.));
#15114 = DIRECTION('',(0.,-0.998134798422,-6.104853953486E-02));
#15115 = DIRECTION('',(0.,-6.104853953486E-02,0.998134798422));
#15116 = PCURVE('',#7472,#15117);
#15117 = DEFINITIONAL_REPRESENTATION('',(#15118),#15122);
#15118 = ELLIPSE('',#15119,3.005606061169,3.);
#15119 = AXIS2_PLACEMENT_2D('',#15120,#15121);
#15120 = CARTESIAN_POINT('',(0.,-82.1532323386));
#15121 = DIRECTION('',(0.,1.));
#15122 = ( GEOMETRIC_REPRESENTATION_CONTEXT(2) 
PARAMETRIC_REPRESENTATION_CONTEXT() REPRESENTATION_CONTEXT('2D SPACE',''
  ) );
#15123 = PCURVE('',#14099,#15124);
#15124 = DEFINITIONAL_REPRESENTATION('',(#15125),#15135);
#15125 = B_SPLINE_CURVE_WITH_KNOTS('',8,(#15126,#15127,#15128,#15129,
    #15130,#15131,#15132,#15133,#15134),.UNSPECIFIED.,.F.,.F.,(9,9),(
    10.626777171138,10.995574287564),.PIECEWISE_BEZIER_KNOTS.);
#15126 = CARTESIAN_POINT('',(5.914388190753,224.91851894116));
#15127 = CARTESIAN_POINT('',(5.960487830307,224.92640890933));
#15128 = CARTESIAN_POINT('',(6.00658746986,224.93445953071));
#15129 = CARTESIAN_POINT('',(6.052687109413,224.94264525592));
#15130 = CARTESIAN_POINT('',(6.098786748967,224.95093980774));
#15131 = CARTESIAN_POINT('',(6.14488638852,224.95931635453));
#15132 = CARTESIAN_POINT('',(6.190986028073,224.96774769127));
#15133 = CARTESIAN_POINT('',(6.237085667626,224.97620642343));
#15134 = CARTESIAN_POINT('',(6.28318530718,224.98466514765));
#15135 = ( GEOMETRIC_REPRESENTATION_CONTEXT(2) 
PARAMETRIC_REPRESENTATION_CONTEXT() REPRESENTATION_CONTEXT('2D SPACE',''
  ) );
#15136 = ORIENTED_EDGE('',*,*,#15137,.T.);
#15137 = EDGE_CURVE('',#15108,#15138,#15140,.T.);
#15138 = VERTEX_POINT('',#15139);
#15139 = CARTESIAN_POINT('',(18.201715043224,-94.91851893189,
    46.91851893189));
#15140 = SURFACE_CURVE('',#15141,(#15145,#15151),.PCURVE_S1.);
#15141 = LINE('',#15142,#15143);
#15142 = CARTESIAN_POINT('',(0.,-94.91851893189,46.91851893189));
#15143 = VECTOR('',#15144,1.);
#15144 = DIRECTION('',(1.,0.,0.));
#15145 = PCURVE('',#7472,#15146);
#15146 = DEFINITIONAL_REPRESENTATION('',(#15147),#15150);
#15147 = B_SPLINE_CURVE_WITH_KNOTS('',1,(#15148,#15149),.UNSPECIFIED.,
  .F.,.F.,(2,2),(-85.54885938043,85.548859380437),
  .PIECEWISE_BEZIER_KNOTS.);
#15148 = CARTESIAN_POINT('',(-85.54885938043,-83.23673435639));
#15149 = CARTESIAN_POINT('',(85.548859380437,-83.23673435639));
#15150 = ( GEOMETRIC_REPRESENTATION_CONTEXT(2) 
PARAMETRIC_REPRESENTATION_CONTEXT() REPRESENTATION_CONTEXT('2D SPACE',''
  ) );
#15151 = PCURVE('',#14169,#15152);
#15152 = DEFINITIONAL_REPRESENTATION('',(#15153),#15156);
#15153 = B_SPLINE_CURVE_WITH_KNOTS('',1,(#15154,#15155),.UNSPECIFIED.,
  .F.,.F.,(2,2),(-85.54885938043,85.548859380437),
  .PIECEWISE_BEZIER_KNOTS.);
#15154 = CARTESIAN_POINT('',(2.215736706822,-85.54885938043));
#15155 = CARTESIAN_POINT('',(2.215736706822,85.548859380437));
#15156 = ( GEOMETRIC_REPRESENTATION_CONTEXT(2) 
PARAMETRIC_REPRESENTATION_CONTEXT() REPRESENTATION_CONTEXT('2D SPACE',''
  ) );
#15157 = ORIENTED_EDGE('',*,*,#15158,.F.);
#15158 = EDGE_CURVE('',#15159,#15138,#15161,.T.);
#15159 = VERTEX_POINT('',#15160);
#15160 = CARTESIAN_POINT('',(24.,-94.98466514765,48.));
#15161 = SURFACE_CURVE('',#15162,(#15167,#15174),.PCURVE_S1.);
#15162 = ELLIPSE('',#15163,3.005606061169,3.);
#15163 = AXIS2_PLACEMENT_3D('',#15164,#15165,#15166);
#15164 = CARTESIAN_POINT('',(21.,-94.98466514765,48.));
#15165 = DIRECTION('',(0.,-0.998134798422,-6.104853953486E-02));
#15166 = DIRECTION('',(0.,-6.104853953486E-02,0.998134798422));
#15167 = PCURVE('',#7472,#15168);
#15168 = DEFINITIONAL_REPRESENTATION('',(#15169),#15173);
#15169 = ELLIPSE('',#15170,3.005606061169,3.);
#15170 = AXIS2_PLACEMENT_2D('',#15171,#15172);
#15171 = CARTESIAN_POINT('',(21.,-82.1532323386));
#15172 = DIRECTION('',(0.,1.));
#15173 = ( GEOMETRIC_REPRESENTATION_CONTEXT(2) 
PARAMETRIC_REPRESENTATION_CONTEXT() REPRESENTATION_CONTEXT('2D SPACE',''
  ) );
#15174 = PCURVE('',#14197,#15175);
#15175 = DEFINITIONAL_REPRESENTATION('',(#15176),#15193);
#15176 = B_SPLINE_CURVE_WITH_KNOTS('',8,(#15177,#15178,#15179,#15180,
    #15181,#15182,#15183,#15184,#15185,#15186,#15187,#15188,#15189,
    #15190,#15191,#15192),.UNSPECIFIED.,.F.,.F.,(9,7,9),(4.712388980385,
    7.853981633974,8.2227787504),.UNSPECIFIED.);
#15177 = CARTESIAN_POINT('',(6.28318530718,224.98466514765));
#15178 = CARTESIAN_POINT('',(6.675884388878,225.05672066196));
#15179 = CARTESIAN_POINT('',(7.068583470577,225.12877675096));
#15180 = CARTESIAN_POINT('',(7.461282552274,225.183894307));
#15181 = CARTESIAN_POINT('',(7.853981633968,225.2051805926));
#15182 = CARTESIAN_POINT('',(8.246680715672,225.183894307));
#15183 = CARTESIAN_POINT('',(8.639379797374,225.12877675096));
#15184 = CARTESIAN_POINT('',(9.032078879071,225.05672066196));
#15185 = CARTESIAN_POINT('',(9.470877600323,224.97620642343));
#15186 = CARTESIAN_POINT('',(9.516977239876,224.96774769127));
#15187 = CARTESIAN_POINT('',(9.563076879429,224.95931635453));
#15188 = CARTESIAN_POINT('',(9.609176518983,224.95093980774));
#15189 = CARTESIAN_POINT('',(9.655276158536,224.94264525592));
#15190 = CARTESIAN_POINT('',(9.701375798089,224.93445953071));
#15191 = CARTESIAN_POINT('',(9.747475437642,224.92640890933));
#15192 = CARTESIAN_POINT('',(9.793575077195,224.91851894116));
#15193 = ( GEOMETRIC_REPRESENTATION_CONTEXT(2) 
PARAMETRIC_REPRESENTATION_CONTEXT() REPRESENTATION_CONTEXT('2D SPACE',''
  ) );
#15194 = ORIENTED_EDGE('',*,*,#15195,.F.);
#15195 = EDGE_CURVE('',#15196,#15159,#15198,.T.);
#15196 = VERTEX_POINT('',#15197);
#15197 = CARTESIAN_POINT('',(23.798284956776,-94.91851893189,
    46.91851893189));
#15198 = SURFACE_CURVE('',#15199,(#15204,#15211),.PCURVE_S1.);
#15199 = ELLIPSE('',#15200,3.005606061169,3.);
#15200 = AXIS2_PLACEMENT_3D('',#15201,#15202,#15203);
#15201 = CARTESIAN_POINT('',(21.,-94.98466514765,48.));
#15202 = DIRECTION('',(0.,-0.998134798422,-6.104853953486E-02));
#15203 = DIRECTION('',(0.,-6.104853953486E-02,0.998134798422));
#15204 = PCURVE('',#7472,#15205);
#15205 = DEFINITIONAL_REPRESENTATION('',(#15206),#15210);
#15206 = ELLIPSE('',#15207,3.005606061169,3.);
#15207 = AXIS2_PLACEMENT_2D('',#15208,#15209);
#15208 = CARTESIAN_POINT('',(21.,-82.1532323386));
#15209 = DIRECTION('',(0.,1.));
#15210 = ( GEOMETRIC_REPRESENTATION_CONTEXT(2) 
PARAMETRIC_REPRESENTATION_CONTEXT() REPRESENTATION_CONTEXT('2D SPACE',''
  ) );
#15211 = PCURVE('',#14197,#15212);
#15212 = DEFINITIONAL_REPRESENTATION('',(#15213),#15223);
#15213 = B_SPLINE_CURVE_WITH_KNOTS('',8,(#15214,#15215,#15216,#15217,
    #15218,#15219,#15220,#15221,#15222),.UNSPECIFIED.,.F.,.F.,(9,9),(
    10.626777171138,10.995574287564),.PIECEWISE_BEZIER_KNOTS.);
#15214 = CARTESIAN_POINT('',(5.914388190753,224.91851894116));
#15215 = CARTESIAN_POINT('',(5.960487830307,224.92640890933));
#15216 = CARTESIAN_POINT('',(6.00658746986,224.93445953071));
#15217 = CARTESIAN_POINT('',(6.052687109413,224.94264525592));
#15218 = CARTESIAN_POINT('',(6.098786748967,224.95093980774));
#15219 = CARTESIAN_POINT('',(6.14488638852,224.95931635453));
#15220 = CARTESIAN_POINT('',(6.190986028073,224.96774769127));
#15221 = CARTESIAN_POINT('',(6.237085667626,224.97620642343));
#15222 = CARTESIAN_POINT('',(6.28318530718,224.98466514765));
#15223 = ( GEOMETRIC_REPRESENTATION_CONTEXT(2) 
PARAMETRIC_REPRESENTATION_CONTEXT() REPRESENTATION_CONTEXT('2D SPACE',''
  ) );
#15224 = ORIENTED_EDGE('',*,*,#15225,.T.);
#15225 = EDGE_CURVE('',#15196,#15226,#15228,.T.);
#15226 = VERTEX_POINT('',#15227);
#15227 = CARTESIAN_POINT('',(39.201715043224,-94.91851893189,
    46.91851893189));
#15228 = SURFACE_CURVE('',#15229,(#15233,#15239),.PCURVE_S1.);
#15229 = LINE('',#15230,#15231);
#15230 = CARTESIAN_POINT('',(0.,-94.91851893189,46.91851893189));
#15231 = VECTOR('',#15232,1.);
#15232 = DIRECTION('',(1.,0.,0.));
#15233 = PCURVE('',#7472,#15234);
#15234 = DEFINITIONAL_REPRESENTATION('',(#15235),#15238);
#15235 = B_SPLINE_CURVE_WITH_KNOTS('',1,(#15236,#15237),.UNSPECIFIED.,
  .F.,.F.,(2,2),(-85.54885938043,85.548859380437),
  .PIECEWISE_BEZIER_KNOTS.);
#15236 = CARTESIAN_POINT('',(-85.54885938043,-83.23673435639));
#15237 = CARTESIAN_POINT('',(85.548859380437,-83.23673435639));
#15238 = ( GEOMETRIC_REPRESENTATION_CONTEXT(2) 
PARAMETRIC_REPRESENTATION_CONTEXT() REPRESENTATION_CONTEXT('2D SPACE',''
  ) );
#15239 = PCURVE('',#14267,#15240);
#15240 = DEFINITIONAL_REPRESENTATION('',(#15241),#15244);
#15241 = B_SPLINE_CURVE_WITH_KNOTS('',1,(#15242,#15243),.UNSPECIFIED.,
  .F.,.F.,(2,2),(-85.54885938043,85.548859380437),
  .PIECEWISE_BEZIER_KNOTS.);
#15242 = CARTESIAN_POINT('',(2.215736706822,-85.54885938043));
#15243 = CARTESIAN_POINT('',(2.215736706822,85.548859380437));
#15244 = ( GEOMETRIC_REPRESENTATION_CONTEXT(2) 
PARAMETRIC_REPRESENTATION_CONTEXT() REPRESENTATION_CONTEXT('2D SPACE',''
  ) );
#15245 = ORIENTED_EDGE('',*,*,#15246,.F.);
#15246 = EDGE_CURVE('',#15247,#15226,#15249,.T.);
#15247 = VERTEX_POINT('',#15248);
#15248 = CARTESIAN_POINT('',(45.,-94.98466514765,48.));
#15249 = SURFACE_CURVE('',#15250,(#15255,#15262),.PCURVE_S1.);
#15250 = ELLIPSE('',#15251,3.005606061169,3.);
#15251 = AXIS2_PLACEMENT_3D('',#15252,#15253,#15254);
#15252 = CARTESIAN_POINT('',(42.,-94.98466514765,48.));
#15253 = DIRECTION('',(0.,-0.998134798422,-6.104853953486E-02));
#15254 = DIRECTION('',(0.,-6.104853953486E-02,0.998134798422));
#15255 = PCURVE('',#7472,#15256);
#15256 = DEFINITIONAL_REPRESENTATION('',(#15257),#15261);
#15257 = ELLIPSE('',#15258,3.005606061169,3.);
#15258 = AXIS2_PLACEMENT_2D('',#15259,#15260);
#15259 = CARTESIAN_POINT('',(42.,-82.1532323386));
#15260 = DIRECTION('',(0.,1.));
#15261 = ( GEOMETRIC_REPRESENTATION_CONTEXT(2) 
PARAMETRIC_REPRESENTATION_CONTEXT() REPRESENTATION_CONTEXT('2D SPACE',''
  ) );
#15262 = PCURVE('',#14295,#15263);
#15263 = DEFINITIONAL_REPRESENTATION('',(#15264),#15281);
#15264 = B_SPLINE_CURVE_WITH_KNOTS('',8,(#15265,#15266,#15267,#15268,
    #15269,#15270,#15271,#15272,#15273,#15274,#15275,#15276,#15277,
    #15278,#15279,#15280),.UNSPECIFIED.,.F.,.F.,(9,7,9),(4.712388980385,
    7.853981633974,8.2227787504),.UNSPECIFIED.);
#15265 = CARTESIAN_POINT('',(6.28318530718,224.98466514765));
#15266 = CARTESIAN_POINT('',(6.675884388878,225.05672066196));
#15267 = CARTESIAN_POINT('',(7.068583470578,225.12877675096));
#15268 = CARTESIAN_POINT('',(7.461282552268,225.183894307));
#15269 = CARTESIAN_POINT('',(7.853981633977,225.2051805926));
#15270 = CARTESIAN_POINT('',(8.24668071567,225.183894307));
#15271 = CARTESIAN_POINT('',(8.639379797373,225.12877675096));
#15272 = CARTESIAN_POINT('',(9.032078879071,225.05672066196));
#15273 = CARTESIAN_POINT('',(9.470877600323,224.97620642343));
#15274 = CARTESIAN_POINT('',(9.516977239876,224.96774769127));
#15275 = CARTESIAN_POINT('',(9.563076879429,224.95931635453));
#15276 = CARTESIAN_POINT('',(9.609176518982,224.95093980774));
#15277 = CARTESIAN_POINT('',(9.655276158536,224.94264525592));
#15278 = CARTESIAN_POINT('',(9.701375798089,224.93445953071));
#15279 = CARTESIAN_POINT('',(9.747475437642,224.92640890933));
#15280 = CARTESIAN_POINT('',(9.793575077195,224.91851894116));
#15281 = ( GEOMETRIC_REPRESENTATION_CONTEXT(2) 
PARAMETRIC_REPRESENTATION_CONTEXT() REPRESENTATION_CONTEXT('2D SPACE',''
  ) );
#15282 = ORIENTED_EDGE('',*,*,#15283,.F.);
#15283 = EDGE_CURVE('',#15284,#15247,#15286,.T.);
#15284 = VERTEX_POINT('',#15285);
#15285 = CARTESIAN_POINT('',(44.798284956776,-94.91851893189,
    46.91851893189));
#15286 = SURFACE_CURVE('',#15287,(#15292,#15299),.PCURVE_S1.);
#15287 = ELLIPSE('',#15288,3.005606061169,3.);
#15288 = AXIS2_PLACEMENT_3D('',#15289,#15290,#15291);
#15289 = CARTESIAN_POINT('',(42.,-94.98466514765,48.));
#15290 = DIRECTION('',(0.,-0.998134798422,-6.104853953486E-02));
#15291 = DIRECTION('',(0.,-6.104853953486E-02,0.998134798422));
#15292 = PCURVE('',#7472,#15293);
#15293 = DEFINITIONAL_REPRESENTATION('',(#15294),#15298);
#15294 = ELLIPSE('',#15295,3.005606061169,3.);
#15295 = AXIS2_PLACEMENT_2D('',#15296,#15297);
#15296 = CARTESIAN_POINT('',(42.,-82.1532323386));
#15297 = DIRECTION('',(0.,1.));
#15298 = ( GEOMETRIC_REPRESENTATION_CONTEXT(2) 
PARAMETRIC_REPRESENTATION_CONTEXT() REPRESENTATION_CONTEXT('2D SPACE',''
  ) );
#15299 = PCURVE('',#14295,#15300);
#15300 = DEFINITIONAL_REPRESENTATION('',(#15301),#15311);
#15301 = B_SPLINE_CURVE_WITH_KNOTS('',8,(#15302,#15303,#15304,#15305,
    #15306,#15307,#15308,#15309,#15310),.UNSPECIFIED.,.F.,.F.,(9,9),(
    10.626777171138,10.995574287564),.PIECEWISE_BEZIER_KNOTS.);
#15302 = CARTESIAN_POINT('',(5.914388190753,224.91851894116));
#15303 = CARTESIAN_POINT('',(5.960487830307,224.92640890933));
#15304 = CARTESIAN_POINT('',(6.00658746986,224.93445953071));
#15305 = CARTESIAN_POINT('',(6.052687109413,224.94264525592));
#15306 = CARTESIAN_POINT('',(6.098786748967,224.95093980774));
#15307 = CARTESIAN_POINT('',(6.14488638852,224.95931635453));
#15308 = CARTESIAN_POINT('',(6.190986028073,224.96774769127));
#15309 = CARTESIAN_POINT('',(6.237085667626,224.97620642343));
#15310 = CARTESIAN_POINT('',(6.28318530718,224.98466514765));
#15311 = ( GEOMETRIC_REPRESENTATION_CONTEXT(2) 
PARAMETRIC_REPRESENTATION_CONTEXT() REPRESENTATION_CONTEXT('2D SPACE',''
  ) );
#15312 = ORIENTED_EDGE('',*,*,#15313,.T.);
#15313 = EDGE_CURVE('',#15284,#15314,#15316,.T.);
#15314 = VERTEX_POINT('',#15315);
#15315 = CARTESIAN_POINT('',(60.201715043224,-94.91851893189,
    46.91851893189));
#15316 = SURFACE_CURVE('',#15317,(#15321,#15327),.PCURVE_S1.);
#15317 = LINE('',#15318,#15319);
#15318 = CARTESIAN_POINT('',(0.,-94.91851893189,46.91851893189));
#15319 = VECTOR('',#15320,1.);
#15320 = DIRECTION('',(1.,0.,0.));
#15321 = PCURVE('',#7472,#15322);
#15322 = DEFINITIONAL_REPRESENTATION('',(#15323),#15326);
#15323 = B_SPLINE_CURVE_WITH_KNOTS('',1,(#15324,#15325),.UNSPECIFIED.,
  .F.,.F.,(2,2),(-85.54885938043,85.548859380437),
  .PIECEWISE_BEZIER_KNOTS.);
#15324 = CARTESIAN_POINT('',(-85.54885938043,-83.23673435639));
#15325 = CARTESIAN_POINT('',(85.548859380437,-83.23673435639));
#15326 = ( GEOMETRIC_REPRESENTATION_CONTEXT(2) 
PARAMETRIC_REPRESENTATION_CONTEXT() REPRESENTATION_CONTEXT('2D SPACE',''
  ) );
#15327 = PCURVE('',#14365,#15328);
#15328 = DEFINITIONAL_REPRESENTATION('',(#15329),#15332);
#15329 = B_SPLINE_CURVE_WITH_KNOTS('',1,(#15330,#15331),.UNSPECIFIED.,
  .F.,.F.,(2,2),(-85.54885938043,85.548859380437),
  .PIECEWISE_BEZIER_KNOTS.);
#15330 = CARTESIAN_POINT('',(2.215736706822,-85.54885938043));
#15331 = CARTESIAN_POINT('',(2.215736706822,85.548859380437));
#15332 = ( GEOMETRIC_REPRESENTATION_CONTEXT(2) 
PARAMETRIC_REPRESENTATION_CONTEXT() REPRESENTATION_CONTEXT('2D SPACE',''
  ) );
#15333 = ORIENTED_EDGE('',*,*,#15334,.F.);
#15334 = EDGE_CURVE('',#15335,#15314,#15337,.T.);
#15335 = VERTEX_POINT('',#15336);
#15336 = CARTESIAN_POINT('',(66.,-94.98466514765,48.));
#15337 = SURFACE_CURVE('',#15338,(#15343,#15350),.PCURVE_S1.);
#15338 = ELLIPSE('',#15339,3.005606061169,3.);
#15339 = AXIS2_PLACEMENT_3D('',#15340,#15341,#15342);
#15340 = CARTESIAN_POINT('',(63.,-94.98466514765,48.));
#15341 = DIRECTION('',(0.,-0.998134798422,-6.104853953486E-02));
#15342 = DIRECTION('',(0.,-6.104853953486E-02,0.998134798422));
#15343 = PCURVE('',#7472,#15344);
#15344 = DEFINITIONAL_REPRESENTATION('',(#15345),#15349);
#15345 = ELLIPSE('',#15346,3.005606061169,3.);
#15346 = AXIS2_PLACEMENT_2D('',#15347,#15348);
#15347 = CARTESIAN_POINT('',(63.,-82.1532323386));
#15348 = DIRECTION('',(0.,1.));
#15349 = ( GEOMETRIC_REPRESENTATION_CONTEXT(2) 
PARAMETRIC_REPRESENTATION_CONTEXT() REPRESENTATION_CONTEXT('2D SPACE',''
  ) );
#15350 = PCURVE('',#10631,#15351);
#15351 = DEFINITIONAL_REPRESENTATION('',(#15352),#15369);
#15352 = B_SPLINE_CURVE_WITH_KNOTS('',8,(#15353,#15354,#15355,#15356,
    #15357,#15358,#15359,#15360,#15361,#15362,#15363,#15364,#15365,
    #15366,#15367,#15368),.UNSPECIFIED.,.F.,.F.,(9,7,9),(4.712388980385,
    7.853981633974,8.2227787504),.UNSPECIFIED.);
#15353 = CARTESIAN_POINT('',(6.28318530718,224.98466514765));
#15354 = CARTESIAN_POINT('',(6.675884388878,225.05672066196));
#15355 = CARTESIAN_POINT('',(7.068583470577,225.12877675096));
#15356 = CARTESIAN_POINT('',(7.461282552272,225.183894307));
#15357 = CARTESIAN_POINT('',(7.853981633977,225.2051805926));
#15358 = CARTESIAN_POINT('',(8.246680715666,225.183894307));
#15359 = CARTESIAN_POINT('',(8.639379797371,225.12877675096));
#15360 = CARTESIAN_POINT('',(9.032078879071,225.05672066196));
#15361 = CARTESIAN_POINT('',(9.470877600323,224.97620642343));
#15362 = CARTESIAN_POINT('',(9.516977239876,224.96774769127));
#15363 = CARTESIAN_POINT('',(9.563076879429,224.95931635453));
#15364 = CARTESIAN_POINT('',(9.609176518983,224.95093980774));
#15365 = CARTESIAN_POINT('',(9.655276158536,224.94264525592));
#15366 = CARTESIAN_POINT('',(9.701375798089,224.93445953071));
#15367 = CARTESIAN_POINT('',(9.747475437642,224.92640890933));
#15368 = CARTESIAN_POINT('',(9.793575077195,224.91851894116));
#15369 = ( GEOMETRIC_REPRESENTATION_CONTEXT(2) 
PARAMETRIC_REPRESENTATION_CONTEXT() REPRESENTATION_CONTEXT('2D SPACE',''
  ) );
#15370 = ORIENTED_EDGE('',*,*,#15371,.F.);
#15371 = EDGE_CURVE('',#10592,#15335,#15372,.T.);
#15372 = SURFACE_CURVE('',#15373,(#15378,#15385),.PCURVE_S1.);
#15373 = ELLIPSE('',#15374,3.005606061169,3.);
#15374 = AXIS2_PLACEMENT_3D('',#15375,#15376,#15377);
#15375 = CARTESIAN_POINT('',(63.,-94.98466514765,48.));
#15376 = DIRECTION('',(0.,-0.998134798422,-6.104853953486E-02));
#15377 = DIRECTION('',(0.,-6.104853953486E-02,0.998134798422));
#15378 = PCURVE('',#7472,#15379);
#15379 = DEFINITIONAL_REPRESENTATION('',(#15380),#15384);
#15380 = ELLIPSE('',#15381,3.005606061169,3.);
#15381 = AXIS2_PLACEMENT_2D('',#15382,#15383);
#15382 = CARTESIAN_POINT('',(63.,-82.1532323386));
#15383 = DIRECTION('',(0.,1.));
#15384 = ( GEOMETRIC_REPRESENTATION_CONTEXT(2) 
PARAMETRIC_REPRESENTATION_CONTEXT() REPRESENTATION_CONTEXT('2D SPACE',''
  ) );
#15385 = PCURVE('',#10631,#15386);
#15386 = DEFINITIONAL_REPRESENTATION('',(#15387),#15397);
#15387 = B_SPLINE_CURVE_WITH_KNOTS('',8,(#15388,#15389,#15390,#15391,
    #15392,#15393,#15394,#15395,#15396),.UNSPECIFIED.,.F.,.F.,(9,9),(
    10.626777171138,10.995574287564),.PIECEWISE_BEZIER_KNOTS.);
#15388 = CARTESIAN_POINT('',(5.914388190753,224.91851894116));
#15389 = CARTESIAN_POINT('',(5.960487830307,224.92640890933));
#15390 = CARTESIAN_POINT('',(6.00658746986,224.93445953071));
#15391 = CARTESIAN_POINT('',(6.052687109413,224.94264525592));
#15392 = CARTESIAN_POINT('',(6.098786748967,224.95093980774));
#15393 = CARTESIAN_POINT('',(6.14488638852,224.95931635453));
#15394 = CARTESIAN_POINT('',(6.190986028073,224.96774769127));
#15395 = CARTESIAN_POINT('',(6.237085667626,224.97620642343));
#15396 = CARTESIAN_POINT('',(6.28318530718,224.98466514765));
#15397 = ( GEOMETRIC_REPRESENTATION_CONTEXT(2) 
PARAMETRIC_REPRESENTATION_CONTEXT() REPRESENTATION_CONTEXT('2D SPACE',''
  ) );
#15398 = ORIENTED_EDGE('',*,*,#10591,.T.);
#15399 = ORIENTED_EDGE('',*,*,#12784,.T.);
#15400 = ORIENTED_EDGE('',*,*,#14781,.F.);
#15401 = FACE_BOUND('',#15402,.T.);
#15402 = EDGE_LOOP('',(#15403));
#15403 = ORIENTED_EDGE('',*,*,#15404,.F.);
#15404 = EDGE_CURVE('',#15405,#15405,#15407,.T.);
#15405 = VERTEX_POINT('',#15406);
#15406 = CARTESIAN_POINT('',(-58.5,-96.26908017081,69.));
#15407 = SURFACE_CURVE('',#15408,(#15413,#15420),.PCURVE_S1.);
#15408 = ELLIPSE('',#15409,4.508409091753,4.5);
#15409 = AXIS2_PLACEMENT_3D('',#15410,#15411,#15412);
#15410 = CARTESIAN_POINT('',(-63.,-96.26908017081,69.));
#15411 = DIRECTION('',(0.,-0.998134798422,-6.104853953486E-02));
#15412 = DIRECTION('',(0.,-6.104853953486E-02,0.998134798422));
#15413 = PCURVE('',#7472,#15414);
#15414 = DEFINITIONAL_REPRESENTATION('',(#15415),#15419);
#15415 = ELLIPSE('',#15416,4.508409091753,4.5);
#15416 = AXIS2_PLACEMENT_2D('',#15417,#15418);
#15417 = CARTESIAN_POINT('',(-63.,-61.11398991042));
#15418 = DIRECTION('',(0.,1.));
#15419 = ( GEOMETRIC_REPRESENTATION_CONTEXT(2) 
PARAMETRIC_REPRESENTATION_CONTEXT() REPRESENTATION_CONTEXT('2D SPACE',''
  ) );
#15420 = PCURVE('',#14480,#15421);
#15421 = DEFINITIONAL_REPRESENTATION('',(#15422),#15439);
#15422 = B_SPLINE_CURVE_WITH_KNOTS('',8,(#15423,#15424,#15425,#15426,
    #15427,#15428,#15429,#15430,#15431,#15432,#15433,#15434,#15435,
    #15436,#15437,#15438),.UNSPECIFIED.,.F.,.F.,(9,7,9),(4.712388980385,
    7.853981633974,10.995574287564),.UNSPECIFIED.);
#15423 = CARTESIAN_POINT('',(-3.552713678801E-15,226.26908017081));
#15424 = CARTESIAN_POINT('',(0.392699081699,226.37716344227));
#15425 = CARTESIAN_POINT('',(0.785398163393,226.48524757564));
#15426 = CARTESIAN_POINT('',(1.178097245069,226.5679239101));
#15427 = CARTESIAN_POINT('',(1.570796326782,226.59985333751));
#15428 = CARTESIAN_POINT('',(1.963495408447,226.5679239101));
#15429 = CARTESIAN_POINT('',(2.356194490191,226.48524757564));
#15430 = CARTESIAN_POINT('',(2.748893571891,226.37716344227));
#15431 = CARTESIAN_POINT('',(3.534291735289,226.16099689936));
#15432 = CARTESIAN_POINT('',(3.92699081698,226.05291276602));
#15433 = CARTESIAN_POINT('',(4.319689898712,225.97023643006));
#15434 = CARTESIAN_POINT('',(4.712388980316,225.93830700474));
#15435 = CARTESIAN_POINT('',(5.105088062101,225.97023642913));
#15436 = CARTESIAN_POINT('',(5.497787143772,226.05291276593));
#15437 = CARTESIAN_POINT('',(5.890486225481,226.16099689936));
#15438 = CARTESIAN_POINT('',(6.28318530718,226.26908017081));
#15439 = ( GEOMETRIC_REPRESENTATION_CONTEXT(2) 
PARAMETRIC_REPRESENTATION_CONTEXT() REPRESENTATION_CONTEXT('2D SPACE',''
  ) );
#15440 = FACE_BOUND('',#15441,.T.);
#15441 = EDGE_LOOP('',(#15442));
#15442 = ORIENTED_EDGE('',*,*,#15443,.F.);
#15443 = EDGE_CURVE('',#15444,#15444,#15446,.T.);
#15444 = VERTEX_POINT('',#15445);
#15445 = CARTESIAN_POINT('',(-37.5,-96.26908017081,69.));
#15446 = SURFACE_CURVE('',#15447,(#15452,#15459),.PCURVE_S1.);
#15447 = ELLIPSE('',#15448,4.508409091753,4.5);
#15448 = AXIS2_PLACEMENT_3D('',#15449,#15450,#15451);
#15449 = CARTESIAN_POINT('',(-42.,-96.26908017081,69.));
#15450 = DIRECTION('',(0.,-0.998134798422,-6.104853953486E-02));
#15451 = DIRECTION('',(0.,-6.104853953486E-02,0.998134798422));
#15452 = PCURVE('',#7472,#15453);
#15453 = DEFINITIONAL_REPRESENTATION('',(#15454),#15458);
#15454 = ELLIPSE('',#15455,4.508409091753,4.5);
#15455 = AXIS2_PLACEMENT_2D('',#15456,#15457);
#15456 = CARTESIAN_POINT('',(-42.,-61.11398991042));
#15457 = DIRECTION('',(0.,1.));
#15458 = ( GEOMETRIC_REPRESENTATION_CONTEXT(2) 
PARAMETRIC_REPRESENTATION_CONTEXT() REPRESENTATION_CONTEXT('2D SPACE',''
  ) );
#15459 = PCURVE('',#14524,#15460);
#15460 = DEFINITIONAL_REPRESENTATION('',(#15461),#15478);
#15461 = B_SPLINE_CURVE_WITH_KNOTS('',8,(#15462,#15463,#15464,#15465,
    #15466,#15467,#15468,#15469,#15470,#15471,#15472,#15473,#15474,
    #15475,#15476,#15477),.UNSPECIFIED.,.F.,.F.,(9,7,9),(4.712388980385,
    7.853981633974,10.995574287564),.UNSPECIFIED.);
#15462 = CARTESIAN_POINT('',(-3.552713678801E-15,226.26908017081));
#15463 = CARTESIAN_POINT('',(0.392699081699,226.37716344227));
#15464 = CARTESIAN_POINT('',(0.785398163393,226.48524757564));
#15465 = CARTESIAN_POINT('',(1.178097245069,226.5679239101));
#15466 = CARTESIAN_POINT('',(1.570796326782,226.59985333751));
#15467 = CARTESIAN_POINT('',(1.963495408447,226.5679239101));
#15468 = CARTESIAN_POINT('',(2.356194490191,226.48524757564));
#15469 = CARTESIAN_POINT('',(2.748893571891,226.37716344227));
#15470 = CARTESIAN_POINT('',(3.534291735289,226.16099689936));
#15471 = CARTESIAN_POINT('',(3.926990816985,226.05291276602));
#15472 = CARTESIAN_POINT('',(4.319689898654,225.97023643006));
#15473 = CARTESIAN_POINT('',(4.712388980396,225.93830700474));
#15474 = CARTESIAN_POINT('',(5.105088062072,225.97023642913));
#15475 = CARTESIAN_POINT('',(5.497787143785,226.05291276593));
#15476 = CARTESIAN_POINT('',(5.890486225481,226.16099689936));
#15477 = CARTESIAN_POINT('',(6.28318530718,226.26908017081));
#15478 = ( GEOMETRIC_REPRESENTATION_CONTEXT(2) 
PARAMETRIC_REPRESENTATION_CONTEXT() REPRESENTATION_CONTEXT('2D SPACE',''
  ) );
#15479 = FACE_BOUND('',#15480,.T.);
#15480 = EDGE_LOOP('',(#15481));
#15481 = ORIENTED_EDGE('',*,*,#15482,.F.);
#15482 = EDGE_CURVE('',#15483,#15483,#15485,.T.);
#15483 = VERTEX_POINT('',#15484);
#15484 = CARTESIAN_POINT('',(-16.5,-96.26908017081,69.));
#15485 = SURFACE_CURVE('',#15486,(#15491,#15498),.PCURVE_S1.);
#15486 = ELLIPSE('',#15487,4.508409091753,4.5);
#15487 = AXIS2_PLACEMENT_3D('',#15488,#15489,#15490);
#15488 = CARTESIAN_POINT('',(-21.,-96.26908017081,69.));
#15489 = DIRECTION('',(0.,-0.998134798422,-6.104853953486E-02));
#15490 = DIRECTION('',(0.,-6.104853953486E-02,0.998134798422));
#15491 = PCURVE('',#7472,#15492);
#15492 = DEFINITIONAL_REPRESENTATION('',(#15493),#15497);
#15493 = ELLIPSE('',#15494,4.508409091753,4.5);
#15494 = AXIS2_PLACEMENT_2D('',#15495,#15496);
#15495 = CARTESIAN_POINT('',(-21.,-61.11398991042));
#15496 = DIRECTION('',(0.,1.));
#15497 = ( GEOMETRIC_REPRESENTATION_CONTEXT(2) 
PARAMETRIC_REPRESENTATION_CONTEXT() REPRESENTATION_CONTEXT('2D SPACE',''
  ) );
#15498 = PCURVE('',#14568,#15499);
#15499 = DEFINITIONAL_REPRESENTATION('',(#15500),#15517);
#15500 = B_SPLINE_CURVE_WITH_KNOTS('',8,(#15501,#15502,#15503,#15504,
    #15505,#15506,#15507,#15508,#15509,#15510,#15511,#15512,#15513,
    #15514,#15515,#15516),.UNSPECIFIED.,.F.,.F.,(9,7,9),(4.712388980385,
    7.853981633974,10.995574287564),.UNSPECIFIED.);
#15501 = CARTESIAN_POINT('',(-3.552713678801E-15,226.26908017081));
#15502 = CARTESIAN_POINT('',(0.392699081699,226.37716344227));
#15503 = CARTESIAN_POINT('',(0.785398163393,226.48524757564));
#15504 = CARTESIAN_POINT('',(1.178097245069,226.5679239101));
#15505 = CARTESIAN_POINT('',(1.570796326782,226.59985333751));
#15506 = CARTESIAN_POINT('',(1.963495408447,226.5679239101));
#15507 = CARTESIAN_POINT('',(2.356194490191,226.48524757564));
#15508 = CARTESIAN_POINT('',(2.748893571891,226.37716344227));
#15509 = CARTESIAN_POINT('',(3.534291735289,226.16099689936));
#15510 = CARTESIAN_POINT('',(3.926990816987,226.05291276602));
#15511 = CARTESIAN_POINT('',(4.319689898654,225.97023643006));
#15512 = CARTESIAN_POINT('',(4.712388980403,225.93830700474));
#15513 = CARTESIAN_POINT('',(5.105088062072,225.97023642913));
#15514 = CARTESIAN_POINT('',(5.497787143787,226.05291276593));
#15515 = CARTESIAN_POINT('',(5.890486225481,226.16099689936));
#15516 = CARTESIAN_POINT('',(6.28318530718,226.26908017081));
#15517 = ( GEOMETRIC_REPRESENTATION_CONTEXT(2) 
PARAMETRIC_REPRESENTATION_CONTEXT() REPRESENTATION_CONTEXT('2D SPACE',''
  ) );
#15518 = FACE_BOUND('',#15519,.T.);
#15519 = EDGE_LOOP('',(#15520));
#15520 = ORIENTED_EDGE('',*,*,#15521,.F.);
#15521 = EDGE_CURVE('',#15522,#15522,#15524,.T.);
#15522 = VERTEX_POINT('',#15523);
#15523 = CARTESIAN_POINT('',(4.5,-96.26908017081,69.));
#15524 = SURFACE_CURVE('',#15525,(#15530,#15537),.PCURVE_S1.);
#15525 = ELLIPSE('',#15526,4.508409091753,4.5);
#15526 = AXIS2_PLACEMENT_3D('',#15527,#15528,#15529);
#15527 = CARTESIAN_POINT('',(0.,-96.26908017081,69.));
#15528 = DIRECTION('',(0.,-0.998134798422,-6.104853953486E-02));
#15529 = DIRECTION('',(0.,-6.104853953486E-02,0.998134798422));
#15530 = PCURVE('',#7472,#15531);
#15531 = DEFINITIONAL_REPRESENTATION('',(#15532),#15536);
#15532 = ELLIPSE('',#15533,4.508409091753,4.5);
#15533 = AXIS2_PLACEMENT_2D('',#15534,#15535);
#15534 = CARTESIAN_POINT('',(0.,-61.11398991042));
#15535 = DIRECTION('',(0.,1.));
#15536 = ( GEOMETRIC_REPRESENTATION_CONTEXT(2) 
PARAMETRIC_REPRESENTATION_CONTEXT() REPRESENTATION_CONTEXT('2D SPACE',''
  ) );
#15537 = PCURVE('',#14612,#15538);
#15538 = DEFINITIONAL_REPRESENTATION('',(#15539),#15556);
#15539 = B_SPLINE_CURVE_WITH_KNOTS('',8,(#15540,#15541,#15542,#15543,
    #15544,#15545,#15546,#15547,#15548,#15549,#15550,#15551,#15552,
    #15553,#15554,#15555),.UNSPECIFIED.,.F.,.F.,(9,7,9),(4.712388980385,
    7.853981633974,10.995574287564),.UNSPECIFIED.);
#15540 = CARTESIAN_POINT('',(-3.552713678801E-15,226.26908017081));
#15541 = CARTESIAN_POINT('',(0.392699081699,226.37716344227));
#15542 = CARTESIAN_POINT('',(0.785398163393,226.48524757564));
#15543 = CARTESIAN_POINT('',(1.178097245069,226.5679239101));
#15544 = CARTESIAN_POINT('',(1.570796326782,226.59985333751));
#15545 = CARTESIAN_POINT('',(1.963495408447,226.5679239101));
#15546 = CARTESIAN_POINT('',(2.356194490191,226.48524757564));
#15547 = CARTESIAN_POINT('',(2.748893571891,226.37716344227));
#15548 = CARTESIAN_POINT('',(3.534291735289,226.16099689936));
#15549 = CARTESIAN_POINT('',(3.926990816987,226.05291276602));
#15550 = CARTESIAN_POINT('',(4.319689898654,225.97023643006));
#15551 = CARTESIAN_POINT('',(4.712388980403,225.93830700474));
#15552 = CARTESIAN_POINT('',(5.105088062072,225.97023642913));
#15553 = CARTESIAN_POINT('',(5.497787143787,226.05291276593));
#15554 = CARTESIAN_POINT('',(5.890486225481,226.16099689936));
#15555 = CARTESIAN_POINT('',(6.28318530718,226.26908017081));
#15556 = ( GEOMETRIC_REPRESENTATION_CONTEXT(2) 
PARAMETRIC_REPRESENTATION_CONTEXT() REPRESENTATION_CONTEXT('2D SPACE',''
  ) );
#15557 = FACE_BOUND('',#15558,.T.);
#15558 = EDGE_LOOP('',(#15559));
#15559 = ORIENTED_EDGE('',*,*,#15560,.F.);
#15560 = EDGE_CURVE('',#15561,#15561,#15563,.T.);
#15561 = VERTEX_POINT('',#15562);
#15562 = CARTESIAN_POINT('',(25.5,-96.26908017081,69.));
#15563 = SURFACE_CURVE('',#15564,(#15569,#15576),.PCURVE_S1.);
#15564 = ELLIPSE('',#15565,4.508409091753,4.5);
#15565 = AXIS2_PLACEMENT_3D('',#15566,#15567,#15568);
#15566 = CARTESIAN_POINT('',(21.,-96.26908017081,69.));
#15567 = DIRECTION('',(0.,-0.998134798422,-6.104853953486E-02));
#15568 = DIRECTION('',(0.,-6.104853953486E-02,0.998134798422));
#15569 = PCURVE('',#7472,#15570);
#15570 = DEFINITIONAL_REPRESENTATION('',(#15571),#15575);
#15571 = ELLIPSE('',#15572,4.508409091753,4.5);
#15572 = AXIS2_PLACEMENT_2D('',#15573,#15574);
#15573 = CARTESIAN_POINT('',(21.,-61.11398991042));
#15574 = DIRECTION('',(0.,1.));
#15575 = ( GEOMETRIC_REPRESENTATION_CONTEXT(2) 
PARAMETRIC_REPRESENTATION_CONTEXT() REPRESENTATION_CONTEXT('2D SPACE',''
  ) );
#15576 = PCURVE('',#14656,#15577);
#15577 = DEFINITIONAL_REPRESENTATION('',(#15578),#15595);
#15578 = B_SPLINE_CURVE_WITH_KNOTS('',8,(#15579,#15580,#15581,#15582,
    #15583,#15584,#15585,#15586,#15587,#15588,#15589,#15590,#15591,
    #15592,#15593,#15594),.UNSPECIFIED.,.F.,.F.,(9,7,9),(4.712388980385,
    7.853981633974,10.995574287564),.UNSPECIFIED.);
#15579 = CARTESIAN_POINT('',(-3.552713678801E-15,226.26908017081));
#15580 = CARTESIAN_POINT('',(0.392699081699,226.37716344227));
#15581 = CARTESIAN_POINT('',(0.785398163393,226.48524757564));
#15582 = CARTESIAN_POINT('',(1.178097245069,226.5679239101));
#15583 = CARTESIAN_POINT('',(1.570796326782,226.59985333751));
#15584 = CARTESIAN_POINT('',(1.963495408447,226.5679239101));
#15585 = CARTESIAN_POINT('',(2.356194490191,226.48524757564));
#15586 = CARTESIAN_POINT('',(2.748893571891,226.37716344227));
#15587 = CARTESIAN_POINT('',(3.534291735289,226.16099689936));
#15588 = CARTESIAN_POINT('',(3.926990816987,226.05291276602));
#15589 = CARTESIAN_POINT('',(4.319689898654,225.97023643006));
#15590 = CARTESIAN_POINT('',(4.712388980403,225.93830700474));
#15591 = CARTESIAN_POINT('',(5.105088062072,225.97023642913));
#15592 = CARTESIAN_POINT('',(5.497787143787,226.05291276593));
#15593 = CARTESIAN_POINT('',(5.890486225481,226.16099689936));
#15594 = CARTESIAN_POINT('',(6.28318530718,226.26908017081));
#15595 = ( GEOMETRIC_REPRESENTATION_CONTEXT(2) 
PARAMETRIC_REPRESENTATION_CONTEXT() REPRESENTATION_CONTEXT('2D SPACE',''
  ) );
#15596 = FACE_BOUND('',#15597,.T.);
#15597 = EDGE_LOOP('',(#15598));
#15598 = ORIENTED_EDGE('',*,*,#15599,.F.);
#15599 = EDGE_CURVE('',#15600,#15600,#15602,.T.);
#15600 = VERTEX_POINT('',#15601);
#15601 = CARTESIAN_POINT('',(46.5,-96.26908017081,69.));
#15602 = SURFACE_CURVE('',#15603,(#15608,#15615),.PCURVE_S1.);
#15603 = ELLIPSE('',#15604,4.508409091753,4.5);
#15604 = AXIS2_PLACEMENT_3D('',#15605,#15606,#15607);
#15605 = CARTESIAN_POINT('',(42.,-96.26908017081,69.));
#15606 = DIRECTION('',(0.,-0.998134798422,-6.104853953486E-02));
#15607 = DIRECTION('',(0.,-6.104853953486E-02,0.998134798422));
#15608 = PCURVE('',#7472,#15609);
#15609 = DEFINITIONAL_REPRESENTATION('',(#15610),#15614);
#15610 = ELLIPSE('',#15611,4.508409091753,4.5);
#15611 = AXIS2_PLACEMENT_2D('',#15612,#15613);
#15612 = CARTESIAN_POINT('',(42.,-61.11398991042));
#15613 = DIRECTION('',(0.,1.));
#15614 = ( GEOMETRIC_REPRESENTATION_CONTEXT(2) 
PARAMETRIC_REPRESENTATION_CONTEXT() REPRESENTATION_CONTEXT('2D SPACE',''
  ) );
#15615 = PCURVE('',#14700,#15616);
#15616 = DEFINITIONAL_REPRESENTATION('',(#15617),#15634);
#15617 = B_SPLINE_CURVE_WITH_KNOTS('',8,(#15618,#15619,#15620,#15621,
    #15622,#15623,#15624,#15625,#15626,#15627,#15628,#15629,#15630,
    #15631,#15632,#15633),.UNSPECIFIED.,.F.,.F.,(9,7,9),(4.712388980385,
    7.853981633974,10.995574287564),.UNSPECIFIED.);
#15618 = CARTESIAN_POINT('',(-3.552713678801E-15,226.26908017081));
#15619 = CARTESIAN_POINT('',(0.392699081699,226.37716344227));
#15620 = CARTESIAN_POINT('',(0.785398163393,226.48524757564));
#15621 = CARTESIAN_POINT('',(1.178097245069,226.5679239101));
#15622 = CARTESIAN_POINT('',(1.570796326782,226.59985333751));
#15623 = CARTESIAN_POINT('',(1.963495408447,226.5679239101));
#15624 = CARTESIAN_POINT('',(2.356194490191,226.48524757564));
#15625 = CARTESIAN_POINT('',(2.748893571891,226.37716344227));
#15626 = CARTESIAN_POINT('',(3.534291735289,226.16099689936));
#15627 = CARTESIAN_POINT('',(3.926990816985,226.05291276602));
#15628 = CARTESIAN_POINT('',(4.319689898654,225.97023643006));
#15629 = CARTESIAN_POINT('',(4.712388980396,225.93830700474));
#15630 = CARTESIAN_POINT('',(5.105088062072,225.97023642913));
#15631 = CARTESIAN_POINT('',(5.497787143785,226.05291276593));
#15632 = CARTESIAN_POINT('',(5.890486225481,226.16099689936));
#15633 = CARTESIAN_POINT('',(6.28318530718,226.26908017081));
#15634 = ( GEOMETRIC_REPRESENTATION_CONTEXT(2) 
PARAMETRIC_REPRESENTATION_CONTEXT() REPRESENTATION_CONTEXT('2D SPACE',''
  ) );
#15635 = FACE_BOUND('',#15636,.T.);
#15636 = EDGE_LOOP('',(#15637));
#15637 = ORIENTED_EDGE('',*,*,#15638,.F.);
#15638 = EDGE_CURVE('',#15639,#15639,#15641,.T.);
#15639 = VERTEX_POINT('',#15640);
#15640 = CARTESIAN_POINT('',(67.5,-96.26908017081,69.));
#15641 = SURFACE_CURVE('',#15642,(#15647,#15654),.PCURVE_S1.);
#15642 = ELLIPSE('',#15643,4.508409091753,4.5);
#15643 = AXIS2_PLACEMENT_3D('',#15644,#15645,#15646);
#15644 = CARTESIAN_POINT('',(63.,-96.26908017081,69.));
#15645 = DIRECTION('',(0.,-0.998134798422,-6.104853953486E-02));
#15646 = DIRECTION('',(0.,-6.104853953486E-02,0.998134798422));
#15647 = PCURVE('',#7472,#15648);
#15648 = DEFINITIONAL_REPRESENTATION('',(#15649),#15653);
#15649 = ELLIPSE('',#15650,4.508409091753,4.5);
#15650 = AXIS2_PLACEMENT_2D('',#15651,#15652);
#15651 = CARTESIAN_POINT('',(63.,-61.11398991042));
#15652 = DIRECTION('',(0.,1.));
#15653 = ( GEOMETRIC_REPRESENTATION_CONTEXT(2) 
PARAMETRIC_REPRESENTATION_CONTEXT() REPRESENTATION_CONTEXT('2D SPACE',''
  ) );
#15654 = PCURVE('',#14744,#15655);
#15655 = DEFINITIONAL_REPRESENTATION('',(#15656),#15673);
#15656 = B_SPLINE_CURVE_WITH_KNOTS('',8,(#15657,#15658,#15659,#15660,
    #15661,#15662,#15663,#15664,#15665,#15666,#15667,#15668,#15669,
    #15670,#15671,#15672),.UNSPECIFIED.,.F.,.F.,(9,7,9),(4.712388980385,
    7.853981633974,10.995574287564),.UNSPECIFIED.);
#15657 = CARTESIAN_POINT('',(-3.552713678801E-15,226.26908017081));
#15658 = CARTESIAN_POINT('',(0.392699081699,226.37716344227));
#15659 = CARTESIAN_POINT('',(0.785398163386,226.48524757564));
#15660 = CARTESIAN_POINT('',(1.178097245099,226.5679239101));
#15661 = CARTESIAN_POINT('',(1.570796326724,226.59985333751));
#15662 = CARTESIAN_POINT('',(1.963495408506,226.5679239101));
#15663 = CARTESIAN_POINT('',(2.35619449018,226.48524757564));
#15664 = CARTESIAN_POINT('',(2.748893571891,226.37716344227));
#15665 = CARTESIAN_POINT('',(3.534291735289,226.16099689936));
#15666 = CARTESIAN_POINT('',(3.926990816985,226.05291276602));
#15667 = CARTESIAN_POINT('',(4.319689898654,225.97023643006));
#15668 = CARTESIAN_POINT('',(4.712388980396,225.93830700474));
#15669 = CARTESIAN_POINT('',(5.105088062072,225.97023642913));
#15670 = CARTESIAN_POINT('',(5.497787143785,226.05291276593));
#15671 = CARTESIAN_POINT('',(5.890486225481,226.16099689936));
#15672 = CARTESIAN_POINT('',(6.28318530718,226.26908017081));
#15673 = ( GEOMETRIC_REPRESENTATION_CONTEXT(2) 
PARAMETRIC_REPRESENTATION_CONTEXT() REPRESENTATION_CONTEXT('2D SPACE',''
  ) );
#15674 = ADVANCED_FACE('',(#15675),#7645,.F.);
#15675 = FACE_BOUND('',#15676,.F.);
#15676 = EDGE_LOOP('',(#15677,#15678,#15679,#15707,#15708,#15709));
#15677 = ORIENTED_EDGE('',*,*,#14806,.F.);
#15678 = ORIENTED_EDGE('',*,*,#14843,.F.);
#15679 = ORIENTED_EDGE('',*,*,#15680,.F.);
#15680 = EDGE_CURVE('',#13831,#14844,#15681,.T.);
#15681 = SURFACE_CURVE('',#15682,(#15687,#15700),.PCURVE_S1.);
#15682 = ELLIPSE('',#15683,4.242640687119,3.);
#15683 = AXIS2_PLACEMENT_3D('',#15684,#15685,#15686);
#15684 = CARTESIAN_POINT('',(-63.,-96.,48.));
#15685 = DIRECTION('',(0.,-0.707106781187,-0.707106781187));
#15686 = DIRECTION('',(0.,-0.707106781187,0.707106781187));
#15687 = PCURVE('',#7645,#15688);
#15688 = DEFINITIONAL_REPRESENTATION('',(#15689),#15699);
#15689 = B_SPLINE_CURVE_WITH_KNOTS('',8,(#15690,#15691,#15692,#15693,
    #15694,#15695,#15696,#15697,#15698),.UNSPECIFIED.,.F.,.F.,(9,9),(
    9.873519349245,10.626777171138),.PIECEWISE_BEZIER_KNOTS.);
#15690 = CARTESIAN_POINT('',(5.161130368862,223.29701849268));
#15691 = CARTESIAN_POINT('',(5.255287596598,223.41956372227));
#15692 = CARTESIAN_POINT('',(5.349444824335,223.56949580527));
#15693 = CARTESIAN_POINT('',(5.443602052071,223.74515921203));
#15694 = CARTESIAN_POINT('',(5.537759279807,223.94438045948));
#15695 = CARTESIAN_POINT('',(5.631916507543,224.16451509427));
#15696 = CARTESIAN_POINT('',(5.72607373528,224.40251909022));
#15697 = CARTESIAN_POINT('',(5.820230963016,224.65504019461));
#15698 = CARTESIAN_POINT('',(5.914388190753,224.91851894924));
#15699 = ( GEOMETRIC_REPRESENTATION_CONTEXT(2) 
PARAMETRIC_REPRESENTATION_CONTEXT() REPRESENTATION_CONTEXT('2D SPACE',''
  ) );
#15700 = PCURVE('',#13875,#15701);
#15701 = DEFINITIONAL_REPRESENTATION('',(#15702),#15706);
#15702 = ELLIPSE('',#15703,4.242640687119,3.);
#15703 = AXIS2_PLACEMENT_2D('',#15704,#15705);
#15704 = CARTESIAN_POINT('',(0.686291512851,-63.));
#15705 = DIRECTION('',(-1.,0.));
#15706 = ( GEOMETRIC_REPRESENTATION_CONTEXT(2) 
PARAMETRIC_REPRESENTATION_CONTEXT() REPRESENTATION_CONTEXT('2D SPACE',''
  ) );
#15707 = ORIENTED_EDGE('',*,*,#13830,.T.);
#15708 = ORIENTED_EDGE('',*,*,#13793,.T.);
#15709 = ORIENTED_EDGE('',*,*,#7628,.F.);
#15710 = ADVANCED_FACE('',(#15711),#9433,.F.);
#15711 = FACE_BOUND('',#15712,.F.);
#15712 = EDGE_LOOP('',(#15713,#15714,#15737,#15758));
#15713 = ORIENTED_EDGE('',*,*,#9418,.F.);
#15714 = ORIENTED_EDGE('',*,*,#15715,.T.);
#15715 = EDGE_CURVE('',#9393,#15716,#15718,.T.);
#15716 = VERTEX_POINT('',#15717);
#15717 = CARTESIAN_POINT('',(75.5,-48.,6.));
#15718 = SURFACE_CURVE('',#15719,(#15723,#15730),.PCURVE_S1.);
#15719 = LINE('',#15720,#15721);
#15720 = CARTESIAN_POINT('',(75.5,-48.,0.));
#15721 = VECTOR('',#15722,1.);
#15722 = DIRECTION('',(0.,0.,1.));
#15723 = PCURVE('',#9433,#15724);
#15724 = DEFINITIONAL_REPRESENTATION('',(#15725),#15729);
#15725 = LINE('',#15726,#15727);
#15726 = CARTESIAN_POINT('',(0.,0.));
#15727 = VECTOR('',#15728,1.);
#15728 = DIRECTION('',(1.,0.));
#15729 = ( GEOMETRIC_REPRESENTATION_CONTEXT(2) 
PARAMETRIC_REPRESENTATION_CONTEXT() REPRESENTATION_CONTEXT('2D SPACE',''
  ) );
#15730 = PCURVE('',#9407,#15731);
#15731 = DEFINITIONAL_REPRESENTATION('',(#15732),#15736);
#15732 = LINE('',#15733,#15734);
#15733 = CARTESIAN_POINT('',(0.,0.));
#15734 = VECTOR('',#15735,1.);
#15735 = DIRECTION('',(1.,0.));
#15736 = ( GEOMETRIC_REPRESENTATION_CONTEXT(2) 
PARAMETRIC_REPRESENTATION_CONTEXT() REPRESENTATION_CONTEXT('2D SPACE',''
  ) );
#15737 = ORIENTED_EDGE('',*,*,#15738,.T.);
#15738 = EDGE_CURVE('',#15716,#9510,#15739,.T.);
#15739 = SURFACE_CURVE('',#15740,(#15744,#15751),.PCURVE_S1.);
#15740 = LINE('',#15741,#15742);
#15741 = CARTESIAN_POINT('',(75.5,-48.,6.));
#15742 = VECTOR('',#15743,1.);
#15743 = DIRECTION('',(1.,0.,-0.));
#15744 = PCURVE('',#9433,#15745);
#15745 = DEFINITIONAL_REPRESENTATION('',(#15746),#15750);
#15746 = LINE('',#15747,#15748);
#15747 = CARTESIAN_POINT('',(6.,0.));
#15748 = VECTOR('',#15749,1.);
#15749 = DIRECTION('',(0.,1.));
#15750 = ( GEOMETRIC_REPRESENTATION_CONTEXT(2) 
PARAMETRIC_REPRESENTATION_CONTEXT() REPRESENTATION_CONTEXT('2D SPACE',''
  ) );
#15751 = PCURVE('',#9545,#15752);
#15752 = DEFINITIONAL_REPRESENTATION('',(#15753),#15757);
#15753 = LINE('',#15754,#15755);
#15754 = CARTESIAN_POINT('',(0.,0.));
#15755 = VECTOR('',#15756,1.);
#15756 = DIRECTION('',(1.,0.));
#15757 = ( GEOMETRIC_REPRESENTATION_CONTEXT(2) 
PARAMETRIC_REPRESENTATION_CONTEXT() REPRESENTATION_CONTEXT('2D SPACE',''
  ) );
#15758 = ORIENTED_EDGE('',*,*,#9509,.F.);
#15759 = ADVANCED_FACE('',(#15760),#9407,.F.);
#15760 = FACE_BOUND('',#15761,.F.);
#15761 = EDGE_LOOP('',(#15762,#15763,#15764,#15787));
#15762 = ORIENTED_EDGE('',*,*,#15715,.F.);
#15763 = ORIENTED_EDGE('',*,*,#9392,.F.);
#15764 = ORIENTED_EDGE('',*,*,#15765,.T.);
#15765 = EDGE_CURVE('',#9367,#15766,#15768,.T.);
#15766 = VERTEX_POINT('',#15767);
#15767 = CARTESIAN_POINT('',(75.5,-16.,6.));
#15768 = SURFACE_CURVE('',#15769,(#15773,#15780),.PCURVE_S1.);
#15769 = LINE('',#15770,#15771);
#15770 = CARTESIAN_POINT('',(75.5,-16.,0.));
#15771 = VECTOR('',#15772,1.);
#15772 = DIRECTION('',(0.,0.,1.));
#15773 = PCURVE('',#9407,#15774);
#15774 = DEFINITIONAL_REPRESENTATION('',(#15775),#15779);
#15775 = LINE('',#15776,#15777);
#15776 = CARTESIAN_POINT('',(0.,-32.));
#15777 = VECTOR('',#15778,1.);
#15778 = DIRECTION('',(1.,0.));
#15779 = ( GEOMETRIC_REPRESENTATION_CONTEXT(2) 
PARAMETRIC_REPRESENTATION_CONTEXT() REPRESENTATION_CONTEXT('2D SPACE',''
  ) );
#15780 = PCURVE('',#9381,#15781);
#15781 = DEFINITIONAL_REPRESENTATION('',(#15782),#15786);
#15782 = LINE('',#15783,#15784);
#15783 = CARTESIAN_POINT('',(0.,0.));
#15784 = VECTOR('',#15785,1.);
#15785 = DIRECTION('',(1.,0.));
#15786 = ( GEOMETRIC_REPRESENTATION_CONTEXT(2) 
PARAMETRIC_REPRESENTATION_CONTEXT() REPRESENTATION_CONTEXT('2D SPACE',''
  ) );
#15787 = ORIENTED_EDGE('',*,*,#15788,.F.);
#15788 = EDGE_CURVE('',#15716,#15766,#15789,.T.);
#15789 = SURFACE_CURVE('',#15790,(#15794,#15801),.PCURVE_S1.);
#15790 = LINE('',#15791,#15792);
#15791 = CARTESIAN_POINT('',(75.5,-48.,6.));
#15792 = VECTOR('',#15793,1.);
#15793 = DIRECTION('',(-0.,1.,0.));
#15794 = PCURVE('',#9407,#15795);
#15795 = DEFINITIONAL_REPRESENTATION('',(#15796),#15800);
#15796 = LINE('',#15797,#15798);
#15797 = CARTESIAN_POINT('',(6.,0.));
#15798 = VECTOR('',#15799,1.);
#15799 = DIRECTION('',(0.,-1.));
#15800 = ( GEOMETRIC_REPRESENTATION_CONTEXT(2) 
PARAMETRIC_REPRESENTATION_CONTEXT() REPRESENTATION_CONTEXT('2D SPACE',''
  ) );
#15801 = PCURVE('',#9545,#15802);
#15802 = DEFINITIONAL_REPRESENTATION('',(#15803),#15807);
#15803 = LINE('',#15804,#15805);
#15804 = CARTESIAN_POINT('',(0.,0.));
#15805 = VECTOR('',#15806,1.);
#15806 = DIRECTION('',(0.,1.));
#15807 = ( GEOMETRIC_REPRESENTATION_CONTEXT(2) 
PARAMETRIC_REPRESENTATION_CONTEXT() REPRESENTATION_CONTEXT('2D SPACE',''
  ) );
#15808 = ADVANCED_FACE('',(#15809),#9381,.T.);
#15809 = FACE_BOUND('',#15810,.T.);
#15810 = EDGE_LOOP('',(#15811,#15812,#15813,#15834));
#15811 = ORIENTED_EDGE('',*,*,#9366,.F.);
#15812 = ORIENTED_EDGE('',*,*,#15765,.T.);
#15813 = ORIENTED_EDGE('',*,*,#15814,.T.);
#15814 = EDGE_CURVE('',#15766,#9531,#15815,.T.);
#15815 = SURFACE_CURVE('',#15816,(#15820,#15827),.PCURVE_S1.);
#15816 = LINE('',#15817,#15818);
#15817 = CARTESIAN_POINT('',(75.5,-16.,6.));
#15818 = VECTOR('',#15819,1.);
#15819 = DIRECTION('',(1.,0.,-0.));
#15820 = PCURVE('',#9381,#15821);
#15821 = DEFINITIONAL_REPRESENTATION('',(#15822),#15826);
#15822 = LINE('',#15823,#15824);
#15823 = CARTESIAN_POINT('',(6.,0.));
#15824 = VECTOR('',#15825,1.);
#15825 = DIRECTION('',(0.,1.));
#15826 = ( GEOMETRIC_REPRESENTATION_CONTEXT(2) 
PARAMETRIC_REPRESENTATION_CONTEXT() REPRESENTATION_CONTEXT('2D SPACE',''
  ) );
#15827 = PCURVE('',#9545,#15828);
#15828 = DEFINITIONAL_REPRESENTATION('',(#15829),#15833);
#15829 = LINE('',#15830,#15831);
#15830 = CARTESIAN_POINT('',(0.,32.));
#15831 = VECTOR('',#15832,1.);
#15832 = DIRECTION('',(1.,0.));
#15833 = ( GEOMETRIC_REPRESENTATION_CONTEXT(2) 
PARAMETRIC_REPRESENTATION_CONTEXT() REPRESENTATION_CONTEXT('2D SPACE',''
  ) );
#15834 = ORIENTED_EDGE('',*,*,#9556,.F.);
#15835 = ADVANCED_FACE('',(#15836),#9332,.F.);
#15836 = FACE_BOUND('',#15837,.F.);
#15837 = EDGE_LOOP('',(#15838,#15839,#15862,#15883));
#15838 = ORIENTED_EDGE('',*,*,#9317,.F.);
#15839 = ORIENTED_EDGE('',*,*,#15840,.T.);
#15840 = EDGE_CURVE('',#9292,#15841,#15843,.T.);
#15841 = VERTEX_POINT('',#15842);
#15842 = CARTESIAN_POINT('',(75.5,68.,6.));
#15843 = SURFACE_CURVE('',#15844,(#15848,#15855),.PCURVE_S1.);
#15844 = LINE('',#15845,#15846);
#15845 = CARTESIAN_POINT('',(75.5,68.,0.));
#15846 = VECTOR('',#15847,1.);
#15847 = DIRECTION('',(0.,0.,1.));
#15848 = PCURVE('',#9332,#15849);
#15849 = DEFINITIONAL_REPRESENTATION('',(#15850),#15854);
#15850 = LINE('',#15851,#15852);
#15851 = CARTESIAN_POINT('',(0.,0.));
#15852 = VECTOR('',#15853,1.);
#15853 = DIRECTION('',(1.,0.));
#15854 = ( GEOMETRIC_REPRESENTATION_CONTEXT(2) 
PARAMETRIC_REPRESENTATION_CONTEXT() REPRESENTATION_CONTEXT('2D SPACE',''
  ) );
#15855 = PCURVE('',#9306,#15856);
#15856 = DEFINITIONAL_REPRESENTATION('',(#15857),#15861);
#15857 = LINE('',#15858,#15859);
#15858 = CARTESIAN_POINT('',(0.,0.));
#15859 = VECTOR('',#15860,1.);
#15860 = DIRECTION('',(1.,0.));
#15861 = ( GEOMETRIC_REPRESENTATION_CONTEXT(2) 
PARAMETRIC_REPRESENTATION_CONTEXT() REPRESENTATION_CONTEXT('2D SPACE',''
  ) );
#15862 = ORIENTED_EDGE('',*,*,#15863,.T.);
#15863 = EDGE_CURVE('',#15841,#9577,#15864,.T.);
#15864 = SURFACE_CURVE('',#15865,(#15869,#15876),.PCURVE_S1.);
#15865 = LINE('',#15866,#15867);
#15866 = CARTESIAN_POINT('',(75.5,68.,6.));
#15867 = VECTOR('',#15868,1.);
#15868 = DIRECTION('',(1.,0.,-0.));
#15869 = PCURVE('',#9332,#15870);
#15870 = DEFINITIONAL_REPRESENTATION('',(#15871),#15875);
#15871 = LINE('',#15872,#15873);
#15872 = CARTESIAN_POINT('',(6.,0.));
#15873 = VECTOR('',#15874,1.);
#15874 = DIRECTION('',(0.,1.));
#15875 = ( GEOMETRIC_REPRESENTATION_CONTEXT(2) 
PARAMETRIC_REPRESENTATION_CONTEXT() REPRESENTATION_CONTEXT('2D SPACE',''
  ) );
#15876 = PCURVE('',#9612,#15877);
#15877 = DEFINITIONAL_REPRESENTATION('',(#15878),#15882);
#15878 = LINE('',#15879,#15880);
#15879 = CARTESIAN_POINT('',(0.,0.));
#15880 = VECTOR('',#15881,1.);
#15881 = DIRECTION('',(1.,0.));
#15882 = ( GEOMETRIC_REPRESENTATION_CONTEXT(2) 
PARAMETRIC_REPRESENTATION_CONTEXT() REPRESENTATION_CONTEXT('2D SPACE',''
  ) );
#15883 = ORIENTED_EDGE('',*,*,#9576,.F.);
#15884 = ADVANCED_FACE('',(#15885),#9306,.F.);
#15885 = FACE_BOUND('',#15886,.F.);
#15886 = EDGE_LOOP('',(#15887,#15888,#15889,#15910));
#15887 = ORIENTED_EDGE('',*,*,#15840,.F.);
#15888 = ORIENTED_EDGE('',*,*,#9291,.F.);
#15889 = ORIENTED_EDGE('',*,*,#15890,.F.);
#15890 = EDGE_CURVE('',#15891,#9264,#15893,.T.);
#15891 = VERTEX_POINT('',#15892);
#15892 = CARTESIAN_POINT('',(75.5,90.893509860517,6.));
#15893 = SURFACE_CURVE('',#15894,(#15898,#15904),.PCURVE_S1.);
#15894 = LINE('',#15895,#15896);
#15895 = CARTESIAN_POINT('',(75.5,94.521289719485,65.313676520238));
#15896 = VECTOR('',#15897,1.);
#15897 = DIRECTION('',(0.,-6.104853940463E-02,-0.99813479843));
#15898 = PCURVE('',#9306,#15899);
#15899 = DEFINITIONAL_REPRESENTATION('',(#15900),#15903);
#15900 = B_SPLINE_CURVE_WITH_KNOTS('',1,(#15901,#15902),.UNSPECIFIED.,
  .F.,.F.,(2,2),(59.424515219331,63.431989968044),
  .PIECEWISE_BEZIER_KNOTS.);
#15901 = CARTESIAN_POINT('',(6.,-22.89350986051));
#15902 = CARTESIAN_POINT('',(1.999999999481,-22.6488593804));
#15903 = ( GEOMETRIC_REPRESENTATION_CONTEXT(2) 
PARAMETRIC_REPRESENTATION_CONTEXT() REPRESENTATION_CONTEXT('2D SPACE',''
  ) );
#15904 = PCURVE('',#9279,#15905);
#15905 = DEFINITIONAL_REPRESENTATION('',(#15906),#15909);
#15906 = B_SPLINE_CURVE_WITH_KNOTS('',1,(#15907,#15908),.UNSPECIFIED.,
  .F.,.F.,(2,2),(59.424515219331,63.431989968044),
  .PIECEWISE_BEZIER_KNOTS.);
#15907 = CARTESIAN_POINT('',(-161.6488593804,-126.235454568));
#15908 = CARTESIAN_POINT('',(-161.6488593804,-130.2429293167));
#15909 = ( GEOMETRIC_REPRESENTATION_CONTEXT(2) 
PARAMETRIC_REPRESENTATION_CONTEXT() REPRESENTATION_CONTEXT('2D SPACE',''
  ) );
#15910 = ORIENTED_EDGE('',*,*,#15911,.F.);
#15911 = EDGE_CURVE('',#15841,#15891,#15912,.T.);
#15912 = SURFACE_CURVE('',#15913,(#15917,#15924),.PCURVE_S1.);
#15913 = LINE('',#15914,#15915);
#15914 = CARTESIAN_POINT('',(75.5,68.,6.));
#15915 = VECTOR('',#15916,1.);
#15916 = DIRECTION('',(-0.,1.,0.));
#15917 = PCURVE('',#9306,#15918);
#15918 = DEFINITIONAL_REPRESENTATION('',(#15919),#15923);
#15919 = LINE('',#15920,#15921);
#15920 = CARTESIAN_POINT('',(6.,0.));
#15921 = VECTOR('',#15922,1.);
#15922 = DIRECTION('',(0.,-1.));
#15923 = ( GEOMETRIC_REPRESENTATION_CONTEXT(2) 
PARAMETRIC_REPRESENTATION_CONTEXT() REPRESENTATION_CONTEXT('2D SPACE',''
  ) );
#15924 = PCURVE('',#9612,#15925);
#15925 = DEFINITIONAL_REPRESENTATION('',(#15926),#15930);
#15926 = LINE('',#15927,#15928);
#15927 = CARTESIAN_POINT('',(0.,0.));
#15928 = VECTOR('',#15929,1.);
#15929 = DIRECTION('',(0.,1.));
#15930 = ( GEOMETRIC_REPRESENTATION_CONTEXT(2) 
PARAMETRIC_REPRESENTATION_CONTEXT() REPRESENTATION_CONTEXT('2D SPACE',''
  ) );
#15931 = ADVANCED_FACE('',(#15932,#16036,#16039,#16042,#16045,#16048,
    #16051,#16054,#16057,#16060,#16063,#16066,#16069,#16072,#16075,
    #16078,#16081,#16084,#16087,#16090,#16093,#16096,#16099,#16102,
    #16105,#16108,#16111,#16114,#16117),#9279,.F.);
#15932 = FACE_BOUND('',#15933,.F.);
#15933 = EDGE_LOOP('',(#15934,#15935,#15956,#15977,#15995,#15996,#16016,
    #16035));
#15934 = ORIENTED_EDGE('',*,*,#9263,.F.);
#15935 = ORIENTED_EDGE('',*,*,#15936,.F.);
#15936 = EDGE_CURVE('',#15937,#9238,#15939,.T.);
#15937 = VERTEX_POINT('',#15938);
#15938 = CARTESIAN_POINT('',(-75.5,90.893509860517,6.));
#15939 = SURFACE_CURVE('',#15940,(#15944,#15950),.PCURVE_S1.);
#15940 = LINE('',#15941,#15942);
#15941 = CARTESIAN_POINT('',(-75.5,94.521289719485,65.313676520238));
#15942 = VECTOR('',#15943,1.);
#15943 = DIRECTION('',(0.,-6.104853940463E-02,-0.99813479843));
#15944 = PCURVE('',#9279,#15945);
#15945 = DEFINITIONAL_REPRESENTATION('',(#15946),#15949);
#15946 = B_SPLINE_CURVE_WITH_KNOTS('',1,(#15947,#15948),.UNSPECIFIED.,
  .F.,.F.,(2,2),(59.424515219331,63.431989968044),
  .PIECEWISE_BEZIER_KNOTS.);
#15947 = CARTESIAN_POINT('',(-10.64885938043,-126.235454568));
#15948 = CARTESIAN_POINT('',(-10.64885938043,-130.2429293167));
#15949 = ( GEOMETRIC_REPRESENTATION_CONTEXT(2) 
PARAMETRIC_REPRESENTATION_CONTEXT() REPRESENTATION_CONTEXT('2D SPACE',''
  ) );
#15950 = PCURVE('',#9252,#15951);
#15951 = DEFINITIONAL_REPRESENTATION('',(#15952),#15955);
#15952 = B_SPLINE_CURVE_WITH_KNOTS('',1,(#15953,#15954),.UNSPECIFIED.,
  .F.,.F.,(2,2),(59.424515219331,63.431989968044),
  .PIECEWISE_BEZIER_KNOTS.);
#15953 = CARTESIAN_POINT('',(6.,-22.89350986051));
#15954 = CARTESIAN_POINT('',(1.999999999481,-22.6488593804));
#15955 = ( GEOMETRIC_REPRESENTATION_CONTEXT(2) 
PARAMETRIC_REPRESENTATION_CONTEXT() REPRESENTATION_CONTEXT('2D SPACE',''
  ) );
#15956 = ORIENTED_EDGE('',*,*,#15957,.F.);
#15957 = EDGE_CURVE('',#15958,#15937,#15960,.T.);
#15958 = VERTEX_POINT('',#15959);
#15959 = CARTESIAN_POINT('',(-86.14885938043,90.893509852266,6.));
#15960 = SURFACE_CURVE('',#15961,(#15965,#15971),.PCURVE_S1.);
#15961 = LINE('',#15962,#15963);
#15962 = CARTESIAN_POINT('',(-96.82442969021,90.893509860517,6.));
#15963 = VECTOR('',#15964,1.);
#15964 = DIRECTION('',(1.,-0.,0.));
#15965 = PCURVE('',#9279,#15966);
#15966 = DEFINITIONAL_REPRESENTATION('',(#15967),#15970);
#15967 = B_SPLINE_CURVE_WITH_KNOTS('',1,(#15968,#15969),.UNSPECIFIED.,
  .F.,.F.,(2,2),(10.675570309781,21.324429690219),
  .PIECEWISE_BEZIER_KNOTS.);
#15968 = CARTESIAN_POINT('',(0.,-126.235454568));
#15969 = CARTESIAN_POINT('',(-10.64885938043,-126.235454568));
#15970 = ( GEOMETRIC_REPRESENTATION_CONTEXT(2) 
PARAMETRIC_REPRESENTATION_CONTEXT() REPRESENTATION_CONTEXT('2D SPACE',''
  ) );
#15971 = PCURVE('',#10815,#15972);
#15972 = DEFINITIONAL_REPRESENTATION('',(#15973),#15976);
#15973 = B_SPLINE_CURVE_WITH_KNOTS('',1,(#15974,#15975),.UNSPECIFIED.,
  .F.,.F.,(2,2),(10.675570309781,21.324429690219),
  .PIECEWISE_BEZIER_KNOTS.);
#15974 = CARTESIAN_POINT('',(21.351140619563,22.893509860517));
#15975 = CARTESIAN_POINT('',(32.,22.893509860517));
#15976 = ( GEOMETRIC_REPRESENTATION_CONTEXT(2) 
PARAMETRIC_REPRESENTATION_CONTEXT() REPRESENTATION_CONTEXT('2D SPACE',''
  ) );
#15977 = ORIENTED_EDGE('',*,*,#15978,.T.);
#15978 = EDGE_CURVE('',#15958,#13722,#15979,.T.);
#15979 = SURFACE_CURVE('',#15980,(#15983,#15989),.PCURVE_S1.);
#15980 = B_SPLINE_CURVE_WITH_KNOTS('',1,(#15981,#15982),.UNSPECIFIED.,
  .F.,.F.,(2,2),(0.,1.),.PIECEWISE_BEZIER_KNOTS.);
#15981 = CARTESIAN_POINT('',(-86.14885938043,90.648859371926,2.));
#15982 = CARTESIAN_POINT('',(-86.14885938043,98.599999982977,132.));
#15983 = PCURVE('',#9279,#15984);
#15984 = DEFINITIONAL_REPRESENTATION('',(#15985),#15988);
#15985 = B_SPLINE_CURVE_WITH_KNOTS('',1,(#15986,#15987),.UNSPECIFIED.,
  .F.,.F.,(2,2),(0.,1.),.PIECEWISE_BEZIER_KNOTS.);
#15986 = CARTESIAN_POINT('',(0.,-130.2429293167));
#15987 = CARTESIAN_POINT('',(0.,0.));
#15988 = ( GEOMETRIC_REPRESENTATION_CONTEXT(2) 
PARAMETRIC_REPRESENTATION_CONTEXT() REPRESENTATION_CONTEXT('2D SPACE',''
  ) );
#15989 = PCURVE('',#10789,#15990);
#15990 = DEFINITIONAL_REPRESENTATION('',(#15991),#15994);
#15991 = B_SPLINE_CURVE_WITH_KNOTS('',1,(#15992,#15993),.UNSPECIFIED.,
  .F.,.F.,(2,2),(0.,1.),.PIECEWISE_BEZIER_KNOTS.);
#15992 = CARTESIAN_POINT('',(4.712388980385,0.));
#15993 = CARTESIAN_POINT('',(4.712388980385,130.));
#15994 = ( GEOMETRIC_REPRESENTATION_CONTEXT(2) 
PARAMETRIC_REPRESENTATION_CONTEXT() REPRESENTATION_CONTEXT('2D SPACE',''
  ) );
#15995 = ORIENTED_EDGE('',*,*,#13721,.T.);
#15996 = ORIENTED_EDGE('',*,*,#15997,.F.);
#15997 = EDGE_CURVE('',#15998,#13698,#16000,.T.);
#15998 = VERTEX_POINT('',#15999);
#15999 = CARTESIAN_POINT('',(86.148859380437,90.893509852266,6.));
#16000 = SURFACE_CURVE('',#16001,(#16004,#16010),.PCURVE_S1.);
#16001 = B_SPLINE_CURVE_WITH_KNOTS('',1,(#16002,#16003),.UNSPECIFIED.,
  .F.,.F.,(2,2),(0.,1.),.PIECEWISE_BEZIER_KNOTS.);
#16002 = CARTESIAN_POINT('',(86.148859380437,90.648859371926,2.));
#16003 = CARTESIAN_POINT('',(86.148859380437,98.599999982977,132.));
#16004 = PCURVE('',#9279,#16005);
#16005 = DEFINITIONAL_REPRESENTATION('',(#16006),#16009);
#16006 = B_SPLINE_CURVE_WITH_KNOTS('',1,(#16007,#16008),.UNSPECIFIED.,
  .F.,.F.,(2,2),(0.,1.),.PIECEWISE_BEZIER_KNOTS.);
#16007 = CARTESIAN_POINT('',(-172.2977187608,-130.2429293167));
#16008 = CARTESIAN_POINT('',(-172.2977187608,0.));
#16009 = ( GEOMETRIC_REPRESENTATION_CONTEXT(2) 
PARAMETRIC_REPRESENTATION_CONTEXT() REPRESENTATION_CONTEXT('2D SPACE',''
  ) );
#16010 = PCURVE('',#9637,#16011);
#16011 = DEFINITIONAL_REPRESENTATION('',(#16012),#16015);
#16012 = B_SPLINE_CURVE_WITH_KNOTS('',1,(#16013,#16014),.UNSPECIFIED.,
  .F.,.F.,(2,2),(0.,1.),.PIECEWISE_BEZIER_KNOTS.);
#16013 = CARTESIAN_POINT('',(4.712388980385,0.));
#16014 = CARTESIAN_POINT('',(4.712388980385,130.));
#16015 = ( GEOMETRIC_REPRESENTATION_CONTEXT(2) 
PARAMETRIC_REPRESENTATION_CONTEXT() REPRESENTATION_CONTEXT('2D SPACE',''
  ) );
#16016 = ORIENTED_EDGE('',*,*,#16017,.F.);
#16017 = EDGE_CURVE('',#15891,#15998,#16018,.T.);
#16018 = SURFACE_CURVE('',#16019,(#16023,#16029),.PCURVE_S1.);
#16019 = LINE('',#16020,#16021);
#16020 = CARTESIAN_POINT('',(-5.324429690219,90.893509860517,6.));
#16021 = VECTOR('',#16022,1.);
#16022 = DIRECTION('',(1.,-0.,0.));
#16023 = PCURVE('',#9279,#16024);
#16024 = DEFINITIONAL_REPRESENTATION('',(#16025),#16028);
#16025 = B_SPLINE_CURVE_WITH_KNOTS('',1,(#16026,#16027),.UNSPECIFIED.,
  .F.,.F.,(2,2),(80.824429690219,91.473289070656),
  .PIECEWISE_BEZIER_KNOTS.);
#16026 = CARTESIAN_POINT('',(-161.6488593804,-126.235454568));
#16027 = CARTESIAN_POINT('',(-172.2977187608,-126.235454568));
#16028 = ( GEOMETRIC_REPRESENTATION_CONTEXT(2) 
PARAMETRIC_REPRESENTATION_CONTEXT() REPRESENTATION_CONTEXT('2D SPACE',''
  ) );
#16029 = PCURVE('',#9612,#16030);
#16030 = DEFINITIONAL_REPRESENTATION('',(#16031),#16034);
#16031 = B_SPLINE_CURVE_WITH_KNOTS('',1,(#16032,#16033),.UNSPECIFIED.,
  .F.,.F.,(2,2),(80.824429690219,91.473289070656),
  .PIECEWISE_BEZIER_KNOTS.);
#16032 = CARTESIAN_POINT('',(0.,22.893509860517));
#16033 = CARTESIAN_POINT('',(10.648859380437,22.893509860517));
#16034 = ( GEOMETRIC_REPRESENTATION_CONTEXT(2) 
PARAMETRIC_REPRESENTATION_CONTEXT() REPRESENTATION_CONTEXT('2D SPACE',''
  ) );
#16035 = ORIENTED_EDGE('',*,*,#15890,.T.);
#16036 = FACE_BOUND('',#16037,.F.);
#16037 = EDGE_LOOP('',(#16038));
#16038 = ORIENTED_EDGE('',*,*,#11020,.F.);
#16039 = FACE_BOUND('',#16040,.F.);
#16040 = EDGE_LOOP('',(#16041));
#16041 = ORIENTED_EDGE('',*,*,#11083,.F.);
#16042 = FACE_BOUND('',#16043,.F.);
#16043 = EDGE_LOOP('',(#16044));
#16044 = ORIENTED_EDGE('',*,*,#11146,.F.);
#16045 = FACE_BOUND('',#16046,.F.);
#16046 = EDGE_LOOP('',(#16047));
#16047 = ORIENTED_EDGE('',*,*,#11272,.F.);
#16048 = FACE_BOUND('',#16049,.F.);
#16049 = EDGE_LOOP('',(#16050));
#16050 = ORIENTED_EDGE('',*,*,#11335,.F.);
#16051 = FACE_BOUND('',#16052,.F.);
#16052 = EDGE_LOOP('',(#16053));
#16053 = ORIENTED_EDGE('',*,*,#11398,.F.);
#16054 = FACE_BOUND('',#16055,.F.);
#16055 = EDGE_LOOP('',(#16056));
#16056 = ORIENTED_EDGE('',*,*,#11209,.F.);
#16057 = FACE_BOUND('',#16058,.F.);
#16058 = EDGE_LOOP('',(#16059));
#16059 = ORIENTED_EDGE('',*,*,#11524,.F.);
#16060 = FACE_BOUND('',#16061,.F.);
#16061 = EDGE_LOOP('',(#16062));
#16062 = ORIENTED_EDGE('',*,*,#11587,.F.);
#16063 = FACE_BOUND('',#16064,.F.);
#16064 = EDGE_LOOP('',(#16065));
#16065 = ORIENTED_EDGE('',*,*,#11650,.F.);
#16066 = FACE_BOUND('',#16067,.F.);
#16067 = EDGE_LOOP('',(#16068));
#16068 = ORIENTED_EDGE('',*,*,#11461,.F.);
#16069 = FACE_BOUND('',#16070,.F.);
#16070 = EDGE_LOOP('',(#16071));
#16071 = ORIENTED_EDGE('',*,*,#11713,.F.);
#16072 = FACE_BOUND('',#16073,.F.);
#16073 = EDGE_LOOP('',(#16074));
#16074 = ORIENTED_EDGE('',*,*,#11776,.F.);
#16075 = FACE_BOUND('',#16076,.F.);
#16076 = EDGE_LOOP('',(#16077));
#16077 = ORIENTED_EDGE('',*,*,#11839,.F.);
#16078 = FACE_BOUND('',#16079,.F.);
#16079 = EDGE_LOOP('',(#16080));
#16080 = ORIENTED_EDGE('',*,*,#11902,.F.);
#16081 = FACE_BOUND('',#16082,.F.);
#16082 = EDGE_LOOP('',(#16083));
#16083 = ORIENTED_EDGE('',*,*,#11965,.F.);
#16084 = FACE_BOUND('',#16085,.F.);
#16085 = EDGE_LOOP('',(#16086));
#16086 = ORIENTED_EDGE('',*,*,#12028,.F.);
#16087 = FACE_BOUND('',#16088,.F.);
#16088 = EDGE_LOOP('',(#16089));
#16089 = ORIENTED_EDGE('',*,*,#12154,.F.);
#16090 = FACE_BOUND('',#16091,.F.);
#16091 = EDGE_LOOP('',(#16092));
#16092 = ORIENTED_EDGE('',*,*,#12217,.F.);
#16093 = FACE_BOUND('',#16094,.F.);
#16094 = EDGE_LOOP('',(#16095));
#16095 = ORIENTED_EDGE('',*,*,#12280,.F.);
#16096 = FACE_BOUND('',#16097,.F.);
#16097 = EDGE_LOOP('',(#16098));
#16098 = ORIENTED_EDGE('',*,*,#12091,.F.);
#16099 = FACE_BOUND('',#16100,.F.);
#16100 = EDGE_LOOP('',(#16101));
#16101 = ORIENTED_EDGE('',*,*,#12406,.F.);
#16102 = FACE_BOUND('',#16103,.F.);
#16103 = EDGE_LOOP('',(#16104));
#16104 = ORIENTED_EDGE('',*,*,#12469,.F.);
#16105 = FACE_BOUND('',#16106,.F.);
#16106 = EDGE_LOOP('',(#16107));
#16107 = ORIENTED_EDGE('',*,*,#12532,.F.);
#16108 = FACE_BOUND('',#16109,.F.);
#16109 = EDGE_LOOP('',(#16110));
#16110 = ORIENTED_EDGE('',*,*,#12343,.F.);
#16111 = FACE_BOUND('',#16112,.F.);
#16112 = EDGE_LOOP('',(#16113));
#16113 = ORIENTED_EDGE('',*,*,#12595,.F.);
#16114 = FACE_BOUND('',#16115,.F.);
#16115 = EDGE_LOOP('',(#16116));
#16116 = ORIENTED_EDGE('',*,*,#12658,.F.);
#16117 = FACE_BOUND('',#16118,.F.);
#16118 = EDGE_LOOP('',(#16119));
#16119 = ORIENTED_EDGE('',*,*,#12721,.F.);
#16120 = ADVANCED_FACE('',(#16121),#9252,.T.);
#16121 = FACE_BOUND('',#16122,.T.);
#16122 = EDGE_LOOP('',(#16123,#16146,#16147,#16148));
#16123 = ORIENTED_EDGE('',*,*,#16124,.F.);
#16124 = EDGE_CURVE('',#9212,#16125,#16127,.T.);
#16125 = VERTEX_POINT('',#16126);
#16126 = CARTESIAN_POINT('',(-75.5,68.,6.));
#16127 = SURFACE_CURVE('',#16128,(#16132,#16139),.PCURVE_S1.);
#16128 = LINE('',#16129,#16130);
#16129 = CARTESIAN_POINT('',(-75.5,68.,0.));
#16130 = VECTOR('',#16131,1.);
#16131 = DIRECTION('',(0.,0.,1.));
#16132 = PCURVE('',#9252,#16133);
#16133 = DEFINITIONAL_REPRESENTATION('',(#16134),#16138);
#16134 = LINE('',#16135,#16136);
#16135 = CARTESIAN_POINT('',(0.,0.));
#16136 = VECTOR('',#16137,1.);
#16137 = DIRECTION('',(1.,0.));
#16138 = ( GEOMETRIC_REPRESENTATION_CONTEXT(2) 
PARAMETRIC_REPRESENTATION_CONTEXT() REPRESENTATION_CONTEXT('2D SPACE',''
  ) );
#16139 = PCURVE('',#9226,#16140);
#16140 = DEFINITIONAL_REPRESENTATION('',(#16141),#16145);
#16141 = LINE('',#16142,#16143);
#16142 = CARTESIAN_POINT('',(0.,32.));
#16143 = VECTOR('',#16144,1.);
#16144 = DIRECTION('',(1.,0.));
#16145 = ( GEOMETRIC_REPRESENTATION_CONTEXT(2) 
PARAMETRIC_REPRESENTATION_CONTEXT() REPRESENTATION_CONTEXT('2D SPACE',''
  ) );
#16146 = ORIENTED_EDGE('',*,*,#9237,.F.);
#16147 = ORIENTED_EDGE('',*,*,#15936,.F.);
#16148 = ORIENTED_EDGE('',*,*,#16149,.F.);
#16149 = EDGE_CURVE('',#16125,#15937,#16150,.T.);
#16150 = SURFACE_CURVE('',#16151,(#16155,#16162),.PCURVE_S1.);
#16151 = LINE('',#16152,#16153);
#16152 = CARTESIAN_POINT('',(-75.5,68.,6.));
#16153 = VECTOR('',#16154,1.);
#16154 = DIRECTION('',(-0.,1.,0.));
#16155 = PCURVE('',#9252,#16156);
#16156 = DEFINITIONAL_REPRESENTATION('',(#16157),#16161);
#16157 = LINE('',#16158,#16159);
#16158 = CARTESIAN_POINT('',(6.,0.));
#16159 = VECTOR('',#16160,1.);
#16160 = DIRECTION('',(0.,-1.));
#16161 = ( GEOMETRIC_REPRESENTATION_CONTEXT(2) 
PARAMETRIC_REPRESENTATION_CONTEXT() REPRESENTATION_CONTEXT('2D SPACE',''
  ) );
#16162 = PCURVE('',#10815,#16163);
#16163 = DEFINITIONAL_REPRESENTATION('',(#16164),#16168);
#16164 = LINE('',#16165,#16166);
#16165 = CARTESIAN_POINT('',(32.,0.));
#16166 = VECTOR('',#16167,1.);
#16167 = DIRECTION('',(0.,1.));
#16168 = ( GEOMETRIC_REPRESENTATION_CONTEXT(2) 
PARAMETRIC_REPRESENTATION_CONTEXT() REPRESENTATION_CONTEXT('2D SPACE',''
  ) );
#16169 = ADVANCED_FACE('',(#16170),#9226,.F.);
#16170 = FACE_BOUND('',#16171,.F.);
#16171 = EDGE_LOOP('',(#16172,#16173,#16174,#16175));
#16172 = ORIENTED_EDGE('',*,*,#16124,.F.);
#16173 = ORIENTED_EDGE('',*,*,#9211,.F.);
#16174 = ORIENTED_EDGE('',*,*,#10826,.F.);
#16175 = ORIENTED_EDGE('',*,*,#16176,.T.);
#16176 = EDGE_CURVE('',#10801,#16125,#16177,.T.);
#16177 = SURFACE_CURVE('',#16178,(#16182,#16189),.PCURVE_S1.);
#16178 = LINE('',#16179,#16180);
#16179 = CARTESIAN_POINT('',(-107.5,68.,6.));
#16180 = VECTOR('',#16181,1.);
#16181 = DIRECTION('',(1.,0.,-0.));
#16182 = PCURVE('',#9226,#16183);
#16183 = DEFINITIONAL_REPRESENTATION('',(#16184),#16188);
#16184 = LINE('',#16185,#16186);
#16185 = CARTESIAN_POINT('',(6.,0.));
#16186 = VECTOR('',#16187,1.);
#16187 = DIRECTION('',(0.,1.));
#16188 = ( GEOMETRIC_REPRESENTATION_CONTEXT(2) 
PARAMETRIC_REPRESENTATION_CONTEXT() REPRESENTATION_CONTEXT('2D SPACE',''
  ) );
#16189 = PCURVE('',#10815,#16190);
#16190 = DEFINITIONAL_REPRESENTATION('',(#16191),#16195);
#16191 = LINE('',#16192,#16193);
#16192 = CARTESIAN_POINT('',(0.,0.));
#16193 = VECTOR('',#16194,1.);
#16194 = DIRECTION('',(1.,0.));
#16195 = ( GEOMETRIC_REPRESENTATION_CONTEXT(2) 
PARAMETRIC_REPRESENTATION_CONTEXT() REPRESENTATION_CONTEXT('2D SPACE',''
  ) );
#16196 = ADVANCED_FACE('',(#16197),#9177,.T.);
#16197 = FACE_BOUND('',#16198,.T.);
#16198 = EDGE_LOOP('',(#16199,#16222,#16223,#16224));
#16199 = ORIENTED_EDGE('',*,*,#16200,.F.);
#16200 = EDGE_CURVE('',#9137,#16201,#16203,.T.);
#16201 = VERTEX_POINT('',#16202);
#16202 = CARTESIAN_POINT('',(-75.5,-16.,6.));
#16203 = SURFACE_CURVE('',#16204,(#16208,#16215),.PCURVE_S1.);
#16204 = LINE('',#16205,#16206);
#16205 = CARTESIAN_POINT('',(-75.5,-16.,0.));
#16206 = VECTOR('',#16207,1.);
#16207 = DIRECTION('',(0.,0.,1.));
#16208 = PCURVE('',#9177,#16209);
#16209 = DEFINITIONAL_REPRESENTATION('',(#16210),#16214);
#16210 = LINE('',#16211,#16212);
#16211 = CARTESIAN_POINT('',(0.,32.));
#16212 = VECTOR('',#16213,1.);
#16213 = DIRECTION('',(1.,0.));
#16214 = ( GEOMETRIC_REPRESENTATION_CONTEXT(2) 
PARAMETRIC_REPRESENTATION_CONTEXT() REPRESENTATION_CONTEXT('2D SPACE',''
  ) );
#16215 = PCURVE('',#9151,#16216);
#16216 = DEFINITIONAL_REPRESENTATION('',(#16217),#16221);
#16217 = LINE('',#16218,#16219);
#16218 = CARTESIAN_POINT('',(0.,-32.));
#16219 = VECTOR('',#16220,1.);
#16220 = DIRECTION('',(1.,0.));
#16221 = ( GEOMETRIC_REPRESENTATION_CONTEXT(2) 
PARAMETRIC_REPRESENTATION_CONTEXT() REPRESENTATION_CONTEXT('2D SPACE',''
  ) );
#16222 = ORIENTED_EDGE('',*,*,#9162,.F.);
#16223 = ORIENTED_EDGE('',*,*,#10846,.F.);
#16224 = ORIENTED_EDGE('',*,*,#16225,.T.);
#16225 = EDGE_CURVE('',#10847,#16201,#16226,.T.);
#16226 = SURFACE_CURVE('',#16227,(#16231,#16238),.PCURVE_S1.);
#16227 = LINE('',#16228,#16229);
#16228 = CARTESIAN_POINT('',(-107.5,-16.,6.));
#16229 = VECTOR('',#16230,1.);
#16230 = DIRECTION('',(1.,0.,-0.));
#16231 = PCURVE('',#9177,#16232);
#16232 = DEFINITIONAL_REPRESENTATION('',(#16233),#16237);
#16233 = LINE('',#16234,#16235);
#16234 = CARTESIAN_POINT('',(6.,0.));
#16235 = VECTOR('',#16236,1.);
#16236 = DIRECTION('',(0.,1.));
#16237 = ( GEOMETRIC_REPRESENTATION_CONTEXT(2) 
PARAMETRIC_REPRESENTATION_CONTEXT() REPRESENTATION_CONTEXT('2D SPACE',''
  ) );
#16238 = PCURVE('',#10882,#16239);
#16239 = DEFINITIONAL_REPRESENTATION('',(#16240),#16244);
#16240 = LINE('',#16241,#16242);
#16241 = CARTESIAN_POINT('',(0.,32.));
#16242 = VECTOR('',#16243,1.);
#16243 = DIRECTION('',(1.,0.));
#16244 = ( GEOMETRIC_REPRESENTATION_CONTEXT(2) 
PARAMETRIC_REPRESENTATION_CONTEXT() REPRESENTATION_CONTEXT('2D SPACE',''
  ) );
#16245 = ADVANCED_FACE('',(#16246),#9151,.T.);
#16246 = FACE_BOUND('',#16247,.T.);
#16247 = EDGE_LOOP('',(#16248,#16271,#16272,#16273));
#16248 = ORIENTED_EDGE('',*,*,#16249,.F.);
#16249 = EDGE_CURVE('',#9111,#16250,#16252,.T.);
#16250 = VERTEX_POINT('',#16251);
#16251 = CARTESIAN_POINT('',(-75.5,-48.,6.));
#16252 = SURFACE_CURVE('',#16253,(#16257,#16264),.PCURVE_S1.);
#16253 = LINE('',#16254,#16255);
#16254 = CARTESIAN_POINT('',(-75.5,-48.,0.));
#16255 = VECTOR('',#16256,1.);
#16256 = DIRECTION('',(0.,0.,1.));
#16257 = PCURVE('',#9151,#16258);
#16258 = DEFINITIONAL_REPRESENTATION('',(#16259),#16263);
#16259 = LINE('',#16260,#16261);
#16260 = CARTESIAN_POINT('',(0.,0.));
#16261 = VECTOR('',#16262,1.);
#16262 = DIRECTION('',(1.,0.));
#16263 = ( GEOMETRIC_REPRESENTATION_CONTEXT(2) 
PARAMETRIC_REPRESENTATION_CONTEXT() REPRESENTATION_CONTEXT('2D SPACE',''
  ) );
#16264 = PCURVE('',#9125,#16265);
#16265 = DEFINITIONAL_REPRESENTATION('',(#16266),#16270);
#16266 = LINE('',#16267,#16268);
#16267 = CARTESIAN_POINT('',(0.,32.));
#16268 = VECTOR('',#16269,1.);
#16269 = DIRECTION('',(1.,0.));
#16270 = ( GEOMETRIC_REPRESENTATION_CONTEXT(2) 
PARAMETRIC_REPRESENTATION_CONTEXT() REPRESENTATION_CONTEXT('2D SPACE',''
  ) );
#16271 = ORIENTED_EDGE('',*,*,#9136,.F.);
#16272 = ORIENTED_EDGE('',*,*,#16200,.T.);
#16273 = ORIENTED_EDGE('',*,*,#16274,.F.);
#16274 = EDGE_CURVE('',#16250,#16201,#16275,.T.);
#16275 = SURFACE_CURVE('',#16276,(#16280,#16287),.PCURVE_S1.);
#16276 = LINE('',#16277,#16278);
#16277 = CARTESIAN_POINT('',(-75.5,-48.,6.));
#16278 = VECTOR('',#16279,1.);
#16279 = DIRECTION('',(-0.,1.,0.));
#16280 = PCURVE('',#9151,#16281);
#16281 = DEFINITIONAL_REPRESENTATION('',(#16282),#16286);
#16282 = LINE('',#16283,#16284);
#16283 = CARTESIAN_POINT('',(6.,0.));
#16284 = VECTOR('',#16285,1.);
#16285 = DIRECTION('',(0.,-1.));
#16286 = ( GEOMETRIC_REPRESENTATION_CONTEXT(2) 
PARAMETRIC_REPRESENTATION_CONTEXT() REPRESENTATION_CONTEXT('2D SPACE',''
  ) );
#16287 = PCURVE('',#10882,#16288);
#16288 = DEFINITIONAL_REPRESENTATION('',(#16289),#16293);
#16289 = LINE('',#16290,#16291);
#16290 = CARTESIAN_POINT('',(32.,0.));
#16291 = VECTOR('',#16292,1.);
#16292 = DIRECTION('',(0.,1.));
#16293 = ( GEOMETRIC_REPRESENTATION_CONTEXT(2) 
PARAMETRIC_REPRESENTATION_CONTEXT() REPRESENTATION_CONTEXT('2D SPACE',''
  ) );
#16294 = ADVANCED_FACE('',(#16295),#9125,.F.);
#16295 = FACE_BOUND('',#16296,.F.);
#16296 = EDGE_LOOP('',(#16297,#16298,#16299,#16300));
#16297 = ORIENTED_EDGE('',*,*,#16249,.F.);
#16298 = ORIENTED_EDGE('',*,*,#9110,.F.);
#16299 = ORIENTED_EDGE('',*,*,#10893,.F.);
#16300 = ORIENTED_EDGE('',*,*,#16301,.T.);
#16301 = EDGE_CURVE('',#10868,#16250,#16302,.T.);
#16302 = SURFACE_CURVE('',#16303,(#16307,#16314),.PCURVE_S1.);
#16303 = LINE('',#16304,#16305);
#16304 = CARTESIAN_POINT('',(-107.5,-48.,6.));
#16305 = VECTOR('',#16306,1.);
#16306 = DIRECTION('',(1.,0.,-0.));
#16307 = PCURVE('',#9125,#16308);
#16308 = DEFINITIONAL_REPRESENTATION('',(#16309),#16313);
#16309 = LINE('',#16310,#16311);
#16310 = CARTESIAN_POINT('',(6.,0.));
#16311 = VECTOR('',#16312,1.);
#16312 = DIRECTION('',(0.,1.));
#16313 = ( GEOMETRIC_REPRESENTATION_CONTEXT(2) 
PARAMETRIC_REPRESENTATION_CONTEXT() REPRESENTATION_CONTEXT('2D SPACE',''
  ) );
#16314 = PCURVE('',#10882,#16315);
#16315 = DEFINITIONAL_REPRESENTATION('',(#16316),#16320);
#16316 = LINE('',#16317,#16318);
#16317 = CARTESIAN_POINT('',(0.,0.));
#16318 = VECTOR('',#16319,1.);
#16319 = DIRECTION('',(1.,0.));
#16320 = ( GEOMETRIC_REPRESENTATION_CONTEXT(2) 
PARAMETRIC_REPRESENTATION_CONTEXT() REPRESENTATION_CONTEXT('2D SPACE',''
  ) );
#16321 = ADVANCED_FACE('',(#16322),#9637,.F.);
#16322 = FACE_BOUND('',#16323,.F.);
#16323 = EDGE_LOOP('',(#16324,#16346,#16347,#16348));
#16324 = ORIENTED_EDGE('',*,*,#16325,.T.);
#16325 = EDGE_CURVE('',#9598,#15998,#16326,.T.);
#16326 = SURFACE_CURVE('',#16327,(#16332,#16339),.PCURVE_S1.);
#16327 = CIRCLE('',#16328,12.244650480602);
#16328 = AXIS2_PLACEMENT_3D('',#16329,#16330,#16331);
#16329 = CARTESIAN_POINT('',(86.148859380437,78.648859363414,6.));
#16330 = DIRECTION('',(0.,-0.,1.));
#16331 = DIRECTION('',(-1.,0.,0.));
#16332 = PCURVE('',#9637,#16333);
#16333 = DEFINITIONAL_REPRESENTATION('',(#16334),#16338);
#16334 = LINE('',#16335,#16336);
#16335 = CARTESIAN_POINT('',(0.,4.));
#16336 = VECTOR('',#16337,1.);
#16337 = DIRECTION('',(1.,0.));
#16338 = ( GEOMETRIC_REPRESENTATION_CONTEXT(2) 
PARAMETRIC_REPRESENTATION_CONTEXT() REPRESENTATION_CONTEXT('2D SPACE',''
  ) );
#16339 = PCURVE('',#9612,#16340);
#16340 = DEFINITIONAL_REPRESENTATION('',(#16341),#16345);
#16341 = CIRCLE('',#16342,12.244650480602);
#16342 = AXIS2_PLACEMENT_2D('',#16343,#16344);
#16343 = CARTESIAN_POINT('',(10.648859380437,10.648859363414));
#16344 = DIRECTION('',(-1.,0.));
#16345 = ( GEOMETRIC_REPRESENTATION_CONTEXT(2) 
PARAMETRIC_REPRESENTATION_CONTEXT() REPRESENTATION_CONTEXT('2D SPACE',''
  ) );
#16346 = ORIENTED_EDGE('',*,*,#15997,.T.);
#16347 = ORIENTED_EDGE('',*,*,#13697,.F.);
#16348 = ORIENTED_EDGE('',*,*,#9623,.F.);
#16349 = ADVANCED_FACE('',(#16350),#9612,.T.);
#16350 = FACE_BOUND('',#16351,.T.);
#16351 = EDGE_LOOP('',(#16352,#16353,#16354,#16355,#16356));
#16352 = ORIENTED_EDGE('',*,*,#15911,.F.);
#16353 = ORIENTED_EDGE('',*,*,#15863,.T.);
#16354 = ORIENTED_EDGE('',*,*,#9597,.F.);
#16355 = ORIENTED_EDGE('',*,*,#16325,.T.);
#16356 = ORIENTED_EDGE('',*,*,#16017,.F.);
#16357 = ADVANCED_FACE('',(#16358),#9545,.T.);
#16358 = FACE_BOUND('',#16359,.T.);
#16359 = EDGE_LOOP('',(#16360,#16361,#16362,#16363));
#16360 = ORIENTED_EDGE('',*,*,#15814,.F.);
#16361 = ORIENTED_EDGE('',*,*,#15788,.F.);
#16362 = ORIENTED_EDGE('',*,*,#15738,.T.);
#16363 = ORIENTED_EDGE('',*,*,#9530,.F.);
#16364 = ADVANCED_FACE('',(#16365),#10631,.F.);
#16365 = FACE_BOUND('',#16366,.F.);
#16366 = EDGE_LOOP('',(#16367,#16368,#16369,#16397,#16398,#16399));
#16367 = ORIENTED_EDGE('',*,*,#14413,.T.);
#16368 = ORIENTED_EDGE('',*,*,#14376,.T.);
#16369 = ORIENTED_EDGE('',*,*,#16370,.F.);
#16370 = EDGE_CURVE('',#15314,#14351,#16371,.T.);
#16371 = SURFACE_CURVE('',#16372,(#16377,#16390),.PCURVE_S1.);
#16372 = ELLIPSE('',#16373,4.242640687119,3.);
#16373 = AXIS2_PLACEMENT_3D('',#16374,#16375,#16376);
#16374 = CARTESIAN_POINT('',(63.,-96.,48.));
#16375 = DIRECTION('',(0.,-0.707106781187,-0.707106781187));
#16376 = DIRECTION('',(0.,-0.707106781187,0.707106781187));
#16377 = PCURVE('',#10631,#16378);
#16378 = DEFINITIONAL_REPRESENTATION('',(#16379),#16389);
#16379 = B_SPLINE_CURVE_WITH_KNOTS('',8,(#16380,#16381,#16382,#16383,
    #16384,#16385,#16386,#16387,#16388),.UNSPECIFIED.,.F.,.F.,(9,9),(
    8.2227787504,8.976036572294),.PIECEWISE_BEZIER_KNOTS.);
#16380 = CARTESIAN_POINT('',(9.793575077197,224.91851890663));
#16381 = CARTESIAN_POINT('',(9.887732304934,224.65504016497));
#16382 = CARTESIAN_POINT('',(9.98188953267,224.40251911198));
#16383 = CARTESIAN_POINT('',(10.076046760406,224.16451519049));
#16384 = CARTESIAN_POINT('',(10.170203988142,223.9443805716));
#16385 = CARTESIAN_POINT('',(10.264361215878,223.74515920403));
#16386 = CARTESIAN_POINT('',(10.358518443615,223.56949573869));
#16387 = CARTESIAN_POINT('',(10.452675671351,223.41956366672));
#16388 = CARTESIAN_POINT('',(10.546832899088,223.29701846717));
#16389 = ( GEOMETRIC_REPRESENTATION_CONTEXT(2) 
PARAMETRIC_REPRESENTATION_CONTEXT() REPRESENTATION_CONTEXT('2D SPACE',''
  ) );
#16390 = PCURVE('',#14365,#16391);
#16391 = DEFINITIONAL_REPRESENTATION('',(#16392),#16396);
#16392 = ELLIPSE('',#16393,4.242640687119,3.);
#16393 = AXIS2_PLACEMENT_2D('',#16394,#16395);
#16394 = CARTESIAN_POINT('',(0.686291512851,63.));
#16395 = DIRECTION('',(-1.,0.));
#16396 = ( GEOMETRIC_REPRESENTATION_CONTEXT(2) 
PARAMETRIC_REPRESENTATION_CONTEXT() REPRESENTATION_CONTEXT('2D SPACE',''
  ) );
#16397 = ORIENTED_EDGE('',*,*,#15334,.F.);
#16398 = ORIENTED_EDGE('',*,*,#15371,.F.);
#16399 = ORIENTED_EDGE('',*,*,#10614,.F.);
#16400 = ADVANCED_FACE('',(#16401),#10882,.T.);
#16401 = FACE_BOUND('',#16402,.T.);
#16402 = EDGE_LOOP('',(#16403,#16404,#16405,#16406));
#16403 = ORIENTED_EDGE('',*,*,#16225,.F.);
#16404 = ORIENTED_EDGE('',*,*,#10867,.F.);
#16405 = ORIENTED_EDGE('',*,*,#16301,.T.);
#16406 = ORIENTED_EDGE('',*,*,#16274,.T.);
#16407 = ADVANCED_FACE('',(#16408),#10815,.T.);
#16408 = FACE_BOUND('',#16409,.T.);
#16409 = EDGE_LOOP('',(#16410,#16411,#16412,#16413,#16414));
#16410 = ORIENTED_EDGE('',*,*,#10800,.F.);
#16411 = ORIENTED_EDGE('',*,*,#16176,.T.);
#16412 = ORIENTED_EDGE('',*,*,#16149,.T.);
#16413 = ORIENTED_EDGE('',*,*,#15957,.F.);
#16414 = ORIENTED_EDGE('',*,*,#16415,.T.);
#16415 = EDGE_CURVE('',#15958,#10776,#16416,.T.);
#16416 = SURFACE_CURVE('',#16417,(#16422,#16429),.PCURVE_S1.);
#16417 = CIRCLE('',#16418,12.244650480602);
#16418 = AXIS2_PLACEMENT_3D('',#16419,#16420,#16421);
#16419 = CARTESIAN_POINT('',(-86.14885938043,78.648859363414,6.));
#16420 = DIRECTION('',(0.,-0.,1.));
#16421 = DIRECTION('',(-1.,0.,0.));
#16422 = PCURVE('',#10815,#16423);
#16423 = DEFINITIONAL_REPRESENTATION('',(#16424),#16428);
#16424 = CIRCLE('',#16425,12.244650480602);
#16425 = AXIS2_PLACEMENT_2D('',#16426,#16427);
#16426 = CARTESIAN_POINT('',(21.351140619563,10.648859363414));
#16427 = DIRECTION('',(-1.,0.));
#16428 = ( GEOMETRIC_REPRESENTATION_CONTEXT(2) 
PARAMETRIC_REPRESENTATION_CONTEXT() REPRESENTATION_CONTEXT('2D SPACE',''
  ) );
#16429 = PCURVE('',#10789,#16430);
#16430 = DEFINITIONAL_REPRESENTATION('',(#16431),#16435);
#16431 = LINE('',#16432,#16433);
#16432 = CARTESIAN_POINT('',(0.,4.));
#16433 = VECTOR('',#16434,1.);
#16434 = DIRECTION('',(1.,0.));
#16435 = ( GEOMETRIC_REPRESENTATION_CONTEXT(2) 
PARAMETRIC_REPRESENTATION_CONTEXT() REPRESENTATION_CONTEXT('2D SPACE',''
  ) );
#16436 = ADVANCED_FACE('',(#16437),#10789,.F.);
#16437 = FACE_BOUND('',#16438,.F.);
#16438 = EDGE_LOOP('',(#16439,#16440,#16441,#16442));
#16439 = ORIENTED_EDGE('',*,*,#16415,.T.);
#16440 = ORIENTED_EDGE('',*,*,#10775,.T.);
#16441 = ORIENTED_EDGE('',*,*,#13742,.F.);
#16442 = ORIENTED_EDGE('',*,*,#15978,.F.);
#16443 = ADVANCED_FACE('',(#16444),#14365,.T.);
#16444 = FACE_BOUND('',#16445,.T.);
#16445 = EDGE_LOOP('',(#16446,#16447,#16475,#16476));
#16446 = ORIENTED_EDGE('',*,*,#15313,.F.);
#16447 = ORIENTED_EDGE('',*,*,#16448,.F.);
#16448 = EDGE_CURVE('',#14321,#15284,#16449,.T.);
#16449 = SURFACE_CURVE('',#16450,(#16455,#16462),.PCURVE_S1.);
#16450 = ELLIPSE('',#16451,4.242640687119,3.);
#16451 = AXIS2_PLACEMENT_3D('',#16452,#16453,#16454);
#16452 = CARTESIAN_POINT('',(42.,-96.,48.));
#16453 = DIRECTION('',(0.,-0.707106781187,-0.707106781187));
#16454 = DIRECTION('',(0.,-0.707106781187,0.707106781187));
#16455 = PCURVE('',#14365,#16456);
#16456 = DEFINITIONAL_REPRESENTATION('',(#16457),#16461);
#16457 = ELLIPSE('',#16458,4.242640687119,3.);
#16458 = AXIS2_PLACEMENT_2D('',#16459,#16460);
#16459 = CARTESIAN_POINT('',(0.686291512851,42.));
#16460 = DIRECTION('',(-1.,0.));
#16461 = ( GEOMETRIC_REPRESENTATION_CONTEXT(2) 
PARAMETRIC_REPRESENTATION_CONTEXT() REPRESENTATION_CONTEXT('2D SPACE',''
  ) );
#16462 = PCURVE('',#14295,#16463);
#16463 = DEFINITIONAL_REPRESENTATION('',(#16464),#16474);
#16464 = B_SPLINE_CURVE_WITH_KNOTS('',8,(#16465,#16466,#16467,#16468,
    #16469,#16470,#16471,#16472,#16473),.UNSPECIFIED.,.F.,.F.,(9,9),(
    9.873519349245,10.626777171138),.PIECEWISE_BEZIER_KNOTS.);
#16465 = CARTESIAN_POINT('',(5.161130368862,223.29701849268));
#16466 = CARTESIAN_POINT('',(5.255287596598,223.41956372227));
#16467 = CARTESIAN_POINT('',(5.349444824335,223.56949580527));
#16468 = CARTESIAN_POINT('',(5.443602052071,223.74515921203));
#16469 = CARTESIAN_POINT('',(5.537759279807,223.94438045948));
#16470 = CARTESIAN_POINT('',(5.631916507543,224.16451509427));
#16471 = CARTESIAN_POINT('',(5.72607373528,224.40251909022));
#16472 = CARTESIAN_POINT('',(5.820230963016,224.65504019461));
#16473 = CARTESIAN_POINT('',(5.914388190753,224.91851894924));
#16474 = ( GEOMETRIC_REPRESENTATION_CONTEXT(2) 
PARAMETRIC_REPRESENTATION_CONTEXT() REPRESENTATION_CONTEXT('2D SPACE',''
  ) );
#16475 = ORIENTED_EDGE('',*,*,#14350,.T.);
#16476 = ORIENTED_EDGE('',*,*,#16370,.F.);
#16477 = ADVANCED_FACE('',(#16478),#14295,.F.);
#16478 = FACE_BOUND('',#16479,.F.);
#16479 = EDGE_LOOP('',(#16480,#16481,#16482,#16510,#16511,#16512));
#16480 = ORIENTED_EDGE('',*,*,#14320,.T.);
#16481 = ORIENTED_EDGE('',*,*,#14278,.T.);
#16482 = ORIENTED_EDGE('',*,*,#16483,.F.);
#16483 = EDGE_CURVE('',#15226,#14253,#16484,.T.);
#16484 = SURFACE_CURVE('',#16485,(#16490,#16503),.PCURVE_S1.);
#16485 = ELLIPSE('',#16486,4.242640687119,3.);
#16486 = AXIS2_PLACEMENT_3D('',#16487,#16488,#16489);
#16487 = CARTESIAN_POINT('',(42.,-96.,48.));
#16488 = DIRECTION('',(0.,-0.707106781187,-0.707106781187));
#16489 = DIRECTION('',(0.,-0.707106781187,0.707106781187));
#16490 = PCURVE('',#14295,#16491);
#16491 = DEFINITIONAL_REPRESENTATION('',(#16492),#16502);
#16492 = B_SPLINE_CURVE_WITH_KNOTS('',8,(#16493,#16494,#16495,#16496,
    #16497,#16498,#16499,#16500,#16501),.UNSPECIFIED.,.F.,.F.,(9,9),(
    8.2227787504,8.976036572294),.PIECEWISE_BEZIER_KNOTS.);
#16493 = CARTESIAN_POINT('',(9.793575077197,224.91851890663));
#16494 = CARTESIAN_POINT('',(9.887732304934,224.65504016497));
#16495 = CARTESIAN_POINT('',(9.98188953267,224.40251911198));
#16496 = CARTESIAN_POINT('',(10.076046760406,224.16451519049));
#16497 = CARTESIAN_POINT('',(10.170203988142,223.9443805716));
#16498 = CARTESIAN_POINT('',(10.264361215878,223.74515920403));
#16499 = CARTESIAN_POINT('',(10.358518443615,223.56949573869));
#16500 = CARTESIAN_POINT('',(10.452675671351,223.41956366672));
#16501 = CARTESIAN_POINT('',(10.546832899088,223.29701846717));
#16502 = ( GEOMETRIC_REPRESENTATION_CONTEXT(2) 
PARAMETRIC_REPRESENTATION_CONTEXT() REPRESENTATION_CONTEXT('2D SPACE',''
  ) );
#16503 = PCURVE('',#14267,#16504);
#16504 = DEFINITIONAL_REPRESENTATION('',(#16505),#16509);
#16505 = ELLIPSE('',#16506,4.242640687119,3.);
#16506 = AXIS2_PLACEMENT_2D('',#16507,#16508);
#16507 = CARTESIAN_POINT('',(0.686291512851,42.));
#16508 = DIRECTION('',(-1.,0.));
#16509 = ( GEOMETRIC_REPRESENTATION_CONTEXT(2) 
PARAMETRIC_REPRESENTATION_CONTEXT() REPRESENTATION_CONTEXT('2D SPACE',''
  ) );
#16510 = ORIENTED_EDGE('',*,*,#15246,.F.);
#16511 = ORIENTED_EDGE('',*,*,#15283,.F.);
#16512 = ORIENTED_EDGE('',*,*,#16448,.F.);
#16513 = ADVANCED_FACE('',(#16514),#14267,.T.);
#16514 = FACE_BOUND('',#16515,.T.);
#16515 = EDGE_LOOP('',(#16516,#16517,#16545,#16546));
#16516 = ORIENTED_EDGE('',*,*,#15225,.F.);
#16517 = ORIENTED_EDGE('',*,*,#16518,.F.);
#16518 = EDGE_CURVE('',#14223,#15196,#16519,.T.);
#16519 = SURFACE_CURVE('',#16520,(#16525,#16532),.PCURVE_S1.);
#16520 = ELLIPSE('',#16521,4.242640687119,3.);
#16521 = AXIS2_PLACEMENT_3D('',#16522,#16523,#16524);
#16522 = CARTESIAN_POINT('',(21.,-96.,48.));
#16523 = DIRECTION('',(0.,-0.707106781187,-0.707106781187));
#16524 = DIRECTION('',(0.,-0.707106781187,0.707106781187));
#16525 = PCURVE('',#14267,#16526);
#16526 = DEFINITIONAL_REPRESENTATION('',(#16527),#16531);
#16527 = ELLIPSE('',#16528,4.242640687119,3.);
#16528 = AXIS2_PLACEMENT_2D('',#16529,#16530);
#16529 = CARTESIAN_POINT('',(0.686291512851,21.));
#16530 = DIRECTION('',(-1.,0.));
#16531 = ( GEOMETRIC_REPRESENTATION_CONTEXT(2) 
PARAMETRIC_REPRESENTATION_CONTEXT() REPRESENTATION_CONTEXT('2D SPACE',''
  ) );
#16532 = PCURVE('',#14197,#16533);
#16533 = DEFINITIONAL_REPRESENTATION('',(#16534),#16544);
#16534 = B_SPLINE_CURVE_WITH_KNOTS('',8,(#16535,#16536,#16537,#16538,
    #16539,#16540,#16541,#16542,#16543),.UNSPECIFIED.,.F.,.F.,(9,9),(
    9.873519349245,10.626777171138),.PIECEWISE_BEZIER_KNOTS.);
#16535 = CARTESIAN_POINT('',(5.161130368864,223.29701849268));
#16536 = CARTESIAN_POINT('',(5.255287596601,223.41956372227));
#16537 = CARTESIAN_POINT('',(5.349444824337,223.56949580527));
#16538 = CARTESIAN_POINT('',(5.443602052073,223.74515921203));
#16539 = CARTESIAN_POINT('',(5.53775927981,223.94438045948));
#16540 = CARTESIAN_POINT('',(5.631916507546,224.16451509427));
#16541 = CARTESIAN_POINT('',(5.726073735282,224.40251909022));
#16542 = CARTESIAN_POINT('',(5.820230963018,224.65504019461));
#16543 = CARTESIAN_POINT('',(5.914388190754,224.91851894924));
#16544 = ( GEOMETRIC_REPRESENTATION_CONTEXT(2) 
PARAMETRIC_REPRESENTATION_CONTEXT() REPRESENTATION_CONTEXT('2D SPACE',''
  ) );
#16545 = ORIENTED_EDGE('',*,*,#14252,.T.);
#16546 = ORIENTED_EDGE('',*,*,#16483,.F.);
#16547 = ADVANCED_FACE('',(#16548),#14197,.F.);
#16548 = FACE_BOUND('',#16549,.F.);
#16549 = EDGE_LOOP('',(#16550,#16551,#16552,#16580,#16581,#16582));
#16550 = ORIENTED_EDGE('',*,*,#14222,.T.);
#16551 = ORIENTED_EDGE('',*,*,#14180,.T.);
#16552 = ORIENTED_EDGE('',*,*,#16553,.F.);
#16553 = EDGE_CURVE('',#15138,#14155,#16554,.T.);
#16554 = SURFACE_CURVE('',#16555,(#16560,#16573),.PCURVE_S1.);
#16555 = ELLIPSE('',#16556,4.242640687119,3.);
#16556 = AXIS2_PLACEMENT_3D('',#16557,#16558,#16559);
#16557 = CARTESIAN_POINT('',(21.,-96.,48.));
#16558 = DIRECTION('',(0.,-0.707106781187,-0.707106781187));
#16559 = DIRECTION('',(0.,-0.707106781187,0.707106781187));
#16560 = PCURVE('',#14197,#16561);
#16561 = DEFINITIONAL_REPRESENTATION('',(#16562),#16572);
#16562 = B_SPLINE_CURVE_WITH_KNOTS('',8,(#16563,#16564,#16565,#16566,
    #16567,#16568,#16569,#16570,#16571),.UNSPECIFIED.,.F.,.F.,(9,9),(
    8.2227787504,8.976036572294),.PIECEWISE_BEZIER_KNOTS.);
#16563 = CARTESIAN_POINT('',(9.793575077191,224.91851890663));
#16564 = CARTESIAN_POINT('',(9.887732304927,224.65504016497));
#16565 = CARTESIAN_POINT('',(9.981889532663,224.40251911198));
#16566 = CARTESIAN_POINT('',(10.0760467604,224.16451519049));
#16567 = CARTESIAN_POINT('',(10.170203988137,223.9443805716));
#16568 = CARTESIAN_POINT('',(10.264361215874,223.74515920403));
#16569 = CARTESIAN_POINT('',(10.358518443613,223.56949573869));
#16570 = CARTESIAN_POINT('',(10.45267567135,223.41956366672));
#16571 = CARTESIAN_POINT('',(10.546832899088,223.29701846717));
#16572 = ( GEOMETRIC_REPRESENTATION_CONTEXT(2) 
PARAMETRIC_REPRESENTATION_CONTEXT() REPRESENTATION_CONTEXT('2D SPACE',''
  ) );
#16573 = PCURVE('',#14169,#16574);
#16574 = DEFINITIONAL_REPRESENTATION('',(#16575),#16579);
#16575 = ELLIPSE('',#16576,4.242640687119,3.);
#16576 = AXIS2_PLACEMENT_2D('',#16577,#16578);
#16577 = CARTESIAN_POINT('',(0.686291512851,21.));
#16578 = DIRECTION('',(-1.,0.));
#16579 = ( GEOMETRIC_REPRESENTATION_CONTEXT(2) 
PARAMETRIC_REPRESENTATION_CONTEXT() REPRESENTATION_CONTEXT('2D SPACE',''
  ) );
#16580 = ORIENTED_EDGE('',*,*,#15158,.F.);
#16581 = ORIENTED_EDGE('',*,*,#15195,.F.);
#16582 = ORIENTED_EDGE('',*,*,#16518,.F.);
#16583 = ADVANCED_FACE('',(#16584),#14169,.T.);
#16584 = FACE_BOUND('',#16585,.T.);
#16585 = EDGE_LOOP('',(#16586,#16587,#16615,#16616));
#16586 = ORIENTED_EDGE('',*,*,#15137,.F.);
#16587 = ORIENTED_EDGE('',*,*,#16588,.F.);
#16588 = EDGE_CURVE('',#14125,#15108,#16589,.T.);
#16589 = SURFACE_CURVE('',#16590,(#16595,#16602),.PCURVE_S1.);
#16590 = ELLIPSE('',#16591,4.242640687119,3.);
#16591 = AXIS2_PLACEMENT_3D('',#16592,#16593,#16594);
#16592 = CARTESIAN_POINT('',(0.,-96.,48.));
#16593 = DIRECTION('',(0.,-0.707106781187,-0.707106781187));
#16594 = DIRECTION('',(0.,-0.707106781187,0.707106781187));
#16595 = PCURVE('',#14169,#16596);
#16596 = DEFINITIONAL_REPRESENTATION('',(#16597),#16601);
#16597 = ELLIPSE('',#16598,4.242640687119,3.);
#16598 = AXIS2_PLACEMENT_2D('',#16599,#16600);
#16599 = CARTESIAN_POINT('',(0.686291512851,0.));
#16600 = DIRECTION('',(-1.,0.));
#16601 = ( GEOMETRIC_REPRESENTATION_CONTEXT(2) 
PARAMETRIC_REPRESENTATION_CONTEXT() REPRESENTATION_CONTEXT('2D SPACE',''
  ) );
#16602 = PCURVE('',#14099,#16603);
#16603 = DEFINITIONAL_REPRESENTATION('',(#16604),#16614);
#16604 = B_SPLINE_CURVE_WITH_KNOTS('',8,(#16605,#16606,#16607,#16608,
    #16609,#16610,#16611,#16612,#16613),.UNSPECIFIED.,.F.,.F.,(9,9),(
    9.873519349245,10.626777171138),.PIECEWISE_BEZIER_KNOTS.);
#16605 = CARTESIAN_POINT('',(5.161130368864,223.29701849268));
#16606 = CARTESIAN_POINT('',(5.255287596601,223.41956372227));
#16607 = CARTESIAN_POINT('',(5.349444824337,223.56949580527));
#16608 = CARTESIAN_POINT('',(5.443602052073,223.74515921203));
#16609 = CARTESIAN_POINT('',(5.53775927981,223.94438045948));
#16610 = CARTESIAN_POINT('',(5.631916507546,224.16451509427));
#16611 = CARTESIAN_POINT('',(5.726073735282,224.40251909022));
#16612 = CARTESIAN_POINT('',(5.820230963018,224.65504019461));
#16613 = CARTESIAN_POINT('',(5.914388190754,224.91851894924));
#16614 = ( GEOMETRIC_REPRESENTATION_CONTEXT(2) 
PARAMETRIC_REPRESENTATION_CONTEXT() REPRESENTATION_CONTEXT('2D SPACE',''
  ) );
#16615 = ORIENTED_EDGE('',*,*,#14154,.T.);
#16616 = ORIENTED_EDGE('',*,*,#16553,.F.);
#16617 = ADVANCED_FACE('',(#16618),#14099,.F.);
#16618 = FACE_BOUND('',#16619,.F.);
#16619 = EDGE_LOOP('',(#16620,#16621,#16622,#16650,#16651,#16652));
#16620 = ORIENTED_EDGE('',*,*,#14124,.T.);
#16621 = ORIENTED_EDGE('',*,*,#14082,.T.);
#16622 = ORIENTED_EDGE('',*,*,#16623,.F.);
#16623 = EDGE_CURVE('',#15050,#14057,#16624,.T.);
#16624 = SURFACE_CURVE('',#16625,(#16630,#16643),.PCURVE_S1.);
#16625 = ELLIPSE('',#16626,4.242640687119,3.);
#16626 = AXIS2_PLACEMENT_3D('',#16627,#16628,#16629);
#16627 = CARTESIAN_POINT('',(0.,-96.,48.));
#16628 = DIRECTION('',(0.,-0.707106781187,-0.707106781187));
#16629 = DIRECTION('',(0.,-0.707106781187,0.707106781187));
#16630 = PCURVE('',#14099,#16631);
#16631 = DEFINITIONAL_REPRESENTATION('',(#16632),#16642);
#16632 = B_SPLINE_CURVE_WITH_KNOTS('',8,(#16633,#16634,#16635,#16636,
    #16637,#16638,#16639,#16640,#16641),.UNSPECIFIED.,.F.,.F.,(9,9),(
    8.2227787504,8.976036572294),.PIECEWISE_BEZIER_KNOTS.);
#16633 = CARTESIAN_POINT('',(9.793575077191,224.91851890663));
#16634 = CARTESIAN_POINT('',(9.887732304927,224.65504016497));
#16635 = CARTESIAN_POINT('',(9.981889532663,224.40251911198));
#16636 = CARTESIAN_POINT('',(10.0760467604,224.16451519049));
#16637 = CARTESIAN_POINT('',(10.170203988137,223.9443805716));
#16638 = CARTESIAN_POINT('',(10.264361215874,223.74515920403));
#16639 = CARTESIAN_POINT('',(10.358518443613,223.56949573869));
#16640 = CARTESIAN_POINT('',(10.45267567135,223.41956366672));
#16641 = CARTESIAN_POINT('',(10.546832899088,223.29701846717));
#16642 = ( GEOMETRIC_REPRESENTATION_CONTEXT(2) 
PARAMETRIC_REPRESENTATION_CONTEXT() REPRESENTATION_CONTEXT('2D SPACE',''
  ) );
#16643 = PCURVE('',#14071,#16644);
#16644 = DEFINITIONAL_REPRESENTATION('',(#16645),#16649);
#16645 = ELLIPSE('',#16646,4.242640687119,3.);
#16646 = AXIS2_PLACEMENT_2D('',#16647,#16648);
#16647 = CARTESIAN_POINT('',(0.686291512851,0.));
#16648 = DIRECTION('',(-1.,0.));
#16649 = ( GEOMETRIC_REPRESENTATION_CONTEXT(2) 
PARAMETRIC_REPRESENTATION_CONTEXT() REPRESENTATION_CONTEXT('2D SPACE',''
  ) );
#16650 = ORIENTED_EDGE('',*,*,#15070,.F.);
#16651 = ORIENTED_EDGE('',*,*,#15107,.F.);
#16652 = ORIENTED_EDGE('',*,*,#16588,.F.);
#16653 = ADVANCED_FACE('',(#16654),#14071,.T.);
#16654 = FACE_BOUND('',#16655,.T.);
#16655 = EDGE_LOOP('',(#16656,#16657,#16685,#16686));
#16656 = ORIENTED_EDGE('',*,*,#15049,.F.);
#16657 = ORIENTED_EDGE('',*,*,#16658,.F.);
#16658 = EDGE_CURVE('',#14027,#15020,#16659,.T.);
#16659 = SURFACE_CURVE('',#16660,(#16665,#16672),.PCURVE_S1.);
#16660 = ELLIPSE('',#16661,4.242640687119,3.);
#16661 = AXIS2_PLACEMENT_3D('',#16662,#16663,#16664);
#16662 = CARTESIAN_POINT('',(-21.,-96.,48.));
#16663 = DIRECTION('',(0.,-0.707106781187,-0.707106781187));
#16664 = DIRECTION('',(0.,-0.707106781187,0.707106781187));
#16665 = PCURVE('',#14071,#16666);
#16666 = DEFINITIONAL_REPRESENTATION('',(#16667),#16671);
#16667 = ELLIPSE('',#16668,4.242640687119,3.);
#16668 = AXIS2_PLACEMENT_2D('',#16669,#16670);
#16669 = CARTESIAN_POINT('',(0.686291512851,-21.));
#16670 = DIRECTION('',(-1.,0.));
#16671 = ( GEOMETRIC_REPRESENTATION_CONTEXT(2) 
PARAMETRIC_REPRESENTATION_CONTEXT() REPRESENTATION_CONTEXT('2D SPACE',''
  ) );
#16672 = PCURVE('',#14001,#16673);
#16673 = DEFINITIONAL_REPRESENTATION('',(#16674),#16684);
#16674 = B_SPLINE_CURVE_WITH_KNOTS('',8,(#16675,#16676,#16677,#16678,
    #16679,#16680,#16681,#16682,#16683),.UNSPECIFIED.,.F.,.F.,(9,9),(
    9.873519349245,10.626777171138),.PIECEWISE_BEZIER_KNOTS.);
#16675 = CARTESIAN_POINT('',(5.161130368864,223.29701849268));
#16676 = CARTESIAN_POINT('',(5.255287596601,223.41956372227));
#16677 = CARTESIAN_POINT('',(5.349444824337,223.56949580527));
#16678 = CARTESIAN_POINT('',(5.443602052073,223.74515921203));
#16679 = CARTESIAN_POINT('',(5.53775927981,223.94438045948));
#16680 = CARTESIAN_POINT('',(5.631916507546,224.16451509427));
#16681 = CARTESIAN_POINT('',(5.726073735282,224.40251909022));
#16682 = CARTESIAN_POINT('',(5.820230963018,224.65504019461));
#16683 = CARTESIAN_POINT('',(5.914388190754,224.91851894924));
#16684 = ( GEOMETRIC_REPRESENTATION_CONTEXT(2) 
PARAMETRIC_REPRESENTATION_CONTEXT() REPRESENTATION_CONTEXT('2D SPACE',''
  ) );
#16685 = ORIENTED_EDGE('',*,*,#14056,.T.);
#16686 = ORIENTED_EDGE('',*,*,#16623,.F.);
#16687 = ADVANCED_FACE('',(#16688),#14001,.F.);
#16688 = FACE_BOUND('',#16689,.F.);
#16689 = EDGE_LOOP('',(#16690,#16691,#16692,#16720,#16721,#16722));
#16690 = ORIENTED_EDGE('',*,*,#14026,.T.);
#16691 = ORIENTED_EDGE('',*,*,#13984,.T.);
#16692 = ORIENTED_EDGE('',*,*,#16693,.F.);
#16693 = EDGE_CURVE('',#14962,#13959,#16694,.T.);
#16694 = SURFACE_CURVE('',#16695,(#16700,#16713),.PCURVE_S1.);
#16695 = ELLIPSE('',#16696,4.242640687119,3.);
#16696 = AXIS2_PLACEMENT_3D('',#16697,#16698,#16699);
#16697 = CARTESIAN_POINT('',(-21.,-96.,48.));
#16698 = DIRECTION('',(0.,-0.707106781187,-0.707106781187));
#16699 = DIRECTION('',(0.,-0.707106781187,0.707106781187));
#16700 = PCURVE('',#14001,#16701);
#16701 = DEFINITIONAL_REPRESENTATION('',(#16702),#16712);
#16702 = B_SPLINE_CURVE_WITH_KNOTS('',8,(#16703,#16704,#16705,#16706,
    #16707,#16708,#16709,#16710,#16711),.UNSPECIFIED.,.F.,.F.,(9,9),(
    8.2227787504,8.976036572294),.PIECEWISE_BEZIER_KNOTS.);
#16703 = CARTESIAN_POINT('',(9.793575077191,224.91851890663));
#16704 = CARTESIAN_POINT('',(9.887732304927,224.65504016497));
#16705 = CARTESIAN_POINT('',(9.981889532663,224.40251911198));
#16706 = CARTESIAN_POINT('',(10.0760467604,224.16451519049));
#16707 = CARTESIAN_POINT('',(10.170203988137,223.9443805716));
#16708 = CARTESIAN_POINT('',(10.264361215874,223.74515920403));
#16709 = CARTESIAN_POINT('',(10.358518443613,223.56949573869));
#16710 = CARTESIAN_POINT('',(10.45267567135,223.41956366672));
#16711 = CARTESIAN_POINT('',(10.546832899088,223.29701846717));
#16712 = ( GEOMETRIC_REPRESENTATION_CONTEXT(2) 
PARAMETRIC_REPRESENTATION_CONTEXT() REPRESENTATION_CONTEXT('2D SPACE',''
  ) );
#16713 = PCURVE('',#13973,#16714);
#16714 = DEFINITIONAL_REPRESENTATION('',(#16715),#16719);
#16715 = ELLIPSE('',#16716,4.242640687119,3.);
#16716 = AXIS2_PLACEMENT_2D('',#16717,#16718);
#16717 = CARTESIAN_POINT('',(0.686291512851,-21.));
#16718 = DIRECTION('',(-1.,0.));
#16719 = ( GEOMETRIC_REPRESENTATION_CONTEXT(2) 
PARAMETRIC_REPRESENTATION_CONTEXT() REPRESENTATION_CONTEXT('2D SPACE',''
  ) );
#16720 = ORIENTED_EDGE('',*,*,#14982,.F.);
#16721 = ORIENTED_EDGE('',*,*,#15019,.F.);
#16722 = ORIENTED_EDGE('',*,*,#16658,.F.);
#16723 = ADVANCED_FACE('',(#16724),#13973,.T.);
#16724 = FACE_BOUND('',#16725,.T.);
#16725 = EDGE_LOOP('',(#16726,#16727,#16755,#16756));
#16726 = ORIENTED_EDGE('',*,*,#14961,.F.);
#16727 = ORIENTED_EDGE('',*,*,#16728,.F.);
#16728 = EDGE_CURVE('',#13929,#14932,#16729,.T.);
#16729 = SURFACE_CURVE('',#16730,(#16735,#16742),.PCURVE_S1.);
#16730 = ELLIPSE('',#16731,4.242640687119,3.);
#16731 = AXIS2_PLACEMENT_3D('',#16732,#16733,#16734);
#16732 = CARTESIAN_POINT('',(-42.,-96.,48.));
#16733 = DIRECTION('',(0.,-0.707106781187,-0.707106781187));
#16734 = DIRECTION('',(0.,-0.707106781187,0.707106781187));
#16735 = PCURVE('',#13973,#16736);
#16736 = DEFINITIONAL_REPRESENTATION('',(#16737),#16741);
#16737 = ELLIPSE('',#16738,4.242640687119,3.);
#16738 = AXIS2_PLACEMENT_2D('',#16739,#16740);
#16739 = CARTESIAN_POINT('',(0.686291512851,-42.));
#16740 = DIRECTION('',(-1.,0.));
#16741 = ( GEOMETRIC_REPRESENTATION_CONTEXT(2) 
PARAMETRIC_REPRESENTATION_CONTEXT() REPRESENTATION_CONTEXT('2D SPACE',''
  ) );
#16742 = PCURVE('',#13903,#16743);
#16743 = DEFINITIONAL_REPRESENTATION('',(#16744),#16754);
#16744 = B_SPLINE_CURVE_WITH_KNOTS('',8,(#16745,#16746,#16747,#16748,
    #16749,#16750,#16751,#16752,#16753),.UNSPECIFIED.,.F.,.F.,(9,9),(
    9.873519349245,10.626777171138),.PIECEWISE_BEZIER_KNOTS.);
#16745 = CARTESIAN_POINT('',(5.161130368862,223.29701849268));
#16746 = CARTESIAN_POINT('',(5.255287596598,223.41956372227));
#16747 = CARTESIAN_POINT('',(5.349444824335,223.56949580527));
#16748 = CARTESIAN_POINT('',(5.443602052071,223.74515921203));
#16749 = CARTESIAN_POINT('',(5.537759279807,223.94438045948));
#16750 = CARTESIAN_POINT('',(5.631916507543,224.16451509427));
#16751 = CARTESIAN_POINT('',(5.72607373528,224.40251909022));
#16752 = CARTESIAN_POINT('',(5.820230963016,224.65504019461));
#16753 = CARTESIAN_POINT('',(5.914388190753,224.91851894924));
#16754 = ( GEOMETRIC_REPRESENTATION_CONTEXT(2) 
PARAMETRIC_REPRESENTATION_CONTEXT() REPRESENTATION_CONTEXT('2D SPACE',''
  ) );
#16755 = ORIENTED_EDGE('',*,*,#13958,.T.);
#16756 = ORIENTED_EDGE('',*,*,#16693,.F.);
#16757 = ADVANCED_FACE('',(#16758),#13903,.F.);
#16758 = FACE_BOUND('',#16759,.F.);
#16759 = EDGE_LOOP('',(#16760,#16761,#16762,#16790,#16791,#16792));
#16760 = ORIENTED_EDGE('',*,*,#13928,.T.);
#16761 = ORIENTED_EDGE('',*,*,#13886,.T.);
#16762 = ORIENTED_EDGE('',*,*,#16763,.F.);
#16763 = EDGE_CURVE('',#14874,#13861,#16764,.T.);
#16764 = SURFACE_CURVE('',#16765,(#16770,#16783),.PCURVE_S1.);
#16765 = ELLIPSE('',#16766,4.242640687119,3.);
#16766 = AXIS2_PLACEMENT_3D('',#16767,#16768,#16769);
#16767 = CARTESIAN_POINT('',(-42.,-96.,48.));
#16768 = DIRECTION('',(0.,-0.707106781187,-0.707106781187));
#16769 = DIRECTION('',(0.,-0.707106781187,0.707106781187));
#16770 = PCURVE('',#13903,#16771);
#16771 = DEFINITIONAL_REPRESENTATION('',(#16772),#16782);
#16772 = B_SPLINE_CURVE_WITH_KNOTS('',8,(#16773,#16774,#16775,#16776,
    #16777,#16778,#16779,#16780,#16781),.UNSPECIFIED.,.F.,.F.,(9,9),(
    8.2227787504,8.976036572294),.PIECEWISE_BEZIER_KNOTS.);
#16773 = CARTESIAN_POINT('',(9.793575077197,224.91851890663));
#16774 = CARTESIAN_POINT('',(9.887732304934,224.65504016497));
#16775 = CARTESIAN_POINT('',(9.98188953267,224.40251911198));
#16776 = CARTESIAN_POINT('',(10.076046760406,224.16451519049));
#16777 = CARTESIAN_POINT('',(10.170203988142,223.9443805716));
#16778 = CARTESIAN_POINT('',(10.264361215878,223.74515920403));
#16779 = CARTESIAN_POINT('',(10.358518443615,223.56949573869));
#16780 = CARTESIAN_POINT('',(10.452675671351,223.41956366672));
#16781 = CARTESIAN_POINT('',(10.546832899088,223.29701846717));
#16782 = ( GEOMETRIC_REPRESENTATION_CONTEXT(2) 
PARAMETRIC_REPRESENTATION_CONTEXT() REPRESENTATION_CONTEXT('2D SPACE',''
  ) );
#16783 = PCURVE('',#13875,#16784);
#16784 = DEFINITIONAL_REPRESENTATION('',(#16785),#16789);
#16785 = ELLIPSE('',#16786,4.242640687119,3.);
#16786 = AXIS2_PLACEMENT_2D('',#16787,#16788);
#16787 = CARTESIAN_POINT('',(0.686291512851,-42.));
#16788 = DIRECTION('',(-1.,0.));
#16789 = ( GEOMETRIC_REPRESENTATION_CONTEXT(2) 
PARAMETRIC_REPRESENTATION_CONTEXT() REPRESENTATION_CONTEXT('2D SPACE',''
  ) );
#16790 = ORIENTED_EDGE('',*,*,#14894,.F.);
#16791 = ORIENTED_EDGE('',*,*,#14931,.F.);
#16792 = ORIENTED_EDGE('',*,*,#16728,.F.);
#16793 = ADVANCED_FACE('',(#16794),#13875,.T.);
#16794 = FACE_BOUND('',#16795,.T.);
#16795 = EDGE_LOOP('',(#16796,#16797,#16798,#16799));
#16796 = ORIENTED_EDGE('',*,*,#14873,.F.);
#16797 = ORIENTED_EDGE('',*,*,#15680,.F.);
#16798 = ORIENTED_EDGE('',*,*,#13860,.T.);
#16799 = ORIENTED_EDGE('',*,*,#16763,.F.);
#16800 = ADVANCED_FACE('',(#16801),#14480,.F.);
#16801 = FACE_BOUND('',#16802,.F.);
#16802 = EDGE_LOOP('',(#16803,#16804,#16825,#16826));
#16803 = ORIENTED_EDGE('',*,*,#15404,.F.);
#16804 = ORIENTED_EDGE('',*,*,#16805,.F.);
#16805 = EDGE_CURVE('',#14464,#15405,#16806,.T.);
#16806 = SEAM_CURVE('',#16807,(#16811,#16818),.PCURVE_S1.);
#16807 = LINE('',#16808,#16809);
#16808 = CARTESIAN_POINT('',(-58.5,130.,69.));
#16809 = VECTOR('',#16810,1.);
#16810 = DIRECTION('',(0.,-1.,2.22044604925E-16));
#16811 = PCURVE('',#14480,#16812);
#16812 = DEFINITIONAL_REPRESENTATION('',(#16813),#16817);
#16813 = LINE('',#16814,#16815);
#16814 = CARTESIAN_POINT('',(6.28318530718,-0.));
#16815 = VECTOR('',#16816,1.);
#16816 = DIRECTION('',(0.,1.));
#16817 = ( GEOMETRIC_REPRESENTATION_CONTEXT(2) 
PARAMETRIC_REPRESENTATION_CONTEXT() REPRESENTATION_CONTEXT('2D SPACE',''
  ) );
#16818 = PCURVE('',#14480,#16819);
#16819 = DEFINITIONAL_REPRESENTATION('',(#16820),#16824);
#16820 = LINE('',#16821,#16822);
#16821 = CARTESIAN_POINT('',(0.,-0.));
#16822 = VECTOR('',#16823,1.);
#16823 = DIRECTION('',(0.,1.));
#16824 = ( GEOMETRIC_REPRESENTATION_CONTEXT(2) 
PARAMETRIC_REPRESENTATION_CONTEXT() REPRESENTATION_CONTEXT('2D SPACE',''
  ) );
#16825 = ORIENTED_EDGE('',*,*,#14463,.T.);
#16826 = ORIENTED_EDGE('',*,*,#16805,.T.);
#16827 = ADVANCED_FACE('',(#16828),#14524,.F.);
#16828 = FACE_BOUND('',#16829,.F.);
#16829 = EDGE_LOOP('',(#16830,#16831,#16852,#16853));
#16830 = ORIENTED_EDGE('',*,*,#15443,.F.);
#16831 = ORIENTED_EDGE('',*,*,#16832,.F.);
#16832 = EDGE_CURVE('',#14508,#15444,#16833,.T.);
#16833 = SEAM_CURVE('',#16834,(#16838,#16845),.PCURVE_S1.);
#16834 = LINE('',#16835,#16836);
#16835 = CARTESIAN_POINT('',(-37.5,130.,69.));
#16836 = VECTOR('',#16837,1.);
#16837 = DIRECTION('',(0.,-1.,2.22044604925E-16));
#16838 = PCURVE('',#14524,#16839);
#16839 = DEFINITIONAL_REPRESENTATION('',(#16840),#16844);
#16840 = LINE('',#16841,#16842);
#16841 = CARTESIAN_POINT('',(6.28318530718,-0.));
#16842 = VECTOR('',#16843,1.);
#16843 = DIRECTION('',(0.,1.));
#16844 = ( GEOMETRIC_REPRESENTATION_CONTEXT(2) 
PARAMETRIC_REPRESENTATION_CONTEXT() REPRESENTATION_CONTEXT('2D SPACE',''
  ) );
#16845 = PCURVE('',#14524,#16846);
#16846 = DEFINITIONAL_REPRESENTATION('',(#16847),#16851);
#16847 = LINE('',#16848,#16849);
#16848 = CARTESIAN_POINT('',(0.,-0.));
#16849 = VECTOR('',#16850,1.);
#16850 = DIRECTION('',(0.,1.));
#16851 = ( GEOMETRIC_REPRESENTATION_CONTEXT(2) 
PARAMETRIC_REPRESENTATION_CONTEXT() REPRESENTATION_CONTEXT('2D SPACE',''
  ) );
#16852 = ORIENTED_EDGE('',*,*,#14507,.T.);
#16853 = ORIENTED_EDGE('',*,*,#16832,.T.);
#16854 = ADVANCED_FACE('',(#16855),#14568,.F.);
#16855 = FACE_BOUND('',#16856,.F.);
#16856 = EDGE_LOOP('',(#16857,#16858,#16879,#16880));
#16857 = ORIENTED_EDGE('',*,*,#15482,.F.);
#16858 = ORIENTED_EDGE('',*,*,#16859,.F.);
#16859 = EDGE_CURVE('',#14552,#15483,#16860,.T.);
#16860 = SEAM_CURVE('',#16861,(#16865,#16872),.PCURVE_S1.);
#16861 = LINE('',#16862,#16863);
#16862 = CARTESIAN_POINT('',(-16.5,130.,69.));
#16863 = VECTOR('',#16864,1.);
#16864 = DIRECTION('',(0.,-1.,2.22044604925E-16));
#16865 = PCURVE('',#14568,#16866);
#16866 = DEFINITIONAL_REPRESENTATION('',(#16867),#16871);
#16867 = LINE('',#16868,#16869);
#16868 = CARTESIAN_POINT('',(6.28318530718,-0.));
#16869 = VECTOR('',#16870,1.);
#16870 = DIRECTION('',(0.,1.));
#16871 = ( GEOMETRIC_REPRESENTATION_CONTEXT(2) 
PARAMETRIC_REPRESENTATION_CONTEXT() REPRESENTATION_CONTEXT('2D SPACE',''
  ) );
#16872 = PCURVE('',#14568,#16873);
#16873 = DEFINITIONAL_REPRESENTATION('',(#16874),#16878);
#16874 = LINE('',#16875,#16876);
#16875 = CARTESIAN_POINT('',(0.,-0.));
#16876 = VECTOR('',#16877,1.);
#16877 = DIRECTION('',(0.,1.));
#16878 = ( GEOMETRIC_REPRESENTATION_CONTEXT(2) 
PARAMETRIC_REPRESENTATION_CONTEXT() REPRESENTATION_CONTEXT('2D SPACE',''
  ) );
#16879 = ORIENTED_EDGE('',*,*,#14551,.T.);
#16880 = ORIENTED_EDGE('',*,*,#16859,.T.);
#16881 = ADVANCED_FACE('',(#16882),#14612,.F.);
#16882 = FACE_BOUND('',#16883,.F.);
#16883 = EDGE_LOOP('',(#16884,#16885,#16906,#16907));
#16884 = ORIENTED_EDGE('',*,*,#15521,.F.);
#16885 = ORIENTED_EDGE('',*,*,#16886,.F.);
#16886 = EDGE_CURVE('',#14596,#15522,#16887,.T.);
#16887 = SEAM_CURVE('',#16888,(#16892,#16899),.PCURVE_S1.);
#16888 = LINE('',#16889,#16890);
#16889 = CARTESIAN_POINT('',(4.5,130.,69.));
#16890 = VECTOR('',#16891,1.);
#16891 = DIRECTION('',(0.,-1.,2.22044604925E-16));
#16892 = PCURVE('',#14612,#16893);
#16893 = DEFINITIONAL_REPRESENTATION('',(#16894),#16898);
#16894 = LINE('',#16895,#16896);
#16895 = CARTESIAN_POINT('',(6.28318530718,-0.));
#16896 = VECTOR('',#16897,1.);
#16897 = DIRECTION('',(0.,1.));
#16898 = ( GEOMETRIC_REPRESENTATION_CONTEXT(2) 
PARAMETRIC_REPRESENTATION_CONTEXT() REPRESENTATION_CONTEXT('2D SPACE',''
  ) );
#16899 = PCURVE('',#14612,#16900);
#16900 = DEFINITIONAL_REPRESENTATION('',(#16901),#16905);
#16901 = LINE('',#16902,#16903);
#16902 = CARTESIAN_POINT('',(0.,-0.));
#16903 = VECTOR('',#16904,1.);
#16904 = DIRECTION('',(0.,1.));
#16905 = ( GEOMETRIC_REPRESENTATION_CONTEXT(2) 
PARAMETRIC_REPRESENTATION_CONTEXT() REPRESENTATION_CONTEXT('2D SPACE',''
  ) );
#16906 = ORIENTED_EDGE('',*,*,#14595,.T.);
#16907 = ORIENTED_EDGE('',*,*,#16886,.T.);
#16908 = ADVANCED_FACE('',(#16909),#14656,.F.);
#16909 = FACE_BOUND('',#16910,.F.);
#16910 = EDGE_LOOP('',(#16911,#16912,#16933,#16934));
#16911 = ORIENTED_EDGE('',*,*,#15560,.F.);
#16912 = ORIENTED_EDGE('',*,*,#16913,.F.);
#16913 = EDGE_CURVE('',#14640,#15561,#16914,.T.);
#16914 = SEAM_CURVE('',#16915,(#16919,#16926),.PCURVE_S1.);
#16915 = LINE('',#16916,#16917);
#16916 = CARTESIAN_POINT('',(25.5,130.,69.));
#16917 = VECTOR('',#16918,1.);
#16918 = DIRECTION('',(0.,-1.,2.22044604925E-16));
#16919 = PCURVE('',#14656,#16920);
#16920 = DEFINITIONAL_REPRESENTATION('',(#16921),#16925);
#16921 = LINE('',#16922,#16923);
#16922 = CARTESIAN_POINT('',(6.28318530718,-0.));
#16923 = VECTOR('',#16924,1.);
#16924 = DIRECTION('',(0.,1.));
#16925 = ( GEOMETRIC_REPRESENTATION_CONTEXT(2) 
PARAMETRIC_REPRESENTATION_CONTEXT() REPRESENTATION_CONTEXT('2D SPACE',''
  ) );
#16926 = PCURVE('',#14656,#16927);
#16927 = DEFINITIONAL_REPRESENTATION('',(#16928),#16932);
#16928 = LINE('',#16929,#16930);
#16929 = CARTESIAN_POINT('',(0.,-0.));
#16930 = VECTOR('',#16931,1.);
#16931 = DIRECTION('',(0.,1.));
#16932 = ( GEOMETRIC_REPRESENTATION_CONTEXT(2) 
PARAMETRIC_REPRESENTATION_CONTEXT() REPRESENTATION_CONTEXT('2D SPACE',''
  ) );
#16933 = ORIENTED_EDGE('',*,*,#14639,.T.);
#16934 = ORIENTED_EDGE('',*,*,#16913,.T.);
#16935 = ADVANCED_FACE('',(#16936),#14700,.F.);
#16936 = FACE_BOUND('',#16937,.F.);
#16937 = EDGE_LOOP('',(#16938,#16939,#16960,#16961));
#16938 = ORIENTED_EDGE('',*,*,#15599,.F.);
#16939 = ORIENTED_EDGE('',*,*,#16940,.F.);
#16940 = EDGE_CURVE('',#14684,#15600,#16941,.T.);
#16941 = SEAM_CURVE('',#16942,(#16946,#16953),.PCURVE_S1.);
#16942 = LINE('',#16943,#16944);
#16943 = CARTESIAN_POINT('',(46.5,130.,69.));
#16944 = VECTOR('',#16945,1.);
#16945 = DIRECTION('',(0.,-1.,2.22044604925E-16));
#16946 = PCURVE('',#14700,#16947);
#16947 = DEFINITIONAL_REPRESENTATION('',(#16948),#16952);
#16948 = LINE('',#16949,#16950);
#16949 = CARTESIAN_POINT('',(6.28318530718,-0.));
#16950 = VECTOR('',#16951,1.);
#16951 = DIRECTION('',(0.,1.));
#16952 = ( GEOMETRIC_REPRESENTATION_CONTEXT(2) 
PARAMETRIC_REPRESENTATION_CONTEXT() REPRESENTATION_CONTEXT('2D SPACE',''
  ) );
#16953 = PCURVE('',#14700,#16954);
#16954 = DEFINITIONAL_REPRESENTATION('',(#16955),#16959);
#16955 = LINE('',#16956,#16957);
#16956 = CARTESIAN_POINT('',(0.,-0.));
#16957 = VECTOR('',#16958,1.);
#16958 = DIRECTION('',(0.,1.));
#16959 = ( GEOMETRIC_REPRESENTATION_CONTEXT(2) 
PARAMETRIC_REPRESENTATION_CONTEXT() REPRESENTATION_CONTEXT('2D SPACE',''
  ) );
#16960 = ORIENTED_EDGE('',*,*,#14683,.T.);
#16961 = ORIENTED_EDGE('',*,*,#16940,.T.);
#16962 = ADVANCED_FACE('',(#16963),#14744,.F.);
#16963 = FACE_BOUND('',#16964,.F.);
#16964 = EDGE_LOOP('',(#16965,#16966,#16987,#16988));
#16965 = ORIENTED_EDGE('',*,*,#15638,.F.);
#16966 = ORIENTED_EDGE('',*,*,#16967,.F.);
#16967 = EDGE_CURVE('',#14728,#15639,#16968,.T.);
#16968 = SEAM_CURVE('',#16969,(#16973,#16980),.PCURVE_S1.);
#16969 = LINE('',#16970,#16971);
#16970 = CARTESIAN_POINT('',(67.5,130.,69.));
#16971 = VECTOR('',#16972,1.);
#16972 = DIRECTION('',(0.,-1.,2.22044604925E-16));
#16973 = PCURVE('',#14744,#16974);
#16974 = DEFINITIONAL_REPRESENTATION('',(#16975),#16979);
#16975 = LINE('',#16976,#16977);
#16976 = CARTESIAN_POINT('',(6.28318530718,-0.));
#16977 = VECTOR('',#16978,1.);
#16978 = DIRECTION('',(0.,1.));
#16979 = ( GEOMETRIC_REPRESENTATION_CONTEXT(2) 
PARAMETRIC_REPRESENTATION_CONTEXT() REPRESENTATION_CONTEXT('2D SPACE',''
  ) );
#16980 = PCURVE('',#14744,#16981);
#16981 = DEFINITIONAL_REPRESENTATION('',(#16982),#16986);
#16982 = LINE('',#16983,#16984);
#16983 = CARTESIAN_POINT('',(0.,-0.));
#16984 = VECTOR('',#16985,1.);
#16985 = DIRECTION('',(0.,1.));
#16986 = ( GEOMETRIC_REPRESENTATION_CONTEXT(2) 
PARAMETRIC_REPRESENTATION_CONTEXT() REPRESENTATION_CONTEXT('2D SPACE',''
  ) );
#16987 = ORIENTED_EDGE('',*,*,#14727,.T.);
#16988 = ORIENTED_EDGE('',*,*,#16967,.T.);
#16989 = ( GEOMETRIC_REPRESENTATION_CONTEXT(3) 
GLOBAL_UNCERTAINTY_ASSIGNED_CONTEXT((#16993)) 
GLOBAL_UNIT_ASSIGNED_CONTEXT((#16990,#16991,#16992)) 
REPRESENTATION_CONTEXT('Context #1',
  '3D Context with UNIT and UNCERTAINTY') );
#16990 = ( LENGTH_UNIT() NAMED_UNIT(*) SI_UNIT(.MILLI.,.METRE.) );
#16991 = ( NAMED_UNIT(*) PLANE_ANGLE_UNIT() SI_UNIT($,.RADIAN.) );
#16992 = ( NAMED_UNIT(*) SI_UNIT($,.STERADIAN.) SOLID_ANGLE_UNIT() );
#16993 = UNCERTAINTY_MEASURE_WITH_UNIT(LENGTH_MEASURE(2.E-07),#16990,
  'distance_accuracy_value','confusion accuracy');
#16994 = PRODUCT_RELATED_PRODUCT_CATEGORY('part',$,(#7));
ENDSEC;
END-ISO-10303-21;
